⁧که⁩	1497746
⁧رو⁩	1348950
⁧به⁩	1314499
⁧من⁩	1263732
⁧و⁩	1048663
⁧از⁩	980699
⁧تو⁩	968244
⁧این⁩	881163
⁧یه⁩	847445
⁧اون⁩	723549
⁧می⁩	591888
⁧نه⁩	543759
⁧با⁩	470717
⁧در⁩	449699
⁧ما⁩	399303
⁧چی⁩	374366
⁧خیلی⁩	352472
⁧ش⁩	347223
⁧باید⁩	340002
⁧هم⁩	322258
⁧بود⁩	307036
⁧باشه⁩	304463
⁧برای⁩	302181
⁧آره⁩	299623
⁧کنم⁩	291138
⁧کن⁩	278010
⁧تا⁩	273810
⁧اینجا⁩	262470
⁧فکر⁩	250707
⁧دیگه⁩	248256
⁧ت⁩	241466
⁧نیست⁩	240509
⁧خب⁩	229735
⁧شما⁩	221676
⁧فقط⁩	214800
⁧کار⁩	210174
⁧ها⁩	208927
⁧داره⁩	202018
⁧اگه⁩	191633
⁧همه⁩	188444
⁧چیزی⁩	186852
⁧دارم⁩	185885
⁧شده⁩	181090
⁧ولی⁩	179574
⁧کنی⁩	177352
⁧چه⁩	173117
⁧توی⁩	172333
⁧یک⁩	167188
⁧داری⁩	160491
⁧خوب⁩	153718
⁧اما⁩	153176
⁧پس⁩	152072
⁧میشه⁩	151355
⁧نمی⁩	151304
⁧چرا⁩	145676
⁧م⁩	142606
⁧میکنم⁩	138754
⁧حالا⁩	136895
⁧کردم⁩	135580
⁧کنه⁩	133947
⁧درست⁩	132185
⁧وقتی⁩	131490
⁧الان⁩	128955
⁧اونا⁩	125951
⁧ای⁩	124970
⁧کنیم⁩	124780
⁧هر⁩	123799
⁧ی⁩	123369
⁧خود⁩	122608
⁧اوه⁩	120912
⁧یا⁩	120098
⁧شد⁩	119664
⁧بله⁩	115728
⁧هی⁩	115197
⁧دوست⁩	113690
⁧های⁩	113331
⁧منو⁩	112155
⁧بیا⁩	111310
⁧دست⁩	110160
⁧اینکه⁩	110042
⁧سلام⁩	109041
⁧کجا⁩	108314
⁧چیه⁩	106540
⁧هست⁩	105673
⁧برو⁩	105531
⁧بعد⁩	103611
⁧بهم⁩	102922
⁧مثل⁩	102383
⁧خوبه⁩	102349
⁧همین⁩	99569
⁧بده⁩	99323
⁧کی⁩	99273
⁧پیدا⁩	98154
⁧هیچ⁩	98065
⁧میکنی⁩	97240
⁧یکی⁩	96582
⁧کرد⁩	93987
⁧حرف⁩	93900
⁧ه⁩	93740
⁧کردی⁩	92436
⁧بیرون⁩	89395
⁧میکنه⁩	89199
⁧کسی⁩	89134
⁧بچه⁩	88774
⁧واقعا⁩	88667
⁧کردن⁩	88167
⁧بریم⁩	87909
⁧میخوام⁩	87649
⁧کرده⁩	84644
⁧ست⁩	83356
⁧ممنون⁩	82735
⁧میدونی⁩	80764
⁧اونجا⁩	80167
⁧داریم⁩	79807
⁧کاری⁩	78450
⁧واسه⁩	78233
⁧را⁩	78127
⁧پیش⁩	77875
⁧خونه⁩	76301
⁧شاید⁩	76004
⁧بودم⁩	75742
⁧سر⁩	75094
⁧چیز⁩	74402
⁧باش⁩	74125
⁧هستم⁩	73906
⁧چون⁩	73765
⁧روی⁩	73162
⁧چیکار⁩	72990
⁧کنید⁩	72977
⁧میاد⁩	71539
⁧انجام⁩	71534
⁧دو⁩	71215
⁧نداره⁩	71213
⁧پدر⁩	69092
⁧کمک⁩	68638
⁧وقت⁩	68544
⁧منم⁩	68283
⁧میخوای⁩	68037
⁧داشته⁩	67745
⁧هستی⁩	67693
⁧مورد⁩	66912
⁧زندگی⁩	66429
⁧هنوز⁩	66273
⁧اینه⁩	65685
⁧بشه⁩	65675
⁧لعنتی⁩	65336
⁧میدونم⁩	65263
⁧روز⁩	64597
⁧است⁩	64494
⁧تمام⁩	64297
⁧اینو⁩	63639
⁧مرد⁩	63560
⁧نظر⁩	62912
⁧راه⁩	61807
⁧همیشه⁩	61150
⁧ببین⁩	60894
⁧بیشتر⁩	57638
⁧چی؟⁩	57588
⁧صبر⁩	56976
⁧تنها⁩	56428
⁧اسم⁩	56199
⁧متاسفم⁩	56061
⁧باشی⁩	55895
⁧سال⁩	55722
⁧آقای⁩	55154
⁧چند⁩	54663
⁧پسر⁩	54512
⁧گوش⁩	54512
⁧نگاه⁩	54304
⁧بگو⁩	54253
⁧خودم⁩	53867
⁧نمیدونم⁩	53500
⁧قربان⁩	53452
⁧دوباره⁩	52765
⁧خدای⁩	52581
⁧چطور⁩	51633
⁧بوده⁩	51578
⁧ببخشید⁩	51472
⁧بدم⁩	51363
⁧خوبی⁩	50655
⁧اونو⁩	50255
⁧بی⁩	50083
⁧خدا⁩	49940
⁧حتی⁩	49609
⁧گفتم⁩	49387
⁧بدی⁩	48752
⁧بگم⁩	48461
⁧خواهش⁩	48353
⁧برم⁩	48250
⁧بر⁩	48103
⁧عزیزم⁩	48060
⁧دارن⁩	47421
⁧هستن⁩	47421
⁧شروع⁩	47252
⁧صحبت⁩	47245
⁧البته⁩	46913
⁧تموم⁩	46573
⁧بازی⁩	46031
⁧قبل⁩	45729
⁧گفت⁩	44840
⁧آدم⁩	44773
⁧میتونم⁩	44592
⁧نفر⁩	44571
⁧شو⁩	44514
⁧مادر⁩	44365
⁧میگم⁩	44074
⁧پول⁩	43874
⁧کنین⁩	43853
⁧بار⁩	43609
⁧دنبال⁩	43604
⁧چیه؟⁩	43474
⁧خانم⁩	43462
⁧خوش⁩	43223
⁧میتونی⁩	43190
⁧قرار⁩	43082
⁧حال⁩	43020
⁧شدم⁩	42989
⁧شب⁩	42759
⁧نکن⁩	42561
⁧میدم⁩	42304
⁧ممکنه⁩	42197
⁧بابا⁩	41962
⁧داشتم⁩	41838
⁧لطفا⁩	41744
⁧شدن⁩	41181
⁧کنن⁩	40970
⁧وجود⁩	40860
⁧باشم⁩	40629
⁧اصلا⁩	40617
⁧مردم⁩	40500
⁧باز⁩	40389
⁧یعنی⁩	40206
⁧امروز⁩	40110
⁧خاطر⁩	40077
⁧همون⁩	40074
⁧دختر⁩	40061
⁧اگر⁩	39848
⁧داشت⁩	39495
⁧بودی⁩	39490
⁧ببینم⁩	39395
⁧یالا⁩	39320
⁧دونم⁩	39314
⁧بدون⁩	39126
⁧مگه⁩	39124
⁧هیچی⁩	38991
⁧بزرگ⁩	38930
⁧نیستم⁩	38930
⁧سه⁩	38926
⁧استفاده⁩	38916
⁧بالا⁩	38787
⁧بودن⁩	38085
⁧کنار⁩	38071
⁧ساعت⁩	37899
⁧نمیتونم⁩	37854
⁧چقدر⁩	37780
⁧برات⁩	37344
⁧حالت⁩	37344
⁧بذار⁩	37258
⁧کردیم⁩	36984
⁧ندارم⁩	36896
⁧اول⁩	36849
⁧بری⁩	36842
⁧سعی⁩	36250
⁧زود⁩	36229
⁧کم⁩	36207
⁧اونها⁩	36161
⁧آماده⁩	35714
⁧مامان⁩	35705
⁧ام⁩	35616
⁧درباره⁩	35554
⁧نبود⁩	35511
⁧بخاطر⁩	35332
⁧مطمئن⁩	35170
⁧باهاش⁩	34960
⁧اتفاقی⁩	34874
⁧زنده⁩	34804
⁧ازت⁩	34484
⁧میکنیم⁩	33956
⁧ماشین⁩	33936
⁧جایی⁩	33789
⁧بین⁩	33775
⁧میده⁩	33653
⁧نمیشه⁩	33574
⁧بزن⁩	33507
⁧نیاز⁩	33359
⁧شدی⁩	33156
⁧زن⁩	33074
⁧دور⁩	32924
⁧آروم⁩	32713
⁧هیچوقت⁩	32638
⁧بهتر⁩	32490
⁧عالیه⁩	32338
⁧داد⁩	32280
⁧چطوری⁩	32195
⁧خوام⁩	32072
⁧یاد⁩	31888
⁧زنگ⁩	31883
⁧دنیا⁩	31861
⁧منه⁩	31639
⁧گفتی⁩	31610
⁧زمین⁩	31428
⁧تونم⁩	31424
⁧طرف⁩	31393
⁧حتما⁩	31376
⁧جا⁩	31287
⁧زیادی⁩	30683
⁧میکنن⁩	30499
⁧جای⁩	30450
⁧میگی⁩	30450
⁧شهر⁩	30395
⁧او⁩	30297
⁧مشکلی⁩	30282
⁧خبر⁩	30034
⁧پایین⁩	30033
⁧نباید⁩	30019
⁧برام⁩	29966
⁧زمان⁩	29651
⁧داده⁩	29538
⁧اینا⁩	29501
⁧دکتر⁩	29410
⁧میخواد⁩	29320
⁧فرار⁩	29192
⁧زیاد⁩	29026
⁧دقیقه⁩	29021
⁧مرده⁩	28899
⁧منظور⁩	28865
⁧میتونه⁩	28807
⁧آه⁩	28742
⁧مال⁩	28677
⁧باعث⁩	28426
⁧پلیس⁩	28401
⁧مهم⁩	28162
⁧اجازه⁩	28110
⁧میکردم⁩	28084
⁧نگه⁩	28068
⁧میرم⁩	27996
⁧اتفاق⁩	27897
⁧بد⁩	27887
⁧نگران⁩	27840
⁧پشت⁩	27762
⁧نشون⁩	27629
⁧لحظه⁩	27487
⁧رفیق⁩	27227
⁧دل⁩	27201
⁧صبح⁩	27193
⁧سمت⁩	27188
⁧کارو⁩	27009
⁧اینکارو⁩	26957
⁧نجات⁩	26873
⁧کاملا⁩	26833
⁧بگی⁩	26654
⁧بهتره⁩	26553
⁧بگیر⁩	26503
⁧میگه⁩	26383
⁧دقیقا⁩	26348
⁧ادامه⁩	26342
⁧باور⁩	26296
⁧بسیار⁩	26289
⁧اولین⁩	26060
⁧دیدم⁩	26051
⁧جواب⁩	25894
⁧هستیم⁩	25853
⁧آب⁩	25849
⁧حرکت⁩	25588
⁧ممنونم⁩	25552
⁧داخل⁩	25454
⁧دادم⁩	25357
⁧بیاد⁩	25294
⁧همچین⁩	25089
⁧لازم⁩	24964
⁧همینطور⁩	24950
⁧قراره⁩	24909
⁧خون⁩	24881
⁧وای⁩	24803
⁧تونی⁩	24734
⁧رفته⁩	24656
⁧نیستی⁩	24554
⁧مشکل⁩	24295
⁧بهترین⁩	24129
⁧بزنم⁩	24091
⁧اره⁩	24090
⁧احساس⁩	23937
⁧اشتباه⁩	23738
⁧وارد⁩	23504
⁧بره⁩	23468
⁧قبلا⁩	23468
⁧اتاق⁩	23398
⁧تر⁩	23325
⁧بقیه⁩	23301
⁧جنگ⁩	23295
⁧قول⁩	23270
⁧انتخاب⁩	23220
⁧شلیک⁩	23219
⁧بدیم⁩	23077
⁧دونی⁩	22989
⁧بکنم⁩	22781
⁧امشب⁩	22761
⁧حق⁩	22712
⁧کدوم⁩	22703
⁧اومد⁩	22632
⁧وایسا⁩	22592
⁧اومده⁩	22558
⁧بخیر⁩	22536
⁧نمیاد⁩	22443
⁧هفته⁩	22439
⁧بهشون⁩	22417
⁧منظورت⁩	22415
⁧اعتماد⁩	22398
⁧حمله⁩	22273
⁧کارت⁩	22187
⁧جان⁩	22088
⁧باهات⁩	22084
⁧نزدیک⁩	21944
⁧ازدواج⁩	21808
⁧بکنی⁩	21756
⁧زیر⁩	21749
⁧گرفته⁩	21708
⁧حقیقت⁩	21661
⁧دار⁩	21585
⁧متوجه⁩	21573
⁧آخرین⁩	21543
⁧دادی⁩	21534
⁧مرگ⁩	21486
⁧جدید⁩	21426
⁧دادن⁩	21327
⁧جدی⁩	21324
⁧چطوره⁩	21320
⁧باشیم⁩	21293
⁧گفته⁩	21175
⁧عالی⁩	21127
⁧فردا⁩	21122
⁧یکم⁩	20731
⁧هستند⁩	20694
⁧بشی⁩	20688
⁧میتونیم⁩	20661
⁧نمیخوام⁩	20547
⁧بشم⁩	20497
⁧ماه⁩	20398
⁧میره⁩	20353
⁧خوای⁩	20344
⁧برید⁩	20268
⁧اش⁩	20261
⁧رفت⁩	20254
⁧رئیس⁩	20112
⁧برادر⁩	19873
⁧نداری⁩	19777
⁧عوض⁩	19716
⁧افتاده⁩	19658
⁧هرگز⁩	19617
⁧گرفتم⁩	19538
⁧خواهد⁩	19535
⁧دروغ⁩	19466
⁧بلند⁩	19458
⁧کیه⁩	19425
⁧انگار⁩	19382
⁧گم⁩	19381
⁧اومدی⁩	19371
⁧عقب⁩	19287
⁧قضیه⁩	19263
⁧حس⁩	19071
⁧موضوع⁩	19033
⁧نمیکنم⁩	19021
⁧تماس⁩	18953
⁧پیداش⁩	18953
⁧عشق⁩	18922
⁧افتاد⁩	18897
⁧قبول⁩	18875
⁧جور⁩	18873
⁧تازه⁩	18841
⁧نباش⁩	18840
⁧موقع⁩	18800
⁧داشتی⁩	18698
⁧اه⁩	18682
⁧منتظر⁩	18682
⁧خانواده⁩	18674
⁧سریع⁩	18659
⁧لباس⁩	18654
⁧شبیه⁩	18635
⁧غیر⁩	18617
⁧خفه⁩	18601
⁧اینطوری⁩	18597
⁧نمیتونی⁩	18583
⁧بهتون⁩	18539
⁧جلوی⁩	18504
⁧اندازه⁩	18499
⁧باشید⁩	18468
⁧نه،⁩	18380
⁧همینه⁩	18332
⁧آقا⁩	18315
⁧واقعی⁩	18303
⁧احمق⁩	18281
⁧کافی⁩	18270
⁧میریم⁩	18219
⁧خوبم⁩	18214
⁧لعنت⁩	18174
⁧پر⁩	18159
⁧براش⁩	18097
⁧بس⁩	17992
⁧زمانی⁩	17992
⁧نقشه⁩	17948
⁧برنامه⁩	17895
⁧بگیرم⁩	17758
⁧بعضی⁩	17725
⁧اومدم⁩	17646
⁧میام⁩	17646
⁧نشده⁩	17621
⁧ازم⁩	17592
⁧توئه⁩	17537
⁧میگن⁩	17532
⁧بزنی⁩	17510
⁧بشین⁩	17497
⁧دارین⁩	17480
⁧آخر⁩	17448
⁧خوشحالم⁩	17415
⁧عنوان⁩	17406
⁧مراقب⁩	17370
⁧کل⁩	17357
⁧رد⁩	17328
⁧کشتی⁩	17175
⁧مجبور⁩	17166
⁧فیلم⁩	17155
⁧جمع⁩	17076
⁧گروه⁩	17070
⁧آن⁩	17061
⁧راست⁩	17050
⁧دیوونه⁩	16998
⁧کشته⁩	16986
⁧اینجوری⁩	16960
⁧دیدی⁩	16899
⁧شه⁩	16897
⁧یادت⁩	16777
⁧عاشق⁩	16775
⁧اینقدر⁩	16713
⁧بودیم⁩	16705
⁧متشکرم⁩	16582
⁧چشم⁩	16546
⁧کس⁩	16501
⁧اینطور⁩	16481
⁧احتمالا⁩	16376
⁧چرا؟⁩	16353
⁧روش⁩	16346
⁧انجامش⁩	16340
⁧شماره⁩	16299
⁧میدی⁩	16294
⁧درد⁩	16150
⁧تصمیم⁩	16111
⁧گذشته⁩	16091
⁧تغییر⁩	16038
⁧امیدوارم⁩	16014
⁧موفق⁩	15998
⁧ترک⁩	15972
⁧بدن⁩	15939
⁧میشم⁩	15924
⁧بیاین⁩	15876
⁧صورت⁩	15875
⁧گیر⁩	15862
⁧میری⁩	15837
⁧تیم⁩	15795
⁧بیخیال⁩	15787
⁧زده⁩	15767
⁧شنیدم⁩	15731
⁧خداحافظ⁩	15698
⁧درسته⁩	15597
⁧خوشم⁩	15588
⁧خدایا⁩	15583
⁧چیزیه⁩	15583
⁧اسلحه⁩	15519
⁧هایی⁩	15503
⁧باشن⁩	15502
⁧نداریم⁩	15476
⁧فراموش⁩	15455
⁧میشن⁩	15434
⁧خارج⁩	15307
⁧اینجاست⁩	15295
⁧فهمیدم⁩	15259
⁧میکرد⁩	15231
⁧داستان⁩	15220
⁧قدرت⁩	15208
⁧کنترل⁩	15204
⁧میشی⁩	15158
⁧زودباش⁩	15152
⁧همش⁩	15146
⁧جون⁩	15137
⁧دارید⁩	15095
⁧رفتن⁩	15023
⁧صدای⁩	14986
⁧اونم⁩	14957
⁧بیار⁩	14949
⁧ده⁩	14947
⁧یارو⁩	14931
⁧کننده⁩	14908
⁧مدت⁩	14894
⁧معذرت⁩	14889
⁧احتیاج⁩	14888
⁧افراد⁩	14864
⁧سخت⁩	14857
⁧دلار⁩	14838
⁧جدا⁩	14829
⁧هیچکس⁩	14807
⁧کنند⁩	14786
⁧هستش⁩	14758
⁧خودمون⁩	14752
⁧طول⁩	14736
⁧میخواستم⁩	14692
⁧آیا⁩	14685
⁧تکون⁩	14669
⁧بگیری⁩	14635
⁧سوال⁩	14553
⁧کلی⁩	14528
⁧خوشحال⁩	14498
⁧پنج⁩	14451
⁧مبارزه⁩	14443
⁧غذا⁩	14413
⁧خواب⁩	14401
⁧نکنم⁩	14394
⁧بزار⁩	14369
⁧مدرسه⁩	14311
⁧شده؟⁩	14260
⁧مردی⁩	14259
⁧راجع⁩	14252
⁧میان⁩	14234
⁧پادشاه⁩	14113
⁧توسط⁩	14072
⁧باشین⁩	14038
⁧بهمون⁩	13992
⁧مرسی⁩	13949
⁧بخش⁩	13940
⁧نکردم⁩	13934
⁧جک⁩	13924
⁧دیده⁩	13899
⁧بیام⁩	13860
⁧عجله⁩	13840
⁧تحت⁩	13797
⁧شرکت⁩	13790
⁧دلیل⁩	13676
⁧دیر⁩	13676
⁧تبدیل⁩	13653
⁧تونه⁩	13646
⁧همدیگه⁩	13639
⁧شوخی⁩	13583
⁧زدن⁩	13554
⁧شدیم⁩	13517
⁧دفعه⁩	13466
⁧تقریبا⁩	13452
⁧درک⁩	13421
⁧پسرم⁩	13419
⁧میزنم⁩	13381
⁧کوچولو⁩	13330
⁧شانس⁩	13289
⁧شکست⁩	13268
⁧بیای⁩	13261
⁧واقعا؟⁩	13242
⁧بمون⁩	13150
⁧طور⁩	13142
⁧بزنیم⁩	13137
⁧اینم⁩	13122
⁧بیدار⁩	13068
⁧بتونم⁩	13059
⁧محافظت⁩	13017
⁧چهار⁩	13017
⁧بکش⁩	12945
⁧برین⁩	12894
⁧راستش⁩	12892
⁧داشتیم⁩	12886
⁧بعدا⁩	12882
⁧برگرد⁩	12849
⁧کمی⁩	12842
⁧بدونم⁩	12834
⁧خوبیه⁩	12829
⁧خورده⁩	12815
⁧داشتن⁩	12760
⁧بگیره⁩	12756
⁧هدف⁩	12718
⁧گرفتن⁩	12656
⁧دوتا⁩	12601
⁧بخوای⁩	12579
⁧نمیتونه⁩	12575
⁧صدا⁩	12572
⁧سری⁩	12551
⁧عوضی⁩	12542
⁧میکنی؟⁩	12535
⁧عکس⁩	12522
⁧کتاب⁩	12508
⁧حساب⁩	12482
⁧راحت⁩	12465
⁧گفتن⁩	12461
⁧نابود⁩	12448
⁧زد⁩	12430
⁧توجه⁩	12422
⁧بشیم⁩	12404
⁧خودشه⁩	12393
⁧انسان⁩	12367
⁧نمیکنه⁩	12343
⁧ببینی⁩	12294
⁧بعدی⁩	12283
⁧پرونده⁩	12251
⁧اینکار⁩	12244
⁧گرفتی⁩	12231
⁧افتخار⁩	12199
⁧اوه،⁩	12181
⁧شماها⁩	12174
⁧مخفی⁩	12149
⁧بالاخره⁩	12124
⁧بازم⁩	12109
⁧اطلاعات⁩	12104
⁧باهم⁩	12098
⁧قسمت⁩	12079
⁧ترین⁩	12034
⁧میزنی⁩	11934
⁧مونده⁩	11925
⁧زدم⁩	11920
⁧حداقل⁩	11904
⁧جلو⁩	11833
⁧بنظر⁩	11832
⁧پیشنهاد⁩	11743
⁧میرسه⁩	11720
⁧گرفت⁩	11693
⁧رفتار⁩	11680
⁧ملاقات⁩	11668
⁧آزاد⁩	11651
⁧هزار⁩	11643
⁧بزنه⁩	11628
⁧زندان⁩	11552
⁧کافیه⁩	11552
⁧بکنیم⁩	11549
⁧بسته⁩	11547
⁧سوار⁩	11478
⁧خواستم⁩	11473
⁧چکار⁩	11430
⁧کوچیک⁩	11424
⁧نظرت⁩	11421
⁧قتل⁩	11414
⁧معلومه⁩	11388
⁧همسر⁩	11384
⁧آینده⁩	11377
⁧سگ⁩	11356
⁧نزن⁩	11350
⁧پرواز⁩	11305
⁧مطمئنی⁩	11281
⁧جوری⁩	11274
⁧بگیریم⁩	11261
⁧تلفن⁩	11248
⁧مواظب⁩	11224
⁧بدونی⁩	11221
⁧توش⁩	11153
⁧همینجا⁩	11128
⁧سیاه⁩	11120
⁧چیزا⁩	11114
⁧بیارم⁩	11086
⁧واقع⁩	11072
⁧مامور⁩	11044
⁧دختره⁩	11010
⁧کشتن⁩	10995
⁧بکنه⁩	10972
⁧حاضر⁩	10966
⁧آتش⁩	10965
⁧فوق⁩	10961
⁧بدین⁩	10947
⁧کامل⁩	10914
⁧دستور⁩	10876
⁧اوضاع⁩	10869
⁧پا⁩	10854
⁧باهام⁩	10826
⁧ات⁩	10785
⁧چیزایی⁩	10780
⁧بجنب⁩	10768
⁧هستید⁩	10768
⁧خراب⁩	10756
⁧یادم⁩	10730
⁧دریافت⁩	10717
⁧آنها⁩	10716
⁧راهی⁩	10682
⁧کشور⁩	10669
⁧روزی⁩	10667
⁧امتحان⁩	10627
⁧تونیم⁩	10608
⁧بشن⁩	10597
⁧قابل⁩	10590
⁧کمکت⁩	10559
⁧همراه⁩	10541
⁧بدید⁩	10531
⁧بسه⁩	10516
⁧هستین⁩	10504
⁧بکن⁩	10502
⁧زدی⁩	10478
⁧بیشتری⁩	10470
⁧مواد⁩	10452
⁧خودتون⁩	10447
⁧خوبه؟⁩	10441
⁧توضیح⁩	10435
⁧خط⁩	10429
⁧شرمنده⁩	10374
⁧خواد⁩	10358
⁧تنگ⁩	10328
⁧سرت⁩	10302
⁧اینجام⁩	10298
⁧رفتم⁩	10298
⁧هنوزم⁩	10297
⁧عمل⁩	10262
⁧میزنه⁩	10256
⁧میخوایم⁩	10230
⁧ببینیم⁩	10193
⁧قدیمی⁩	10188
⁧نام⁩	10174
⁧حرومزاده⁩	10168
⁧ساله⁩	10154
⁧کردین⁩	10147
⁧حالش⁩	10129
⁧میدونه⁩	10099
⁧سرورم⁩	10090
⁧ببر⁩	10059
⁧فرصت⁩	10052
⁧خطر⁩	10032
⁧نامه⁩	9993
⁧بدست⁩	9967
⁧روشن⁩	9946
⁧ولش⁩	9945
⁧خسته⁩	9941
⁧بکشه⁩	9908
⁧هرچی⁩	9905
⁧لذت⁩	9901
⁧باقی⁩	9882
⁧خواهی⁩	9867
⁧نکرده⁩	9859
⁧خودشون⁩	9858
⁧تمومش⁩	9850
⁧قانون⁩	9827
⁧نفس⁩	9789
⁧نوشته⁩	9785
⁧پایان⁩	9766
⁧نگو⁩	9756
⁧خیال⁩	9750
⁧نباشه⁩	9730
⁧دیشب⁩	9703
⁧دیدن⁩	9681
⁧میخوان⁩	9597
⁧ارتش⁩	9595
⁧قلب⁩	9593
⁧میدیم⁩	9587
⁧فشار⁩	9578
⁧دید⁩	9576
⁧العاده⁩	9567
⁧میدن⁩	9535
⁧مهمه⁩	9512
⁧نداشتم⁩	9511
⁧کردند⁩	9505
⁧تقصیر⁩	9492
⁧ساکت⁩	9459
⁧اونجاست⁩	9444
⁧آخه⁩	9442
⁧انتظار⁩	9442
⁧خبره⁩	9401
⁧میبینی⁩	9395
⁧اهمیت⁩	9377
⁧شام⁩	9377
⁧مسخره⁩	9376
⁧خودتو⁩	9366
⁧قسم⁩	9361
⁧رابطه⁩	9339
⁧گزارش⁩	9336
⁧امکان⁩	9303
⁧داداش⁩	9247
⁧علاقه⁩	9217
⁧قوی⁩	9208
⁧ترجمه⁩	9200
⁧نمیکنی⁩	9186
⁧حدس⁩	9179
⁧تورو⁩	9178
⁧عجیب⁩	9169
⁧خوشت⁩	9163
⁧کاپیتان⁩	9145
⁧سم⁩	9134
⁧بتونی⁩	9080
⁧بکشی⁩	9052
⁧چندتا⁩	9047
⁧دنیای⁩	9035
⁧سرم⁩	9002
⁧بتونه⁩	8995
⁧شش⁩	8969
⁧بتونیم⁩	8955
⁧تلاش⁩	8936
⁧نداشت⁩	8919
⁧اومدن⁩	8913
⁧قطع⁩	8908
⁧سفر⁩	8906
⁧مسابقه⁩	8890
⁧روح⁩	8881
⁧آمریکا⁩	8877
⁧خانوم⁩	8871
⁧میشد⁩	8854
⁧ناراحت⁩	8848
⁧میلیون⁩	8842
⁧سی⁩	8840
⁧تنهایی⁩	8827
⁧چنین⁩	8804
⁧ذهن⁩	8802
⁧ول⁩	8801
⁧بخور⁩	8774
⁧شرط⁩	8770
⁧نیستن⁩	8757
⁧چجوری⁩	8719
⁧وسط⁩	8717
⁧بزرگی⁩	8704
⁧هوا⁩	8697
⁧برنده⁩	8694
⁧خالی⁩	8674
⁧نداشته⁩	8671
⁧مون⁩	8647
⁧ارزش⁩	8632
⁧بیمارستان⁩	8628
⁧خواست⁩	8627
⁧عصبانی⁩	8602
⁧اینها⁩	8601
⁧سخته⁩	8598
⁧کلمه⁩	8596
⁧جشن⁩	8590
⁧مارو⁩	8589
⁧نمیتونیم⁩	8573
⁧اونوقت⁩	8559
⁧الو⁩	8557
⁧خیابون⁩	8553
⁧فرمانده⁩	8502
⁧دم⁩	8498
⁧جز⁩	8489
⁧بینی⁩	8473
⁧آره،⁩	8447
⁧برابر⁩	8445
⁧چک⁩	8438
⁧بگه⁩	8435
⁧صدمه⁩	8433
⁧سیستم⁩	8429
⁧حل⁩	8410
⁧ببینه⁩	8402
⁧فهمیدی⁩	8387
⁧میای⁩	8382
⁧وضعیت⁩	8371
⁧عجب⁩	8367
⁧منطقه⁩	8365
⁧میکشه⁩	8363
⁧بررسی⁩	8361
⁧دی⁩	8361
⁧خواهم⁩	8354
⁧قاتل⁩	8349
⁧اند⁩	8325
⁧ثانیه⁩	8320
⁧رسید⁩	8320
⁧آوردی⁩	8313
⁧زنی⁩	8313
⁧معامله⁩	8310
⁧دوم⁩	8303
⁧درمورد⁩	8289
⁧براتون⁩	8248
⁧رسیده⁩	8247
⁧میشیم⁩	8247
⁧خیله⁩	8245
⁧قدم⁩	8239
⁧اصلی⁩	8235
⁧معنی⁩	8230
⁧ایشون⁩	8216
⁧مشروب⁩	8207
⁧میکردی⁩	8206
⁧بمونه⁩	8192
⁧طوری⁩	8183
⁧جریان⁩	8177
⁧بابت⁩	8169
⁧ثابت⁩	8165
⁧واو⁩	8159
⁧سفید⁩	8158
⁧مراقبت⁩	8153
⁧اس⁩	8150
⁧دفتر⁩	8149
⁧شنیدی⁩	8149
⁧شون⁩	8145
⁧خواهر⁩	8139
⁧نبودم⁩	8126
⁧نیروی⁩	8105
⁧دستم⁩	8092
⁧جورایی⁩	8089
⁧موقعیت⁩	8078
⁧سکس⁩	8064
⁧مسیر⁩	8061
⁧کند⁩	8060
⁧گریه⁩	8053
⁧زودی⁩	8051
⁧هفت⁩	8049
⁧ضربه⁩	8014
⁧نمایش⁩	8005
⁧قهوه⁩	7987
⁧آقایون⁩	7984
⁧جمهور⁩	7984
⁧درخواست⁩	7982
⁧محل⁩	7982
⁧آسیب⁩	7973
⁧میبینمت⁩	7972
⁧هان⁩	7969
⁧ملکه⁩	7954
⁧استراحت⁩	7926
⁧قهرمان⁩	7905
⁧میبینم⁩	7889
⁧تصور⁩	7885
⁧بیاری⁩	7878
⁧گذاشته⁩	7867
⁧جی⁩	7861
⁧نبوده⁩	7840
⁧احترام⁩	7829
⁧بردار⁩	7824
⁧میخواست⁩	7817
⁧همونطور⁩	7816
⁧وگرنه⁩	7813
⁧تون⁩	7811
⁧بگیرش⁩	7783
⁧ساده⁩	7781
⁧میکنید⁩	7780
⁧مسیح⁩	7778
⁧دارند⁩	7777
⁧اشکالی⁩	7772
⁧زندگیم⁩	7768
⁧نیازی⁩	7763
⁧طبقه⁩	7714
⁧ب⁩	7713
⁧میدونستم⁩	7708
⁧نکردی⁩	7696
⁧جو⁩	7686
⁧شک⁩	7670
⁧تمومه⁩	7666
⁧تیکه⁩	7659
⁧نه؟⁩	7645
⁧برسه⁩	7638
⁧باورم⁩	7631
⁧همشون⁩	7631
⁧جناب⁩	7627
⁧مراسم⁩	7619
⁧تشکر⁩	7607
⁧انقدر⁩	7602
⁧تیر⁩	7601
⁧تمرین⁩	7594
⁧آشنا⁩	7590
⁧ان⁩	7586
⁧دادیم⁩	7586
⁧وقته⁩	7582
⁧بودند⁩	7565
⁧ارتباط⁩	7512
⁧آوردم⁩	7491
⁧برده⁩	7474
⁧ممکن⁩	7474
⁧اونه⁩	7464
⁧سالم⁩	7459
⁧ساخته⁩	7458
⁧دیوار⁩	7457
⁧همینطوره⁩	7457
⁧محض⁩	7455
⁧بفرما⁩	7453
⁧نمیخوای⁩	7444
⁧خنده⁩	7411
⁧بمونی⁩	7402
⁧باد⁩	7366
⁧نمیده⁩	7358
⁧مرکز⁩	7356
⁧زیبا⁩	7308
⁧میمونه⁩	7308
⁧آدمای⁩	7273
⁧مسئله⁩	7235
⁧شاه⁩	7234
⁧مثلا⁩	7216
⁧اداره⁩	7206
⁧چارلی⁩	7196
⁧اطراف⁩	7193
⁧اینجایی⁩	7192
⁧جین⁩	7178
⁧ماموریت⁩	7175
⁧امن⁩	7166
⁧جهان⁩	7154
⁧سازمان⁩	7144
⁧پای⁩	7129
⁧برا⁩	7097
⁧گلوله⁩	7096
⁧ذره⁩	7083
⁧امنیت⁩	7081
⁧حد⁩	7079
⁧چپ⁩	7046
⁧جهنم⁩	7045
⁧رفتی⁩	7039
⁧بوی⁩	7033
⁧پاک⁩	7027
⁧خواهیم⁩	7022
⁧بخواد⁩	7018
⁧نیویورک⁩	7009
⁧هات⁩	7005
⁧هواپیما⁩	7002
⁧نگهش⁩	6988
⁧فاصله⁩	6982
⁧تخت⁩	6981
⁧دردسر⁩	6974
⁧ازشون⁩	6970
⁧نور⁩	6960
⁧وقتشه⁩	6945
⁧تاریخ⁩	6943
⁧شمال⁩	6938
⁧قرمز⁩	6937
⁧نوع⁩	6933
⁧نیستیم⁩	6933
⁧بپرسم⁩	6932
⁧بیاید⁩	6932
⁧نمیخواد⁩	6930
⁧زنم⁩	6926
⁧کمتر⁩	6909
⁧خیانت⁩	6904
⁧بمب⁩	6869
⁧همگی⁩	6864
⁧خورد⁩	6846
⁧ولم⁩	6842
⁧حسابی⁩	6833
⁧مربوط⁩	6833
⁧کردید⁩	6795
⁧تحمل⁩	6794
⁧باشه؟⁩	6793
⁧استاد⁩	6791
⁧دخترم⁩	6775
⁧سرعت⁩	6762
⁧دونه⁩	6755
⁧دستگاه⁩	6747
⁧دشمن⁩	6737
⁧سنگ⁩	6737
⁧هاش⁩	6734
⁧مردن⁩	6730
⁧متاسفانه⁩	6728
⁧گرم⁩	6720
⁧پخش⁩	6717
⁧مهمونی⁩	6709
⁧گل⁩	6709
⁧مقدار⁩	6708
⁧بیان⁩	6696
⁧برگردم⁩	6693
⁧اسب⁩	6689
⁧نوشیدنی⁩	6675
⁧ببینید⁩	6670
⁧اونی⁩	6654
⁧تفنگ⁩	6652
⁧بخوام⁩	6651
⁧غلطی⁩	6651
⁧رییس⁩	6646
⁧بحث⁩	6642
⁧کجاست؟⁩	6636
⁧باهاشون⁩	6632
⁧سختی⁩	6631
⁧آدما⁩	6624
⁧عجیبه⁩	6622
⁧نسبت⁩	6607
⁧پی⁩	6606
⁧بنابراین⁩	6605
⁧میگیرم⁩	6605
⁧مایک⁩	6600
⁧چیزای⁩	6598
⁧نتیجه⁩	6568
⁧بکشم⁩	6564
⁧خدمت⁩	6564
⁧دفاع⁩	6564
⁧شکل⁩	6564
⁧میگیره⁩	6557
⁧فرانک⁩	6553
⁧بنداز⁩	6545
⁧ازتون⁩	6544
⁧ایجاد⁩	6539
⁧بدتر⁩	6525
⁧میکنین⁩	6518
⁧گوشت⁩	6509
⁧جاش⁩	6508
⁧هدیه⁩	6503
⁧ربطی⁩	6501
⁧امید⁩	6500
⁧هستی؟⁩	6497
⁧ایده⁩	6488
⁧زودتر⁩	6486
⁧فرق⁩	6484
⁧آفرین⁩	6479
⁧جالبه⁩	6466
⁧ماهی⁩	6464
⁧کلاس⁩	6463
⁧گذشت⁩	6458
⁧ترجیح⁩	6456
⁧دیگر⁩	6452
⁧نمیدونی⁩	6440
⁧سلامتی⁩	6438
⁧مایکل⁩	6434
⁧پیاده⁩	6420
⁧پیتر⁩	6418
⁧برد⁩	6413
⁧محکم⁩	6411
⁧برن⁩	6406
⁧صحنه⁩	6401
⁧قایق⁩	6400
⁧همچنین⁩	6399
⁧آهنگ⁩	6397
⁧ندارن⁩	6397
⁧احمقانه⁩	6396
⁧مکان⁩	6393
⁧گذاشتم⁩	6392
⁧حدود⁩	6391
⁧آزمایش⁩	6390
⁧بفرمایید⁩	6389
⁧بن⁩	6384
⁧خودمو⁩	6383
⁧آتیش⁩	6373
⁧بیست⁩	6370
⁧پیر⁩	6367
⁧دستگیر⁩	6364
⁧چیزهایی⁩	6357
⁧جیمز⁩	6345
⁧حرفی⁩	6343
⁧سراغ⁩	6340
⁧مشت⁩	6334
⁧شدند⁩	6330
⁧نکنه⁩	6323
⁧سرباز⁩	6322
⁧بذاری⁩	6314
⁧شاهزاده⁩	6314
⁧شی⁩	6294
⁧چونکه⁩	6288
⁧کله⁩	6286
⁧شرایط⁩	6284
⁧لازمه⁩	6282
⁧خوشگل⁩	6268
⁧کارهای⁩	6268
⁧رقص⁩	6260
⁧هتل⁩	6254
⁧دلیلی⁩	6249
⁧دیوید⁩	6247
⁧واست⁩	6237
⁧تبریک⁩	6235
⁧حلقه⁩	6232
⁧شخصی⁩	6231
⁧پرت⁩	6230
⁧کارا⁩	6228
⁧میز⁩	6227
⁧شیطان⁩	6211
⁧ا⁩	6209
⁧بیش⁩	6208
⁧حالم⁩	6201
⁧بمونم⁩	6198
⁧یادته⁩	6195
⁧خبری⁩	6180
⁧دادگاه⁩	6171
⁧قصد⁩	6170
⁧برش⁩	6164
⁧جاده⁩	6156
⁧تاثیر⁩	6151
⁧اهل⁩	6143
⁧کمکی⁩	6140
⁧هام⁩	6130
⁧بالای⁩	6126
⁧عزیز⁩	6118
⁧بیاره⁩	6114
⁧دین⁩	6113
⁧خانه⁩	6100
⁧قطار⁩	6098
⁧کلید⁩	6082
⁧دریایی⁩	6081
⁧نخور⁩	6075
⁧صد⁩	6072
⁧مقابل⁩	6064
⁧میدونیم⁩	6052
⁧زندانی⁩	6050
⁧تسلیم⁩	6047
⁧جوان⁩	6042
⁧رنگ⁩	6037
⁧بزنن⁩	6034
⁧باری⁩	6033
⁧متوقف⁩	6025
⁧نگفتم⁩	6006
⁧جنگل⁩	6001
⁧نکنی⁩	5998
⁧ترس⁩	5994
⁧خوردن⁩	5991
⁧بیفته⁩	5990
⁧عملیات⁩	5986
⁧لیست⁩	5981
⁧خواستی⁩	5980
⁧کجایی⁩	5974
⁧تمیز⁩	5972
⁧هری⁩	5967
⁧شکر⁩	5961
⁧بخواب⁩	5957
⁧دوربین⁩	5955
⁧جنده⁩	5952
⁧سارا⁩	5934
⁧مکس⁩	5932
⁧جالب⁩	5929
⁧برامون⁩	5928
⁧دولت⁩	5919
⁧میخواین⁩	5894
⁧تام⁩	5892
⁧شمشیر⁩	5889
⁧عمو⁩	5888
⁧میکنند⁩	5885
⁧نصف⁩	5883
⁧کی؟⁩	5883
⁧فرستاده⁩	5882
⁧کشت⁩	5879
⁧اشتباهی⁩	5869
⁧قربانی⁩	5865
⁧لطف⁩	5859
⁧کنی؟⁩	5848
⁧جزیره⁩	5841
⁧فک⁩	5832
⁧دعوت⁩	5827
⁧بعنوان⁩	5812
⁧آزادی⁩	5811
⁧اثر⁩	5798
⁧ببند⁩	5794
⁧بلایی⁩	5793
⁧میارم⁩	5782
⁧آشغال⁩	5781
⁧ارباب⁩	5771
⁧خودشو⁩	5767
⁧پسش⁩	5753
⁧بزرگترین⁩	5746
⁧دیروز⁩	5738
⁧جعبه⁩	5733
⁧طولانی⁩	5726
⁧دوستان⁩	5710
⁧رسیدیم⁩	5710
⁧درستش⁩	5706
⁧بینم⁩	5695
⁧بله؟⁩	5691
⁧تک⁩	5680
⁧میاره⁩	5679
⁧علیه⁩	5678
⁧متنفرم⁩	5678
⁧شم⁩	5677
⁧شغل⁩	5671
⁧میرن⁩	5663
⁧کسایی⁩	5661
⁧میخورم⁩	5659
⁧جلسه⁩	5648
⁧مبارک⁩	5634
⁧میتونن⁩	5633
⁧حسی⁩	5629
⁧بدو⁩	5625
⁧برادرم⁩	5625
⁧بذارم⁩	5622
⁧مک⁩	5622
⁧بمیره⁩	5618
⁧تونستم⁩	5609
⁧میفته⁩	5606
⁧نمیدم⁩	5600
⁧آبی⁩	5586
⁧عروسی⁩	5584
⁧پسره⁩	5580
⁧لرد⁩	5578
⁧ستاره⁩	5573
⁧آی⁩	5566
⁧نیک⁩	5555
⁧هشت⁩	5548
⁧زیرنویس⁩	5541
⁧قوانین⁩	5520
⁧همونجا⁩	5512
⁧خواسته⁩	5508
⁧تاریکی⁩	5494
⁧ساختمون⁩	5486
⁧بخوری⁩	5470
⁧بیماری⁩	5466
⁧گیری⁩	5458
⁧نده⁩	5456
⁧دانشگاه⁩	5451
⁧برگردیم⁩	5449
⁧دخترا⁩	5447
⁧کاش⁩	5447
⁧درس⁩	5431
⁧دنبالم⁩	5429
⁧اهمیتی⁩	5426
⁧نشد⁩	5422
⁧جیمی⁩	5418
⁧عصر⁩	5415
⁧اومدیم⁩	5414
⁧برگردی⁩	5413
⁧مسئول⁩	5411
⁧نوبت⁩	5410
⁧طبق⁩	5409
⁧هنری⁩	5408
⁧گاز⁩	5403
⁧تعریف⁩	5398
⁧دارد⁩	5391
⁧خب؟⁩	5389
⁧فکری⁩	5379
⁧اونقدر⁩	5372
⁧خیر⁩	5369
⁧خواهند⁩	5354
⁧صبرکن⁩	5353
⁧قطعا⁩	5346
⁧برمیگردم⁩	5339
⁧پارک⁩	5331
⁧سرزمین⁩	5312
⁧خوبی؟⁩	5311
⁧کارمون⁩	5309
⁧بخورم⁩	5305
⁧مقدس⁩	5303
⁧تکرار⁩	5295
⁧امنیتی⁩	5294
⁧بانک⁩	5294
⁧قانونی⁩	5291
⁧دعا⁩	5289
⁧بگیرید⁩	5287
⁧خدایان⁩	5285
⁧هارو⁩	5275
⁧درمان⁩	5271
⁧عادی⁩	5269
⁧توپ⁩	5268
⁧چیزها⁩	5267
⁧فعلا⁩	5264
⁧واسم⁩	5259
⁧موسیقی⁩	5258
⁧بلکه⁩	5256
⁧ظاهرا⁩	5251
⁧اونجایی⁩	5244
⁧آورده⁩	5228
⁧آمریکایی⁩	5224
⁧اجرا⁩	5224
⁧قایم⁩	5215
⁧کیف⁩	5211
⁧دزدی⁩	5208
⁧خاصی⁩	5199
⁧واقعیت⁩	5198
⁧امنه⁩	5189
⁧مست⁩	5188
⁧والتر⁩	5186
⁧رانندگی⁩	5182
⁧میگفت⁩	5171
⁧سلاح⁩	5168
⁧گذاشتی⁩	5167
⁧گردن⁩	5164
⁧برخورد⁩	5160
⁧اضافه⁩	5153
⁧وکیل⁩	5153
⁧زندگیت⁩	5151
⁧ببری⁩	5147
⁧شیر⁩	5147
⁧نقش⁩	5146
⁧میشناسم⁩	5143
⁧ندیده⁩	5142
⁧زنه⁩	5140
⁧حفظ⁩	5139
⁧درجه⁩	5130
⁧گنده⁩	5119
⁧گه⁩	5110
⁧باشد⁩	5108
⁧مستقیم⁩	5102
⁧اعتراف⁩	5099
⁧معمولا⁩	5087
⁧پرنده⁩	5087
⁧اعتقاد⁩	5084
⁧معرفی⁩	5080
⁧میفهمی⁩	5080
⁧پوست⁩	5071
⁧میخوره⁩	5070
⁧دوستم⁩	5069
⁧رسیدن⁩	5056
⁧مجبورم⁩	5054
⁧درخت⁩	5051
⁧تویی⁩	5042
⁧رها⁩	5042
⁧تهدید⁩	5035
⁧کشیده⁩	5034
⁧جرم⁩	5032
⁧نیم⁩	5031
⁧سن⁩	5029
⁧ایستگاه⁩	5028
⁧تجربه⁩	5023
⁧صاحب⁩	5020
⁧میخواستی⁩	5011
⁧انگلیسی⁩	5007
⁧چطوره؟⁩	5006
⁧اعلام⁩	5004
⁧دروازه⁩	5003
⁧نمیدونستم⁩	4995
⁧ژنرال⁩	4994
⁧ترتیب⁩	4991
⁧نکنید⁩	4989
⁧برق⁩	4979
⁧انگیزه⁩	4975
⁧گند⁩	4972
⁧گمشو⁩	4968
⁧شانسی⁩	4956
⁧بود؟⁩	4955
⁧خاموش⁩	4941
⁧سینه⁩	4936
⁧مطمئنا⁩	4936
⁧صندلی⁩	4933
⁧موقعی⁩	4933
⁧شگفت⁩	4932
⁧تایید⁩	4929
⁧ساحل⁩	4928
⁧حواست⁩	4920
⁧نگاهی⁩	4916
⁧هیجان⁩	4915
⁧پیغام⁩	4899
⁧عادت⁩	4896
⁧گرفتیم⁩	4895
⁧شود⁩	4893
⁧ناپدید⁩	4887
⁧ری⁩	4877
⁧بخوره⁩	4873
⁧شدید⁩	4872
⁧سریعتر⁩	4865
⁧بیچاره⁩	4864
⁧اشاره⁩	4860
⁧ملحق⁩	4858
⁧پرداخت⁩	4850
⁧پنجره⁩	4846
⁧خلاص⁩	4841
⁧کوچک⁩	4834
⁧سرنوشت⁩	4832
⁧کلاه⁩	4829
⁧قفل⁩	4825
⁧لی⁩	4824
⁧حالی⁩	4818
⁧ندیدم⁩	4804
⁧خورشید⁩	4803
⁧منفجر⁩	4803
⁧بدونه⁩	4795
⁧وسیله⁩	4795
⁧بازش⁩	4789
⁧خوردم⁩	4789
⁧بینمت⁩	4785
⁧کشید⁩	4780
⁧ببره⁩	4779
⁧نقطه⁩	4779
⁧احساسی⁩	4778
⁧نمیشم⁩	4775
⁧شراب⁩	4774
⁧الآن⁩	4771
⁧دعوا⁩	4768
⁧نتونستم⁩	4767
⁧سیگار⁩	4764
⁧ویژه⁩	4763
⁧دیدنت⁩	4761
⁧گمونم⁩	4760
⁧دسته⁩	4756
⁧میکردن⁩	4751
⁧تعقیب⁩	4750
⁧هممون⁩	4749
⁧مغز⁩	4744
⁧تحویل⁩	4734
⁧نکرد⁩	4731
⁧اومدین⁩	4729
⁧تقدیم⁩	4722
⁧کیه؟⁩	4722
⁧یخ⁩	4722
⁧شکار⁩	4721
⁧فهمم⁩	4718
⁧میکردیم⁩	4716
⁧شخص⁩	4714
⁧اطمینان⁩	4704
⁧جسد⁩	4694
⁧آوردن⁩	4692
⁧چیزهای⁩	4683
⁧آورد⁩	4677
⁧بانوی⁩	4677
⁧بگید⁩	4675
⁧هشدار⁩	4673
⁧گربه⁩	4664
⁧روزنامه⁩	4660
⁧بذارین⁩	4658
⁧شوهر⁩	4649
⁧میدونستی⁩	4647
⁧مو⁩	4643
⁧آدمی⁩	4642
⁧بله،⁩	4641
⁧برگشتی⁩	4638
⁧شین⁩	4635
⁧عذر⁩	4632
⁧اوکی⁩	4630
⁧کارها⁩	4630
⁧بخوریم⁩	4628
⁧ببرم⁩	4627
⁧تونستی⁩	4624
⁧برگرده⁩	4623
⁧بگیم⁩	4617
⁧درون⁩	4613
⁧تمرکز⁩	4611
⁧قشنگه⁩	4611
⁧غذای⁩	4601
⁧حمایت⁩	4598
⁧بگین⁩	4597
⁧نظامی⁩	4592
⁧نگفتی⁩	4584
⁧مری⁩	4577
⁧سقوط⁩	4569
⁧ایول⁩	4568
⁧میشناسی⁩	4562
⁧شناسایی⁩	4561
⁧خداوند⁩	4560
⁧حالتون⁩	4557
⁧میتونید⁩	4552
⁧ایه⁩	4550
⁧خاک⁩	4547
⁧دونستم⁩	4544
⁧وقتا⁩	4538
⁧مریض⁩	4536
⁧کسانی⁩	4533
⁧بیاریم⁩	4526
⁧لندن⁩	4517
⁧الکس⁩	4516
⁧فرد⁩	4515
⁧مدیر⁩	4512
⁧عین⁩	4510
⁧میتونستم⁩	4507
⁧هرکاری⁩	4503
⁧نشان⁩	4501
⁧عمر⁩	4496
⁧بفهمم⁩	4491
⁧دیوانه⁩	4478
⁧الو؟⁩	4477
⁧پاشو⁩	4477
⁧همینطوری⁩	4473
⁧صلح⁩	4466
⁧چیزو⁩	4464
⁧نشه⁩	4459
⁧نشو⁩	4454
⁧نگهبان⁩	4453
⁧تعداد⁩	4450
⁧معمولی⁩	4450
⁧براشون⁩	4447
⁧جنوب⁩	4445
⁧باب⁩	4436
⁧آرامش⁩	4435
⁧بذارید⁩	4431
⁧رفتیم⁩	4427
⁧وسایل⁩	4422
⁧بخشی⁩	4410
⁧کوتاه⁩	4409
⁧دختری⁩	4398
⁧معلوم⁩	4395
⁧میبره⁩	4383
⁧ماجرا⁩	4382
⁧پل⁩	4381
⁧سوم⁩	4373
⁧همینجوری⁩	4371
⁧جوون⁩	4361
⁧آنچه⁩	4360
⁧ایم⁩	4358
⁧هاشون⁩	4358
⁧افسر⁩	4354
⁧پیام⁩	4354
⁧جدی؟⁩	4351
⁧آموزش⁩	4347
⁧میدونید⁩	4346
⁧رم⁩	4342
⁧نیمه⁩	4342
⁧جانی⁩	4338
⁧برسیم⁩	4337
⁧نخواهد⁩	4336
⁧وحشی⁩	4335
⁧مشخص⁩	4334
⁧گذاشتن⁩	4334
⁧نرو⁩	4324
⁧درصد⁩	4323
⁧وظیفه⁩	4323
⁧هاست⁩	4322
⁧همتون⁩	4313
⁧کثیف⁩	4299
⁧همینو⁩	4298
⁧دوره⁩	4295
⁧وایستا⁩	4295
⁧خرید⁩	4292
⁧استارک⁩	4291
⁧نیروهای⁩	4286
⁧دیدیم⁩	4284
⁧درگیر⁩	4282
⁧زبان⁩	4281
⁧شاهد⁩	4278
⁧میفهمم⁩	4255
⁧برگشته⁩	4254
⁧کاریه⁩	4247
⁧روانی⁩	4243
⁧راحتی⁩	4242
⁧قدر⁩	4242
⁧برگشت⁩	4237
⁧نمونه⁩	4237
⁧آنا⁩	4232
⁧بگیرن⁩	4232
⁧عبور⁩	4232
⁧دهن⁩	4227
⁧عضو⁩	4225
⁧انتقام⁩	4222
⁧منی⁩	4215
⁧بزنید⁩	4213
⁧نبودی⁩	4211
⁧نگاش⁩	4211
⁧چطوری؟⁩	4210
⁧دیدمش⁩	4209
⁧بشید⁩	4205
⁧میگی؟⁩	4199
⁧بشنوم⁩	4194
⁧خوشگله⁩	4194
⁧کارای⁩	4189
⁧مثه⁩	4183
⁧باهوش⁩	4181
⁧واحد⁩	4175
⁧دستشویی⁩	4172
⁧شایدم⁩	4171
⁧مایل⁩	4161
⁧بردن⁩	4160
⁧دسترسی⁩	4156
⁧بهتری⁩	4155
⁧بگیرین⁩	4155
⁧شن⁩	4155
⁧ویل⁩	4154
⁧امیدوار⁩	4151
⁧بابام⁩	4148
⁧امضا⁩	4145
⁧گذاشت⁩	4145
⁧جرات⁩	4144
⁧مامانم⁩	4144
⁧تلویزیون⁩	4139
⁧مناسب⁩	4138
⁧هرچیزی⁩	4131
⁧قشنگ⁩	4127
⁧نمیگم⁩	4127
⁧بمیرم⁩	4120
⁧سرویس⁩	4119
⁧تی⁩	4118
⁧علامت⁩	4116
⁧لو⁩	4116
⁧بزرگتر⁩	4115
⁧دزد⁩	4115
⁧یادمه⁩	4114
⁧خطرناکه⁩	4113
⁧باره⁩	4111
⁧مگر⁩	4104
⁧آره؟⁩	4102
⁧شکسته⁩	4095
⁧کون⁩	4094
⁧کیک⁩	4088
⁧چاقو⁩	4082
⁧باحال⁩	4075
⁧راستی⁩	4075
⁧ایمان⁩	4072
⁧نقاشی⁩	4067
⁧موجود⁩	4066
⁧کمکتون⁩	4062
⁧آخ⁩	4056
⁧گی⁩	4054
⁧بیل⁩	4052
⁧بذاریم⁩	4049
⁧طریق⁩	4048
⁧خاص⁩	4046
⁧بودین⁩	4039
⁧گناه⁩	4036
⁧غرق⁩	4032
⁧ثبت⁩	4028
⁧فروش⁩	4028
⁧دزدیده⁩	4024
⁧فراموشش⁩	4023
⁧راهه⁩	4021
⁧دریا⁩	4020
⁧جیک⁩	4018
⁧سوراخ⁩	4017
⁧بو⁩	4015
⁧میشنوی⁩	4003
⁧وحشتناک⁩	4003
⁧پسرا⁩	4002
⁧مرتبه⁩	3997
⁧فیل⁩	3994
⁧پروفسور⁩	3988
⁧پزشکی⁩	3987
⁧اونایی⁩	3985
⁧رای⁩	3984
⁧عصبی⁩	3983
⁧مطمئنی؟⁩	3982
⁧دارو⁩	3981
⁧نا⁩	3969
⁧میومد⁩	3962
⁧مرغ⁩	3960
⁧مارک⁩	3955
⁧تصادف⁩	3952
⁧سفینه⁩	3951
⁧مصرف⁩	3949
⁧خبره؟⁩	3947
⁧بیلی⁩	3942
⁧جیم⁩	3934
⁧چوب⁩	3929
⁧میدونین⁩	3927
⁧الینا⁩	3924
⁧نمیخواستم⁩	3922
⁧کجان⁩	3920
⁧رستوران⁩	3908
⁧اطلاعاتی⁩	3905
⁧همکاری⁩	3902
⁧استخدام⁩	3901
⁧کلیسا⁩	3900
⁧تامی⁩	3894
⁧مدتی⁩	3892
⁧انرژی⁩	3889
⁧قیمت⁩	3888
⁧بفهمی⁩	3876
⁧عیسی⁩	3872
⁧اعضای⁩	3871
⁧بمونیم⁩	3870
⁧تماشا⁩	3869
⁧کثافت⁩	3863
⁧نمیکردم⁩	3860
⁧بامزه⁩	3858
⁧درسته؟⁩	3857
⁧گاهی⁩	3855
⁧راس⁩	3851
⁧پسرت⁩	3848
⁧دوران⁩	3844
⁧مشکلات⁩	3841
⁧تن⁩	3838
⁧اوقات⁩	3832
⁧برگشتم⁩	3827
⁧مونه⁩	3826
⁧خجالت⁩	3825
⁧زخمی⁩	3825
⁧پولی⁩	3825
⁧میزنیم⁩	3824
⁧برقرار⁩	3822
⁧ضد⁩	3815
⁧دنبالت⁩	3814
⁧بهت⁩	3808
⁧تخم⁩	3806
⁧درو⁩	3802
⁧چندین⁩	3801
⁧ها؟⁩	3797
⁧تولد⁩	3794
⁧خوردی⁩	3794
⁧پیروزی⁩	3793
⁧بستگی⁩	3789
⁧کریسمس⁩	3781
⁧هیچکدوم⁩	3777
⁧شد؟⁩	3776
⁧مغازه⁩	3776
⁧پاریس⁩	3770
⁧بزرگه⁩	3767
⁧باهاتون⁩	3766
⁧حمل⁩	3766
⁧خطرناک⁩	3762
⁧تره⁩	3753
⁧اشکال⁩	3747
⁧راز⁩	3746
⁧جدیدی⁩	3738
⁧سبز⁩	3738
⁧دنی⁩	3736
⁧مدل⁩	3735
⁧سطح⁩	3733
⁧بانو⁩	3730
⁧خرج⁩	3730
⁧شنبه⁩	3724
⁧جایزه⁩	3723
⁧اتوبوس⁩	3720
⁧شید⁩	3720
⁧کوه⁩	3717
⁧تاحالا⁩	3708
⁧راضی⁩	3701
⁧گوشی⁩	3697
⁧ببریم⁩	3690
⁧شان⁩	3689
⁧باشند⁩	3684
⁧کشیدن⁩	3684
⁧مدرک⁩	3683
⁧حرفه⁩	3681
⁧قلبم⁩	3681
⁧شیشه⁩	3679
⁧آرزو⁩	3677
⁧فرقی⁩	3671
⁧پرتاب⁩	3670
⁧میگذره⁩	3669
⁧کاره⁩	3669
⁧اختیار⁩	3668
⁧چ⁩	3667
⁧اصل⁩	3666
⁧اذیت⁩	3663
⁧خواهرم⁩	3659
⁧قلعه⁩	3658
⁧جادوگر⁩	3656
⁧پادشاهی⁩	3655
⁧فرض⁩	3653
⁧هیولا⁩	3651
⁧بدترین⁩	3650
⁧سازی⁩	3648
⁧وی⁩	3646
⁧گری⁩	3645
⁧اف⁩	3644
⁧اژدها⁩	3632
⁧مهمی⁩	3629
⁧رز⁩	3627
⁧اوهوم⁩	3624
⁧نمیدونه⁩	3623
⁧افته⁩	3621
⁧خصوصی⁩	3621
⁧چارلز⁩	3618
⁧حقوق⁩	3616
⁧ببینمش⁩	3613
⁧فرو⁩	3612
⁧زمینی⁩	3601
⁧هوایی⁩	3599
⁧عالمه⁩	3596
⁧نمیفهمم⁩	3593
⁧ین⁩	3592
⁧احتمال⁩	3590
⁧کیت⁩	3590
⁧اینجاییم⁩	3584
⁧توماس⁩	3583
⁧کت⁩	3583
⁧بیمار⁩	3580
⁧تحقیق⁩	3579
⁧تشخیص⁩	3572
⁧هرکسی⁩	3571
⁧ببخش⁩	3566
⁧سالها⁩	3566
⁧دیگران⁩	3564
⁧کارهایی⁩	3564
⁧ته⁩	3562
⁧جنگی⁩	3559
⁧بفهمه⁩	3557
⁧دیمن⁩	3556
⁧رابرت⁩	3553
⁧سرد⁩	3552
⁧میدونن⁩	3552
⁧فعال⁩	3551
⁧آمد⁩	3549
⁧شمالی⁩	3547
⁧ساخت⁩	3542
⁧موندن⁩	3537
⁧دیگری⁩	3535
⁧ضعیف⁩	3530
⁧نفوذ⁩	3529
⁧بانی⁩	3527
⁧میزنن⁩	3521
⁧ورود⁩	3518
⁧شیم⁩	3516
⁧پنهان⁩	3516
⁧تعجب⁩	3514
⁧سیاره⁩	3505
⁧طبیعی⁩	3505
⁧غریبه⁩	3502
⁧چهره⁩	3497
⁧فرود⁩	3496
⁧پوشش⁩	3495
⁧بابایی⁩	3493
⁧ببینین⁩	3491
⁧بمیری⁩	3491
⁧موفقیت⁩	3491
⁧میل⁩	3491
⁧هاتون⁩	3490
⁧داغون⁩	3489
⁧اقای⁩	3484
⁧کارل⁩	3484
⁧گرگ⁩	3482
⁧دربارش⁩	3477
⁧میگیری⁩	3477
⁧برداری⁩	3471
⁧ملی⁩	3470
⁧مشغول⁩	3467
⁧فرانسه⁩	3461
⁧کره⁩	3459
⁧خواهید⁩	3458
⁧حضور⁩	3456
⁧هامون⁩	3456
⁧نکنیم⁩	3454
⁧قیافه⁩	3453
⁧قبوله⁩	3451
⁧طوفان⁩	3450
⁧وقتش⁩	3450
⁧سفارش⁩	3448
⁧طلا⁩	3447
⁧بندی⁩	3439
⁧مردان⁩	3438
⁧آم⁩	3436
⁧تلف⁩	3436
⁧پست⁩	3436
⁧مخصوص⁩	3435
⁧زخم⁩	3433
⁧ابد⁩	3430
⁧مسئولیت⁩	3427
⁧اسکات⁩	3424
⁧آدمایی⁩	3423
⁧اخراج⁩	3418
⁧مامانت⁩	3418
⁧موش⁩	3416
⁧انگیز⁩	3414
⁧ریچارد⁩	3414
⁧اندی⁩	3411
⁧فصل⁩	3410
⁧تاکسی⁩	3408
⁧پاره⁩	3407
⁧وزیر⁩	3402
⁧آهای⁩	3401
⁧وضع⁩	3401
⁧بزودی⁩	3399
⁧بفهمیم⁩	3399
⁧روبرو⁩	3399
⁧بهشت⁩	3393
⁧افسانه⁩	3392
⁧دراز⁩	3390
⁧آ⁩	3389
⁧باحاله⁩	3389
⁧همونی⁩	3382
⁧نمیرم⁩	3380
⁧بیارین⁩	3379
⁧مزخرفه⁩	3378
⁧نشدم⁩	3378
⁧افرادی⁩	3377
⁧ور⁩	3377
⁧هوای⁩	3374
⁧لبخند⁩	3372
⁧خوک⁩	3367
⁧گیج⁩	3364
⁧اینجور⁩	3359
⁧استیو⁩	3355
⁧بندازم⁩	3355
⁧نشسته⁩	3352
⁧ریزی⁩	3348
⁧صفحه⁩	3348
⁧سایه⁩	3341
⁧فاحشه⁩	3337
⁧کمکش⁩	3335
⁧زیبایی⁩	3334
⁧بلد⁩	3332
⁧پیچیده⁩	3331
⁧رخ⁩	3330
⁧روم⁩	3329
⁧شخصیت⁩	3328
⁧انگشت⁩	3325
⁧کشیش⁩	3325
⁧صداش⁩	3324
⁧معنیش⁩	3324
⁧حکم⁩	3316
⁧شدین⁩	3316
⁧بخوابم⁩	3314
⁧گروهبان⁩	3313
⁧اونور⁩	3312
⁧زدیم⁩	3311
⁧زاده⁩	3310
⁧نذار⁩	3310
⁧میری؟⁩	3308
⁧وصل⁩	3308
⁧درستی⁩	3307
⁧ریخته⁩	3305
⁧مقاومت⁩	3305
⁧آشام⁩	3296
⁧آها⁩	3296
⁧بلیط⁩	3296
⁧تری⁩	3295
⁧تولید⁩	3295
⁧اطلاع⁩	3290
⁧آغاز⁩	3286
⁧کارتون⁩	3281
⁧تکه⁩	3278
⁧تیراندازی⁩	3278
⁧سنت⁩	3277
⁧چرت⁩	3272
⁧نگفته⁩	3271
⁧میداد⁩	3270
⁧پیروز⁩	3270
⁧آبجو⁩	3269
⁧صدات⁩	3267
⁧چاک⁩	3266
⁧گرسنه⁩	3266
⁧کجا؟⁩	3263
⁧کوچولوی⁩	3260
⁧هزینه⁩	3258
⁧اتفاقات⁩	3257
⁧متفاوت⁩	3256
⁧دهنت⁩	3253
⁧دقت⁩	3252
⁧میذارم⁩	3252
⁧واقعیه⁩	3252
⁧راجب⁩	3251
⁧راننده⁩	3251
⁧دانش⁩	3248
⁧نکته⁩	3246
⁧نکردیم⁩	3245
⁧موتور⁩	3242
⁧اونارو⁩	3240
⁧ببخشید؟⁩	3239
⁧نکنین⁩	3233
⁧دخترت⁩	3232
⁧فایده⁩	3231
⁧ون⁩	3230
⁧آسون⁩	3228
⁧مرحله⁩	3227
⁧بند⁩	3218
⁧میتونین⁩	3218
⁧نگرانی⁩	3217
⁧ایست⁩	3215
⁧گذاری⁩	3211
⁧میوفته⁩	3210
⁧نو⁩	3209
⁧دوستی⁩	3208
⁧آزمایشگاه⁩	3207
⁧ریک⁩	3207
⁧نبرد⁩	3203
⁧مزخرف⁩	3198
⁧رسیدم⁩	3197
⁧معروف⁩	3197
⁧سرمایه⁩	3194
⁧چراغ⁩	3194
⁧کامیون⁩	3191
⁧بلا⁩	3187
⁧رفقا⁩	3184
⁧زیاده⁩	3181
⁧بکنن⁩	3180
⁧جورج⁩	3178
⁧موافقم⁩	3178
⁧برسم⁩	3175
⁧هزاران⁩	3174
⁧عجیبی⁩	3173
⁧میگردم⁩	3173
⁧عمیق⁩	3171
⁧ستوان⁩	3170
⁧تونست⁩	3169
⁧کریس⁩	3168
⁧اخبار⁩	3167
⁧کارایی⁩	3167
⁧جادو⁩	3166
⁧عقل⁩	3165
⁧بزنین⁩	3161
⁧توانایی⁩	3160
⁧من؟⁩	3160
⁧برج⁩	3159
⁧مزه⁩	3159
⁧حادثه⁩	3157
⁧خدافظ⁩	3157
⁧مالی⁩	3155
⁧تاریک⁩	3154
⁧منتقل⁩	3154
⁧تنظیم⁩	3149
⁧دن⁩	3149
⁧مهمون⁩	3148
⁧سرهنگ⁩	3146
⁧نمیتونن⁩	3144
⁧تمامی⁩	3143
⁧گندش⁩	3141
⁧بای⁩	3136
⁧شبکه⁩	3136
⁧پیشرفت⁩	3131
⁧عمومی⁩	3130
⁧کردی؟⁩	3129
⁧میاری⁩	3127
⁧خونواده⁩	3125
⁧نشونه⁩	3123
⁧زانو⁩	3122
⁧طی⁩	3117
⁧گیرم⁩	3117
⁧فهمی⁩	3116
⁧متهم⁩	3116
⁧چینی⁩	3116
⁧طراحی⁩	3114
⁧ادم⁩	3111
⁧جهانی⁩	3110
⁧خوان⁩	3107
⁧متنفر⁩	3106
⁧زور⁩	3101
⁧شنا⁩	3098
⁧مت⁩	3097
⁧قاطی⁩	3093
⁧حفاظت⁩	3089
⁧معلم⁩	3088
⁧بندازی⁩	3084
⁧مخصوصا⁩	3084
⁧زندگیش⁩	3081
⁧پایگاه⁩	3081
⁧انفجار⁩	3079
⁧بردم⁩	3076
⁧مجازات⁩	3075
⁧وحشت⁩	3075
⁧دام⁩	3073
⁧جلب⁩	3071
⁧دچار⁩	3071
⁧چیو⁩	3070
⁧س⁩	3069
⁧ناهار⁩	3069
⁧فورا⁩	3067
⁧تحقیقات⁩	3065
⁧شنیده⁩	3063
⁧تله⁩	3061
⁧دوستای⁩	3059
⁧هاروی⁩	3058
⁧اساس⁩	3055
⁧میخوری⁩	3055
⁧رشد⁩	3053
⁧لوسی⁩	3053
⁧عدالت⁩	3049
⁧میترسم⁩	3046
⁧صرف⁩	3045
⁧پیدات⁩	3045
⁧بودید⁩	3043
⁧ببینن⁩	3039
⁧ال⁩	3038
⁧فرودگاه⁩	3031
⁧سالی⁩	3026
⁧فهمید⁩	3026
⁧برمیگرده⁩	3025
⁧چطور؟⁩	3025
⁧دوری⁩	3023
⁧مدارک⁩	3021
⁧تصویر⁩	3020
⁧اریک⁩	3019
⁧فوت⁩	3018
⁧نمونده⁩	3016
⁧مسائل⁩	3014
⁧ندیدی⁩	3014
⁧شناسی⁩	3013
⁧بازار⁩	3011
⁧خداحافظی⁩	3011
⁧ضبط⁩	3011
⁧خودته⁩	3009
⁧میتونست⁩	3009
⁧ماری⁩	3008
⁧چیزه⁩	3008
⁧صدامو⁩	3006
⁧فرانسوی⁩	3005
⁧میکشم⁩	3004
⁧عمرم⁩	2998
⁧فرشته⁩	2993
⁧فضایی⁩	2992
⁧غرب⁩	2988
⁧جمله⁩	2986
⁧میمیره⁩	2985
⁧دهنده⁩	2979
⁧سابق⁩	2979
⁧ایالت⁩	2976
⁧خاطره⁩	2975
⁧واسش⁩	2973
⁧کفش⁩	2973
⁧کلانتر⁩	2973
⁧چین⁩	2969
⁧نوعی⁩	2966
⁧شریک⁩	2965
⁧کاراگاه⁩	2965
⁧گوشه⁩	2964
⁧رسمی⁩	2956
⁧قبلی⁩	2955
⁧حامله⁩	2952
⁧تجاوز⁩	2949
⁧بابی⁩	2939
⁧رسیدگی⁩	2936
⁧میزد⁩	2935
⁧عهده⁩	2934
⁧تولدت⁩	2933
⁧نهایت⁩	2932
⁧چای⁩	2930
⁧وانمود⁩	2927
⁧کیم⁩	2927
⁧انتقال⁩	2926
⁧خوندم⁩	2922
⁧ظاهر⁩	2920
⁧خوایم⁩	2919
⁧هرزه⁩	2915
⁧کشف⁩	2913
⁧زبون⁩	2911
⁧کشتم⁩	2909
⁧کلارک⁩	2909
⁧صدام⁩	2905
⁧صندوق⁩	2905
⁧بطور⁩	2904
⁧خنجر⁩	2900
⁧زحمت⁩	2900
⁧بیایید⁩	2899
⁧متحده⁩	2894
⁧فروشگاه⁩	2891
⁧کد⁩	2891
⁧قرض⁩	2886
⁧کوفتی⁩	2886
⁧انبار⁩	2884
⁧نمیره⁩	2883
⁧ویروس⁩	2882
⁧کاترین⁩	2880
⁧دوستت⁩	2876
⁧حواسم⁩	2875
⁧توافق⁩	2874
⁧کشه⁩	2872
⁧طرز⁩	2869
⁧بارون⁩	2866
⁧شدت⁩	2862
⁧وجه⁩	2859
⁧سیب⁩	2858
⁧نمیکنن⁩	2857
⁧میگفتم⁩	2856
⁧پرستار⁩	2856
⁧میایم⁩	2855
⁧نمیدی⁩	2855
⁧میگیریم⁩	2854
⁧خواهرت⁩	2852
⁧آهان⁩	2848
⁧بهرحال⁩	2848
⁧نترس⁩	2848
⁧اعلیحضرت⁩	2846
⁧فراری⁩	2845
⁧انسانی⁩	2844
⁧آپارتمان⁩	2843
⁧طلسم⁩	2843
⁧واضح⁩	2843
⁧بیارید⁩	2840
⁧محلی⁩	2839
⁧دیو⁩	2836
⁧شوهرم⁩	2836
⁧محافظ⁩	2832
⁧میخواید⁩	2830
⁧کش⁩	2829
⁧ترسیده⁩	2824
⁧خاطرات⁩	2824
⁧بسیارخب⁩	2819
⁧مصاحبه⁩	2816
⁧گردم⁩	2816
⁧نمیدونیم⁩	2812
⁧بپرس⁩	2804
⁧شرقی⁩	2800
⁧هدایت⁩	2799
⁧ایالات⁩	2798
⁧تونید⁩	2798
⁧غم⁩	2798
⁧بالاتر⁩	2797
⁧خشک⁩	2796
⁧کف⁩	2793
⁧الیزابت⁩	2790
⁧قاضی⁩	2790
⁧دوش⁩	2787
⁧کوین⁩	2787
⁧کمکم⁩	2784
⁧رمز⁩	2783
⁧رنج⁩	2783
⁧تونن⁩	2781
⁧درواقع⁩	2781
⁧ظهر⁩	2780
⁧مشتری⁩	2779
⁧خیابان⁩	2778
⁧بخوابی⁩	2777
⁧قرارداد⁩	2777
⁧بندازش⁩	2775
⁧ببینمت⁩	2768
⁧نشونم⁩	2764
⁧سخنرانی⁩	2763
⁧اسمم⁩	2759
⁧هوم⁩	2757
⁧دونیم⁩	2755
⁧احساسات⁩	2754
⁧ببرید⁩	2754
⁧خونریزی⁩	2754
⁧سؤال⁩	2754
⁧بگذره⁩	2752
⁧دستان⁩	2752
⁧میکرده⁩	2752
⁧حیوون⁩	2751
⁧نشونت⁩	2748
⁧بکشن⁩	2747
⁧مزاحم⁩	2745
⁧آمین⁩	2742
⁧بندازیم⁩	2742
⁧صورتت⁩	2742
⁧گرفتمش⁩	2742
⁧بکشید⁩	2740
⁧شرق⁩	2738
⁧وین⁩	2732
⁧بکشش⁩	2729
⁧مزرعه⁩	2727
⁧نمیشی⁩	2727
⁧جنوبی⁩	2726
⁧نمیری⁩	2722
⁧بیارش⁩	2721
⁧میخوای؟⁩	2721
⁧امتیاز⁩	2713
⁧جسی⁩	2712
⁧نشدی⁩	2712
⁧نیومده⁩	2707
⁧نیستش⁩	2706
⁧برگردین⁩	2705
⁧تست⁩	2705
⁧شامل⁩	2704
⁧سواری⁩	2703
⁧متعلق⁩	2703
⁧حرفت⁩	2701
⁧مختلف⁩	2701
⁧کشی⁩	2701
⁧امریکا⁩	2699
⁧نکردن⁩	2693
⁧جلوش⁩	2691
⁧اینجان⁩	2689
⁧رهبر⁩	2684
⁧کجاست⁩	2684
⁧فرا⁩	2678
⁧جیسون⁩	2677
⁧ویلیام⁩	2676
⁧همم⁩	2674
⁧گیره⁩	2674
⁧برسی⁩	2671
⁧حکومت⁩	2671
⁧بازرس⁩	2670
⁧انجمن⁩	2668
⁧آلمانی⁩	2667
⁧نداشتی⁩	2667
⁧رودخونه⁩	2666
⁧ریچل⁩	2666
⁧کلا⁩	2665
⁧شلوغه⁩	2658
⁧عاشقتم⁩	2658
⁧هند⁩	2657
⁧آسمان⁩	2654
⁧دبیرستان⁩	2649
⁧دقیق⁩	2649
⁧میبندم⁩	2649
⁧برداشت⁩	2648
⁧روزه⁩	2648
⁧آلیس⁩	2646
⁧داشتنی⁩	2643
⁧مایه⁩	2642
⁧کین⁩	2641
⁧سرخ⁩	2637
⁧شوخیت⁩	2637
⁧جنسی⁩	2636
⁧اماده⁩	2635
⁧نگیر⁩	2635
⁧نرم⁩	2629
⁧افزایش⁩	2628
⁧اقیانوس⁩	2628
⁧شیرینی⁩	2627
⁧لوله⁩	2626
⁧نگفت⁩	2626
⁧پروژه⁩	2626
⁧لیوان⁩	2625
⁧بوجود⁩	2624
⁧مرز⁩	2623
⁧دفن⁩	2617
⁧گاو⁩	2616
⁧مسابقات⁩	2613
⁧خودکشی⁩	2612
⁧خونی⁩	2611
⁧میبرم⁩	2608
⁧آفتاب⁩	2607
⁧زیباست⁩	2606
⁧هان؟⁩	2605
⁧شکلی⁩	2603
⁧عیبی⁩	2601
⁧میدونی؟⁩	2598
⁧تعلق⁩	2597
⁧شکایت⁩	2597
⁧تاج⁩	2594
⁧برگردید⁩	2593
⁧شر⁩	2588
⁧میدونست⁩	2588
⁧اومدید⁩	2586
⁧پنجاه⁩	2578
⁧مانند⁩	2576
⁧عاشقش⁩	2573
⁧میکند⁩	2573
⁧ن⁩	2573
⁧جدا؟⁩	2572
⁧متر⁩	2572
⁧سرطان⁩	2571
⁧کیسه⁩	2571
⁧بدجوری⁩	2570
⁧داگ⁩	2570
⁧سوالی⁩	2570
⁧بلدی⁩	2568
⁧فضا⁩	2566
⁧قضاوت⁩	2566
⁧تهیه⁩	2565
⁧احمقی⁩	2564
⁧بردی⁩	2563
⁧جراحی⁩	2563
⁧جنازه⁩	2563
⁧نشانه⁩	2561
⁧سلام؟⁩	2558
⁧ارتباطی⁩	2556
⁧ریسک⁩	2555
⁧جذاب⁩	2554
⁧هی،⁩	2554
⁧یادتون⁩	2551
⁧بغل⁩	2549
⁧پله⁩	2548
⁧بدنش⁩	2547
⁧قشنگی⁩	2539
⁧آمدید⁩	2536
⁧آواز⁩	2535
⁧تجارت⁩	2534
⁧گور⁩	2534
⁧پیشش⁩	2533
⁧افتادم⁩	2532
⁧باورت⁩	2530
⁧منبع⁩	2528
⁧آدرس⁩	2526
⁧جرمی⁩	2525
⁧خارجی⁩	2524
⁧رسه⁩	2524
⁧جاییه⁩	2520
⁧صحیح⁩	2520
⁧بکشیم⁩	2518
⁧برمی⁩	2515
⁧مسلح⁩	2515
⁧نمیتونستم⁩	2513
⁧بکنید⁩	2511
⁧انداختی⁩	2509
⁧بوم⁩	2509
⁧همسایه⁩	2509
⁧مردها⁩	2507
⁧اینارو⁩	2506
⁧میدان⁩	2506
⁧یهو⁩	2506
⁧سکسی⁩	2505
⁧نفرین⁩	2501
⁧فروشی⁩	2500
⁧فهمیدی؟⁩	2499
⁧اونجوری⁩	2498
⁧قرص⁩	2498
⁧منطقی⁩	2498
⁧پارتی⁩	2498
⁧ساز⁩	2496
⁧عرض⁩	2496
⁧ماده⁩	2495
⁧ندارین⁩	2495
⁧شهردار⁩	2494
⁧میگفتی⁩	2494
⁧هیس⁩	2494
⁧نسل⁩	2493
⁧نظری⁩	2493
⁧بشینید⁩	2491
⁧فریاد⁩	2491
⁧بمونید⁩	2490
⁧مخدر⁩	2489
⁧جات⁩	2487
⁧پیرمرد⁩	2487
⁧شکارچی⁩	2486
⁧لخت⁩	2484
⁧دوستام⁩	2481
⁧وقتیکه⁩	2480
⁧جیغ⁩	2479
⁧میمونم⁩	2478
⁧اونطرف⁩	2477
⁧بهش⁩	2475
⁧نمیکنیم⁩	2474
⁧بپر⁩	2469
⁧برگشتن⁩	2466
⁧شکنجه⁩	2466
⁧میدادم⁩	2464
⁧کاخ⁩	2462
⁧گرفتمت⁩	2460
⁧فوتبال⁩	2458
⁧بذاره⁩	2457
⁧پناه⁩	2456
⁧انداخته⁩	2455
⁧لطفی⁩	2455
⁧آوردیم⁩	2451
⁧تشکیل⁩	2450
⁧هوش⁩	2448
⁧پشتیبانی⁩	2448
⁧کامپیوتر⁩	2448
⁧زنت⁩	2447
⁧ترسناک⁩	2446
⁧باشه،⁩	2443
⁧کاغذ⁩	2443
⁧حقه⁩	2442
⁧ادوارد⁩	2441
⁧سناتور⁩	2441
⁧میگیم⁩	2440
⁧ادی⁩	2439
⁧همکار⁩	2438
⁧جهت⁩	2437
⁧داشتین⁩	2435
⁧امیلی⁩	2434
⁧غربی⁩	2433
⁧کیر⁩	2432
⁧اولیه⁩	2431
⁧پیداشون⁩	2429
⁧کسیه⁩	2428
⁧یکبار⁩	2427
⁧شیرین⁩	2426
⁧جامعه⁩	2425
⁧آلمان⁩	2423
⁧ارائه⁩	2423
⁧الانم⁩	2423
⁧محکوم⁩	2423
⁧پیشت⁩	2421
⁧آرتور⁩	2419
⁧نیستند⁩	2419
⁧نره⁩	2417
⁧شجاع⁩	2415
⁧داخلی⁩	2413
⁧انداخت⁩	2411
⁧تعطیلات⁩	2411
⁧عمرا⁩	2411
⁧نمیگی⁩	2410
⁧گونه⁩	2410
⁧خروج⁩	2407
⁧سلول⁩	2407
⁧د⁩	2403
⁧شناخته⁩	2402
⁧چاره⁩	2402
⁧شلوار⁩	2401
⁧صورتی⁩	2401
⁧خوشحالی⁩	2400
⁧دستی⁩	2398
⁧سو⁩	2398
⁧داغ⁩	2397
⁧سروان⁩	2397
⁧شخصا⁩	2396
⁧موافقت⁩	2396
⁧متولد⁩	2393
⁧ند⁩	2393
⁧خورم⁩	2388
⁧کانال⁩	2386
⁧هیئت⁩	2383
⁧بتونن⁩	2382
⁧تد⁩	2381
⁧بزرگیه⁩	2380
⁧جاسوس⁩	2377
⁧مثله⁩	2377
⁧دیدمت⁩	2376
⁧بندازه⁩	2375
⁧اونطوری⁩	2374
⁧پوشیده⁩	2374
⁧توهین⁩	2373
⁧امان⁩	2372
⁧رحم⁩	2372
⁧سالن⁩	2372
⁧نوار⁩	2370
⁧تایلر⁩	2366
⁧جویی⁩	2366
⁧نداشتیم⁩	2366
⁧تقسیم⁩	2364
⁧بروس⁩	2361
⁧دیدی؟⁩	2361
⁧حیوانات⁩	2360
⁧ساختمان⁩	2360
⁧نداده⁩	2360
⁧جستجو⁩	2358
⁧آلن⁩	2357
⁧جادویی⁩	2357
⁧ازمون⁩	2356
⁧نبودن⁩	2356
⁧کمکمون⁩	2356
⁧تخلیه⁩	2355
⁧جفت⁩	2355
⁧یادش⁩	2353
⁧بزنش⁩	2350
⁧قلبت⁩	2350
⁧لین⁩	2350
⁧ظرف⁩	2348
⁧خودمم⁩	2347
⁧جنس⁩	2346
⁧محله⁩	2345
⁧نفری⁩	2345
⁧هاوس⁩	2345
⁧نیس⁩	2344
⁧بیایم⁩	2343
⁧فرماندهی⁩	2343
⁧وحشتناکه⁩	2343
⁧کلمات⁩	2343
⁧قرن⁩	2339
⁧سابقه⁩	2336
⁧گول⁩	2335
⁧استعداد⁩	2334
⁧میمون⁩	2333
⁧نجاتش⁩	2333
⁧عالیجناب⁩	2331
⁧بطری⁩	2330
⁧اضطراری⁩	2329
⁧توقف⁩	2328
⁧روسیه⁩	2326
⁧میندازه⁩	2325
⁧آقایان⁩	2324
⁧خر⁩	2324
⁧نیومد⁩	2324
⁧تنهام⁩	2323
⁧رسیدی⁩	2323
⁧کارشون⁩	2322
⁧ضمن⁩	2321
⁧قبلش⁩	2320
⁧کارآگاه⁩	2320
⁧ناراحتی⁩	2316
⁧کجایی؟⁩	2316
⁧معجزه⁩	2315
⁧ببرش⁩	2313
⁧خوابیده⁩	2312
⁧بجز⁩	2311
⁧بذارش⁩	2311
⁧طلاق⁩	2307
⁧بیوفته⁩	2306
⁧ورودی⁩	2305
⁧ندادم⁩	2302
⁧خوره⁩	2296
⁧استیفن⁩	2295
⁧دادین⁩	2295
⁧دستورات⁩	2295
⁧سوخت⁩	2295
⁧برایان⁩	2291
⁧بخونم⁩	2289
⁧اخیرا⁩	2288
⁧سیم⁩	2288
⁧بپرسی⁩	2286
⁧موجودات⁩	2285
⁧خرس⁩	2283
⁧سریال⁩	2283
⁧شعر⁩	2283
⁧یکیشون⁩	2282
⁧خشونت⁩	2280
⁧جزئیات⁩	2279
⁧جبران⁩	2277
⁧مرکزی⁩	2277
⁧بازجویی⁩	2276
⁧متحد⁩	2275
⁧دریاچه⁩	2273
⁧لیلی⁩	2273
⁧روزها⁩	2269
⁧مرتب⁩	2269
⁧نیرو⁩	2269
⁧طلایی⁩	2268
⁧مارکوس⁩	2268
⁧پات⁩	2268
⁧خودت⁩	2267
⁧کایل⁩	2266
⁧نشینی⁩	2264
⁧زمینه⁩	2263
⁧مظنون⁩	2263
⁧هیچکی⁩	2263
⁧ویکتور⁩	2260
⁧التماس⁩	2257
⁧اکنون⁩	2257
⁧آوره⁩	2256
⁧ذهنت⁩	2255
⁧قلبش⁩	2253
⁧بدنت⁩	2252
⁧کارول⁩	2250
⁧ساختن⁩	2248
⁧مقصر⁩	2248
⁧میگیرن⁩	2248
⁧سبک⁩	2247
⁧رهبری⁩	2246
⁧گشت⁩	2246
⁧حروم⁩	2243
⁧پرسیدم⁩	2243
⁧لب⁩	2241
⁧بشنوی⁩	2240
⁧چشمات⁩	2240
⁧کشیدم⁩	2239
⁧جلوشو⁩	2236
⁧قلبی⁩	2233
⁧کلاوس⁩	2233
⁧بازداشت⁩	2232
⁧مترجم⁩	2231
⁧پام⁩	2231
⁧اشتباهه⁩	2230
⁧حرفا⁩	2230
⁧مهربون⁩	2230
⁧مگی⁩	2230
⁧نون⁩	2226
⁧اید⁩	2222
⁧یو⁩	2220
⁧شهری⁩	2217
⁧عذرخواهی⁩	2216
⁧مار⁩	2216
⁧آرام⁩	2215
⁧ندادی⁩	2215
⁧هویت⁩	2215
⁧بردارم⁩	2214
⁧خوندن⁩	2214
⁧معبد⁩	2208
⁧پیشم⁩	2207
⁧جام⁩	2204
⁧خاله⁩	2201
⁧اصرار⁩	2200
⁧اجاره⁩	2199
⁧بزاری⁩	2198
⁧گفتی؟⁩	2197
⁧سمی⁩	2196
⁧آسمون⁩	2193
⁧سان⁩	2190
⁧ندارید⁩	2190
⁧باند⁩	2189
⁧کلیر⁩	2189
⁧سنگین⁩	2187
⁧دووم⁩	2185
⁧دکمه⁩	2184
⁧ایناهاش⁩	2181
⁧جنایت⁩	2181
⁧آشپزخونه⁩	2180
⁧بال⁩	2180
⁧دندون⁩	2179
⁧کتک⁩	2176
⁧انداختن⁩	2175
⁧همان⁩	2173
⁧اعدام⁩	2172
⁧حواس⁩	2172
⁧صاف⁩	2170
⁧توصیه⁩	2169
⁧ببخشین⁩	2168
⁧تویه⁩	2168
⁧خرده⁩	2164
⁧هدر⁩	2163
⁧میزدم⁩	2162
⁧دود⁩	2161
⁧قادر⁩	2161
⁧میشدم⁩	2161
⁧کری⁩	2161
⁧یکمی⁩	2161
⁧نیاد⁩	2160
⁧خوشمزه⁩	2159
⁧رایان⁩	2159
⁧طرح⁩	2159
⁧کمپ⁩	2159
⁧جمعیت⁩	2158
⁧قشنگیه⁩	2158
⁧میشود⁩	2157
⁧خشم⁩	2156
⁧فردی⁩	2156
⁧میشنوم⁩	2155
⁧میذاری⁩	2153
⁧ناامید⁩	2153
⁧هنک⁩	2153
⁧سایمون⁩	2146
⁧نسخه⁩	2146
⁧برو،⁩	2145
⁧بیمه⁩	2143
⁧دوستات⁩	2143
⁧قصر⁩	2140
⁧آنجلس⁩	2136
⁧موشک⁩	2135
⁧متخصص⁩	2134
⁧تصادفی⁩	2133
⁧راک⁩	2133
⁧فرستادن⁩	2132
⁧الیور⁩	2131
⁧بدونیم⁩	2131
⁧بفرست⁩	2129
⁧دخترها⁩	2129
⁧دان⁩	2127
⁧دخترش⁩	2126
⁧ردیف⁩	2126
⁧نقل⁩	2126
⁧پاسخ⁩	2125
⁧بعلاوه⁩	2123
⁧شادی⁩	2123
⁧بجنبین⁩	2122
⁧مارشال⁩	2122
⁧هنر⁩	2121
⁧خوشی⁩	2120
⁧چاق⁩	2120
⁧کور⁩	2119
⁧مجلس⁩	2117
⁧باشگاه⁩	2116
⁧حافظه⁩	2116
⁧جونز⁩	2112
⁧فرمان⁩	2112
⁧حموم⁩	2111
⁧فکرش⁩	2110
⁧راهم⁩	2109
⁧قسمتی⁩	2109
⁧بخرم⁩	2108
⁧تند⁩	2105
⁧نابودی⁩	2102
⁧خودتم⁩	2100
⁧درموردش⁩	2100
⁧هست؟⁩	2099
⁧موهای⁩	2098
⁧میتونستی⁩	2097
⁧شیطانی⁩	2096
⁧صف⁩	2096
⁧حرفای⁩	2095
⁧منظورش⁩	2095
⁧نداد⁩	2095
⁧واکنش⁩	2093
⁧افتادن⁩	2092
⁧اسباب⁩	2089
⁧شمارو⁩	2086
⁧نمیرسه⁩	2083
⁧بشینم⁩	2082
⁧مذاکره⁩	2082
⁧هه⁩	2082
⁧توهم⁩	2081
⁧آلوده⁩	2079
⁧رویا⁩	2079
⁧مارتین⁩	2078
⁧بدبخت⁩	2076
⁧خاندان⁩	2076
⁧کسب⁩	2074
⁧رام⁩	2073
⁧سقف⁩	2073
⁧مربی⁩	2073
⁧موج⁩	2073
⁧آرزوی⁩	2072
⁧بخوایم⁩	2071
⁧دخالت⁩	2071
⁧پسری⁩	2070
⁧زنان⁩	2067
⁧میکشی⁩	2067
⁧دیدنتون⁩	2066
⁧تور⁩	2064
⁧فرستاد⁩	2064
⁧مشاور⁩	2063
⁧پیروی⁩	2063
⁧دیدین⁩	2062
⁧روزا⁩	2062
⁧لوک⁩	2061
⁧انگلستان⁩	2059
⁧اینترنت⁩	2056
⁧نمیذارم⁩	2056
⁧بابای⁩	2054
⁧ترسم⁩	2053
⁧موندم⁩	2053
⁧مشخصه⁩	2052
⁧تپه⁩	2051
⁧راهنمایی⁩	2050
⁧حلش⁩	2049
⁧هروقت⁩	2049
⁧واضحه⁩	2049
⁧الکی⁩	2048
⁧شناسم⁩	2048
⁧فکرشو⁩	2048
⁧سکه⁩	2047
⁧احتیاط⁩	2046
⁧شاد⁩	2046
⁧غریب⁩	2046
⁧لس⁩	2045
⁧همونطوری⁩	2045
⁧پولدار⁩	2045
⁧تعیین⁩	2044
⁧زشت⁩	2044
⁧کمال⁩	2042
⁧اینطرف⁩	2040
⁧آسیبی⁩	2039
⁧جمعه⁩	2039
⁧چهارم⁩	2039
⁧تضمین⁩	2034
⁧اسمت⁩	2030
⁧ترسو⁩	2029
⁧کپی⁩	2029
⁧کول⁩	2028
⁧طناب⁩	2025
⁧بزارم⁩	2024
⁧دوازده⁩	2024
⁧بکنین⁩	2023
⁧دادند⁩	2021
⁧درحال⁩	2021
⁧خلبان⁩	2020
⁧ایی⁩	2019
⁧خب،⁩	2018
⁧نمیای⁩	2018
⁧جلوگیری⁩	2016
⁧کارتر⁩	2015
⁧میدین⁩	2014
⁧علاوه⁩	2012
⁧میمونی⁩	2011
⁧شنیدن⁩	2010
⁧غول⁩	2010
⁧برگزار⁩	2008
⁧سکوت⁩	2008
⁧کوچیکه⁩	2008
⁧ببرین⁩	2007
⁧داشتند⁩	2007
⁧کیلومتر⁩	2007
⁧یهودی⁩	2006
⁧خری⁩	2005
⁧طبیعت⁩	2004
⁧خوشگلی⁩	2003
⁧دوسش⁩	2003
⁧لمس⁩	2003
⁧مشکلت⁩	2003
⁧باغ⁩	2002
⁧خیره⁩	2002
⁧محرمانه⁩	2002
⁧خاموشش⁩	2001
⁧خواین⁩	1997
⁧بگن⁩	1993
⁧سرزنش⁩	1993
⁧سیاست⁩	1993
⁧دره⁩	1991
⁧سرقت⁩	1991
⁧خطا⁩	1990
⁧خلاف⁩	1990
⁧پنی⁩	1990
⁧فدرال⁩	1989
⁧میبینه⁩	1989
⁧جری⁩	1987
⁧هسته⁩	1987
⁧خوری⁩	1985
⁧میذاره⁩	1985
⁧امتحانش⁩	1984
⁧شکلات⁩	1983
⁧نیز⁩	1983
⁧شبی⁩	1981
⁧زیبای⁩	1980
⁧معرکه⁩	1980
⁧نویسنده⁩	1980
⁧متقاعد⁩	1979
⁧گذاشتیم⁩	1979
⁧طاقت⁩	1978
⁧آمده⁩	1974
⁧برت⁩	1974
⁧بودش⁩	1974
⁧ساعته⁩	1974
⁧غذایی⁩	1974
⁧نابغه⁩	1974
⁧ماشینم⁩	1973
⁧منظورم⁩	1973
⁧ارواح⁩	1968
⁧عروس⁩	1968
⁧مشترک⁩	1967
⁧انداختم⁩	1966
⁧فریب⁩	1966
⁧مساله⁩	1965
⁧نگهداری⁩	1965
⁧اولی⁩	1963
⁧بیرونه⁩	1963
⁧منظورتون⁩	1961
⁧پائین⁩	1961
⁧روت⁩	1960
⁧هو⁩	1960
⁧پیت⁩	1960
⁧بلدم⁩	1959
⁧حاضری⁩	1958
⁧بجای⁩	1957
⁧بیارن⁩	1957
⁧فرستادم⁩	1953
⁧پاش⁩	1952
⁧نامزد⁩	1950
⁧معتقد⁩	1949
⁧منتظرم⁩	1948
⁧بمونین⁩	1946
⁧دروغگو⁩	1946
⁧امی⁩	1945
⁧شلوغ⁩	1944
⁧قدرتمند⁩	1944
⁧مطالعه⁩	1944
⁧لحاظ⁩	1943
⁧باهامون⁩	1942
⁧دوشیزه⁩	1942
⁧گن⁩	1941
⁧خائن⁩	1939
⁧میگرده⁩	1939
⁧حبس⁩	1937
⁧چرخ⁩	1937
⁧خریدم⁩	1933
⁧خواهشا⁩	1930
⁧منابع⁩	1929
⁧اطاعت⁩	1927
⁧اجرای⁩	1926
⁧ای؟⁩	1926
⁧اخطار⁩	1925
⁧وزن⁩	1924
⁧ریس⁩	1923
⁧سیگنال⁩	1923
⁧گمون⁩	1922
⁧ملت⁩	1921
⁧میرفت⁩	1921
⁧جایگاه⁩	1920
⁧میکشن⁩	1920
⁧میخواهم⁩	1917
⁧نهایی⁩	1916
⁧آوری⁩	1915
⁧بوسیله⁩	1915
⁧زامبی⁩	1914
⁧سلامت⁩	1914
⁧تعطیل⁩	1913
⁧فرانسیس⁩	1913
⁧زودباشین⁩	1912
⁧چشمای⁩	1912
⁧پری⁩	1908
⁧کرم⁩	1908
⁧بازیگر⁩	1906
⁧ماله⁩	1906
⁧تونل⁩	1904
⁧بخون⁩	1903
⁧واشنگتن⁩	1901
⁧رادیو⁩	1898
⁧برف⁩	1896
⁧پاپ⁩	1896
⁧آنجا⁩	1895
⁧دانم⁩	1895
⁧دخترای⁩	1892
⁧مشهور⁩	1891
⁧همسرت⁩	1891
⁧افتادی⁩	1890
⁧خروجی⁩	1890
⁧خونش⁩	1890
⁧کوهستان⁩	1889
⁧وفاداری⁩	1888
⁧محاصره⁩	1885
⁧گوری⁩	1885
⁧جاسوسی⁩	1883
⁧رویای⁩	1883
⁧درود⁩	1881
⁧اجتماعی⁩	1880
⁧شهادت⁩	1880
⁧اسمی⁩	1878
⁧ریم⁩	1878
⁧همچنان⁩	1878
⁧گرده⁩	1878
⁧تزریق⁩	1877
⁧جالبی⁩	1877
⁧نماینده⁩	1877
⁧صادقانه⁩	1876
⁧حله⁩	1875
⁧الی⁩	1873
⁧روزهای⁩	1873
⁧چهل⁩	1872
⁧روسی⁩	1871
⁧بمن⁩	1870
⁧وحشتناکی⁩	1869
⁧عادلانه⁩	1867
⁧مهارت⁩	1865
⁧موافق⁩	1865
⁧بدنیا⁩	1864
⁧مجله⁩	1863
⁧زنها⁩	1862
⁧متوجهم⁩	1862
⁧بشینی⁩	1861
⁧توام⁩	1860
⁧کشیدی⁩	1860
⁧دهه⁩	1859
⁧بخونی⁩	1856
⁧گریس⁩	1856
⁧میافته⁩	1853
⁧راستشو⁩	1852
⁧کو⁩	1852
⁧خیس⁩	1851
⁧ترسیدم⁩	1849
⁧سوزی⁩	1847
⁧آور⁩	1846
⁧بازه⁩	1846
⁧سلطنتی⁩	1845
⁧گروگان⁩	1845
⁧بدونن⁩	1844
⁧شیکاگو⁩	1843
⁧خودمه⁩	1840
⁧خرد⁩	1838
⁧ضعف⁩	1838
⁧پایه⁩	1838
⁧مرتکب⁩	1837
⁧ایستاده⁩	1836
⁧عذاب⁩	1835
⁧اثری⁩	1834
⁧جرج⁩	1834
⁧سوی⁩	1834
⁧اروم⁩	1833
⁧بازنده⁩	1833
⁧فرزند⁩	1833
⁧اد⁩	1832
⁧خالیه⁩	1832
⁧آینه⁩	1831
⁧عاشقشم⁩	1831
⁧منفی⁩	1831
⁧آهن⁩	1830
⁧معاون⁩	1830
⁧کانر⁩	1830
⁧غیرممکنه⁩	1829
⁧شدی؟⁩	1828
⁧شوند⁩	1828
⁧کجاس⁩	1827
⁧ماهواره⁩	1825
⁧دونید⁩	1824
⁧مرگش⁩	1824
⁧بخشش⁩	1823
⁧دوبار⁩	1820
⁧مانع⁩	1820
⁧خوششون⁩	1819
⁧سرده⁩	1817
⁧مالیات⁩	1817
⁧گروهی⁩	1817
⁧شوالیه⁩	1816
⁧پاول⁩	1816
⁧نمیخوره⁩	1814
⁧سود⁩	1812
⁧مرخصی⁩	1812
⁧نیومدم⁩	1811
⁧بنده⁩	1810
⁧موند⁩	1810
⁧بارها⁩	1808
⁧خواستن⁩	1807
⁧اینجارو⁩	1805
⁧دیدیش⁩	1805
⁧سوزان⁩	1804
⁧سیاسی⁩	1804
⁧آمیز⁩	1803
⁧خشن⁩	1803
⁧مغزی⁩	1803
⁧تو؟⁩	1802
⁧امسال⁩	1801
⁧میرسیم⁩	1801
⁧برعکس⁩	1799
⁧میگین⁩	1799
⁧داشتید⁩	1798
⁧مقاله⁩	1797
⁧چنده⁩	1796
⁧بستنی⁩	1795
⁧نفرت⁩	1795
⁧ماسک⁩	1794
⁧محاکمه⁩	1792
⁧ردیابی⁩	1791
⁧سام⁩	1791
⁧ابی⁩	1787
⁧نتونست⁩	1787
⁧اثبات⁩	1786
⁧نظام⁩	1783
⁧اخیر⁩	1782
⁧برداشته⁩	1782
⁧بایست⁩	1781
⁧بیافته⁩	1781
⁧میارن⁩	1781
⁧نزدم⁩	1781
⁧فرصتی⁩	1780
⁧میمیرم⁩	1780
⁧یجورایی⁩	1780
⁧نظرتون⁩	1779
⁧خوابم⁩	1778
⁧سالگی⁩	1778
⁧طلوع⁩	1778
⁧اسمشو⁩	1777
⁧سالشه⁩	1777
⁧یادداشت⁩	1777
⁧راب⁩	1776
⁧میبینیم⁩	1776
⁧کونی⁩	1776
⁧قانع⁩	1775
⁧هواپیمای⁩	1775
⁧نباشید⁩	1774
⁧مث⁩	1772
⁧اتفاقا⁩	1770
⁧منتظره⁩	1770
⁧گیرش⁩	1770
⁧فعالیت⁩	1768
⁧بعدشم⁩	1767
⁧جنی⁩	1767
⁧صفر⁩	1767
⁧جدیده⁩	1766
⁧مارتی⁩	1765
⁧اوم⁩	1764
⁧دومین⁩	1764
⁧لوئیس⁩	1763
⁧نرفته⁩	1763
⁧مجوز⁩	1761
⁧تکنولوژی⁩	1760
⁧ایران⁩	1759
⁧شجاعت⁩	1758
⁧نمیشن⁩	1758
⁧جلوتر⁩	1757
⁧حضرت⁩	1757
⁧داری؟⁩	1756
⁧محموله⁩	1754
⁧موبایل⁩	1752
⁧ربکا⁩	1750
⁧خوردیم⁩	1749
⁧میاریم⁩	1749
⁧هندی⁩	1749
⁧نمیدن⁩	1747
⁧همجنس⁩	1747
⁧تروریست⁩	1746
⁧میرفتم⁩	1746
⁧جوجه⁩	1745
⁧تونستیم⁩	1744
⁧هرکی⁩	1743
⁧کابوس⁩	1742
⁧عروسک⁩	1741
⁧جفتمون⁩	1740
⁧دیدار⁩	1740
⁧ادعا⁩	1739
⁧تعمیر⁩	1739
⁧دارمش⁩	1739
⁧دهد⁩	1738
⁧سرو⁩	1738
⁧خوشبختم⁩	1737
⁧قطعه⁩	1737
⁧میمیری⁩	1737
⁧نمیزنه⁩	1737
⁧سرمون⁩	1736
⁧چجور⁩	1736
⁧یادآوری⁩	1736
⁧اروپا⁩	1735
⁧افتاد؟⁩	1735
⁧بازگشت⁩	1735
⁧باهوشی⁩	1734
⁧امیر⁩	1733
⁧فراتر⁩	1733
⁧فراهم⁩	1733
⁧ختم⁩	1732
⁧ارزشی⁩	1731
⁧دادید⁩	1731
⁧عشقم⁩	1731
⁧بایستی⁩	1730
⁧دوی⁩	1729
⁧روبراهه⁩	1729
⁧ارزشش⁩	1728
⁧سرگرد⁩	1728
⁧مقداری⁩	1728
⁧ره⁩	1726
⁧صورتم⁩	1726
⁧نشنیدم⁩	1726
⁧مامانی⁩	1725
⁧مقام⁩	1724
⁧لیاقت⁩	1723
⁧احتیاجی⁩	1722
⁧بازیه⁩	1722
⁧نفهمیدم⁩	1721
⁧نقره⁩	1720
⁧لاک⁩	1719
⁧نباشی⁩	1719
⁧نیکی⁩	1719
⁧میبری⁩	1718
⁧پرده⁩	1717
⁧نادیده⁩	1716
⁧بزارید⁩	1713
⁧جکسون⁩	1713
⁧وان⁩	1711
⁧صدها⁩	1710
⁧هل⁩	1710
⁧دنیایی⁩	1709
⁧پشیمون⁩	1709
⁧ارتفاع⁩	1708
⁧هارولد⁩	1708
⁧فهمیده⁩	1707
⁧مدرکی⁩	1706
⁧دستات⁩	1705
⁧مناسبی⁩	1705
⁧علم⁩	1704
⁧میرین⁩	1704
⁧مد⁩	1703
⁧نوشتم⁩	1703
⁧هرحال⁩	1703
⁧پیمان⁩	1702
⁧دونستی⁩	1700
⁧غروب⁩	1700
⁧کردنه⁩	1700
⁧هردومون⁩	1699
⁧هلیکوپتر⁩	1698
⁧تابستون⁩	1697
⁧دوک⁩	1697
⁧رقابت⁩	1697
⁧نقد⁩	1697
⁧پناهگاه⁩	1697
⁧اسکار⁩	1695
⁧داروی⁩	1695
⁧آدام⁩	1694
⁧دهنتو⁩	1694
⁧بوس⁩	1693
⁧چشمام⁩	1693
⁧نداشتن⁩	1692
⁧ایمیل⁩	1689
⁧صادق⁩	1688
⁧سایت⁩	1687
⁧جذب⁩	1686
⁧آدمهای⁩	1684
⁧تظاهر⁩	1684
⁧جاهای⁩	1684
⁧صدایی⁩	1681
⁧نمیزنم⁩	1681
⁧گناهکار⁩	1681
⁧جمهوری⁩	1680
⁧جیب⁩	1680
⁧چگونه⁩	1680
⁧اصلاح⁩	1677
⁧خرگوش⁩	1677
⁧خلق⁩	1677
⁧خودتی⁩	1677
⁧خدمه⁩	1675
⁧سالمه⁩	1674
⁧یافته⁩	1673
⁧مردمی⁩	1672
⁧بنزین⁩	1671
⁧عیب⁩	1669
⁧دنیل⁩	1668
⁧میوه⁩	1668
⁧پیچ⁩	1668
⁧تدی⁩	1667
⁧حین⁩	1667
⁧فلش⁩	1667
⁧میخواهی⁩	1667
⁧دستمون⁩	1666
⁧سزار⁩	1666
⁧اینور⁩	1665
⁧ترکیب⁩	1664
⁧آسانسور⁩	1663
⁧دلیلش⁩	1662
⁧برمیگردیم⁩	1661
⁧تحریک⁩	1661
⁧شونه⁩	1661
⁧هلن⁩	1660
⁧اسپارتاکوس⁩	1659
⁧شبه⁩	1658
⁧آزار⁩	1657
⁧تلفنی⁩	1657
⁧همینجاست⁩	1657
⁧صبحانه⁩	1656
⁧غافلگیر⁩	1656
⁧خدمتکار⁩	1655
⁧قلمرو⁩	1654
⁧سورپرایز⁩	1653
⁧دیونه⁩	1652
⁧مامان؟⁩	1652
⁧بفهمن⁩	1651
⁧موزیک⁩	1651
⁧بابا؟⁩	1649
⁧جنگیدن⁩	1649
⁧مجبوری⁩	1649
⁧ترسیدی⁩	1646
⁧مجبوریم⁩	1646
⁧دستتو⁩	1645
⁧عمه⁩	1645
⁧روشنایی⁩	1644
⁧منصفانه⁩	1644
⁧نیستید⁩	1644
⁧نیستین⁩	1643
⁧بمونن⁩	1642
⁧وقتها⁩	1642
⁧بخوان⁩	1641
⁧گشتم⁩	1641
⁧یکشنبه⁩	1641
⁧میخواستن⁩	1640
⁧بکشین⁩	1637
⁧زرد⁩	1637
⁧دزدیدن⁩	1636
⁧استفن⁩	1635
⁧جزو⁩	1635
⁧صبحونه⁩	1635
⁧میخام⁩	1635
⁧نیار⁩	1635
⁧برادران⁩	1634
⁧ر⁩	1634
⁧خونم⁩	1633
⁧تخته⁩	1631
⁧سوء⁩	1631
⁧غیرقابل⁩	1631
⁧ارشد⁩	1630
⁧بل⁩	1630
⁧میگردی⁩	1630
⁧پلیسا⁩	1630
⁧ممم⁩	1629
⁧دوشنبه⁩	1628
⁧میداره⁩	1628
⁧تای⁩	1627
⁧نگرانش⁩	1627
⁧سرشون⁩	1625
⁧زیرزمین⁩	1624
⁧چاپ⁩	1624
⁧افرادت⁩	1622
⁧علمی⁩	1622
⁧وایسین⁩	1621
⁧ورزش⁩	1621
⁧مجانی⁩	1620
⁧کنم؟⁩	1620
⁧قدرتی⁩	1619
⁧بشر⁩	1618
⁧آمبولانس⁩	1617
⁧پشتی⁩	1616
⁧سرکار⁩	1615
⁧وایت⁩	1615
⁧کارخونه⁩	1615
⁧ببینیش⁩	1614
⁧رابین⁩	1614
⁧توالت⁩	1613
⁧تامین⁩	1611
⁧دستیار⁩	1611
⁧ساندویچ⁩	1606
⁧نفع⁩	1605
⁧بودی؟⁩	1604
⁧رودخانه⁩	1604
⁧محمد⁩	1603
⁧نزدیکتر⁩	1603
⁧هیشکی⁩	1603
⁧نکش⁩	1602
⁧گمشده⁩	1602
⁧مجرم⁩	1601
⁧بازیکن⁩	1600
⁧حیات⁩	1600
⁧لاس⁩	1600
⁧لوگان⁩	1599
⁧گیرت⁩	1599
⁧الماس⁩	1598
⁧ماهه⁩	1598
⁧محیط⁩	1597
⁧نمیام⁩	1596
⁧اتفاقاتی⁩	1595
⁧اعظم⁩	1594
⁧شوهرت⁩	1594
⁧غلط⁩	1594
⁧اساسی⁩	1593
⁧تفاوت⁩	1593
⁧داخلش⁩	1593
⁧گزینه⁩	1593
⁧مطلب⁩	1592
⁧نمیشد⁩	1591
⁧کمه⁩	1591
⁧نمک⁩	1590
⁧اردوگاه⁩	1589
⁧انگلیس⁩	1589
⁧نباشم⁩	1589
⁧دانی⁩	1588
⁧پنیر⁩	1587
⁧راهش⁩	1584
⁧کاهش⁩	1583
⁧میدید⁩	1581
⁧برگردون⁩	1580
⁧محدوده⁩	1580
⁧ک⁩	1579
⁧پرنسس⁩	1577
⁧آشنایی⁩	1576
⁧پسرها⁩	1576
⁧اکسیژن⁩	1574
⁧داستانی⁩	1573
⁧ذخیره⁩	1573
⁧بازرسی⁩	1571
⁧تونین⁩	1569
⁧جونم⁩	1569
⁧خدانگهدار⁩	1569
⁧هرکول⁩	1569
⁧استیون⁩	1568
⁧خودکار⁩	1568
⁧وفادار⁩	1567
⁧بندم⁩	1566
⁧کارن⁩	1566
⁧ویکی⁩	1565
⁧ایوان⁩	1564
⁧عموم⁩	1564
⁧منتظرت⁩	1564
⁧نخواهم⁩	1564
⁧قد⁩	1563
⁧استعفا⁩	1561
⁧علی⁩	1561
⁧نظریه⁩	1561
⁧بخواین⁩	1560
⁧برسونه⁩	1560
⁧اسمیت⁩	1559
⁧خبرا⁩	1559
⁧سفت⁩	1559
⁧نوشتن⁩	1558
⁧مثبت⁩	1557
⁧نیا⁩	1556
⁧هک⁩	1556
⁧ناخدا⁩	1555
⁧اگرچه⁩	1553
⁧ببرن⁩	1553
⁧بخاطرش⁩	1553
⁧پوند⁩	1553
⁧شورش⁩	1552
⁧ندارند⁩	1551
⁧کالج⁩	1551
⁧بگذریم⁩	1549
⁧دوس⁩	1549
⁧سادگی⁩	1549
⁧گرفتین⁩	1549
⁧تحسین⁩	1548
⁧بدبختی⁩	1547
⁧میدارم⁩	1547
⁧میشین⁩	1546
⁧هرچند⁩	1544
⁧برسونم⁩	1543
⁧خانوادگی⁩	1543
⁧بخری⁩	1542
⁧جایگزین⁩	1542
⁧خان⁩	1541
⁧نفره⁩	1541
⁧لیلا⁩	1538
⁧نتونه⁩	1538
⁧نزدیکه⁩	1536
⁧بصورت⁩	1535
⁧درمانی⁩	1535
⁧مذهبی⁩	1534
⁧نتونم⁩	1534
⁧سرگرم⁩	1533
⁧عرق⁩	1533
⁧فاسد⁩	1533
⁧میترسی⁩	1533
⁧سرور⁩	1531
⁧پارسی⁩	1531
⁧افرادم⁩	1530
⁧نخیر⁩	1530
⁧اعتراض⁩	1529
⁧منحرف⁩	1528
⁧بدجور⁩	1527
⁧خوابه⁩	1527
⁧دیوونگیه⁩	1527
⁧چطوریه⁩	1527
⁧حذف⁩	1526
⁧مهمان⁩	1526
⁧بنظرت⁩	1525
⁧اووه⁩	1524
⁧دلایل⁩	1522
⁧گفتین⁩	1521
⁧قهرمانی⁩	1520
⁧وو⁩	1520
⁧پزشک⁩	1520
⁧پیشه⁩	1520
⁧بخورید⁩	1519
⁧بعدش⁩	1519
⁧شرم⁩	1519
⁧اینطوریه⁩	1518
⁧خم⁩	1517
⁧ساعتی⁩	1517
⁧شوهرش⁩	1517
⁧وزارت⁩	1515
⁧حسش⁩	1514
⁧بخورین⁩	1513
⁧سرگرمی⁩	1513
⁧تونسته⁩	1512
⁧ماریا⁩	1512
⁧مسافرت⁩	1512
⁧میرسی⁩	1512
⁧نورمن⁩	1512
⁧کیتی⁩	1512
⁧فارغ⁩	1511
⁧خدمات⁩	1510
⁧تاد⁩	1509
⁧مواجه⁩	1509
⁧عملی⁩	1507
⁧نمرده⁩	1507
⁧همراهی⁩	1507
⁧آسونه⁩	1506
⁧جن⁩	1506
⁧دلاری⁩	1506
⁧امکانش⁩	1504
⁧ژاپنی⁩	1504
⁧کارولاین⁩	1504
⁧اشک⁩	1503
⁧ویسکی⁩	1503
⁧جادوی⁩	1502
⁧سریعا⁩	1501
⁧مدیریت⁩	1501
⁧کوچیکی⁩	1499
⁧کینگ⁩	1499
⁧انداز⁩	1498
⁧نمیبینم⁩	1498
⁧پیک⁩	1497
⁧کریستین⁩	1497
⁧بیشترین⁩	1494
⁧سینما⁩	1494
⁧میکشمت⁩	1494
⁧احساساتی⁩	1493
⁧سیا⁩	1493
⁧سیتی⁩	1493
⁧احترامی⁩	1492
⁧دوچرخه⁩	1491
⁧سهم⁩	1490
⁧نمیکرد⁩	1490
⁧بنویسم⁩	1489
⁧دولتی⁩	1489
⁧مقایسه⁩	1488
⁧الکل⁩	1487
⁧زل⁩	1487
⁧شاو⁩	1485
⁧خواننده⁩	1484
⁧میزان⁩	1484
⁧اضافی⁩	1483
⁧بیایی⁩	1483
⁧مونم⁩	1483
⁧انکار⁩	1482
⁧بهمین⁩	1482
⁧قبر⁩	1482
⁧کوتوله⁩	1480
⁧بسیاری⁩	1479
⁧تجهیزات⁩	1479
⁧مقابله⁩	1478
⁧نه،نه⁩	1478
⁧لئونارد⁩	1477
⁧طرفدار⁩	1475
⁧آدمها⁩	1474
⁧افتادیم⁩	1474
⁧پرسید⁩	1474
⁧خل⁩	1473
⁧زندگیه⁩	1473
⁧سید⁩	1473
⁧فیشر⁩	1473
⁧مادربزرگ⁩	1473
⁧کوپر⁩	1473
⁧نیزه⁩	1471
⁧بپوش⁩	1470
⁧شیش⁩	1468
⁧حمام⁩	1467
⁧خطری⁩	1467
⁧سراسر⁩	1467
⁧هاوارد⁩	1467
⁧آغوش⁩	1465
⁧تسخیر⁩	1465
⁧فوری⁩	1464
⁧نظارت⁩	1463
⁧گرد⁩	1463
⁧دردی⁩	1461
⁧خانمها⁩	1460
⁧والت⁩	1460
⁧افتاده؟⁩	1459
⁧شکم⁩	1459
⁧چشماش⁩	1459
⁧برسن⁩	1458
⁧بیخیالش⁩	1458
⁧مشکوک⁩	1457
⁧نزدیکی⁩	1457
⁧فضای⁩	1456
⁧منتشر⁩	1456
⁧مخالف⁩	1455
⁧اندازی⁩	1454
⁧ریخت⁩	1454
⁧پیوند⁩	1454
⁧مریضی⁩	1453
⁧حالیکه⁩	1452
⁧نمیکشه⁩	1452
⁧ترسی⁩	1451
⁧سهام⁩	1450
⁧برسون⁩	1449
⁧کوفتیه⁩	1449
⁧کنترلش⁩	1446
⁧جف⁩	1445
⁧راهرو⁩	1445
⁧ماشینت⁩	1445
⁧میفرستم⁩	1445
⁧پرچم⁩	1445
⁧مقامات⁩	1444
⁧اخرین⁩	1443
⁧لغو⁩	1443
⁧نشی⁩	1443
⁧نیست؟⁩	1443
⁧بدیه⁩	1441
⁧بگذار⁩	1441
⁧ندیدمش⁩	1441
⁧تابحال⁩	1440
⁧داوطلب⁩	1439
⁧ربط⁩	1439
⁧دستای⁩	1437
⁧فرماندار⁩	1437
⁧قابلی⁩	1437
⁧فنی⁩	1436
⁧بیشتره⁩	1435
⁧فهمیدیم⁩	1434
⁧لیز⁩	1434
⁧مثال⁩	1434
⁧له⁩	1433
⁧فهمیدن⁩	1432
⁧انسانها⁩	1431
⁧خطره⁩	1431
⁧رفتنه⁩	1430
⁧آمدی⁩	1429
⁧الهام⁩	1429
⁧زجر⁩	1429
⁧مراقبش⁩	1428
⁧نیل⁩	1428
⁧وابسته⁩	1428
⁧بدرد⁩	1427
⁧خرابه⁩	1427
⁧آر⁩	1426
⁧بیهوش⁩	1425
⁧مبارز⁩	1425
⁧میخای⁩	1424
⁧قدیم⁩	1423
⁧بفرمایین⁩	1421
⁧سرتون⁩	1421
⁧محوطه⁩	1421
⁧کیسی⁩	1421
⁧معدن⁩	1418
⁧اقدام⁩	1417
⁧بت⁩	1417
⁧برگ⁩	1417
⁧جنگجوی⁩	1417
⁧سپس⁩	1417
⁧مهمترین⁩	1417
⁧زمانیکه⁩	1416
⁧وگاس⁩	1416
⁧کلوچه⁩	1416
⁧تشویق⁩	1415
⁧سلام،⁩	1415
⁧نژاد⁩	1415
⁧اسپانیایی⁩	1413
⁧عاشقانه⁩	1413
⁧کال⁩	1413
⁧بارت⁩	1412
⁧برگشتیم⁩	1412
⁧نیت⁩	1411
⁧هنگام⁩	1411
⁧پیتزا⁩	1410
⁧مستقیما⁩	1409
⁧هانا⁩	1409
⁧گفتیم⁩	1409
⁧اینی⁩	1408
⁧میپرسم⁩	1408
⁧اینجاس⁩	1407
⁧چقدره⁩	1406
⁧استخوان⁩	1404
⁧بگیریدش⁩	1404
⁧جنگجو⁩	1404
⁧زوج⁩	1404
⁧مونی⁩	1404
⁧نگهبانی⁩	1404
⁧دنیس⁩	1403
⁧کنت⁩	1402
⁧برداشتم⁩	1401
⁧بندازین⁩	1401
⁧میگردیم⁩	1401
⁧اسیر⁩	1400
⁧صخره⁩	1400
⁧متفاوتی⁩	1399
⁧اوناهاش⁩	1398
⁧حرفو⁩	1398
⁧درگیری⁩	1398
⁧بالایی⁩	1397
⁧بیگانه⁩	1397
⁧روابط⁩	1397
⁧کمپانی⁩	1397
⁧خوبیم⁩	1396
⁧پاتریک⁩	1396
⁧ببندی⁩	1395
⁧بلک⁩	1395
⁧بوسه⁩	1395
⁧رسما⁩	1395
⁧بیگناه⁩	1394
⁧اختراع⁩	1393
⁧برگردونم⁩	1393
⁧رید⁩	1390
⁧محسوب⁩	1389
⁧نشدن⁩	1389
⁧پنجم⁩	1389
⁧بک⁩	1388
⁧ران⁩	1388
⁧خلاصه⁩	1387
⁧لیزا⁩	1387
⁧مجسمه⁩	1387
⁧ایتالیایی⁩	1386
⁧سربازان⁩	1386
⁧شوک⁩	1386
⁧فاجعه⁩	1386
⁧افکار⁩	1384
⁧بچرخ⁩	1384
⁧کافه⁩	1384
⁧گفتنش⁩	1384
⁧اعصاب⁩	1383
⁧راشل⁩	1383
⁧استخر⁩	1382
⁧نشنیدی⁩	1381
⁧نمیتونید⁩	1380
⁧نمیشناسم⁩	1380
⁧برمیاد⁩	1379
⁧بمیر⁩	1379
⁧میگید⁩	1379
⁧آلفا⁩	1378
⁧روحی⁩	1378
⁧والدین⁩	1378
⁧جسیکا⁩	1377
⁧سینگ⁩	1376
⁧فیلیپ⁩	1376
⁧ندارد⁩	1376
⁧تصاویر⁩	1375
⁧گفتید⁩	1375
⁧مدام⁩	1374
⁧عسل⁩	1373
⁧ماشینو⁩	1372
⁧نزده⁩	1372
⁧گمش⁩	1372
⁧دومون⁩	1370
⁧مرگت⁩	1370
⁧میخواستیم⁩	1370
⁧طرفه⁩	1369
⁧بوستون⁩	1368
⁧شایعه⁩	1367
⁧میمیرن⁩	1367
⁧دونست⁩	1366
⁧هماهنگ⁩	1366
⁧حوصله⁩	1365
⁧طعمه⁩	1365
⁧استرس⁩	1364
⁧صادر⁩	1364
⁧قمار⁩	1364
⁧لوس⁩	1364
⁧مخفیانه⁩	1364
⁧بگردیم⁩	1363
⁧خالکوبی⁩	1362
⁧ماشه⁩	1362
⁧میزدی⁩	1362
⁧سرما⁩	1361
⁧قبیله⁩	1361
⁧رضای⁩	1360
⁧معنای⁩	1360
⁧مفید⁩	1360
⁧نمیخوایم⁩	1359
⁧ویلسون⁩	1359
⁧امیدی⁩	1358
⁧بزارین⁩	1358
⁧مصنوعی⁩	1358
⁧شبانه⁩	1357
⁧تنبیه⁩	1356
⁧نمیفهمی⁩	1356
⁧نمیگه⁩	1356
⁧بمیرن⁩	1354
⁧بدونید⁩	1353
⁧دایره⁩	1352
⁧زنجیر⁩	1352
⁧الن⁩	1351
⁧بزاریم⁩	1351
⁧قفس⁩	1351
⁧لری⁩	1351
⁧اب⁩	1350
⁧قصه⁩	1350
⁧نخورده⁩	1350
⁧قائل⁩	1349
⁧میون⁩	1349
⁧گسترش⁩	1349
⁧برگه⁩	1347
⁧ژاپن⁩	1347
⁧امریکایی⁩	1346
⁧ایرادی⁩	1346
⁧عمرت⁩	1346
⁧لعنتت⁩	1346
⁧مردا⁩	1346
⁧نگرفتم⁩	1346
⁧اوناست⁩	1345
⁧زره⁩	1345
⁧نشونش⁩	1345
⁧کوچه⁩	1344
⁧خوندی⁩	1343
⁧لورا⁩	1343
⁧برلین⁩	1340
⁧جزئی⁩	1339
⁧گفتند⁩	1339
⁧زیادیه⁩	1338
⁧همدیگرو⁩	1338
⁧دریچه⁩	1337
⁧شرایطی⁩	1337
⁧افتخاره⁩	1336
⁧مغزت⁩	1336
⁧مکزیک⁩	1335
⁧میدون⁩	1335
⁧میلر⁩	1335
⁧صداتو⁩	1334
⁧ساختم⁩	1333
⁧مان⁩	1333
⁧هرچه⁩	1333
⁧شلدون⁩	1332
⁧میزارم⁩	1332
⁧اینهمه⁩	1331
⁧دیدید⁩	1331
⁧آماندا⁩	1328
⁧فرم⁩	1328
⁧اولیویا⁩	1327
⁧ندی⁩	1327
⁧نمیتونست⁩	1327
⁧مواقع⁩	1326
⁧میدادی⁩	1326
⁧کوئین⁩	1325
⁧جت⁩	1324
⁧میبینی؟⁩	1324
⁧دنیاست⁩	1321
⁧مسلما⁩	1321
⁧نتونی⁩	1321
⁧دستشون⁩	1320
⁧منظوری⁩	1320
⁧اسنو⁩	1319
⁧باباش⁩	1319
⁧احمقم⁩	1318
⁧مترو⁩	1318
⁧خوبن⁩	1317
⁧اسمش⁩	1316
⁧هیچکسی⁩	1316
⁧بسازیم⁩	1315
⁧داستانش⁩	1315
⁧گله⁩	1315
⁧بگذارید⁩	1314
⁧نصیحت⁩	1314
⁧گفتش⁩	1314
⁧یواش⁩	1314
⁧دریای⁩	1313
⁧طبیعیه⁩	1313
⁧آنی⁩	1312
⁧انتخابی⁩	1312
⁧درها⁩	1312
⁧همانطور⁩	1312
⁧گرمه⁩	1312
⁧تقاضای⁩	1311
⁧دروغه⁩	1310
⁧میرسم⁩	1310
⁧نقص⁩	1310
⁧کالیفرنیا⁩	1310
⁧بیفت⁩	1309
⁧ضربان⁩	1309
⁧کونت⁩	1308
⁧حرکتی⁩	1306
⁧لگد⁩	1306
⁧متنفره⁩	1306
⁧شنیدیم⁩	1305
⁧یی⁩	1305
⁧بشنوه⁩	1304
⁧راحته⁩	1304
⁧نظم⁩	1304
⁧مایلی⁩	1303
⁧رزرو⁩	1301
⁧همیشگی⁩	1301
⁧بجنبید⁩	1300
⁧شایسته⁩	1300
⁧شمارش⁩	1300
⁧عامل⁩	1300
⁧میشید⁩	1300
⁧نجاتت⁩	1299
⁧کلیسای⁩	1299
⁧خاکستر⁩	1298
⁧نخواهی⁩	1298
⁧بلده⁩	1297
⁧روغن⁩	1297
⁧میبینمتون⁩	1297
⁧جزء⁩	1296
⁧جیکوب⁩	1296
⁧دفاعی⁩	1296
⁧سیر⁩	1296
⁧طلب⁩	1296
⁧نابودش⁩	1296
⁧ریش⁩	1295
⁧فروخته⁩	1294
⁧پرسیدی⁩	1294
⁧سوپ⁩	1292
⁧تانک⁩	1291
⁧ذهنی⁩	1291
⁧روستا⁩	1291
⁧مه⁩	1291
⁧دستگیرش⁩	1290
⁧شارلوت⁩	1290
⁧رشوه⁩	1289
⁧خوابیدی⁩	1288
⁧نزد⁩	1288
⁧گرسنگی⁩	1288
⁧نمیتونین⁩	1287
⁧آشپزی⁩	1285
⁧نبودیم⁩	1285
⁧ناحیه⁩	1284
⁧خطوط⁩	1283
⁧آرون⁩	1282
⁧تیپ⁩	1282
⁧رسم⁩	1282
⁧ستون⁩	1282
⁧مرگته⁩	1282
⁧بدهی⁩	1281
⁧رشته⁩	1281
⁧جوش⁩	1280
⁧همزمان⁩	1280
⁧اکثر⁩	1278
⁧خارق⁩	1278
⁧میخواسته⁩	1278
⁧چایی⁩	1277
⁧کیو⁩	1277
⁧گره⁩	1277
⁧فیزیکی⁩	1276
⁧جولیا⁩	1275
⁧گیل⁩	1275
⁧چنگ⁩	1274
⁧کشم⁩	1274
⁧نرسیده⁩	1273
⁧اذیتت⁩	1272
⁧پاداش⁩	1270
⁧میرسن⁩	1269
⁧باورش⁩	1268
⁧برخی⁩	1268
⁧تجدید⁩	1268
⁧دزدید⁩	1268
⁧خونت⁩	1267
⁧توطئه⁩	1266
⁧مغزش⁩	1266
⁧خریده⁩	1265
⁧دایی⁩	1265
⁧قدرتش⁩	1265
⁧حیاط⁩	1264
⁧هاه⁩	1264
⁧بکشمت⁩	1263
⁧تف⁩	1263
⁧جونت⁩	1263
⁧شور⁩	1263
⁧نمیزنی⁩	1263
⁧نگی⁩	1261
⁧امور⁩	1260
⁧روشنه⁩	1260
⁧سوخته⁩	1260
⁧مسموم⁩	1260
⁧موهات⁩	1260
⁧نفرو⁩	1260
⁧انتخابات⁩	1259
⁧تشریف⁩	1259
⁧میخورن⁩	1259
⁧پولت⁩	1259
⁧حیف⁩	1258
⁧ترور⁩	1257
⁧موی⁩	1256
⁧پلیسی⁩	1256
⁧کنفرانس⁩	1256
⁧برمیگردی⁩	1255
⁧روحش⁩	1255
⁧محدود⁩	1255
⁧نتایج⁩	1255
⁧سوفی⁩	1253
⁧آهنی⁩	1251
⁧امپراطوری⁩	1250
⁧بینیم⁩	1250
⁧محبوب⁩	1250
⁧ناگهانی⁩	1250
⁧همینم⁩	1250
⁧پولو⁩	1250
⁧ایوا⁩	1249
⁧بخوابه⁩	1249
⁧بگرد⁩	1249
⁧تب⁩	1249
⁧ایمی⁩	1248
⁧جس⁩	1248
⁧سس⁩	1248
⁧میرید⁩	1248
⁧همدیگر⁩	1248
⁧کارتو⁩	1248
⁧دزدیدی⁩	1247
⁧فرودو⁩	1247
⁧مورگان⁩	1247
⁧نمیخواست⁩	1247
⁧گمان⁩	1247
⁧میندازی⁩	1246
⁧نتونستی⁩	1246
⁧پاکسازی⁩	1246
⁧المللی⁩	1245
⁧تیرانداز⁩	1245
⁧خوشوقت⁩	1245
⁧موارد⁩	1245
⁧پو⁩	1245
⁧بفرستم⁩	1244
⁧تاخیر⁩	1244
⁧هال⁩	1244
⁧پرسی⁩	1244
⁧آویزون⁩	1243
⁧قیمتی⁩	1243
⁧اسکن⁩	1242
⁧بیایین⁩	1242
⁧ناشناس⁩	1242
⁧یازده⁩	1242
⁧عفونت⁩	1241
⁧نخست⁩	1241
⁧نوه⁩	1241
⁧پاتر⁩	1240
⁧ارتشی⁩	1239
⁧ندید⁩	1239
⁧کارشو⁩	1239
⁧سراغش⁩	1238
⁧سرپرست⁩	1238
⁧بخونه⁩	1237
⁧اتاقت⁩	1236
⁧بدونین⁩	1236
⁧عام⁩	1236
⁧وقتت⁩	1236
⁧کاریش⁩	1236
⁧احضار⁩	1235
⁧جابجا⁩	1234
⁧پدربزرگ⁩	1234
⁧پوشیدی⁩	1234
⁧گاتهام⁩	1234
⁧کلوپ⁩	1232
⁧جستجوی⁩	1231
⁧دهکده⁩	1230
⁧علت⁩	1230
⁧مانده⁩	1230
⁧غار⁩	1229
⁧هممم⁩	1228
⁧گهی⁩	1228
⁧عاشقت⁩	1227
⁧ماها⁩	1227
⁧گیاه⁩	1227
⁧زندگیمون⁩	1226
⁧قراری⁩	1226
⁧پرش⁩	1226
⁧برداشتی⁩	1225
⁧بعله⁩	1225
⁧دانا⁩	1224
⁧دیره⁩	1224
⁧ساک⁩	1223
⁧عظیم⁩	1223
⁧مشاهده⁩	1223
⁧ولز⁩	1223
⁧کنگره⁩	1223
⁧تفریح⁩	1222
⁧عشقی⁩	1222
⁧چندلر⁩	1222
⁧جهنمی⁩	1221
⁧گرفتید⁩	1221
⁧دیدنش⁩	1220
⁧لا⁩	1220
⁧منظره⁩	1220
⁧حاضره⁩	1219
⁧خوشبختانه⁩	1219
⁧نشین⁩	1219
⁧مادرجنده⁩	1218
⁧معرض⁩	1218
⁧کنسل⁩	1217
⁧دسترس⁩	1216
⁧قولی⁩	1216
⁧متصل⁩	1215
⁧اتاقم⁩	1213
⁧خدایی⁩	1213
⁧معتاد⁩	1213
⁧بردیم⁩	1212
⁧خرابش⁩	1212
⁧خونده⁩	1212
⁧ریشه⁩	1212
⁧سرتو⁩	1212
⁧لباست⁩	1212
⁧سوگند⁩	1211
⁧گوردون⁩	1211
⁧اسکارلت⁩	1210
⁧شیمیایی⁩	1209
⁧قدیمیه⁩	1209
⁧هرچقدر⁩	1208
⁧اینجوریه⁩	1207
⁧مریضه⁩	1207
⁧میگفتن⁩	1207
⁧کیا⁩	1207
⁧بگیرینش⁩	1206
⁧موزه⁩	1205
⁧چیس⁩	1205
⁧مجموعه⁩	1204
⁧کمد⁩	1203
⁧گارد⁩	1203
⁧خونسرد⁩	1202
⁧راجر⁩	1202
⁧مالکوم⁩	1202
⁧پولم⁩	1202
⁧ابزار⁩	1201
⁧شیطون⁩	1201
⁧گیریم⁩	1201
⁧همسرتون⁩	1200
⁧کلک⁩	1200
⁧الانشم⁩	1199
⁧فکرکنم⁩	1199
⁧تجاری⁩	1198
⁧عقیده⁩	1198
⁧ماهیگیری⁩	1198
⁧مرتیکه⁩	1198
⁧ملک⁩	1198
⁧مهمتر⁩	1198
⁧دانلود⁩	1197
⁧زنیم⁩	1197
⁧شعله⁩	1197
⁧عینک⁩	1197
⁧باهمدیگه⁩	1196
⁧خاطرش⁩	1196
⁧ماشینی⁩	1196
⁧اتحاد⁩	1195
⁧اغلب⁩	1195
⁧عوضش⁩	1195
⁧آلفرد⁩	1194
⁧وینسنت⁩	1194
⁧چکش⁩	1193
⁧حقیقته⁩	1192
⁧بپوشی⁩	1191
⁧تحقیر⁩	1191
⁧اعتبار⁩	1190
⁧حواستون⁩	1190
⁧عدد⁩	1190
⁧متوقفش⁩	1190
⁧ممنوع⁩	1189
⁧اونموقع⁩	1188
⁧تالار⁩	1188
⁧مطرح⁩	1188
⁧میشناسه⁩	1188
⁧ایکس⁩	1187
⁧خبردار⁩	1186
⁧مزخرفات⁩	1186
⁧پارکر⁩	1186
⁧تعدادی⁩	1185
⁧تیلور⁩	1185
⁧گلن⁩	1185
⁧مستی⁩	1184
⁧پایتخت⁩	1184
⁧گرچه⁩	1184
⁧جنایی⁩	1183
⁧میمونیم⁩	1183
⁧ازای⁩	1182
⁧اسرار⁩	1182
⁧دکستر⁩	1182
⁧قویه⁩	1182
⁧گردی⁩	1182
⁧مدال⁩	1181
⁧نزدی⁩	1181
⁧سرنخ⁩	1180
⁧مجبورش⁩	1180
⁧نفت⁩	1180
⁧نینا⁩	1180
⁧سپری⁩	1179
⁧قبولش⁩	1179
⁧برگردونی⁩	1178
⁧تروریستی⁩	1178
⁧واستا⁩	1178
⁧بازسازی⁩	1177
⁧تواند⁩	1177
⁧پارکینگ⁩	1177
⁧ببرمت⁩	1176
⁧سلطان⁩	1176
⁧مارتا⁩	1176
⁧لنیستر⁩	1175
⁧والا⁩	1175
⁧گرفتند⁩	1175
⁧ماشینش⁩	1174
⁧افتضاح⁩	1173
⁧بپوشم⁩	1173
⁧لحظات⁩	1173
⁧گرون⁩	1173
⁧تئوری⁩	1172
⁧دیم⁩	1172
⁧الکساندر⁩	1171
⁧بتمن⁩	1171
⁧سومین⁩	1171
⁧شنوی⁩	1171
⁧ممنوعه⁩	1171
⁧یونان⁩	1171
⁧رومی⁩	1169
⁧بنا⁩	1168
⁧فایل⁩	1168
⁧مقر⁩	1168
⁧موندی⁩	1168
⁧هزارتا⁩	1168
⁧دارایی⁩	1167
⁧ماند⁩	1167
⁧دستمال⁩	1166
⁧شیاطین⁩	1166
⁧عدم⁩	1166
⁧خوشبخت⁩	1164
⁧فرستادی⁩	1164
⁧قفسه⁩	1164
⁧مربوطه⁩	1164
⁧میمیریم⁩	1164
⁧اونجان⁩	1163
⁧مونیکا⁩	1162
⁧دلقک⁩	1161
⁧میخونه⁩	1161
⁧نیو⁩	1161
⁧هردو⁩	1161
⁧پیشرفته⁩	1161
⁧معمول⁩	1158
⁧کشتار⁩	1158
⁧تیز⁩	1157
⁧معنیه⁩	1157
⁧استون⁩	1156
⁧تصمیمی⁩	1156
⁧حرفات⁩	1156
⁧هاتو⁩	1155
⁧هرجایی⁩	1155
⁧وایسید⁩	1155
⁧اوردی⁩	1154
⁧بمیریم⁩	1154
⁧دونن⁩	1154
⁧بجنگیم⁩	1153
⁧برگردن⁩	1153
⁧تغذیه⁩	1153
⁧امواج⁩	1152
⁧روان⁩	1152
⁧فینچ⁩	1152
⁧نوک⁩	1152
⁧پارسال⁩	1152
⁧پیشنهادی⁩	1152
⁧کردنت⁩	1152
⁧بسازم⁩	1151
⁧ثروت⁩	1150
⁧دستا⁩	1150
⁧لوری⁩	1150
⁧لوییس⁩	1150
⁧اعتباری⁩	1148
⁧دنبالشون⁩	1148
⁧منشی⁩	1148
⁧برایه⁩	1147
⁧نازی⁩	1147
⁧برسونی⁩	1146
⁧غرور⁩	1146
⁧قرارمون⁩	1146
⁧محو⁩	1146
⁧مفهوم⁩	1146
⁧بفرمائید⁩	1144
⁧پیانو⁩	1143
⁧گردیم⁩	1143
⁧احتمالش⁩	1142
⁧شدنه⁩	1142
⁧دانشکده⁩	1141
⁧عموی⁩	1141
⁧پیدام⁩	1140
⁧گنج⁩	1140
⁧آنتونی⁩	1139
⁧خفن⁩	1139
⁧نانسی⁩	1139
⁧کیلو⁩	1139
⁧بشریت⁩	1138
⁧حزب⁩	1138
⁧روراست⁩	1138
⁧یونانی⁩	1137
⁧ردینگتون⁩	1136
⁧نشستم⁩	1136
⁧همشو⁩	1136
⁧هیتلر⁩	1136
⁧آشکار⁩	1135
⁧آلبرت⁩	1135
⁧حساس⁩	1135
⁧کلر⁩	1135
⁧سانی⁩	1134
⁧پذیر⁩	1134
⁧چشماتو⁩	1134
⁧دوستانه⁩	1133
⁧دهم⁩	1132
⁧باکره⁩	1131
⁧توله⁩	1131
⁧دفترم⁩	1131
⁧دوام⁩	1131
⁧شکاف⁩	1131
⁧مسافر⁩	1131
⁧رمزی⁩	1130
⁧میشل⁩	1129
⁧کندی⁩	1129
⁧بخورن⁩	1128
⁧تلگرام⁩	1128
⁧نصفه⁩	1128
⁧ایمنی⁩	1127
⁧دهنم⁩	1127
⁧سطل⁩	1127
⁧صمیمی⁩	1127
⁧میخوریم⁩	1127
⁧بستن⁩	1126
⁧بغلم⁩	1126
⁧جوک⁩	1126
⁧هوی⁩	1126
⁧کتابخونه⁩	1126
⁧استار⁩	1125
⁧جودی⁩	1125
⁧همونه⁩	1125
⁧هیل⁩	1125
⁧اونچه⁩	1124
⁧جوابی⁩	1124
⁧ضروری⁩	1124
⁧ننگ⁩	1124
⁧جلوشون⁩	1123
⁧گو⁩	1123
⁧نگهبانان⁩	1122
⁧ایزابل⁩	1121
⁧خوابیدن⁩	1121
⁧متیو⁩	1121
⁧جر⁩	1120
⁧درب⁩	1120
⁧آفریقا⁩	1119
⁧اورژانس⁩	1119
⁧تیک⁩	1119
⁧دانشمند⁩	1119
⁧فرمانروایی⁩	1119
⁧مهر⁩	1119
⁧ایندفعه⁩	1118
⁧بگردم⁩	1117
⁧حقیقی⁩	1117
⁧هنگ⁩	1117
⁧شکی⁩	1116
⁧هاشو⁩	1116
⁧پدرتون⁩	1116
⁧گردش⁩	1116
⁧اعماق⁩	1115
⁧لوسیفر⁩	1115
⁧همین؟⁩	1115
⁧تازگی⁩	1113
⁧جدیدت⁩	1113
⁧میگردن⁩	1113
⁧نزنی⁩	1113
⁧نگرفته⁩	1113
⁧برگردونیم⁩	1112
⁧جوی⁩	1112
⁧علائم⁩	1112
⁧لیو⁩	1112
⁧شهرت⁩	1111
⁧نکردنیه⁩	1110
⁧واسمون⁩	1110
⁧گرفتار⁩	1110
⁧بذارن⁩	1109
⁧خوب؟⁩	1109
⁧محشره⁩	1109
⁧میذاریم⁩	1109
⁧بنت⁩	1108
⁧شنیدین⁩	1108
⁧ترفیع⁩	1107
⁧خوشتون⁩	1107
⁧دونین⁩	1107
⁧کسل⁩	1107
⁧بلوک⁩	1106
⁧ترافیک⁩	1106
⁧دنده⁩	1106
⁧قربان؟⁩	1106
⁧دستبند⁩	1105
⁧روحت⁩	1105
⁧زندون⁩	1105
⁧نگرفتی⁩	1105
⁧پسرتون⁩	1105
⁧کوسه⁩	1105
⁧حدی⁩	1103
⁧رک⁩	1103
⁧ولت⁩	1103
⁧حالشون⁩	1102
⁧ز⁩	1102
⁧کنده⁩	1102
⁧بهانه⁩	1100
⁧دشمنان⁩	1100
⁧ضمنا⁩	1100
⁧دارای⁩	1099
⁧والی⁩	1099
⁧وعده⁩	1099
⁧بکار⁩	1098
⁧بینه⁩	1098
⁧دستاتو⁩	1098
⁧نمیشناسی⁩	1098
⁧مخالفت⁩	1097
⁧کدومشون⁩	1097
⁧سوپر⁩	1096
⁧هرجا⁩	1096
⁧بریز⁩	1095
⁧سئوال⁩	1095
⁧مشاوره⁩	1095
⁧بخوابید⁩	1094
⁧ردش⁩	1094
⁧رود⁩	1094
⁧نخواستم⁩	1094
⁧قطره⁩	1093
⁧نگهدار⁩	1093
⁧پاهات⁩	1093
⁧بست⁩	1091
⁧بوش⁩	1091
⁧میتونستیم⁩	1091
⁧واکر⁩	1091
⁧کارمند⁩	1091
⁧اواخر⁩	1090
⁧رفتند⁩	1090
⁧اتهام⁩	1089
⁧ایا⁩	1089
⁧شورشی⁩	1089
⁧میلی⁩	1089
⁧کنیم؟⁩	1089
⁧رسانه⁩	1088
⁧مایلز⁩	1088
⁧همینکارو⁩	1088
⁧ضرر⁩	1087
⁧میلیارد⁩	1087
⁧چیزیو⁩	1087
⁧اتاقی⁩	1086
⁧غیرقانونی⁩	1086
⁧نجاتم⁩	1086
⁧شوکه⁩	1085
⁧میامی⁩	1085
⁧مین⁩	1085
⁧گرگینه⁩	1085
⁧اونطور⁩	1083
⁧بادی⁩	1083
⁧برداره⁩	1083
⁧حقیقتش⁩	1083
⁧کلوب⁩	1083
⁧شامپاین⁩	1082
⁧موقعیتی⁩	1082
⁧نمیریم⁩	1082
⁧یانگ⁩	1082
⁧باتری⁩	1081
⁧محترم⁩	1081
⁧محصول⁩	1081
⁧شهروند⁩	1080
⁧نصب⁩	1080
⁧هومر⁩	1079
⁧وقتم⁩	1079
⁧کهنه⁩	1079
⁧فنجون⁩	1078
⁧میاد؟⁩	1078
⁧بحران⁩	1077
⁧میرسونه⁩	1077
⁧میکردند⁩	1077
⁧نمیارم⁩	1077
⁧بگردی⁩	1076
⁧ناراحتم⁩	1076
⁧ترتیبش⁩	1075
⁧انگیزی⁩	1074
⁧بنویس⁩	1074
⁧جکی⁩	1074
⁧عراق⁩	1074
⁧موجب⁩	1074
⁧اوردم⁩	1073
⁧خبر؟⁩	1073
⁧سرانجام⁩	1072
⁧ایالتی⁩	1071
⁧بازنشسته⁩	1071
⁧جاهایی⁩	1071
⁧ببندین⁩	1070
⁧نمیفته⁩	1070
⁧پلاک⁩	1070
⁧گرین⁩	1070
⁧توجهی⁩	1069
⁧جذابه⁩	1069
⁧سالت⁩	1069
⁧صلیب⁩	1069
⁧اتحادیه⁩	1068
⁧ادب⁩	1068
⁧مورفی⁩	1068
⁧هامو⁩	1068
⁧ابر⁩	1067
⁧برخلاف⁩	1067
⁧بنویسی⁩	1067
⁧شل⁩	1067
⁧عادیه⁩	1067
⁧فرنگی⁩	1067
⁧الکتریکی⁩	1066
⁧خودمونو⁩	1066
⁧نشستن⁩	1066
⁧نمیمونه⁩	1066
⁧حرفام⁩	1065
⁧نیگا⁩	1065
⁧چشمان⁩	1065
⁧حرفهای⁩	1064
⁧خانوما⁩	1063
⁧پاهای⁩	1063
⁧امپراتور⁩	1062
⁧دون⁩	1062
⁧نمره⁩	1062
⁧اشلی⁩	1060
⁧بفرستیم⁩	1060
⁧تیمی⁩	1060
⁧خاکستری⁩	1060
⁧رون⁩	1060
⁧الایژا⁩	1059
⁧تغییرات⁩	1059
⁧جهش⁩	1059
⁧حرفمو⁩	1059
⁧خانوادت⁩	1059
⁧خانوادم⁩	1059
⁧مارسل⁩	1059
⁧مستقر⁩	1059
⁧گردون⁩	1059
⁧تقویت⁩	1058
⁧تیره⁩	1058
⁧شاخ⁩	1058
⁧مالک⁩	1058
⁧مسیحی⁩	1058
⁧دستگیری⁩	1057
⁧نمایشگاه⁩	1057
⁧منتظرش⁩	1056
⁧اهدا⁩	1055
⁧بزرگم⁩	1055
⁧بورن⁩	1055
⁧ضرب⁩	1055
⁧پلیسه⁩	1055
⁧بخوابین⁩	1054
⁧تاسف⁩	1054
⁧زودباشید⁩	1054
⁧ببریمش⁩	1053
⁧بهبود⁩	1053
⁧لایق⁩	1053
⁧هالی⁩	1053
⁧جوانی⁩	1052
⁧مناطق⁩	1052
⁧همونجوری⁩	1052
⁧بدش⁩	1050
⁧خلیج⁩	1050
⁧شکستن⁩	1050
⁧وام⁩	1050
⁧خصوص⁩	1049
⁧روشنش⁩	1049
⁧مشتاق⁩	1049
⁧پایینه⁩	1049
⁧طهماسبی⁩	1048
⁧فنا⁩	1047
⁧فین⁩	1047
⁧مکزیکی⁩	1047
⁧چقد⁩	1047
⁧رقاص⁩	1046
⁧ریختن⁩	1046
⁧زوده⁩	1046
⁧قاچاق⁩	1046
⁧گفت؟⁩	1046
⁧توانم⁩	1045
⁧جیگر⁩	1045
⁧داره؟⁩	1045
⁧جلوه⁩	1044
⁧شدنش⁩	1044
⁧مقصد⁩	1044
⁧دونستن⁩	1043
⁧روند⁩	1043
⁧کمیته⁩	1043
⁧ببندم⁩	1042
⁧جسم⁩	1042
⁧بندر⁩	1040
⁧میندازم⁩	1040
⁧بندازید⁩	1039
⁧شکوه⁩	1039
⁧مایع⁩	1039
⁧وال⁩	1039
⁧بجنگی⁩	1038
⁧تصورش⁩	1038
⁧باران⁩	1037
⁧زئوس⁩	1037
⁧کارمو⁩	1037
⁧زمانش⁩	1036
⁧سفیر⁩	1036
⁧مترجمین⁩	1036
⁧میبریم⁩	1036
⁧نمیبینی⁩	1036
⁧ولنتاین⁩	1036
⁧اتاقش⁩	1035
⁧بعضیا⁩	1035
⁧بنی⁩	1035
⁧مدار⁩	1035
⁧حدودا⁩	1034
⁧روبات⁩	1034
⁧لوکاس⁩	1034
⁧اسپانیا⁩	1033
⁧ایان⁩	1033
⁧عملیاتی⁩	1033
⁧فدا⁩	1033
⁧مهمات⁩	1033
⁧ناپذیر⁩	1033
⁧باورنکردنیه⁩	1032
⁧گاییدمت⁩	1032
⁧رضایت⁩	1031
⁧تابلو⁩	1030
⁧جاناتان⁩	1030
⁧آرایش⁩	1029
⁧بهونه⁩	1029
⁧کاسه⁩	1029
⁧گودال⁩	1029
⁧دویست⁩	1028
⁧ارسال⁩	1027
⁧فکرشم⁩	1027
⁧لبه⁩	1027
⁧انقلاب⁩	1026
⁧تمایل⁩	1026
⁧نیومدی⁩	1026
⁧خبرهای⁩	1025
⁧دادستان⁩	1025
⁧میشنوی؟⁩	1025
⁧کارگر⁩	1025
⁧گوه⁩	1025
⁧تقدیر⁩	1024
⁧عده⁩	1024
⁧فکرم⁩	1024
⁧هنگامی⁩	1024
⁧یتیم⁩	1024
⁧حرکات⁩	1023
⁧درآمد⁩	1023
⁧ابدی⁩	1022
⁧جمجمه⁩	1022
⁧سرتاسر⁩	1022
⁧سکته⁩	1022
⁧ششم⁩	1022
⁧قطب⁩	1022
⁧دومی⁩	1021
⁧کشنده⁩	1021
⁧کودکان⁩	1021
⁧روحیه⁩	1020
⁧سراغت⁩	1020
⁧نشستی⁩	1020
⁧افرادش⁩	1019
⁧جولی⁩	1019
⁧گر⁩	1019
⁧تگزاس⁩	1018
⁧راهب⁩	1018
⁧رگ⁩	1018
⁧گویی⁩	1018
⁧سوپرمن⁩	1017
⁧وادار⁩	1017
⁧امم⁩	1016
⁧اولویت⁩	1016
⁧تقلب⁩	1016
⁧سپر⁩	1016
⁧مجبورت⁩	1016
⁧ناتالی⁩	1016
⁧ورق⁩	1016
⁧ویر⁩	1016
⁧حیوان⁩	1015
⁧خطرناکی⁩	1015
⁧میرسید⁩	1015
⁧گلف⁩	1015
⁧احمقه⁩	1014
⁧بشینیم⁩	1014
⁧بلاخره⁩	1014
⁧پنجه⁩	1014
⁧براساس⁩	1013
⁧سوزن⁩	1013
⁧غلبه⁩	1013
⁧مدیون⁩	1013
⁧پذیرایی⁩	1013
⁧آلت⁩	1012
⁧شدیدا⁩	1012
⁧کجام⁩	1012
⁧کنارم⁩	1012
⁧جونش⁩	1011
⁧خوشتیپ⁩	1011
⁧دیوارها⁩	1011
⁧پذیرش⁩	1011
⁧کارکنان⁩	1011
⁧یخورده⁩	1011
⁧بخره⁩	1010
⁧امر⁩	1009
⁧ترسناکه⁩	1009
⁧فیلمی⁩	1009
⁧بجنگم⁩	1008
⁧ریه⁩	1008
⁧رسوند⁩	1007
⁧عقلت⁩	1007
⁧نخ⁩	1007
⁧تاب⁩	1006
⁧مریخ⁩	1006
⁧جاستین⁩	1005
⁧قدش⁩	1005
⁧مرلین⁩	1005
⁧وودی⁩	1005
⁧پروانه⁩	1005
⁧اراده⁩	1004
⁧توان⁩	1004
⁧ریتا⁩	1004
⁧سوت⁩	1004
⁧میبینید⁩	1004
⁧کیری⁩	1004
⁧میذارن⁩	1003
⁧نمیومد⁩	1003
⁧وید⁩	1003
⁧کلبه⁩	1003
⁧برگردونه⁩	1002
⁧خالص⁩	1002
⁧نرفتم⁩	1002
⁧پشتت⁩	1002
⁧دشمنی⁩	1001
⁧رویایی⁩	1001
⁧میکی⁩	1001
⁧اعداد⁩	1000
⁧بدهکاری⁩	1000
⁧ارث⁩	999
⁧ایتالیا⁩	999
⁧بشینین⁩	999
⁧سوابق⁩	999
⁧برداریم⁩	998
⁧رانی⁩	998
⁧شهره⁩	998
⁧مدیره⁩	998
⁧مزاحمت⁩	998
⁧اسناد⁩	997
⁧ببریدش⁩	997
⁧بفرسته⁩	997
⁧درخشان⁩	997
⁧شغلی⁩	996
⁧شمع⁩	996
⁧پرورش⁩	996
⁧ثروتمند⁩	995
⁧میومدم⁩	995
⁧ریاست⁩	994
⁧شاگرد⁩	994
⁧فروشنده⁩	994
⁧وایساده⁩	994
⁧آشپز⁩	993
⁧تراویس⁩	993
⁧نجیب⁩	993
⁧بنام⁩	992
⁧آد⁩	991
⁧بالاترین⁩	991
⁧شورا⁩	991
⁧مایا⁩	991
⁧بسازی⁩	990
⁧تئاتر⁩	990
⁧خوابی⁩	990
⁧مم⁩	990
⁧گاوصندوق⁩	990
⁧موسی⁩	989
⁧همونجایی⁩	989
⁧اینکارا⁩	988
⁧بچگی⁩	988
⁧دهید⁩	988
⁧عرشه⁩	988
⁧علف⁩	988
⁧نباشین⁩	988
⁧چادر⁩	988
⁧توبی⁩	987
⁧خنک⁩	987
⁧هیولای⁩	987
⁧ورزشی⁩	987
⁧اونکارو⁩	986
⁧دلم⁩	986
⁧شیوه⁩	986
⁧نگا⁩	986
⁧نگرانت⁩	986
⁧ویکتوریا⁩	986
⁧کباب⁩	986
⁧بسازه⁩	985
⁧نکشتم⁩	985
⁧آوردین⁩	984
⁧اینحال⁩	984
⁧سانسا⁩	984
⁧عصبانیت⁩	984
⁧جنگه⁩	983
⁧ساختی⁩	983
⁧استن⁩	982
⁧سفارت⁩	982
⁧نمیدونن⁩	982
⁧بردارین⁩	981
⁧زدنت⁩	981
⁧فلج⁩	981
⁧مصر⁩	981
⁧هانت⁩	981
⁧وا⁩	981
⁧انجیل⁩	980
⁧ماریان⁩	980
⁧هیلی⁩	980
⁧نشنیده⁩	979
⁧بپا⁩	978
⁧جانسون⁩	978
⁧کلیه⁩	978
⁧باحالی⁩	977
⁧حشره⁩	977
⁧موریس⁩	977
⁧بریتانیا⁩	976
⁧پیشگویی⁩	976
⁧آژانس⁩	974
⁧بابتش⁩	974
⁧توجیه⁩	973
⁧وینترفل⁩	973
⁧کدام⁩	973
⁧ادای⁩	972
⁧میپرسی⁩	972
⁧چاه⁩	972
⁧ار⁩	971
⁧اسمتون⁩	971
⁧خرابکاری⁩	971
⁧خنثی⁩	971
⁧سگه⁩	971
⁧بزرگراه⁩	970
⁧نزار⁩	970
⁧هودور⁩	970
⁧پابلو⁩	970
⁧الکلی⁩	969
⁧چت⁩	968
⁧دنبالمون⁩	967
⁧رازی⁩	967
⁧هوشمندانه⁩	967
⁧تخمی⁩	966
⁧کونگ⁩	966
⁧اعمال⁩	965
⁧ببندید⁩	965
⁧چندان⁩	965
⁧باستانی⁩	964
⁧طولانیه⁩	964
⁧ناز⁩	964
⁧تغییری⁩	963
⁧توصیف⁩	963
⁧دری⁩	963
⁧عاقلانه⁩	963
⁧اوج⁩	962
⁧بخورش⁩	962
⁧مشورت⁩	962
⁧مهربونی⁩	961
⁧ویک⁩	961
⁧کنارت⁩	961
⁧بودجه⁩	960
⁧میبرن⁩	960
⁧چشمت⁩	960
⁧رختخواب⁩	959
⁧لئو⁩	959
⁧موکل⁩	959
⁧اخلاقی⁩	958
⁧فیبی⁩	958
⁧پاپوش⁩	958
⁧پره⁩	958
⁧بتونید⁩	957
⁧اسامی⁩	956
⁧ببخشی⁩	956
⁧جوابش⁩	956
⁧لیندا⁩	956
⁧پاکت⁩	956
⁧بردارید⁩	955
⁧مشابه⁩	955
⁧شصت⁩	954
⁧مردگان⁩	954
⁧نشست⁩	954
⁧نیفتاده⁩	954
⁧آمادگی⁩	953
⁧بهار⁩	953
⁧خوشبختی⁩	953
⁧ماشینه⁩	952
⁧هرکس⁩	952
⁧نتونیم⁩	951
⁧بینید⁩	950
⁧تنفس⁩	950
⁧دینگ⁩	950
⁧لینکلن⁩	950
⁧مرموز⁩	950
⁧نمیاره⁩	950
⁧پاهام⁩	950
⁧یواشکی⁩	950
⁧استخون⁩	949
⁧توه⁩	949
⁧دفترچه⁩	949
⁧راج⁩	949
⁧همشونو⁩	949
⁧برودی⁩	948
⁧تاریخی⁩	948
⁧عمق⁩	948
⁧منزل⁩	948
⁧مکالمه⁩	947
⁧شکلیه⁩	945
⁧موسسه⁩	945
⁧یهویی⁩	945
⁧شواهد⁩	944
⁧نوشتی⁩	944
⁧وحش⁩	943
⁧بلندتر⁩	942
⁧تبعید⁩	942
⁧جوزف⁩	942
⁧سنتی⁩	942
⁧گشتن⁩	942
⁧بترسی⁩	941
⁧سیدنی⁩	941
⁧طعم⁩	941
⁧عهد⁩	941
⁧میدیدم⁩	941
⁧پاتو⁩	940
⁧جبار⁩	939
⁧خواستیم⁩	939
⁧فاش⁩	939
⁧فداکاری⁩	939
⁧گفتگو⁩	939
⁧یافت⁩	939
⁧اخر⁩	938
⁧تشنه⁩	938
⁧متنفری⁩	938
⁧کجاییم⁩	938
⁧آسونی⁩	937
⁧دلایلی⁩	937
⁧دوستیم⁩	937
⁧گردنبند⁩	937
⁧تلویزیونی⁩	936
⁧جارو⁩	936
⁧جافری⁩	936
⁧خیریه⁩	936
⁧زنا⁩	936
⁧مطمئنم⁩	936
⁧وارث⁩	936
⁧گا⁩	936
⁧باهوشه⁩	935
⁧بفرستی⁩	935
⁧کالینز⁩	935
⁧اختلال⁩	934
⁧اساسا⁩	934
⁧اقامت⁩	934
⁧فورد⁩	934
⁧نرفتی⁩	934
⁧مطلع⁩	933
⁧معنایی⁩	933
⁧دماغ⁩	932
⁧نمیگیره⁩	932
⁧گاراژ⁩	932
⁧دلال⁩	931
⁧سربازها⁩	931
⁧شیفت⁩	931
⁧میزنی؟⁩	931
⁧اشغال⁩	930
⁧قلم⁩	930
⁧مند⁩	930
⁧ردیاب⁩	929
⁧مارگارت⁩	929
⁧مجدد⁩	929
⁧آید⁩	928
⁧جلوت⁩	928
⁧ماجراجویی⁩	927
⁧افتضاحه⁩	926
⁧توسعه⁩	926
⁧روبراه⁩	926
⁧لکه⁩	926
⁧مگان⁩	926
⁧نمیخوان⁩	926
⁧نمیشیم⁩	926
⁧اقا⁩	925
⁧جفتتون⁩	925
⁧خسارت⁩	925
⁧ندادن⁩	925
⁧گردونم⁩	925
⁧یکیش⁩	925
⁧خال⁩	924
⁧روده⁩	924
⁧فقیر⁩	923
⁧کا⁩	923
⁧گرفتیش⁩	923
⁧زندست⁩	922
⁧منفجره⁩	922
⁧ناگهان⁩	922
⁧پارو⁩	922
⁧برس⁩	921
⁧دوستشون⁩	921
⁧ساکن⁩	921
⁧شنوم⁩	921
⁧لوازم⁩	921
⁧برسونیم⁩	920
⁧قدردانی⁩	920
⁧منصفه⁩	920
⁧هدفی⁩	920
⁧زدین⁩	919
⁧میگشتم⁩	919
⁧العادست⁩	918
⁧نمیخورم⁩	918
⁧همونیه⁩	918
⁧کاب⁩	918
⁧کنسرت⁩	918
⁧بکشمش⁩	917
⁧تابوت⁩	917
⁧دارویی⁩	917
⁧صبور⁩	917
⁧قرنطینه⁩	917
⁧لای⁩	917
⁧ارل⁩	916
⁧بینی؟⁩	916
⁧تصرف⁩	916
⁧میفهمه⁩	916
⁧الیوت⁩	915
⁧منحصر⁩	915
⁧بیوه⁩	914
⁧لااقل⁩	914
⁧پرید⁩	914
⁧بفرستید⁩	913
⁧میخونی⁩	913
⁧جوونی⁩	912
⁧ژنتیکی⁩	912
⁧جولیت⁩	911
⁧سپتامبر⁩	911
⁧نارنجک⁩	911
⁧چوبی⁩	911
⁧دادنش⁩	910
⁧ویلی⁩	910
⁧گرفته؟⁩	910
⁧سنگینی⁩	909
⁧و؟⁩	909
⁧تحلیل⁩	908
⁧جدیه⁩	908
⁧دایانا⁩	908
⁧متاسف⁩	908
⁧همو⁩	908
⁧کجان؟⁩	908
⁧برقص⁩	907
⁧خریدی⁩	907
⁧کوکائین⁩	907
⁧چهارتا⁩	906
⁧کمان⁩	906
⁧افسرده⁩	905
⁧بنگ⁩	905
⁧آخری⁩	904
⁧ابله⁩	904
⁧شوروی⁩	904
⁧عفو⁩	904
⁧میشدن⁩	904
⁧شاهدخت⁩	903
⁧هفتم⁩	901
⁧آیریس⁩	900
⁧خیالی⁩	900
⁧سندی⁩	900
⁧مارلی⁩	900
⁧هنرمند⁩	900
⁧محبت⁩	899
⁧آشغالی⁩	898
⁧نهار⁩	897
⁧روبه⁩	896
⁧روشون⁩	896
⁧پسرای⁩	896
⁧گذره⁩	896
⁧حساسیت⁩	895
⁧باختی⁩	894
⁧تایی⁩	894
⁧لانگ⁩	894
⁧برتر⁩	893
⁧نشدیم⁩	893
⁧اینجا؟⁩	892
⁧بروکلین⁩	892
⁧شورای⁩	892
⁧مجرد⁩	892
⁧ازش⁩	891
⁧دوستاش⁩	891
⁧سختیه⁩	891
⁧قضایا⁩	891
⁧مسخرست⁩	891
⁧واستون⁩	891
⁧بخت⁩	890
⁧ترسیدن⁩	890
⁧شرلوک⁩	890
⁧کتی⁩	890
⁧استوارت⁩	888
⁧انها⁩	888
⁧بزرگت⁩	888
⁧پارچه⁩	888
⁧بالغ⁩	887
⁧بیهوده⁩	887
⁧دانیل⁩	887
⁧سرسی⁩	887
⁧مشکلش⁩	887
⁧مهندس⁩	887
⁧سعید⁩	886
⁧گاس⁩	886
⁧جنیفر⁩	885
⁧رعایت⁩	885
⁧ارتباطات⁩	884
⁧شهروندان⁩	884
⁧عنکبوت⁩	884
⁧متن⁩	884
⁧الله⁩	883
⁧جادوگری⁩	883
⁧توو⁩	882
⁧سیندی⁩	882
⁧قابلیت⁩	882
⁧ماجرای⁩	882
⁧مخ⁩	882
⁧گرما⁩	882
⁧میفهمی؟⁩	881
⁧میگم؟⁩	881
⁧همراهم⁩	881
⁧اصیل⁩	880
⁧بث⁩	880
⁧تنفر⁩	880
⁧میشه؟⁩	880
⁧هرج⁩	880
⁧چاله⁩	880
⁧خوابیدم⁩	879
⁧راهنما⁩	879
⁧ردیفه⁩	879
⁧عشقه⁩	879
⁧نکنن⁩	879
⁧وود⁩	879
⁧احساسش⁩	878
⁧خوابت⁩	878
⁧لیام⁩	878
⁧کجای⁩	878
⁧گریم⁩	878
⁧استو⁩	877
⁧رنگی⁩	877
⁧شاخه⁩	877
⁧طرفی⁩	877
⁧نوری⁩	877
⁧اسکاتی⁩	876
⁧اینصورت⁩	876
⁧حرفایی⁩	876
⁧روزانه⁩	876
⁧دخترهای⁩	875
⁧رتبه⁩	875
⁧کارلوس⁩	875
⁧یخچال⁩	875
⁧خارجه⁩	874
⁧میریزه⁩	874
⁧فرهنگ⁩	873
⁧مشخصا⁩	873
⁧پاسپورت⁩	873
⁧بز⁩	871
⁧تیا⁩	871
⁧دهان⁩	871
⁧دورتر⁩	871
⁧جاها⁩	870
⁧حداکثر⁩	870
⁧ندیدمت⁩	870
⁧بگذرونم⁩	869
⁧دمت⁩	869
⁧سوفیا⁩	869
⁧منجر⁩	869
⁧نتونستیم⁩	869
⁧هرکدوم⁩	869
⁧توقع⁩	868
⁧دخترتون⁩	868
⁧عرضه⁩	868
⁧گوسفند⁩	868
⁧الهه⁩	867
⁧برقصیم⁩	867
⁧لیگ⁩	867
⁧کنندست⁩	867
⁧آزادش⁩	866
⁧آموز⁩	866
⁧ارزیابی⁩	866
⁧خلوت⁩	866
⁧زمستون⁩	866
⁧میشدی⁩	866
⁧بیشاپ⁩	865
⁧مادری⁩	865
⁧نیش⁩	865
⁧وسوسه⁩	865
⁧خبرنگار⁩	864
⁧راهو⁩	864
⁧میاین⁩	864
⁧میله⁩	864
⁧چمدون⁩	864
⁧راجبش⁩	863
⁧پرسه⁩	863
⁧ابتدا⁩	862
⁧بهای⁩	862
⁧تردید⁩	862
⁧جاذبه⁩	862
⁧زندگیمو⁩	862
⁧غریبی⁩	862
⁧چرخه⁩	862
⁧بیسبال⁩	861
⁧حقایق⁩	861
⁧حقوقی⁩	861
⁧عزیزم؟⁩	860
⁧بخریم⁩	859
⁧یارویی⁩	859
⁧تصویری⁩	858
⁧نوش⁩	858
⁧آنجلا⁩	857
⁧فامیل⁩	857
⁧اقتصادی⁩	856
⁧خوراک⁩	856
⁧هردوتون⁩	856
⁧خاتمه⁩	855
⁧زر⁩	855
⁧غمگین⁩	855
⁧معکوس⁩	855
⁧دلمون⁩	854
⁧راند⁩	854
⁧میشناسیش⁩	854
⁧باشکوه⁩	853
⁧عطر⁩	853
⁧لیسا⁩	853
⁧متری⁩	853
⁧اهداف⁩	852
⁧برند⁩	852
⁧شرمندم⁩	852
⁧قویتر⁩	852
⁧پیدامون⁩	852
⁧رو؟⁩	851
⁧موهاش⁩	851
⁧نشم⁩	851
⁧کلاغ⁩	851
⁧انتهای⁩	850
⁧اونجاست؟⁩	850
⁧ببرمش⁩	850
⁧دوبرابر⁩	850
⁧راهمون⁩	850
⁧میفرسته⁩	850
⁧اتمی⁩	849
⁧خبرای⁩	849
⁧قوطی⁩	849
⁧مرور⁩	849
⁧نویس⁩	849
⁧نپرس⁩	849
⁧رابط⁩	848
⁧موجودی⁩	848
⁧گرو⁩	848
⁧بابابزرگ⁩	847
⁧برادری⁩	847
⁧بریده⁩	847
⁧مور⁩	847
⁧نمیذاره⁩	847
⁧نوشت⁩	847
⁧چشمه⁩	847
⁧ترمز⁩	846
⁧جینی⁩	846
⁧درضمن⁩	846
⁧احتمالی⁩	845
⁧ترم⁩	845
⁧مختصات⁩	845
⁧میخونم⁩	845
⁧نگم⁩	845
⁧جعلی⁩	844
⁧اونقدرا⁩	843
⁧بتونین⁩	843
⁧حسودی⁩	843
⁧تان⁩	842
⁧تیغ⁩	842
⁧خواید⁩	842
⁧مدرن⁩	842
⁧بخواید⁩	841
⁧دیلان⁩	841
⁧میمونن⁩	841
⁧نان⁩	841
⁧نمیدیم⁩	841
⁧روپیه⁩	840
⁧فرانکی⁩	840
⁧پیشخدمت⁩	840
⁧بایستید⁩	839
⁧جدیدم⁩	839
⁧ناجور⁩	839
⁧نمیان⁩	839
⁧آلیسون⁩	838
⁧تکمیل⁩	838
⁧دارسی⁩	838
⁧نی⁩	838
⁧آنتن⁩	837
⁧ردی⁩	837
⁧مانی⁩	837
⁧مونرو⁩	837
⁧نه،نه،نه⁩	837
⁧نگام⁩	837
⁧چالش⁩	837
⁧آثار⁩	836
⁧الف⁩	836
⁧فلوریدا⁩	836
⁧میخواهید⁩	836
⁧روس⁩	835
⁧رینگ⁩	835
⁧لیدیا⁩	835
⁧هوس⁩	835
⁧کوچکترین⁩	835
⁧الهی⁩	834
⁧حوله⁩	834
⁧عبارت⁩	834
⁧مردای⁩	834
⁧کمربند⁩	834
⁧بسیارخوب⁩	833
⁧التحصیل⁩	832
⁧ایو⁩	832
⁧راکی⁩	832
⁧سپاه⁩	832
⁧گردنت⁩	832
⁧آشفته⁩	831
⁧بزارش⁩	831
⁧تنهاش⁩	831
⁧مبلغ⁩	831
⁧یکسان⁩	831
⁧ربات⁩	830
⁧میبینن⁩	830
⁧چاقوی⁩	830
⁧تلافی⁩	829
⁧نقاط⁩	829
⁧کای⁩	829
⁧سنا⁩	828
⁧سنگینه⁩	828
⁧لایه⁩	828
⁧مریم⁩	828
⁧میراندا⁩	828
⁧اونهایی⁩	827
⁧خوای؟⁩	827
⁧دستمو⁩	827
⁧رادیویی⁩	827
⁧سرپیچی⁩	827
⁧پاهاش⁩	827
⁧آرومتر⁩	826
⁧رابی⁩	826
⁧رکورد⁩	826
⁧عقاب⁩	826
⁧کمترین⁩	826
⁧گیتار⁩	826
⁧استیک⁩	825
⁧دسر⁩	825
⁧شایعات⁩	825
⁧مرتبط⁩	825
⁧ندم⁩	825
⁧آهسته⁩	824
⁧مادرتون⁩	824
⁧میشناسیم⁩	824
⁧وسایلت⁩	824
⁧بندازن⁩	823
⁧بینمتون⁩	823
⁧تنت⁩	823
⁧تکیه⁩	823
⁧دیل⁩	823
⁧میزبان⁩	823
⁧نمیترسم⁩	823
⁧کتابی⁩	823
⁧شنیدی؟⁩	822
⁧میکردین⁩	822
⁧بزرگتری⁩	821
⁧بلافاصله⁩	821
⁧حیاتی⁩	821
⁧سونیا⁩	821
⁧شناس⁩	821
⁧صوتی⁩	821
⁧فیزیک⁩	821
⁧مشخصات⁩	821
⁧وجدان⁩	821
⁧کشتمش⁩	821
⁧کمبود⁩	821
⁧یخی⁩	821
⁧برداشتن⁩	820
⁧تورین⁩	820
⁧زنجیره⁩	820
⁧میزاری⁩	820
⁧دردسری⁩	819
⁧شنیدید⁩	819
⁧استنیس⁩	818
⁧ایرلندی⁩	818
⁧زبانان⁩	818
⁧شیک⁩	818
⁧منن⁩	818
⁧نخوره⁩	818
⁧گذار⁩	818
⁧خراش⁩	817
⁧لاغر⁩	817
⁧کشتیش⁩	817
⁧الانش⁩	816
⁧اینبار⁩	816
⁧بلیک⁩	816
⁧نکردین⁩	816
⁧هریسون⁩	816
⁧وجودم⁩	816
⁧چو⁩	816
⁧بدهکارم⁩	815
⁧بشکه⁩	815
⁧صلاح⁩	815
⁧میسون⁩	815
⁧کوتاهی⁩	815
⁧دنباله⁩	814
⁧ذرت⁩	814
⁧میسوزه⁩	814
⁧ندیدیم⁩	814
⁧وست⁩	814
⁧پوله⁩	814
⁧کوبا⁩	814
⁧ضعیفه⁩	813
⁧تلاشم⁩	812
⁧جسدش⁩	812
⁧جواهر⁩	812
⁧راهت⁩	812
⁧زک⁩	811
⁧چیزیش⁩	811
⁧خودشونو⁩	810
⁧رقم⁩	810
⁧لرزه⁩	810
⁧الیس⁩	809
⁧نخواهیم⁩	809
⁧احمقا⁩	808
⁧جلیقه⁩	808
⁧دستتون⁩	808
⁧دلیله⁩	808
⁧موهام⁩	808
⁧پتی⁩	808
⁧تومور⁩	807
⁧خونگی⁩	807
⁧سوالات⁩	807
⁧پسران⁩	807
⁧پولا⁩	807
⁧ارزون⁩	806
⁧باستان⁩	806
⁧بفرستین⁩	806
⁧تارا⁩	806
⁧ذارم⁩	806
⁧رفت؟⁩	806
⁧اولا⁩	805
⁧بعید⁩	805
⁧جاشون⁩	805
⁧زیست⁩	805
⁧میشناختم⁩	805
⁧بدهکار⁩	804
⁧بینمون⁩	804
⁧شعبده⁩	804
⁧وقتمون⁩	804
⁧آگاه⁩	803
⁧اوه،خدای⁩	803
⁧بریزم⁩	803
⁧بزاره⁩	803
⁧جوریه⁩	803
⁧داغه⁩	803
⁧ساول⁩	803
⁧غیرممکن⁩	803
⁧فهرست⁩	803
⁧نت⁩	803
⁧وار⁩	803
⁧کات⁩	803
⁧آزاده⁩	802
⁧برفی⁩	802
⁧حاصل⁩	802
⁧ریز⁩	802
⁧اندرو⁩	801
⁧حسن⁩	801
⁧حماقت⁩	801
⁧ریاضی⁩	801
⁧مکانی⁩	801
⁧میگرفت⁩	801
⁧کابین⁩	801
⁧کانادا⁩	801
⁧کوره⁩	801
⁧کونم⁩	801
⁧داماد⁩	800
⁧رعد⁩	800
⁧شارژ⁩	800
⁧معنا⁩	800
⁧کارگاه⁩	800
⁧جلوم⁩	799
⁧خودتونو⁩	799
⁧سیزده⁩	799
⁧هالیوود⁩	799
⁧معشوقه⁩	798
⁧العمل⁩	797
⁧ببرینش⁩	797
⁧بگذرونی⁩	797
⁧بگذرونیم⁩	797
⁧حملات⁩	797
⁧دهند⁩	797
⁧لاتین⁩	797
⁧ازین⁩	796
⁧افغانستان⁩	796
⁧توت⁩	796
⁧خوابش⁩	796
⁧راسل⁩	796
⁧همراهت⁩	796
⁧بحال⁩	795
⁧بیارمش⁩	795
⁧تمیزش⁩	795
⁧نوشابه⁩	795
⁧ببوس⁩	794
⁧بخر⁩	794
⁧بدتره⁩	794
⁧رگنار⁩	794
⁧مخلوط⁩	794
⁧مردند⁩	794
⁧پانزده⁩	794
⁧بدزده⁩	792
⁧برقی⁩	792
⁧ساحلی⁩	792
⁧چجوریه⁩	792
⁧آمادست⁩	791
⁧ریدم⁩	791
⁧سد⁩	791
⁧آهنین⁩	790
⁧اینطوره⁩	790
⁧روشی⁩	790
⁧لهجه⁩	790
⁧حسادت⁩	789
⁧حیرت⁩	789
⁧دیویس⁩	789
⁧ریموند⁩	789
⁧زمانه⁩	789
⁧شناختم⁩	789
⁧آمار⁩	788
⁧بعدازظهر⁩	788
⁧جانشین⁩	788
⁧شخصیه⁩	788
⁧مسدود⁩	788
⁧میرا⁩	788
⁧تونستن⁩	787
⁧دستام⁩	787
⁧میخواهیم⁩	787
⁧افتخاری⁩	786
⁧وایسی⁩	786
⁧اونقدری⁩	785
⁧بخار⁩	785
⁧بیهوشی⁩	785
⁧جواهرات⁩	785
⁧خایه⁩	785
⁧غارت⁩	785
⁧ماهر⁩	785
⁧کمین⁩	785
⁧تعادل⁩	784
⁧غر⁩	784
⁧هیولایی⁩	784
⁧پولشو⁩	784
⁧امپراطور⁩	783
⁧بپرسیم⁩	783
⁧تلفات⁩	783
⁧حقیقتا⁩	783
⁧راهنمای⁩	783
⁧سنگی⁩	783
⁧علیاحضرت⁩	783
⁧زاویه⁩	782
⁧زندگیشون⁩	782
⁧هورا⁩	782
⁧چهارشنبه⁩	782
⁧شنید⁩	781
⁧برشون⁩	780
⁧تربیت⁩	780
⁧ناوگان⁩	779
⁧پدری⁩	779
⁧آدمه⁩	778
⁧تبلیغات⁩	778
⁧داشتنیه⁩	778
⁧رایلی⁩	778
⁧کنجکاو⁩	778
⁧آلبوم⁩	777
⁧ببندیم⁩	777
⁧برتری⁩	777
⁧بستم⁩	777
⁧بکشیدش⁩	777
⁧بگردین⁩	777
⁧صداقت⁩	777
⁧آزادم⁩	776
⁧ساختیم⁩	776
⁧غش⁩	776
⁧لنی⁩	776
⁧نمیکردی⁩	776
⁧بافت⁩	775
⁧بگیرند⁩	775
⁧متفاوته⁩	775
⁧تق⁩	774
⁧خشکی⁩	774
⁧دردت⁩	774
⁧ساحره⁩	774
⁧مغزم⁩	774
⁧پریده⁩	774
⁧تاک⁩	773
⁧دورگه⁩	773
⁧زنیکه⁩	773
⁧زهر⁩	773
⁧مسکو⁩	773
⁧پرسیدن⁩	773
⁧شرف⁩	772
⁧جریمه⁩	771
⁧پمپ⁩	771
⁧ابدا⁩	770
⁧تماشای⁩	770
⁧تعقیبش⁩	769
⁧حریف⁩	769
⁧دیوونگی⁩	769
⁧نشانی⁩	769
⁧هارلی⁩	769
⁧همکارم⁩	769
⁧هوپ⁩	769
⁧بانکی⁩	768
⁧جوابم⁩	768
⁧دستکاری⁩	768
⁧شرش⁩	768
⁧گذروندم⁩	768
⁧اخلاق⁩	767
⁧اسکله⁩	767
⁧مهمیه⁩	767
⁧هواتو⁩	767
⁧هیولاها⁩	767
⁧باک⁩	766
⁧ببندش⁩	766
⁧جردن⁩	766
⁧دوستتون⁩	766
⁧زمستان⁩	766
⁧محفظه⁩	766
⁧ملیسا⁩	766
⁧کینه⁩	766
⁧رژیم⁩	765
⁧سربازهای⁩	765
⁧شبا⁩	765
⁧صحبتی⁩	765
⁧عضوی⁩	765
⁧نرفت⁩	765
⁧اصطلاح⁩	764
⁧اصول⁩	764
⁧بتی⁩	764
⁧دزدکی⁩	764
⁧دکترها⁩	764
⁧ل⁩	764
⁧میدادن⁩	764
⁧میشوند⁩	764
⁧بوق⁩	763
⁧شرح⁩	763
⁧پوش⁩	763
⁧انسانیت⁩	762
⁧فحش⁩	762
⁧مردونه⁩	762
⁧نقض⁩	762
⁧دکتری⁩	761
⁧سالهای⁩	761
⁧لوید⁩	761
⁧نامرئی⁩	761
⁧آزمایشی⁩	760
⁧حصار⁩	760
⁧شناور⁩	760
⁧مبل⁩	760
⁧مرج⁩	760
⁧مرگه⁩	760
⁧ناشی⁩	760
⁧اختلاف⁩	759
⁧براوو⁩	759
⁧سامانتا⁩	759
⁧شناخت⁩	759
⁧عالم⁩	759
⁧ناشناخته⁩	759
⁧چپی⁩	759
⁧ادا⁩	758
⁧جوخه⁩	758
⁧راهیه⁩	758
⁧مخزن⁩	758
⁧نگهشون⁩	758
⁧والاس⁩	758
⁧سیرک⁩	757
⁧فهمیدین⁩	757
⁧پاکستان⁩	757
⁧گیرن⁩	757
⁧اسکاتلند⁩	756
⁧بخوابیم⁩	756
⁧بشقاب⁩	756
⁧ترسوندی⁩	756
⁧عمارت⁩	756
⁧موردی⁩	756
⁧نما⁩	756
⁧یکیه⁩	756
⁧بارنز⁩	755
⁧تکونش⁩	755
⁧فلینت⁩	755
⁧واگذار⁩	755
⁧بخشه⁩	754
⁧بهمراه⁩	754
⁧تعهد⁩	754
⁧مواظبت⁩	754
⁧مچ⁩	754
⁧وحشیانه⁩	754
⁧یون⁩	754
⁧بجاش⁩	753
⁧برقصم⁩	753
⁧تعلیم⁩	753
⁧جیل⁩	753
⁧دونی؟⁩	753
⁧سوپرایز⁩	753
⁧غیب⁩	753
⁧نمیگیرم⁩	753
⁧آدمو⁩	752
⁧جراح⁩	752
⁧خطه⁩	752
⁧ریختم⁩	752
⁧سل⁩	752
⁧نتونسته⁩	752
⁧کنگ⁩	752
⁧کویین⁩	752
⁧بویکا⁩	751
⁧تقاضا⁩	751
⁧دلتون⁩	751
⁧زیباترین⁩	751
⁧معده⁩	751
⁧پرسم⁩	751
⁧اذیتم⁩	750
⁧تحصیل⁩	750
⁧ریکی⁩	750
⁧لیزی⁩	750
⁧مرتبه؟⁩	750
⁧پودر⁩	750
⁧گشتی⁩	750
⁧انداختیم⁩	749
⁧سلطنت⁩	749
⁧فاضلاب⁩	749
⁧مردهای⁩	749
⁧میبرمت⁩	749
⁧میخ⁩	749
⁧کشتنش⁩	749
⁧تاوان⁩	748
⁧تلفنت⁩	748
⁧تنهات⁩	748
⁧حرفتو⁩	748
⁧حرفها⁩	748
⁧مادام⁩	748
⁧اردک⁩	747
⁧بیس⁩	747
⁧روحانی⁩	747
⁧ریچ⁩	747
⁧کما⁩	747
⁧کیرم⁩	747
⁧گرفتنش⁩	747
⁧گلوریا⁩	747
⁧یجور⁩	747
⁧استثنایی⁩	746
⁧برمیگردن⁩	746
⁧جاسپر⁩	746
⁧عصبانیه⁩	746
⁧غذاهای⁩	746
⁧محاله⁩	746
⁧موندیم⁩	746
⁧نوشیدن⁩	746
⁧ویلیامز⁩	746
⁧تونند⁩	745
⁧عاقل⁩	745
⁧عملا⁩	745
⁧متعجب⁩	745
⁧گوزن⁩	745
⁧نزنید⁩	744
⁧نماد⁩	744
⁧نمیزارم⁩	744
⁧کارخانه⁩	744
⁧تریسی⁩	743
⁧شلاق⁩	743
⁧هشتاد⁩	743
⁧ترانه⁩	742
⁧سالگرد⁩	742
⁧ضمانت⁩	742
⁧مشکی⁩	742
⁧مهربان⁩	742
⁧میایی⁩	742
⁧نری⁩	742
⁧آل⁩	741
⁧آمدن⁩	741
⁧اموال⁩	741
⁧بیسیم⁩	741
⁧مجاز⁩	741
⁧وجودت⁩	741
⁧بازدید⁩	740
⁧تاشون⁩	740
⁧فیونا⁩	740
⁧میرفتیم⁩	740
⁧اظهار⁩	739
⁧تابستان⁩	739
⁧ریون⁩	739
⁧زیرش⁩	739
⁧ستایش⁩	739
⁧فهمه⁩	739
⁧مزخرفی⁩	739
⁧مشکلاتی⁩	739
⁧نمیتونستی⁩	739
⁧کوفتیه؟⁩	739
⁧آفتابی⁩	738
⁧اجرایی⁩	738
⁧تکامل⁩	738
⁧جنین⁩	738
⁧رسوندن⁩	738
⁧رقت⁩	738
⁧سرجوخه⁩	738
⁧طولش⁩	738
⁧اتمام⁩	737
⁧زباله⁩	737
⁧فرزندم⁩	737
⁧فلز⁩	737
⁧فکرت⁩	737
⁧میرفتی⁩	737
⁧وقتیه⁩	737
⁧کن،⁩	737
⁧اوراق⁩	736
⁧بودنت⁩	736
⁧شوم⁩	736
⁧غیبش⁩	736
⁧مرخص⁩	736
⁧گورتو⁩	736
⁧بخواه⁩	735
⁧رویاهای⁩	735
⁧ریختی⁩	735
⁧عید⁩	735
⁧فساد⁩	735
⁧منهتن⁩	735
⁧مینی⁩	735
⁧نقشی⁩	735
⁧جلویی⁩	734
⁧جنون⁩	734
⁧سوسک⁩	734
⁧آدمهایی⁩	733
⁧برقصی⁩	733
⁧رئیست⁩	733
⁧قضایی⁩	733
⁧مزاحمتون⁩	733
⁧کودک⁩	733
⁧خیلیخب⁩	732
⁧دمای⁩	732
⁧میخوایی⁩	732
⁧همیم⁩	732
⁧پایانی⁩	732
⁧جاییکه⁩	731
⁧حسین⁩	731
⁧درحالی⁩	731
⁧چشه⁩	731
⁧انتظاری⁩	730
⁧باخبر⁩	730
⁧حوزه⁩	730
⁧قطعی⁩	729
⁧لورنزو⁩	729
⁧میا⁩	729
⁧نمیدونست⁩	729
⁧کرایه⁩	729
⁧یکیو⁩	729
⁧دلشون⁩	728
⁧شغلت⁩	728
⁧عشقت⁩	728
⁧میشناسمت⁩	728
⁧اصن⁩	727
⁧بخیه⁩	727
⁧مغرور⁩	727
⁧دربار⁩	726
⁧دعوای⁩	726
⁧شرطی⁩	726
⁧میراث⁩	726
⁧میسازه⁩	726
⁧پشتم⁩	726
⁧استراتژی⁩	725
⁧جولای⁩	725
⁧شوید⁩	725
⁧اجساد⁩	724
⁧دبی⁩	724
⁧دربیار⁩	724
⁧زرنگ⁩	724
⁧پشتیبان⁩	724
⁧پیری⁩	724
⁧بارم⁩	723
⁧تقلبی⁩	723
⁧رقیب⁩	723
⁧افسوس⁩	722
⁧مامورین⁩	722
⁧مطابقت⁩	722
⁧چسب⁩	722
⁧آگهی⁩	721
⁧بنوش⁩	721
⁧تاس⁩	721
⁧جمعی⁩	721
⁧روهان⁩	721
⁧لازمش⁩	721
⁧منفیه⁩	721
⁧مهمانی⁩	721
⁧نود⁩	721
⁧پرتش⁩	721
⁧چیزیت⁩	721
⁧ژاکت⁩	721
⁧بروک⁩	720
⁧رفتاری⁩	720
⁧سند⁩	720
⁧لباسم⁩	720
⁧میکشیم⁩	720
⁧گرفتیمش⁩	720
⁧اتصال⁩	719
⁧دستوره⁩	719
⁧مایکی⁩	719
⁧مهندسی⁩	719
⁧میگرفتم⁩	719
⁧همینجور⁩	719
⁧کادو⁩	719
⁧کارش⁩	719
⁧یونگ⁩	719
⁧امضاء⁩	718
⁧توشه⁩	718
⁧خوشحالیم⁩	718
⁧واقعیش⁩	718
⁧پاپا⁩	718
⁧چیزیم⁩	718
⁧اشتیاق⁩	717
⁧اورده⁩	717
⁧دریک⁩	717
⁧فرزندان⁩	717
⁧نیکول⁩	717
⁧کارگردان⁩	717
⁧کلاسیک⁩	717
⁧گندالف⁩	717
⁧بزدل⁩	716
⁧تبر⁩	716
⁧زیرا⁩	716
⁧همینجام⁩	716
⁧آزمایشات⁩	715
⁧بیرونی⁩	715
⁧ماساژ⁩	715
⁧تحملش⁩	714
⁧دربیاری⁩	714
⁧سالاد⁩	714
⁧عموت⁩	714
⁧فرمون⁩	714
⁧واگن⁩	714
⁧رفتین⁩	713
⁧قرمزه⁩	713
⁧همبرگر⁩	713
⁧پوشیدن⁩	713
⁧بنشینید⁩	712
⁧بهره⁩	712
⁧جفتشون⁩	712
⁧خونمون⁩	712
⁧رفیقت⁩	712
⁧بشینه⁩	711
⁧رونی⁩	711
⁧قانونیه⁩	711
⁧ممکنه؟⁩	711
⁧خدایمن⁩	710
⁧قوه⁩	710
⁧تاجر⁩	709
⁧شما؟⁩	709
⁧وقف⁩	709
⁧اندرسون⁩	708
⁧دائم⁩	708
⁧روزیه⁩	708
⁧زنن⁩	708
⁧صومعه⁩	708
⁧فو⁩	708
⁧گناهان⁩	708
⁧آری⁩	707
⁧استیفلر⁩	707
⁧رومن⁩	707
⁧سومی⁩	707
⁧لیاقتش⁩	707
⁧ولگرد⁩	707
⁧کوچکی⁩	707
⁧اونجام⁩	706
⁧تنبل⁩	706
⁧قدرتت⁩	706
⁧ابراز⁩	705
⁧اتم⁩	705
⁧الیسون⁩	705
⁧بردنش⁩	705
⁧تخریب⁩	705
⁧تقاطع⁩	705
⁧وسایلم⁩	705
⁧گشتیم⁩	705
⁧دستکش⁩	704
⁧دنت⁩	704
⁧لعنتیت⁩	704
⁧چیپ⁩	704
⁧کریستینا⁩	704
⁧الانه⁩	703
⁧زوم⁩	703
⁧بوکس⁩	702
⁧ذات⁩	702
⁧قدیما⁩	702
⁧گواهی⁩	702
⁧برچسب⁩	701
⁧رئیسم⁩	701
⁧سحر⁩	701
⁧فن⁩	701
⁧ناسا⁩	701
⁧نفهمیدی⁩	701
⁧زندگیتو⁩	700
⁧سیسکو⁩	700
⁧شبها⁩	700
⁧لقب⁩	700
⁧میزدیم⁩	700
⁧هیچکاری⁩	700
⁧پوشی⁩	700
⁧گشنمه⁩	700
⁧یک،⁩	700
⁧تعجبی⁩	699
⁧خدارو⁩	699
⁧میشناسمش⁩	699
⁧چش⁩	699
⁧امروزه⁩	698
⁧بغیر⁩	698
⁧دوستمون⁩	698
⁧قاشق⁩	698
⁧منطق⁩	698
⁧کیلومتری⁩	698
⁧مواظبش⁩	697
⁧موضوعی⁩	697
⁧گفتم؟⁩	697
⁧بستی⁩	696
⁧خودخواه⁩	696
⁧دیزی⁩	696
⁧سیصد⁩	696
⁧فیلمبرداری⁩	696
⁧معطل⁩	696
⁧کردنشون⁩	696
⁧کشوری⁩	696
⁧اسکای⁩	695
⁧برمیدارم⁩	695
⁧رهاش⁩	695
⁧شرافت⁩	695
⁧متوسط⁩	695
⁧گاه⁩	695
⁧تشکیلات⁩	694
⁧ریچی⁩	694
⁧زیردریایی⁩	694
⁧چشمهای⁩	694
⁧بریزه⁩	693
⁧ترکت⁩	693
⁧تلوزیون⁩	693
⁧دارک⁩	693
⁧دیک⁩	693
⁧رزمی⁩	693
⁧ویدئو⁩	693
⁧تار⁩	692
⁧تمدن⁩	692
⁧میریم؟⁩	692
⁧کامپیوتری⁩	692
⁧برگردوندن⁩	691
⁧خواستین⁩	691
⁧شمام⁩	691
⁧منطقیه⁩	691
⁧میارمش⁩	691
⁧بیکار⁩	690
⁧رده⁩	690
⁧ژان⁩	690
⁧کیفم⁩	690
⁧آرین⁩	689
⁧حریم⁩	688
⁧میترسه⁩	688
⁧کارسون⁩	688
⁧املاک⁩	687
⁧تنهاست⁩	687
⁧دستورالعمل⁩	687
⁧نیمی⁩	687
⁧گیرمون⁩	687
⁧ازینجا⁩	686
⁧بش⁩	686
⁧زیرزمینی⁩	686
⁧لباسی⁩	686
⁧هفتاد⁩	686
⁧اونجاس⁩	685
⁧دختران⁩	685
⁧درکش⁩	685
⁧عمدا⁩	685
⁧بیداری⁩	684
⁧روستایی⁩	684
⁧شرت⁩	684
⁧مساوی⁩	684
⁧میدهد⁩	684
⁧همدردی⁩	684
⁧چنان⁩	684
⁧آزمون⁩	683
⁧افرادمون⁩	683
⁧خیابونی⁩	683
⁧مناسبه⁩	683
⁧میزدن⁩	683
⁧نتونستن⁩	683
⁧نخوردم⁩	683
⁧نمیذاری⁩	683
⁧اتفاقیه⁩	682
⁧اخراجی⁩	682
⁧اندوه⁩	682
⁧رفتارت⁩	682
⁧شطرنج⁩	682
⁧ضایع⁩	682
⁧فتح⁩	682
⁧لولا⁩	682
⁧چقدر؟⁩	682
⁧کج⁩	682
⁧سلاحی⁩	681
⁧ششش⁩	681
⁧فرقه⁩	681
⁧مسکن⁩	681
⁧چنگال⁩	681
⁧کلام⁩	681
⁧اشعه⁩	680
⁧اومده؟⁩	680
⁧اچ⁩	680
⁧بشنویم⁩	680
⁧شیمی⁩	680
⁧چندش⁩	680
⁧کامرون⁩	680
⁧افزار⁩	679
⁧باطل⁩	679
⁧بخشید⁩	679
⁧دردناک⁩	679
⁧سپرده⁩	679
⁧مینویسم⁩	679
⁧بدشانسی⁩	677
⁧بفروشم⁩	677
⁧جدیدمون⁩	677
⁧متاهل⁩	677
⁧هریس⁩	677
⁧وضعیتی⁩	677
⁧اعلی⁩	676
⁧دیدنم⁩	676
⁧سوژه⁩	676
⁧مطلق⁩	676
⁧پدرمه⁩	676
⁧یان⁩	676
⁧بومی⁩	675
⁧حقیقتو⁩	675
⁧خیابونا⁩	675
⁧شیخ⁩	675
⁧ناامیدی⁩	675
⁧اتهامات⁩	674
⁧ایزی⁩	674
⁧تعظیم⁩	674
⁧جوکر⁩	674
⁧برون⁩	673
⁧بکشیش⁩	673
⁧تفاهم⁩	673
⁧زدند⁩	673
⁧مستقل⁩	673
⁧هاروارد⁩	673
⁧والدینم⁩	673
⁧چربی⁩	673
⁧اشتباهات⁩	672
⁧افسون⁩	672
⁧انگاری⁩	672
⁧خوار⁩	672
⁧مدافع⁩	672
⁧ندیدین⁩	672
⁧یکدیگر⁩	672
⁧خونتون⁩	671
⁧زمزمه⁩	671
⁧ملل⁩	671
⁧تصاحب⁩	670
⁧درونت⁩	670
⁧فهمی؟⁩	670
⁧متمرکز⁩	670
⁧نزنه⁩	670
⁧چشمش⁩	670
⁧آنلاین⁩	669
⁧اونیه⁩	669
⁧ایرانی⁩	669
⁧بدستش⁩	669
⁧تاثیری⁩	669
⁧ساختار⁩	669
⁧قفله⁩	669
⁧کارم⁩	669
⁧کریستال⁩	669
⁧گندی⁩	669
⁧استقبال⁩	668
⁧تفنگدار⁩	668
⁧علوم⁩	668
⁧میترسیدم⁩	668
⁧نوح⁩	668
⁧بجنگ⁩	667
⁧رویه⁩	667
⁧زنبور⁩	667
⁧سیمون⁩	667
⁧وانت⁩	667
⁧بام⁩	666
⁧بیابون⁩	666
⁧خرچنگ⁩	666
⁧درختان⁩	666
⁧میخرم⁩	666
⁧اینده⁩	665
⁧خام⁩	665
⁧رالف⁩	665
⁧روستای⁩	665
⁧شق⁩	665
⁧صحرا⁩	665
⁧مدتها⁩	665
⁧آرومی⁩	664
⁧آپریل⁩	664
⁧بشو⁩	664
⁧دیمین⁩	664
⁧زویی⁩	664
⁧لیس⁩	664
⁧محصولات⁩	664
⁧میزنین⁩	664
⁧نمیکنید⁩	664
⁧پوسته⁩	664
⁧شکستش⁩	663
⁧میفهمیم⁩	663
⁧نذاشتی⁩	663
⁧واسشون⁩	663
⁧کر⁩	663
⁧اسکی⁩	662
⁧ببینند⁩	662
⁧زشته⁩	662
⁧شارون⁩	662
⁧نهایتا⁩	662
⁧پ⁩	662
⁧داروهای⁩	661
⁧فرکانس⁩	661
⁧مهاجرت⁩	661
⁧کجاش⁩	661
⁧آنقدر⁩	660
⁧بشناسی⁩	660
⁧تخصص⁩	660
⁧ستارگان⁩	660
⁧محدودیت⁩	660
⁧ناراحته⁩	660
⁧کازینو⁩	660
⁧گذاشتین⁩	660
⁧تروی⁩	659
⁧دندان⁩	659
⁧دونالد⁩	659
⁧ندیم⁩	659
⁧ننه⁩	659
⁧الا⁩	658
⁧اینچ⁩	658
⁧شدیدی⁩	658
⁧فاکس⁩	658
⁧مندی⁩	658
⁧مهره⁩	658
⁧ووو⁩	658
⁧ویدیو⁩	658
⁧الموت⁩	657
⁧جونیور⁩	657
⁧دامبلدور⁩	657
⁧قله⁩	657
⁧میزاره⁩	657
⁧پستی⁩	657
⁧پیرزن⁩	657
⁧چتر⁩	657
⁧استنلی⁩	656
⁧بگیریش⁩	656
⁧تاپ⁩	656
⁧جعل⁩	656
⁧راهول⁩	656
⁧صنایع⁩	656
⁧قطعات⁩	656
⁧مختلفی⁩	656
⁧کیلب⁩	656
⁧گواهینامه⁩	656
⁧آشوب⁩	655
⁧بدرود⁩	655
⁧رن⁩	655
⁧قیمتش⁩	655
⁧کرک⁩	655
⁧چرنده⁩	654
⁧جدیدترین⁩	653
⁧رقصیدن⁩	653
⁧نیروها⁩	653
⁧وقتتون⁩	653
⁧چان⁩	653
⁧امنی⁩	651
⁧بخشنده⁩	651
⁧جاری⁩	651
⁧درمانش⁩	651
⁧میزنید⁩	651
⁧اتش⁩	650
⁧بگیرمش⁩	650
⁧جوابت⁩	650
⁧خطاب⁩	650
⁧خوشحاله⁩	650
⁧رندی⁩	650
⁧مفهومه⁩	650
⁧پسرمون⁩	650
⁧کنترله⁩	650
⁧آبه⁩	649
⁧بلندی⁩	649
⁧توانید⁩	649
⁧ماموران⁩	649
⁧میترسن⁩	649
⁧پاس⁩	649
⁧آنتی⁩	648
⁧روباه⁩	648
⁧مورچه⁩	648
⁧میدونستن⁩	648
⁧هکتور⁩	648
⁧ونسا⁩	648
⁧کلاب⁩	648
⁧بروز⁩	647
⁧مطمئنید⁩	647
⁧ویتنام⁩	647
⁧بجنگه⁩	646
⁧دریل⁩	646
⁧رایگان⁩	646
⁧رفع⁩	646
⁧سیلی⁩	646
⁧شغلم⁩	646
⁧وب⁩	646
⁧اشتراک⁩	645
⁧اوو⁩	645
⁧بهترینه⁩	645
⁧جالبیه⁩	645
⁧خانوادش⁩	645
⁧شانسم⁩	645
⁧مراحل⁩	645
⁧کهکشان⁩	645
⁧بریزی⁩	644
⁧درهای⁩	644
⁧دستهای⁩	644
⁧فراست⁩	644
⁧قارچ⁩	644
⁧کریکسوس⁩	644
⁧آبراهام⁩	643
⁧آدمکش⁩	643
⁧جانبی⁩	643
⁧جنگید⁩	643
⁧حراست⁩	643
⁧ذوب⁩	643
⁧فرش⁩	643
⁧کدومش⁩	643
⁧کشمت⁩	643
⁧بیفتیم⁩	642
⁧لعنتش⁩	642
⁧نمیدونستی⁩	642
⁧همچون⁩	642
⁧برنمیاد⁩	641
⁧بویی⁩	641
⁧تحقیقاتی⁩	641
⁧تلخ⁩	641
⁧خبرچین⁩	641
⁧علاقمند⁩	641
⁧ناله⁩	641
⁧هرجور⁩	641
⁧اسمشون⁩	640
⁧اژدهای⁩	640
⁧خریدن⁩	640
⁧سیاهه⁩	639
⁧شلوارت⁩	639
⁧شیره⁩	639
⁧فکرو⁩	639
⁧میخورد⁩	639
⁧میشنوه⁩	639
⁧اکتبر⁩	638
⁧سواحل⁩	638
⁧سوسیس⁩	638
⁧سگی⁩	638
⁧صداشون⁩	638
⁧ادرار⁩	637
⁧بشنون⁩	637
⁧فلورانس⁩	637
⁧لعنتیه⁩	637
⁧پیغامی⁩	637
⁧بشکنه⁩	636
⁧دخل⁩	636
⁧موقت⁩	636
⁧نمیاری⁩	636
⁧پارس⁩	636
⁧کاتولیک⁩	636
⁧جانب⁩	635
⁧جنا⁩	635
⁧خور⁩	635
⁧پچ⁩	635
⁧اداری⁩	634
⁧بهر⁩	634
⁧بیفتی⁩	634
⁧دستگیرت⁩	634
⁧دوتون⁩	634
⁧متوجهی⁩	634
⁧پال⁩	634
⁧بدل⁩	633
⁧ترکیبی⁩	633
⁧جبهه⁩	633
⁧جوانا⁩	633
⁧عکسی⁩	633
⁧لینک⁩	633
⁧محشر⁩	633
⁧میندازن⁩	633
⁧نه،من⁩	633
⁧بچسب⁩	632
⁧نخوای⁩	632
⁧کاکاسیاه⁩	632
⁧آموزشی⁩	631
⁧اونجارو⁩	631
⁧حاله⁩	631
⁧حقم⁩	631
⁧زدید⁩	631
⁧شجاعی⁩	631
⁧فلزی⁩	631
⁧مونیم⁩	631
⁧هواپیمایی⁩	631
⁧استاندارد⁩	630
⁧برپا⁩	630
⁧بگینز⁩	630
⁧جفری⁩	630
⁧رزی⁩	630
⁧شرور⁩	630
⁧وستروس⁩	630
⁧بدت⁩	629
⁧توضیحی⁩	629
⁧دلاره⁩	629
⁧نمیخوری⁩	629
⁧نمیفهمه⁩	629
⁧پیج⁩	629
⁧کپسول⁩	629
⁧آوردید⁩	628
⁧تنهامون⁩	628
⁧ملاقاتی⁩	628
⁧گردان⁩	628
⁧گردنم⁩	627
⁧گیتا⁩	627
⁧توقیف⁩	626
⁧رسیم⁩	626
⁧عاقبت⁩	626
⁧قبرستون⁩	626
⁧میداری⁩	626
⁧گابریل⁩	626
⁧آگاهی⁩	625
⁧اعتیاد⁩	625
⁧بازیگری⁩	625
⁧دوستمه⁩	625
⁧سره⁩	625
⁧قاچاقچی⁩	625
⁧میخندی⁩	625
⁧پدر؟⁩	625
⁧باس⁩	624
⁧درازی⁩	624
⁧درمیاد⁩	624
⁧فعلی⁩	624
⁧منتظرن⁩	624
⁧کلمبیا⁩	624
⁧اندام⁩	623
⁧صلاحیت⁩	623
⁧نمایشی⁩	623
⁧جدایی⁩	622
⁧سخن⁩	622
⁧مامانش⁩	622
⁧نظیر⁩	622
⁧ادبی⁩	621
⁧ازون⁩	621
⁧بفرستش⁩	621
⁧بگرده⁩	621
⁧خلافکار⁩	621
⁧نقاب⁩	621
⁧نمیگن⁩	621
⁧روزای⁩	620
⁧لاکی⁩	620
⁧لباسای⁩	620
⁧مبتلا⁩	620
⁧موز⁩	620
⁧نورا⁩	620
⁧کالی⁩	620
⁧کوری⁩	620
⁧استیسی⁩	619
⁧بخشیده⁩	619
⁧بیلبو⁩	619
⁧تبلیغ⁩	619
⁧یافتن⁩	619
⁧ارزه⁩	618
⁧الان؟⁩	618
⁧بفروشی⁩	618
⁧قلاب⁩	618
⁧ادعای⁩	617
⁧دیروقت⁩	617
⁧سازه⁩	617
⁧قدمی⁩	617
⁧مبنی⁩	617
⁧مشکله⁩	617
⁧نخواد⁩	617
⁧دعای⁩	616
⁧رسونده⁩	616
⁧نریم⁩	616
⁧کادی⁩	616
⁧یادته؟⁩	616
⁧ببریش⁩	615
⁧سایز⁩	615
⁧میذاشتم⁩	615
⁧ننداز⁩	615
⁧کابل⁩	615
⁧گناهی⁩	615
⁧آژیر⁩	614
⁧باله⁩	614
⁧تسلیت⁩	614
⁧درحالیکه⁩	614
⁧صداها⁩	614
⁧فرضیه⁩	614
⁧مارکو⁩	614
⁧چسبیده⁩	614
⁧کشورم⁩	614
⁧اپریل⁩	613
⁧برآورده⁩	613
⁧بفروشه⁩	613
⁧درونی⁩	613
⁧شپرد⁩	613
⁧چمن⁩	613
⁧کرولاین⁩	613
⁧بشناسم⁩	612
⁧زایمان⁩	612
⁧سونگ⁩	612
⁧مروارید⁩	612
⁧پلیسم⁩	612
⁧دائمی⁩	611
⁧دزدان⁩	611
⁧عبادت⁩	611
⁧فرمول⁩	611
⁧پیشروی⁩	611
⁧چهارده⁩	611
⁧گنجینه⁩	611
⁧اسرائیل⁩	610
⁧انسانه⁩	610
⁧بدجنس⁩	610
⁧سرنخی⁩	610
⁧مردمش⁩	610
⁧وایسادی⁩	610
⁧چرخش⁩	610
⁧اعزام⁩	609
⁧اممم⁩	609
⁧انی⁩	609
⁧جوراب⁩	609
⁧واتسون⁩	609
⁧کاردینال⁩	609
⁧برنج⁩	608
⁧بمبئی⁩	608
⁧بیانیه⁩	608
⁧درکت⁩	608
⁧لامصب⁩	608
⁧میشناسین⁩	608
⁧پریم⁩	608
⁧کیفیت⁩	608
⁧یدونه⁩	608
⁧اسیب⁩	607
⁧بازمانده⁩	607
⁧سلیقه⁩	607
⁧نمیگیری⁩	607
⁧ویرجینیا⁩	607
⁧اوردن⁩	606
⁧بخونش⁩	606
⁧جامون⁩	606
⁧دویدن⁩	606
⁧سلاخی⁩	606
⁧عسلم⁩	606
⁧مردانی⁩	606
⁧نشونتون⁩	606
⁧ویژگی⁩	606
⁧کشیدیم⁩	606
⁧اقتصاد⁩	605
⁧خطی⁩	605
⁧رودی⁩	605
⁧شکستی⁩	605
⁧مادربزرگم⁩	605
⁧نرسید⁩	605
⁧کریستوفر⁩	605
⁧اوایل⁩	604
⁧سرحال⁩	604
⁧میک⁩	604
⁧نخواهند⁩	604
⁧پاندا⁩	604
⁧پسرهای⁩	604
⁧بزرگتره⁩	603
⁧دیرم⁩	603
⁧سایر⁩	603
⁧سپاسگزارم⁩	603
⁧ویجی⁩	603
⁧کامله⁩	603
⁧استریت⁩	602
⁧بخاطره⁩	602
⁧شوهرتون⁩	602
⁧ضروریه⁩	602
⁧فلیسیتی⁩	602
⁧نویسی⁩	602
⁧وکیلم⁩	602
⁧چنتا⁩	602
⁧توده⁩	601
⁧دروغگوی⁩	601
⁧مطبوعات⁩	601
⁧میشناسید⁩	601
⁧نمیخواین⁩	601
⁧پسرمه⁩	601
⁧کمکشون⁩	601
⁧اهالی⁩	600
⁧برمیام⁩	600
⁧حوادث⁩	600
⁧انزو⁩	599
⁧دادا⁩	599
⁧نگهبانا⁩	599
⁧هرروز⁩	599
⁧هفده⁩	599
⁧همونجور⁩	599
⁧آتشین⁩	598
⁧بوید⁩	598
⁧تخفیف⁩	598
⁧تندتر⁩	598
⁧تهوع⁩	598
⁧شیلد⁩	598
⁧ملاقاتتون⁩	598
⁧نوامبر⁩	598
⁧تکنیک⁩	597
⁧جولیان⁩	597
⁧سعیم⁩	597
⁧شفا⁩	597
⁧عوضیه⁩	597
⁧ندین⁩	597
⁧گروهان⁩	597
⁧اقدامات⁩	596
⁧بنویسه⁩	596
⁧تفریحی⁩	596
⁧ج⁩	596
⁧سربازا⁩	596
⁧قانونه⁩	596
⁧قطعش⁩	596
⁧لکس⁩	596
⁧نمایشه⁩	596
⁧کالوین⁩	596
⁧کودن⁩	596
⁧سرپرستی⁩	595
⁧عواقب⁩	595
⁧مسواک⁩	595
⁧تدریس⁩	594
⁧خواستگاری⁩	594
⁧صابون⁩	594
⁧ماهیچه⁩	594
⁧کانگ⁩	594
⁧افشا⁩	593
⁧بیشترشون⁩	593
⁧تولدم⁩	593
⁧دو،⁩	593
⁧فشارش⁩	593
⁧هشتم⁩	593
⁧ببینش⁩	592
⁧غیبت⁩	592
⁧میومدی⁩	592
⁧نشیم⁩	592
⁧کتنیس⁩	592
⁧انا⁩	591
⁧سزاوار⁩	591
⁧معما⁩	591
⁧میلاد⁩	591
⁧نامزدی⁩	591
⁧پایدار⁩	591
⁧کرت⁩	591
⁧امانی⁩	590
⁧برادرمه⁩	590
⁧قالب⁩	590
⁧مرگم⁩	590
⁧کوله⁩	590
⁧باربارا⁩	589
⁧خامه⁩	589
⁧خودی⁩	589
⁧دانشجوی⁩	589
⁧سرشو⁩	589
⁧شجاعانه⁩	589
⁧ناجی⁩	589
⁧پدربزرگم⁩	589
⁧گردونیم⁩	589
⁧دزموند⁩	588
⁧لنگر⁩	588
⁧لپ⁩	588
⁧وجودش⁩	588
⁧آمریکای⁩	587
⁧بتا⁩	587
⁧شهوت⁩	587
⁧عصبانیم⁩	587
⁧مصیبت⁩	587
⁧پیشمون⁩	587
⁧کشورهای⁩	587
⁧آواتار⁩	586
⁧انقد⁩	586
⁧جودا⁩	586
⁧لازمت⁩	586
⁧بلنده⁩	585
⁧توکیو⁩	585
⁧حرفاش⁩	585
⁧حفره⁩	585
⁧شلبی⁩	585
⁧شنل⁩	585
⁧منصرف⁩	585
⁧مهلت⁩	585
⁧نصفش⁩	585
⁧کلنل⁩	585
⁧یادشون⁩	585
⁧آدامس⁩	584
⁧اورد⁩	584
⁧بهوش⁩	584
⁧تغییرش⁩	584
⁧جنرال⁩	584
⁧لامپ⁩	584
⁧مگس⁩	584
⁧کونش⁩	584
⁧بخصوص⁩	583
⁧دربیارم⁩	583
⁧مایلم⁩	583
⁧میچل⁩	583
⁧اسپنسر⁩	582
⁧اسکایلر⁩	582
⁧جذابی⁩	582
⁧رکس⁩	582
⁧فلفل⁩	582
⁧میبینین⁩	582
⁧پیشنهادت⁩	582
⁧آنان⁩	581
⁧ایمن⁩	581
⁧باسن⁩	581
⁧ترنر⁩	581
⁧درسی⁩	581
⁧مغناطیسی⁩	581
⁧پیگیری⁩	581
⁧کاشکی⁩	581
⁧تصمیمش⁩	580
⁧جاتون⁩	580
⁧جنبه⁩	580
⁧ساشا⁩	580
⁧مرگبار⁩	580
⁧نکردید⁩	580
⁧هیچکدومشون⁩	580
⁧کالسکه⁩	580
⁧گمراه⁩	580
⁧آریا⁩	579
⁧تماسی⁩	579
⁧روال⁩	579
⁧لوبیا⁩	579
⁧نخورید⁩	579
⁧کبیر⁩	579
⁧کثیفی⁩	579
⁧اهنگ⁩	578
⁧برجسته⁩	578
⁧سبد⁩	578
⁧سوختن⁩	578
⁧شتاب⁩	578
⁧فالز⁩	578
⁧لابد⁩	578
⁧میجنگیم⁩	578
⁧نسبتا⁩	578
⁧اوترد⁩	577
⁧حافظ⁩	577
⁧خاکی⁩	577
⁧دویل⁩	577
⁧راجرز⁩	577
⁧سیاهی⁩	577
⁧صنعت⁩	577
⁧مودب⁩	577
⁧میدونستیم⁩	577
⁧نمیداد⁩	577
⁧گذاشتمش⁩	577
⁧امضای⁩	576
⁧تفنگت⁩	576
⁧دیوارهای⁩	576
⁧گوریه⁩	576
⁧اجتناب⁩	575
⁧افسردگی⁩	575
⁧برطرف⁩	575
⁧بپری⁩	575
⁧تنگه⁩	575
⁧صداشو⁩	575
⁧هنرهای⁩	575
⁧ژوئن⁩	575
⁧کمیسیون⁩	575
⁧گزارشات⁩	575
⁧تنیس⁩	574
⁧خودشم⁩	574
⁧راکت⁩	574
⁧زندگیتون⁩	574
⁧غیرعادی⁩	574
⁧فولاد⁩	574
⁧پوشیدم⁩	574
⁧ازینکه⁩	573
⁧دستها⁩	573
⁧لباسش⁩	573
⁧کنجکاوم⁩	573
⁧حواسمون⁩	572
⁧سابقم⁩	572
⁧سرسخت⁩	572
⁧فانی⁩	572
⁧مرزی⁩	572
⁧موثر⁩	572
⁧میندازیم⁩	572
⁧نمیخواستی⁩	572
⁧پذیرفته⁩	572
⁧بیدارش⁩	571
⁧ترکم⁩	571
⁧دیوانگیه⁩	571
⁧لباسهای⁩	571
⁧لوتر⁩	571
⁧مارج⁩	571
⁧میکشید⁩	571
⁧نزنم⁩	571
⁧ولشون⁩	571
⁧اه،⁩	570
⁧بدک⁩	570
⁧حامی⁩	570
⁧شمشیرت⁩	570
⁧شنود⁩	570
⁧معجون⁩	570
⁧موردت⁩	570
⁧نچ⁩	570
⁧ولف⁩	570
⁧پرستاری⁩	570
⁧پرنس⁩	570
⁧پیراهن⁩	570
⁧کمر⁩	570
⁧گذر⁩	570
⁧افتخارمه⁩	569
⁧ایراد⁩	569
⁧جاه⁩	569
⁧سراغم⁩	569
⁧فلین⁩	569
⁧نیازه⁩	569
⁧هایه⁩	569
⁧کاندوم⁩	569
⁧یورو⁩	569
⁧اهرم⁩	568
⁧براون⁩	568
⁧بریدن⁩	568
⁧بنجی⁩	568
⁧بولینگ⁩	568
⁧دوستش⁩	568
⁧رجی⁩	568
⁧رهایی⁩	568
⁧میداریم⁩	568
⁧نگفتن⁩	568
⁧هیوستون⁩	568
⁧ایتن⁩	567
⁧بعداز⁩	567
⁧رنگش⁩	567
⁧عملکرد⁩	567
⁧میبینمش⁩	567
⁧پالمر⁩	567
⁧اثرات⁩	566
⁧اعتقادی⁩	566
⁧خیالت⁩	566
⁧رسوندی⁩	566
⁧سیاتل⁩	566
⁧مذهب⁩	566
⁧مردمان⁩	566
⁧مسیری⁩	566
⁧کلیدی⁩	566
⁧اپرا⁩	565
⁧بپرسید⁩	565
⁧بکی⁩	565
⁧حاضری؟⁩	565
⁧دردم⁩	565
⁧میثم⁩	565
⁧ارزشمند⁩	564
⁧انتظارش⁩	564
⁧اونهاست⁩	564
⁧بادوم⁩	564
⁧خوابگاه⁩	564
⁧سوارش⁩	564
⁧شفاف⁩	564
⁧مگه؟⁩	564
⁧هندوستان⁩	564
⁧کمتری⁩	564
⁧اجداد⁩	563
⁧برایم⁩	563
⁧دارمت⁩	563
⁧طراح⁩	563
⁧مجروح⁩	563
⁧نرسه⁩	563
⁧پن⁩	563
⁧گسترده⁩	563
⁧برکت⁩	562
⁧بگردید⁩	562
⁧توئی⁩	562
⁧حسابش⁩	562
⁧سربازای⁩	562
⁧عاشقم⁩	562
⁧میشناسن⁩	562
⁧میکروفون⁩	562
⁧وینس⁩	562
⁧چاو⁩	562
⁧چطورین⁩	562
⁧آمدین⁩	561
⁧اولیور⁩	561
⁧بیشترش⁩	561
⁧خرابی⁩	561
⁧فرستنده⁩	561
⁧میچرخه⁩	561
⁧پروردگار⁩	561
⁧بم⁩	560
⁧دیدگاه⁩	560
⁧رادار⁩	560
⁧سازنده⁩	560
⁧سردرد⁩	560
⁧سیل⁩	560
⁧بان⁩	559
⁧خودمونه⁩	559
⁧ضربت⁩	559
⁧مبادله⁩	559
⁧ناخن⁩	559
⁧چرند⁩	559
⁧کشاورزی⁩	559
⁧گوی⁩	559
⁧یادتونه⁩	559
⁧اخه⁩	558
⁧برنارد⁩	558
⁧بینمش⁩	558
⁧جم⁩	558
⁧شوخیه⁩	558
⁧نشید⁩	558
⁧کلینیک⁩	558
⁧ترومن⁩	557
⁧تشریفات⁩	557
⁧جنگیم⁩	557
⁧حرارت⁩	557
⁧خونین⁩	557
⁧راگنار⁩	557
⁧سربازی⁩	557
⁧ضعیفی⁩	557
⁧طلای⁩	557
⁧کلویی⁩	557
⁧کنایه⁩	557
⁧گرنه⁩	557
⁧اوتیس⁩	556
⁧ایشان⁩	556
⁧ترش⁩	556
⁧روبی⁩	556
⁧مدته⁩	556
⁧میشند⁩	556
⁧هایدرا⁩	556
⁧والدینت⁩	556
⁧کاروان⁩	556
⁧کشاورز⁩	556
⁧استرالیا⁩	555
⁧اسپری⁩	555
⁧اینترنتی⁩	555
⁧تفکر⁩	555
⁧درونش⁩	555
⁧دورن⁩	555
⁧نایت⁩	555
⁧نباشیم⁩	555
⁧هروئین⁩	555
⁧بخند⁩	554
⁧تبرئه⁩	554
⁧حالشو⁩	554
⁧شدنی⁩	554
⁧صداتون⁩	554
⁧معلق⁩	554
⁧منظم⁩	554
⁧هرگونه⁩	554
⁧پترسون⁩	554
⁧پیتا⁩	554
⁧کاترینا⁩	554
⁧گذرگاه⁩	554
⁧السا⁩	553
⁧جنابعالی⁩	553
⁧حیله⁩	553
⁧خبرم⁩	553
⁧خزانه⁩	553
⁧داروها⁩	553
⁧دوستانم⁩	553
⁧رهبران⁩	553
⁧میتونند⁩	553
⁧چاشنی⁩	553
⁧اسقف⁩	552
⁧اعصابم⁩	552
⁧بدنی⁩	552
⁧برمیای⁩	552
⁧دوقلو⁩	552
⁧ردیفش⁩	552
⁧ویران⁩	552
⁧پاکه⁩	552
⁧اوووه⁩	551
⁧ایستادم⁩	551
⁧بحرانی⁩	551
⁧برندا⁩	551
⁧خنگ⁩	551
⁧ساختگی⁩	551
⁧سرعتی⁩	551
⁧صدف⁩	551
⁧مایی⁩	551
⁧نزدیکش⁩	551
⁧استودیو⁩	550
⁧بارنی⁩	550
⁧تایمز⁩	550
⁧تصمیمات⁩	550
⁧رسد⁩	550
⁧نباشن⁩	550
⁧چن⁩	550
⁧کشن⁩	550
⁧اطرافت⁩	549
⁧اینجایین⁩	549
⁧دونا⁩	549
⁧سواره⁩	549
⁧عتیقه⁩	549
⁧قهرمانان⁩	549
⁧وفق⁩	549
⁧پتو⁩	549
⁧یار⁩	549
⁧اینجایید⁩	548
⁧فضولی⁩	548
⁧قیچی⁩	548
⁧لورن⁩	548
⁧واحدها⁩	548
⁧استفراغ⁩	547
⁧دیوانگی⁩	547
⁧روحم⁩	547
⁧زندانه⁩	547
⁧سباستین⁩	547
⁧سودی⁩	547
⁧معروفه⁩	547
⁧وقوع⁩	547
⁧پلاستیکی⁩	547
⁧پیامی⁩	547
⁧چنده؟⁩	547
⁧گام⁩	547
⁧آگوست⁩	546
⁧بلندشو⁩	546
⁧بپیچ⁩	546
⁧بیخود⁩	546
⁧خستگی⁩	546
⁧دانه⁩	546
⁧شوخ⁩	546
⁧قید⁩	546
⁧مقدم⁩	546
⁧نخوردی⁩	546
⁧هیکل⁩	546
⁧چپت⁩	546
⁧گپ⁩	546
⁧بیتس⁩	545
⁧هوم؟⁩	545
⁧پراکنده⁩	545
⁧گرسنمه⁩	545
⁧بدوید⁩	544
⁧خیالش⁩	544
⁧دستت⁩	544
⁧شبح⁩	544
⁧چشمک⁩	544
⁧تفاوتی⁩	543
⁧جدیدا⁩	543
⁧مستعار⁩	543
⁧نزدیکم⁩	543
⁧نمیوفته⁩	543
⁧کبد⁩	543
⁧گوجه⁩	543
⁧آوردنش⁩	542
⁧جرئت⁩	542
⁧جنایتکار⁩	542
⁧زنهای⁩	542
⁧پیامبر⁩	542
⁧باورنکردنی⁩	541
⁧توئم⁩	541
⁧ارمغان⁩	540
⁧الاغ⁩	540
⁧شکلاتی⁩	540
⁧عجیبیه⁩	540
⁧فهمیدید⁩	540
⁧محاسبه⁩	540
⁧مرگته؟⁩	540
⁧موافقی⁩	540
⁧میخواهد⁩	540
⁧احاطه⁩	539
⁧اومدند⁩	539
⁧حقی⁩	539
⁧زشتی⁩	539
⁧شناختی⁩	539
⁧کوچولوت⁩	539
⁧یونیفرم⁩	539
⁧آوردیش⁩	538
⁧اطاق⁩	538
⁧قصاب⁩	538
⁧هیو⁩	538
⁧وارن⁩	538
⁧پونزده⁩	538
⁧احساساتت⁩	537
⁧اوون⁩	537
⁧بینشون⁩	537
⁧جدول⁩	537
⁧جنبش⁩	537
⁧خریه⁩	537
⁧درمانگاه⁩	537
⁧ف⁩	537
⁧موم⁩	537
⁧نزنیم⁩	537
⁧وقایع⁩	537
⁧یوجین⁩	537
⁧احمقانست⁩	536
⁧باتیاتوس⁩	536
⁧باریه⁩	536
⁧بدر⁩	536
⁧تشییع⁩	536
⁧جان؟⁩	536
⁧داخله⁩	536
⁧غریزه⁩	536
⁧غصه⁩	536
⁧مداخله⁩	536
⁧میستیک⁩	536
⁧جلسات⁩	535
⁧شورت⁩	535
⁧قورت⁩	535
⁧لکسی⁩	535
⁧میخاد⁩	535
⁧میدارن⁩	535
⁧ورم⁩	535
⁧پلاستیک⁩	535
⁧کدومتون⁩	535
⁧کردنم⁩	535
⁧کمونیست⁩	535
⁧ازاد⁩	534
⁧استفان⁩	534
⁧باخت⁩	534
⁧برنت⁩	534
⁧داش⁩	534
⁧داناوان⁩	534
⁧لارا⁩	534
⁧معاینه⁩	534
⁧پاپی⁩	534
⁧اسید⁩	533
⁧امضاش⁩	533
⁧این؟⁩	533
⁧جونور⁩	533
⁧دروغگویی⁩	533
⁧دوسته⁩	533
⁧دکترا⁩	533
⁧نیای⁩	533
⁧واسطه⁩	533
⁧پوچ⁩	533
⁧آشغاله⁩	532
⁧بیاریش⁩	532
⁧خفاش⁩	532
⁧سمتش⁩	532
⁧مردمم⁩	532
⁧واقعآ⁩	532
⁧استخراج⁩	531
⁧اینقد⁩	531
⁧بازنشستگی⁩	531
⁧ترتیبشو⁩	531
⁧جدیدش⁩	531
⁧جزایر⁩	531
⁧دامن⁩	531
⁧رمان⁩	531
⁧شاعر⁩	531
⁧قاتله⁩	531
⁧لوئیز⁩	531
⁧هجوم⁩	531
⁧وندی⁩	531
⁧بخونیم⁩	530
⁧انعام⁩	529
⁧بغلش⁩	529
⁧بلوط⁩	529
⁧خشمگین⁩	529
⁧سبزیجات⁩	529
⁧ملاقاتش⁩	529
⁧نولا⁩	529
⁧بلی⁩	528
⁧قرون⁩	528
⁧ویلا⁩	528
⁧یجوری⁩	528
⁧ارین⁩	527
⁧انگشتت⁩	527
⁧اینجایی؟⁩	527
⁧بلوند⁩	527
⁧دستاش⁩	527
⁧شویی⁩	527
⁧مفت⁩	527
⁧وقفه⁩	527
⁧تراشه⁩	526
⁧تعارف⁩	526
⁧خاصه⁩	526
⁧خواستید⁩	526
⁧دا⁩	526
⁧سرفه⁩	526
⁧صدراعظم⁩	526
⁧نگاهت⁩	526
⁧وظایف⁩	526
⁧اجباری⁩	525
⁧المپیک⁩	525
⁧امبر⁩	525
⁧توضیحش⁩	525
⁧خوبین⁩	525
⁧شکستم⁩	525
⁧نارنجی⁩	525
⁧پولها⁩	525
⁧گیم⁩	525
⁧بنیامین⁩	524
⁧بیدارت⁩	524
⁧جینا⁩	524
⁧دزدیدم⁩	524
⁧زدمش⁩	524
⁧شناسه⁩	524
⁧طریقی⁩	524
⁧میکنه؟⁩	524
⁧کورا⁩	524
⁧ادگار⁩	523
⁧التحصیلی⁩	523
⁧النا⁩	523
⁧تلفنم⁩	523
⁧تولدش⁩	523
⁧سوءاستفاده⁩	523
⁧سگها⁩	523
⁧شهرهای⁩	523
⁧متنفرن⁩	523
⁧میرسونم⁩	523
⁧ناراحتت⁩	523
⁧ژن⁩	523
⁧تایرل⁩	522
⁧سنترال⁩	522
⁧فرانکلین⁩	522
⁧مصمم⁩	522
⁧نزنین⁩	522
⁧پیرس⁩	522
⁧بوقلمون⁩	521
⁧حقش⁩	521
⁧رودز⁩	521
⁧ساموئل⁩	521
⁧شوی⁩	521
⁧مجهز⁩	521
⁧میخوابم⁩	521
⁧میکشمش⁩	521
⁧کنجکاوی⁩	521
⁧بدزدی⁩	520
⁧رجب⁩	520
⁧روزگار⁩	520
⁧لنس⁩	520
⁧ورا⁩	520
⁧پسربچه⁩	520
⁧آشغالا⁩	519
⁧دوشون⁩	519
⁧رنگین⁩	519
⁧سرنشین⁩	519
⁧شکرت⁩	519
⁧قند⁩	519
⁧لاشی⁩	519
⁧مکعب⁩	519
⁧هاوایی⁩	519
⁧وینستون⁩	519
⁧گلوش⁩	519
⁧بنوشیم⁩	518
⁧حروف⁩	518
⁧دیواره⁩	518
⁧فراموشی⁩	518
⁧منع⁩	518
⁧چندبار⁩	518
⁧کفایت⁩	518
⁧التماست⁩	517
⁧اونجور⁩	517
⁧بردگی⁩	517
⁧برنمی⁩	517
⁧داغونه⁩	517
⁧رمانتیک⁩	517
⁧روانپزشک⁩	517
⁧میفهمن⁩	517
⁧نیوجرسی⁩	517
⁧پاشنه⁩	517
⁧کیتلین⁩	517
⁧یادمون⁩	517
⁧بیگ⁩	516
⁧شرمن⁩	516
⁧لنگ⁩	516
⁧متحرک⁩	516
⁧میچ⁩	516
⁧نزدیکترین⁩	516
⁧نوزاد⁩	516
⁧پت⁩	516
⁧پدرمون⁩	516
⁧بهترینی⁩	515
⁧سعیمو⁩	515
⁧ملوان⁩	515
⁧نمیکنین⁩	515
⁧پرسیوس⁩	515
⁧بهداشت⁩	514
⁧درخواستی⁩	514
⁧دموکراسی⁩	514
⁧لخته⁩	514
⁧آمادم⁩	513
⁧بکشیمش⁩	513
⁧تپش⁩	513
⁧علیکم⁩	513
⁧فانوس⁩	513
⁧قورباغه⁩	513
⁧میدیدی⁩	513
⁧میکردید⁩	513
⁧پخته⁩	513
⁧کلفت⁩	513
⁧اشون⁩	512
⁧بودنه⁩	512
⁧دزدها⁩	512
⁧زنانه⁩	512
⁧فروختی⁩	512
⁧فی⁩	512
⁧فینال⁩	512
⁧منتظرته⁩	512
⁧کماندار⁩	512
⁧آبنبات⁩	511
⁧تنم⁩	511
⁧خطرناکیه⁩	511
⁧راحتم⁩	511
⁧سگم⁩	511
⁧مخابره⁩	511
⁧میسازیم⁩	511
⁧واردش⁩	511
⁧پیشتون⁩	511
⁧گرمای⁩	511
⁧گشاد⁩	511
⁧اکو⁩	510
⁧بزنند⁩	510
⁧بسازن⁩	510
⁧بمباران⁩	510
⁧حفاری⁩	510
⁧شتر⁩	510
⁧شلی⁩	510
⁧کولی⁩	510
⁧گستاخ⁩	510
⁧بجنگن⁩	509
⁧بدهید⁩	509
⁧بررسیش⁩	509
⁧تائید⁩	509
⁧خبرش⁩	509
⁧دوتامون⁩	509
⁧زی⁩	509
⁧صفت⁩	509
⁧هردوشون⁩	509
⁧هماهنگی⁩	509
⁧چرندیات⁩	509
⁧کارولین⁩	509
⁧کوچیکت⁩	509
⁧بالش⁩	508
⁧بجا⁩	508
⁧بشند⁩	508
⁧تایگر⁩	508
⁧دفنش⁩	508
⁧سوکی⁩	508
⁧قدرتمندی⁩	508
⁧مردیه⁩	508
⁧پوستش⁩	508
⁧آلودگی⁩	507
⁧آهنگی⁩	507
⁧الگوی⁩	507
⁧اگرم⁩	507
⁧تحویلش⁩	507
⁧تقلید⁩	507
⁧جرقه⁩	507
⁧جیبت⁩	507
⁧رستگاری⁩	507
⁧مجبوره⁩	507
⁧میزنند⁩	507
⁧نجاتشون⁩	507
⁧پریدن⁩	507
⁧چونه⁩	507
⁧چیپس⁩	507
⁧کان⁩	507
⁧بودا⁩	506
⁧لینا⁩	506
⁧مردمت⁩	506
⁧نر⁩	506
⁧وایسم⁩	506
⁧انواع⁩	505
⁧بپرم⁩	505
⁧بیوفت⁩	505
⁧تختت⁩	505
⁧فاز⁩	505
⁧هلمز⁩	505
⁧چیزش⁩	505
⁧گشنه⁩	505
⁧اوضاعت⁩	504
⁧سفیده⁩	504
⁧میشده⁩	504
⁧نخوری⁩	504
⁧نهنگ⁩	504
⁧ارزشه⁩	503
⁧بنجامین⁩	503
⁧ترن⁩	503
⁧تسویه⁩	503
⁧شعاع⁩	503
⁧لشکر⁩	503
⁧نبودند⁩	503
⁧آستین⁩	502
⁧آشتی⁩	502
⁧استعدادی⁩	502
⁧ایتان⁩	502
⁧برگزیده⁩	502
⁧دربرابر⁩	502
⁧سیمپسون⁩	502
⁧شاهین⁩	502
⁧عنصر⁩	502
⁧مقتول⁩	502
⁧وطن⁩	502
⁧یوری⁩	502
⁧بستری⁩	501
⁧تجزیه⁩	501
⁧جمال⁩	501
⁧جولین⁩	501
⁧دعوتش⁩	501
⁧رسوندم⁩	501
⁧سنگر⁩	501
⁧ناخودآگاه⁩	501
⁧اقرار⁩	500
⁧الکترونیکی⁩	500
⁧انجا⁩	500
⁧بخواهی⁩	500
⁧ترسید⁩	500
⁧خونشون⁩	500
⁧روانشناس⁩	500
⁧زبونت⁩	500
⁧ملاحظه⁩	500
⁧ممنونیم⁩	500
⁧نکشید⁩	500
⁧ژنراتور⁩	500
⁧کناره⁩	500
⁧جد⁩	499
⁧دستبرد⁩	499
⁧روبروی⁩	499
⁧فرستادیم⁩	499
⁧مضطرب⁩	499
⁧نشن⁩	499
⁧هانتر⁩	499
⁧اجتماع⁩	498
⁧ببخشه⁩	498
⁧بیارینش⁩	498
⁧تلفنش⁩	498
⁧جاز⁩	498
⁧درمیاره⁩	498
⁧دیگو⁩	498
⁧راسته⁩	498
⁧مامورای⁩	498
⁧محروم⁩	498
⁧مطابق⁩	498
⁧میبرد⁩	498
⁧کلم⁩	498
⁧ایوی⁩	497
⁧برگردوند⁩	497
⁧بیخودی⁩	497
⁧تاسیسات⁩	497
⁧تنه⁩	497
⁧دستته⁩	497
⁧روشنی⁩	497
⁧شیلا⁩	497
⁧فورمن⁩	497
⁧ما؟⁩	497
⁧منافع⁩	497
⁧هوشیار⁩	497
⁧واکسن⁩	497
⁧گفتگوی⁩	497
⁧آنکه⁩	496
⁧اسمتو⁩	496
⁧خواستار⁩	496
⁧دستمزد⁩	496
⁧صب⁩	496
⁧عقلتو⁩	496
⁧هیج⁩	496
⁧یورک⁩	496
⁧برسونمت⁩	495
⁧بپرسه⁩	495
⁧تهدیدی⁩	495
⁧رفیقم⁩	495
⁧صاعقه⁩	495
⁧قلابی⁩	495
⁧میبرمش⁩	495
⁧میشدیم⁩	495
⁧نحوه⁩	495
⁧نفست⁩	495
⁧گیلاس⁩	495
⁧بازداشتی⁩	494
⁧تعویض⁩	494
⁧جانت⁩	494
⁧خودتونه⁩	494
⁧داداشت⁩	494
⁧زیادن⁩	494
⁧شدنت⁩	494
⁧طبل⁩	494
⁧طعنه⁩	494
⁧ظالم⁩	494
⁧قیام⁩	494
⁧نیومدیم⁩	494
⁧چندتایی⁩	494
⁧دانشمندان⁩	493
⁧راهبه⁩	493
⁧رایانه⁩	493
⁧رحمت⁩	493
⁧روزت⁩	493
⁧ومن⁩	493
⁧چیزارو⁩	493
⁧کرین⁩	493
⁧انتخابش⁩	492
⁧بروید⁩	492
⁧بسکتبال⁩	492
⁧دلتا⁩	492
⁧دینا⁩	492
⁧رسی⁩	492
⁧سفیدپوست⁩	492
⁧فری⁩	492
⁧میگیرمش⁩	492
⁧همونقدر⁩	492
⁧آرک⁩	491
⁧برقراری⁩	491
⁧بفرستن⁩	491
⁧جانور⁩	491
⁧خوشگلم⁩	491
⁧دخترمون⁩	491
⁧دورف⁩	491
⁧مادرشون⁩	491
⁧نپرسیدم⁩	491
⁧واقعیم⁩	491
⁧چشمی⁩	491
⁧اختصاصی⁩	490
⁧بخدا⁩	490
⁧حاکم⁩	490
⁧خجالتی⁩	490
⁧شریف⁩	490
⁧فرانسیسکو⁩	490
⁧فرمانروای⁩	490
⁧مستحق⁩	490
⁧معدنی⁩	490
⁧نشستیم⁩	490
⁧کشونده⁩	490
⁧تکان⁩	489
⁧جائی⁩	489
⁧خیالم⁩	489
⁧خیلیا⁩	489
⁧دفترت⁩	489
⁧دیگ⁩	489
⁧صبحه⁩	489
⁧ماندن⁩	489
⁧مرین⁩	489
⁧پیاز⁩	489
⁧چیا⁩	489
⁧کودی⁩	489
⁧اونکه⁩	488
⁧تلفظ⁩	488
⁧تیریون⁩	488
⁧جوره⁩	488
⁧ستاد⁩	488
⁧غیره⁩	488
⁧ندیدن⁩	488
⁧پائول⁩	488
⁧برنگشته⁩	487
⁧بگویم⁩	487
⁧حاجی⁩	487
⁧سرهم⁩	487
⁧لنگرگاه⁩	487
⁧نکشته⁩	487
⁧چیست⁩	487
⁧آزادانه⁩	486
⁧احساساتم⁩	486
⁧بخوبی⁩	486
⁧جزییات⁩	486
⁧دخترمه⁩	486
⁧دروغی⁩	486
⁧رسوایی⁩	486
⁧زیرکانه⁩	486
⁧شخصیتی⁩	486
⁧فرستم⁩	486
⁧مخفیش⁩	486
⁧مرده؟⁩	486
⁧میدادیم⁩	486
⁧نمای⁩	486
⁧وای،⁩	486
⁧چیزم⁩	486
⁧کبدی⁩	486
⁧گای⁩	486
⁧بربیاد⁩	485
⁧ترمیم⁩	485
⁧جوردن⁩	485
⁧خرم⁩	485
⁧رویاها⁩	485
⁧شباهت⁩	485
⁧شهامت⁩	485
⁧قوم⁩	485
⁧هلی⁩	485
⁧ایستادی⁩	484
⁧جنگیدم⁩	484
⁧حکمرانی⁩	484
⁧دائما⁩	484
⁧درآوردن⁩	484
⁧روث⁩	484
⁧سانتا⁩	484
⁧فروختم⁩	484
⁧لوکا⁩	484
⁧میفرستن⁩	484
⁧هدفت⁩	484
⁧هنرپیشه⁩	484
⁧گلوی⁩	484
⁧امپراتوری⁩	483
⁧جنگجویان⁩	483
⁧سرته⁩	483
⁧شرکتی⁩	483
⁧طاعون⁩	483
⁧لویس⁩	483
⁧مونا⁩	483
⁧نگاشون⁩	483
⁧چکمه⁩	483
⁧چیش⁩	483
⁧آدمیه⁩	482
⁧تخیلی⁩	482
⁧تدارکات⁩	482
⁧تعقیبم⁩	482
⁧جوابمو⁩	482
⁧دهی⁩	482
⁧مشروط⁩	482
⁧پامو⁩	482
⁧امون⁩	481
⁧بری؟⁩	481
⁧دنریس⁩	481
⁧میشینم⁩	481
⁧پولمو⁩	481
⁧الگو⁩	480
⁧ایستاد⁩	480
⁧بیدارم⁩	480
⁧تصویب⁩	480
⁧تکلیف⁩	480
⁧خداروشکر⁩	480
⁧شلوارم⁩	480
⁧اطلاعی⁩	479
⁧جاودانه⁩	479
⁧حداقلش⁩	479
⁧ظرفیت⁩	479
⁧لستر⁩	479
⁧میفرستیم⁩	479
⁧ناقص⁩	479
⁧ندرت⁩	479
⁧کاسبی⁩	479
⁧گندت⁩	479
⁧خطور⁩	478
⁧روانشناسی⁩	478
⁧صداهای⁩	478
⁧فروخت⁩	478
⁧کودکی⁩	478
⁧بدنبال⁩	477
⁧خوشامد⁩	477
⁧دلسوزی⁩	477
⁧دیسک⁩	477
⁧سبزه⁩	477
⁧شهرداری⁩	477
⁧متصدی⁩	477
⁧همینقدر⁩	477
⁧پنجشنبه⁩	477
⁧کجام؟⁩	477
⁧آسونتر⁩	476
⁧استلا⁩	476
⁧باختم⁩	476
⁧تعدادشون⁩	476
⁧تندی⁩	476
⁧خانگی⁩	476
⁧دوتاشون⁩	476
⁧راجبه⁩	476
⁧زاک⁩	476
⁧فرقش⁩	476
⁧فطرت⁩	476
⁧گاوچرون⁩	476
⁧آباد⁩	475
⁧آذرخش⁩	475
⁧آنتونیو⁩	475
⁧آیند⁩	475
⁧بدنه⁩	475
⁧بردند⁩	475
⁧حراج⁩	475
⁧حواسشون⁩	475
⁧خصوصا⁩	475
⁧دانید⁩	475
⁧شکمش⁩	475
⁧لغت⁩	475
⁧پادشاهان⁩	475
⁧پسرمو⁩	475
⁧کشتیم⁩	475
⁧کلیک⁩	475
⁧گوگل⁩	475
⁧جیبم⁩	474
⁧خو⁩	474
⁧دلفین⁩	474
⁧طمع⁩	474
⁧فرزندی⁩	474
⁧میتونستن⁩	474
⁧نقاش⁩	474
⁧گذرونی⁩	474
⁧گورت⁩	474
⁧اونقدرها⁩	473
⁧اوی⁩	473
⁧تهمینه⁩	473
⁧دربیاره⁩	473
⁧صرفا⁩	473
⁧مممم⁩	473
⁧ناسلامتی⁩	473
⁧وایسادم⁩	473
⁧گرمی⁩	473
⁧بریزیم⁩	472
⁧دانشجو⁩	472
⁧دستشه⁩	472
⁧رژه⁩	472
⁧غلطه⁩	472
⁧فریا⁩	472
⁧لاستیک⁩	472
⁧مدی⁩	472
⁧نیاوردم⁩	472
⁧پلیسها⁩	472
⁧گرا⁩	472
⁧بکنند⁩	471
⁧بگیریمش⁩	471
⁧داستانت⁩	471
⁧قدری⁩	471
⁧میگه؟⁩	471
⁧نذاشته⁩	471
⁧نمیکنند⁩	471
⁧پیشرفتی⁩	471
⁧گیلبرت⁩	471
⁧یادگاری⁩	471
⁧آشناست⁩	470
⁧بستیم⁩	470
⁧تریس⁩	470
⁧تقلا⁩	470
⁧خانمی⁩	470
⁧مزدور⁩	470
⁧ناکس⁩	470
⁧وضعش⁩	470
⁧پایی⁩	470
⁧تدفین⁩	469
⁧تینا⁩	469
⁧خبرها⁩	469
⁧داداشم⁩	469
⁧ربایی⁩	469
⁧پادزهر⁩	469
⁧آتلانتا⁩	468
⁧اسکیت⁩	468
⁧جادوگرا⁩	468
⁧جلوشونو⁩	468
⁧دهلی⁩	468
⁧نیازمند⁩	468
⁧هردوی⁩	468
⁧پیشکش⁩	468
⁧چطورن⁩	468
⁧آندرو⁩	467
⁧استیل⁩	467
⁧اسپارو⁩	467
⁧انفرادی⁩	467
⁧ترحم⁩	467
⁧تعقیبت⁩	467
⁧فرصتش⁩	467
⁧لابی⁩	467
⁧مداد⁩	467
⁧مهربانی⁩	467
⁧ناتاشا⁩	467
⁧نعمت⁩	467
⁧والدینش⁩	467
⁧پاکش⁩	467
⁧کشورمون⁩	467
⁧کچل⁩	467
⁧احتمالات⁩	466
⁧اسپاک⁩	466
⁧اورژانسی⁩	466
⁧بایگانی⁩	466
⁧بیمارستانه⁩	466
⁧تیمارستان⁩	466
⁧درونم⁩	466
⁧دسامبر⁩	466
⁧زننده⁩	466
⁧مات⁩	466
⁧مشخصی⁩	466
⁧میانه⁩	466
⁧نمیشنوم⁩	466
⁧پنتاگون⁩	466
⁧کلیدها⁩	466
⁧اربابان⁩	465
⁧بیماران⁩	465
⁧جونگ⁩	465
⁧خریدار⁩	465
⁧دیرتر⁩	465
⁧سقط⁩	465
⁧سیخ⁩	465
⁧شاهدی⁩	465
⁧عوارض⁩	465
⁧مراجعه⁩	465
⁧معمولیه⁩	465
⁧وثیقه⁩	465
⁧ورونیکا⁩	465
⁧یالا،⁩	465
⁧بفهم⁩	464
⁧تهویه⁩	464
⁧سرکوب⁩	464
⁧سنجاب⁩	464
⁧لوح⁩	464
⁧مهاجم⁩	464
⁧واقعه⁩	464
⁧پوستت⁩	464
⁧گوهی⁩	464
⁧برسید⁩	463
⁧خداوندا⁩	463
⁧ذرات⁩	463
⁧صددرصد⁩	463
⁧فهمیدنش⁩	463
⁧نذاشتم⁩	463
⁧نقلیه⁩	463
⁧والری⁩	463
⁧یمن⁩	463
⁧امانه⁩	462
⁧بابانوئل⁩	462
⁧برایت⁩	462
⁧دستوری⁩	462
⁧رخت⁩	462
⁧سریعترین⁩	462
⁧عمد⁩	462
⁧نوجوون⁩	462
⁧هستین؟⁩	462
⁧وصلش⁩	462
⁧پرتی⁩	462
⁧پرفسور⁩	462
⁧گویند⁩	462
⁧انگل⁩	461
⁧تختخواب⁩	461
⁧ترسه⁩	461
⁧توزیع⁩	461
⁧شانسه⁩	461
⁧فوریه⁩	461
⁧ماهم⁩	461
⁧همانند⁩	461
⁧کارتل⁩	461
⁧برادرتون⁩	460
⁧برنی⁩	460
⁧بکا⁩	460
⁧تعمیرش⁩	460
⁧دعوتت⁩	460
⁧نورما⁩	460
⁧واوو⁩	460
⁧کلکسیون⁩	460
⁧ابتدایی⁩	459
⁧برادرزاده⁩	459
⁧خوریم⁩	459
⁧قائلم⁩	459
⁧متروکه⁩	459
⁧آمدم⁩	458
⁧ببنده⁩	458
⁧بنفش⁩	458
⁧بپره⁩	458
⁧تلاشی⁩	458
⁧حاظر⁩	458
⁧حالیت⁩	458
⁧خبرا؟⁩	458
⁧روزگاری⁩	458
⁧سابقت⁩	458
⁧سرآشپز⁩	458
⁧پیره⁩	458
⁧اردو⁩	457
⁧باروت⁩	457
⁧خوشکل⁩	457
⁧دوایت⁩	457
⁧سرشار⁩	457
⁧طلبی⁩	457
⁧متل⁩	457
⁧مردیم⁩	457
⁧مورف⁩	457
⁧مچکرم⁩	457
⁧هانس⁩	457
⁧ودکا⁩	457
⁧ازدست⁩	456
⁧انتشار⁩	456
⁧بلو⁩	456
⁧جوهر⁩	456
⁧درآورد⁩	456
⁧دورو⁩	456
⁧روری⁩	456
⁧سفری⁩	456
⁧عقلش⁩	456
⁧میشناختی⁩	456
⁧میلیونها⁩	456
⁧نازه⁩	456
⁧نمیشناسه⁩	456
⁧آره،آره⁩	455
⁧اتاقه⁩	455
⁧اطلاعت⁩	455
⁧حالمو⁩	455
⁧خواندن⁩	455
⁧شکاری⁩	455
⁧مرزهای⁩	455
⁧میخوابه⁩	455
⁧نگرفت⁩	455
⁧آذوقه⁩	454
⁧ارضا⁩	454
⁧امکانات⁩	454
⁧بایدم⁩	454
⁧بگردن⁩	454
⁧خشاب⁩	454
⁧نفتی⁩	454
⁧همچی⁩	454
⁧همکارت⁩	454
⁧پشته⁩	454
⁧پورتلند⁩	454
⁧پوستی⁩	454
⁧گوکو⁩	454
⁧ازدواجمون⁩	453
⁧استراحتی⁩	453
⁧جوونه⁩	453
⁧زندگیشو⁩	453
⁧زیادم⁩	453
⁧سریعه⁩	453
⁧فارسی⁩	453
⁧کاریو⁩	453
⁧آبشار⁩	452
⁧آنتون⁩	452
⁧بلیت⁩	452
⁧جانگ⁩	452
⁧شری⁩	452
⁧مووی⁩	452
⁧پخشش⁩	452
⁧کاریم⁩	452
⁧کوک⁩	452
⁧بستر⁩	451
⁧جریانه⁩	451
⁧ربوده⁩	451
⁧لم⁩	451
⁧مارس⁩	451
⁧یادبود⁩	451
⁧آلود⁩	450
⁧برسین⁩	450
⁧برندون⁩	450
⁧بینیش⁩	450
⁧سهیم⁩	450
⁧قبال⁩	450
⁧قسر⁩	450
⁧لایحه⁩	450
⁧مالکیت⁩	450
⁧مسلط⁩	450
⁧میگشت⁩	450
⁧هس⁩	450
⁧واقعیته⁩	450
⁧پاها⁩	450
⁧پنهانی⁩	450
⁧پیرهن⁩	450
⁧کالبد⁩	450
⁧کالین⁩	450
⁧تهمت⁩	449
⁧جنت⁩	449
⁧داریش⁩	449
⁧ربع⁩	449
⁧سلولی⁩	449
⁧شهرو⁩	449
⁧قایمش⁩	449
⁧کانی⁩	449
⁧کلود⁩	449
⁧آکادمی⁩	448
⁧اخاذی⁩	448
⁧حلی⁩	448
⁧زنونه⁩	448
⁧شانست⁩	448
⁧هابز⁩	448
⁧هیچی؟⁩	448
⁧وضعیتش⁩	448
⁧کاپتان⁩	448
⁧اجیر⁩	447
⁧باج⁩	447
⁧تصمیمت⁩	447
⁧تمامش⁩	447
⁧جاشوا⁩	447
⁧حالا؟⁩	447
⁧دماغت⁩	447
⁧مردک⁩	447
⁧نهم⁩	447
⁧هاکی⁩	447
⁧پخت⁩	447
⁧پدرمو⁩	447
⁧پدرو⁩	447
⁧پسرک⁩	447
⁧کریستی⁩	447
⁧گیرنده⁩	447
⁧اتان⁩	446
⁧امتحانی⁩	446
⁧باریک⁩	446
⁧تشنج⁩	446
⁧دادرسی⁩	446
⁧ضمیر⁩	446
⁧قیافت⁩	446
⁧میتواند⁩	446
⁧پلنگ⁩	446
⁧اتوماتیک⁩	445
⁧ببینمشون⁩	445
⁧بدزد⁩	445
⁧بینگو⁩	445
⁧توانیم⁩	445
⁧خوانده⁩	445
⁧مدارکی⁩	445
⁧موهبت⁩	445
⁧هجده⁩	445
⁧همونجاست⁩	445
⁧وینی⁩	445
⁧گرونه⁩	445
⁧ادمای⁩	444
⁧انقلابی⁩	444
⁧اوا⁩	444
⁧تمرینات⁩	444
⁧جنگیدی⁩	444
⁧خورن⁩	444
⁧درمیارم⁩	444
⁧رفقای⁩	444
⁧ریزه⁩	444
⁧زلزله⁩	444
⁧شدش⁩	444
⁧محکمی⁩	444
⁧مرض⁩	444
⁧ابریشم⁩	443
⁧دهیم⁩	443
⁧ططری⁩	443
⁧قاره⁩	443
⁧منهم⁩	443
⁧موضع⁩	443
⁧پوکر⁩	443
⁧گرفتی؟⁩	443
⁧اضطراب⁩	442
⁧بعدم⁩	442
⁧بلامی⁩	442
⁧جنگنده⁩	442
⁧دستپاچه⁩	442
⁧دماغم⁩	442
⁧عکاس⁩	442
⁧مجردی⁩	442
⁧مسافران⁩	442
⁧مهار⁩	442
⁧میدونسته⁩	442
⁧میشینه⁩	442
⁧واسا⁩	442
⁧وصله⁩	442
⁧کاملی⁩	442
⁧کیفت⁩	442
⁧اون؟⁩	441
⁧برنمیگرده⁩	441
⁧دالاس⁩	441
⁧دنبالتون⁩	441
⁧رسیدین⁩	441
⁧سکسیه⁩	441
⁧شعبه⁩	441
⁧قاتلی⁩	441
⁧نخورین⁩	441
⁧نذارین⁩	441
⁧نکردند⁩	441
⁧وضوح⁩	441
⁧خیل⁩	440
⁧فروختن⁩	440
⁧آزمایشگاهی⁩	439
⁧افتضاحی⁩	439
⁧حامل⁩	439
⁧دزدای⁩	439
⁧سرعتش⁩	439
⁧شیطانه⁩	439
⁧فورت⁩	439
⁧معالجه⁩	439
⁧پایینی⁩	439
⁧کیرا⁩	439
⁧یارد⁩	439
⁧یاغی⁩	439
⁧آندره⁩	438
⁧انفجاری⁩	438
⁧بیاریمش⁩	438
⁧حومه⁩	438
⁧خواهشمیکنم⁩	438
⁧ریل⁩	438
⁧لئون⁩	438
⁧مخالفم⁩	438
⁧میترسونه⁩	438
⁧میومدن⁩	438
⁧پنگوئن⁩	438
⁧پپر⁩	438
⁧چشام⁩	438
⁧ایستادن⁩	437
⁧برونو⁩	437
⁧توبه⁩	437
⁧توشون⁩	437
⁧دژ⁩	437
⁧طفره⁩	437
⁧ملاقاتت⁩	437
⁧ندادیم⁩	437
⁧هربار⁩	437
⁧هرشب⁩	437
⁧همم؟⁩	437
⁧واین⁩	437
⁧پرتقال⁩	437
⁧اکس⁩	436
⁧ایپ⁩	436
⁧تختش⁩	436
⁧ثبات⁩	436
⁧خواستند⁩	436
⁧دانشگاهی⁩	436
⁧سرجاش⁩	436
⁧وتو⁩	436
⁧کارات⁩	436
⁧اونام⁩	435
⁧بیرونن⁩	435
⁧خوراکی⁩	435
⁧دلیلیه⁩	435
⁧مزایده⁩	435
⁧منفعت⁩	435
⁧پهن⁩	435
⁧یم⁩	435
⁧آزادت⁩	434
⁧ببینیمش⁩	434
⁧بیفتم⁩	434
⁧حاضرن⁩	434
⁧حشری⁩	434
⁧ماییم⁩	434
⁧میسازم⁩	434
⁧هارپر⁩	434
⁧کلاری⁩	434
⁧کیش⁩	434
⁧گیاهی⁩	434
⁧یکدفعه⁩	434
⁧اسمه⁩	433
⁧حرفشو⁩	433
⁧خوند⁩	433
⁧درگاه⁩	433
⁧شکمت⁩	433
⁧فامیلی⁩	433
⁧مخفیگاه⁩	433
⁧میزاریم⁩	433
⁧کلاهبرداری⁩	433
⁧گذاشتند⁩	433
⁧بدمش⁩	432
⁧ترو⁩	432
⁧تصحیح⁩	432
⁧جلوتو⁩	432
⁧عنکبوتی⁩	432
⁧لوکی⁩	432
⁧موقتی⁩	432
⁧میشکنه⁩	432
⁧وانگ⁩	432
⁧گیاهان⁩	432
⁧بشناسه⁩	431
⁧جلومو⁩	431
⁧رول⁩	431
⁧شکوفه⁩	431
⁧نشونشون⁩	431
⁧نگهت⁩	431
⁧آسیا⁩	430
⁧آه،⁩	430
⁧تبدیلش⁩	430
⁧جابجایی⁩	430
⁧خندیدن⁩	430
⁧روبراهی⁩	430
⁧شاش⁩	430
⁧نفوذی⁩	430
⁧پدربزرگت⁩	430
⁧گانه⁩	430
⁧یابی⁩	430
⁧سادست⁩	429
⁧قبض⁩	429
⁧قدمت⁩	429
⁧هابیت⁩	429
⁧پشمالو⁩	429
⁧پلی⁩	429
⁧کسیو⁩	429
⁧کیرت⁩	429
⁧آرومه⁩	428
⁧افسران⁩	428
⁧بازیابی⁩	428
⁧بودنم⁩	428
⁧حقیقتی⁩	428
⁧دایان⁩	428
⁧سرپا⁩	428
⁧مخمصه⁩	428
⁧پورت⁩	428
⁧آلکس⁩	427
⁧اسپرم⁩	427
⁧انگشتر⁩	427
⁧ایرلند⁩	427
⁧تاریکه⁩	427
⁧تاکر⁩	427
⁧شعار⁩	427
⁧پیداتون⁩	427
⁧ژانویه⁩	427
⁧آبجوی⁩	426
⁧ارزششو⁩	426
⁧بشدت⁩	426
⁧خواهان⁩	426
⁧شیرجه⁩	426
⁧عکسش⁩	426
⁧فیلادلفیا⁩	426
⁧نرخ⁩	426
⁧هاگرید⁩	426
⁧کید⁩	426
⁧گان⁩	426
⁧گندم⁩	426
⁧اوله⁩	425
⁧بساز⁩	425
⁧بیاریدش⁩	425
⁧تاش⁩	425
⁧خصوصیه⁩	425
⁧خوشمون⁩	425
⁧دب⁩	425
⁧دیگست⁩	425
⁧فلسفه⁩	425
⁧منجمد⁩	425
⁧نگرانه⁩	425
⁧ویرایش⁩	425
⁧کوچیکم⁩	425
⁧اتومبیل⁩	424
⁧بازیت⁩	424
⁧بدا⁩	424
⁧جول⁩	424
⁧حسودیم⁩	424
⁧خالق⁩	424
⁧دانته⁩	424
⁧دوستانت⁩	424
⁧شکافی⁩	424
⁧عضله⁩	424
⁧قدرتم⁩	424
⁧قدرته⁩	424
⁧مقبره⁩	424
⁧میاورد⁩	424
⁧ناک⁩	424
⁧ندونی⁩	424
⁧کورت⁩	424
⁧گ⁩	424
⁧گریسون⁩	424
⁧آرامی⁩	423
⁧اسکوبار⁩	423
⁧بامن⁩	423
⁧داروین⁩	423
⁧دوما⁩	423
⁧رومئو⁩	423
⁧طوریه⁩	423
⁧عمدی⁩	423
⁧لیمو⁩	423
⁧مونن⁩	423
⁧میزم⁩	423
⁧وسایلش⁩	423
⁧ئه⁩	422
⁧اروپایی⁩	422
⁧بنابر⁩	422
⁧حرکته⁩	422
⁧خاموشی⁩	422
⁧شانه⁩	422
⁧لویی⁩	422
⁧میاید⁩	422
⁧میخوردم⁩	422
⁧نذارید⁩	422
⁧نمیبره⁩	422
⁧هاتونو⁩	422
⁧هستن؟⁩	422
⁧اتفاقایی⁩	421
⁧اشنا⁩	421
⁧اقلیم⁩	421
⁧شهاب⁩	421
⁧صنعتی⁩	421
⁧مودبانه⁩	421
⁧مونت⁩	421
⁧پسند⁩	421
⁧پیکر⁩	421
⁧چانگ⁩	421
⁧کثیفه⁩	421
⁧کلیدا⁩	421
⁧گراهام⁩	421
⁧بازپرس⁩	420
⁧بعدیش⁩	420
⁧تحصیلی⁩	420
⁧جنگلی⁩	420
⁧جونشون⁩	420
⁧سرگردان⁩	420
⁧نصیب⁩	420
⁧همدست⁩	420
⁧پرسنل⁩	420
⁧پریش⁩	420
⁧پورتر⁩	420
⁧آریزونا⁩	419
⁧آلی⁩	419
⁧بسمت⁩	419
⁧شروعش⁩	419
⁧شکمم⁩	419
⁧مادرمه⁩	419
⁧مبارکه⁩	419
⁧موعظه⁩	419
⁧نبینم⁩	419
⁧نتونن⁩	419
⁧هیون⁩	419
⁧آنرا⁩	418
⁧اووم⁩	418
⁧بخونید⁩	418
⁧بپوشه⁩	418
⁧درنظر⁩	418
⁧رحمی⁩	418
⁧ریو⁩	418
⁧عربی⁩	418
⁧فشاری⁩	418
⁧میخره⁩	418
⁧میزه⁩	418
⁧آخره⁩	417
⁧احساسم⁩	417
⁧اینجاها⁩	417
⁧بشاشم⁩	417
⁧بگذرونه⁩	417
⁧جلد⁩	417
⁧خمیر⁩	417
⁧رسیدند⁩	417
⁧عه⁩	417
⁧قربانیان⁩	417
⁧محقق⁩	417
⁧مدعی⁩	417
⁧پدرم⁩	417
⁧پیامک⁩	417
⁧چرب⁩	417
⁧گوشیت⁩	417
⁧تصورات⁩	416
⁧راده⁩	416
⁧رفتنت⁩	416
⁧شیپور⁩	416
⁧نم⁩	416
⁧تحمیل⁩	415
⁧زین⁩	415
⁧فریزر⁩	415
⁧لیدیس⁩	415
⁧ماهیت⁩	415
⁧هرطور⁩	415
⁧کروز⁩	415
⁧اومدش⁩	414
⁧باغچه⁩	414
⁧بدتری⁩	414
⁧بریم؟⁩	414
⁧بشنو⁩	414
⁧جاشو⁩	414
⁧جناح⁩	414
⁧فشنگ⁩	414
⁧لورل⁩	414
⁧لیموزین⁩	414
⁧موبایلت⁩	414
⁧پیشی⁩	414
⁧کرید⁩	414
⁧کشتش⁩	414
⁧گردونی⁩	414
⁧گلها⁩	414
⁧احمد⁩	413
⁧اینگونه⁩	413
⁧جراحت⁩	413
⁧حیوونا⁩	413
⁧سطحی⁩	413
⁧ظهور⁩	413
⁧ماچ⁩	413
⁧مملکت⁩	413
⁧میخوابی⁩	413
⁧هوو⁩	413
⁧کلوین⁩	413
⁧گذروندن⁩	413
⁧یبار⁩	413
⁧برنگرد⁩	412
⁧بورس⁩	412
⁧خدافظی⁩	412
⁧سامورایی⁩	412
⁧شایعاتی⁩	412
⁧عیار⁩	412
⁧لزومی⁩	412
⁧میسازن⁩	412
⁧نشونمون⁩	412
⁧پوشه⁩	412
⁧کوچولویی⁩	412
⁧بعهده⁩	411
⁧خره⁩	411
⁧درکار⁩	411
⁧دوستامون⁩	411
⁧دوستانی⁩	411
⁧سانگ⁩	411
⁧سپاسگذارم⁩	411
⁧ماما⁩	411
⁧نشدنی⁩	411
⁧نمیذارن⁩	411
⁧نگیری⁩	411
⁧هونگ⁩	411
⁧آهای؟⁩	410
⁧اتو⁩	410
⁧اسکیتر⁩	410
⁧اصلیه⁩	410
⁧اهریمن⁩	410
⁧باردار⁩	410
⁧برهنه⁩	410
⁧تاریخچه⁩	410
⁧درنده⁩	410
⁧راستت⁩	410
⁧روانیه⁩	410
⁧زدنش⁩	410
⁧عظمت⁩	410
⁧مخت⁩	410
⁧مسلسل⁩	410
⁧مکانیک⁩	410
⁧وصیت⁩	410
⁧پذیری⁩	410
⁧ایستادگی⁩	409
⁧برمیداره⁩	409
⁧خلع⁩	409
⁧درآوردم⁩	409
⁧دیدیش؟⁩	409
⁧مگ⁩	409
⁧میتونسته⁩	409
⁧گزارشی⁩	409
⁧آوردمش⁩	408
⁧افتتاحیه⁩	408
⁧بربیام⁩	408
⁧بون⁩	408
⁧بیرونش⁩	408
⁧خانم؟⁩	408
⁧خواهران⁩	408
⁧راهروی⁩	408
⁧مفقود⁩	408
⁧نیتن⁩	408
⁧پدرته⁩	408
⁧کیلی⁩	408
⁧اصابت⁩	407
⁧حالمون⁩	407
⁧خوبه،⁩	407
⁧ذکر⁩	407
⁧سرود⁩	407
⁧فاستر⁩	407
⁧فناوری⁩	407
⁧مامورهای⁩	407
⁧مداوم⁩	407
⁧پروتکل⁩	407
⁧کیس⁩	407
⁧گیرشون⁩	407
⁧ارابه⁩	406
⁧تصفیه⁩	406
⁧روزم⁩	406
⁧ضرری⁩	406
⁧لیزر⁩	406
⁧همینطورم⁩	406
⁧چل⁩	406
⁧اورشلیم⁩	405
⁧تبلیغاتی⁩	405
⁧دکی⁩	405
⁧سوریه⁩	405
⁧شکنی⁩	405
⁧عازم⁩	405
⁧چیکارش⁩	405
⁧کوچیکش⁩	405
⁧آوردند⁩	404
⁧ادغام⁩	404
⁧ببریمت⁩	404
⁧بغلت⁩	404
⁧بینن⁩	404
⁧تابلوی⁩	404
⁧جذابیت⁩	404
⁧خوابید⁩	404
⁧خودش⁩	404
⁧دایناسور⁩	404
⁧دومینیک⁩	404
⁧زنگی⁩	404
⁧صدر⁩	404
⁧مسلحانه⁩	404
⁧نخواهید⁩	404
⁧پذیره⁩	404
⁧پیغمبر⁩	404
⁧کمیاب⁩	404
⁧گذاشتید⁩	404
⁧بدند⁩	403
⁧تلاشت⁩	403
⁧جست⁩	403
⁧درز⁩	403
⁧رازهای⁩	403
⁧سؤالی⁩	403
⁧شلوغی⁩	403
⁧صورتحساب⁩	403
⁧ظلم⁩	403
⁧مادربزرگت⁩	403
⁧ماسه⁩	403
⁧میپرسه⁩	403
⁧نخوام⁩	403
⁧همینا⁩	403
⁧چوپان⁩	403
⁧انباری⁩	402
⁧ثابتش⁩	402
⁧دفع⁩	402
⁧دیرمون⁩	402
⁧سروصدا⁩	402
⁧شونو⁩	402
⁧قوانینی⁩	402
⁧مارتینز⁩	402
⁧مهربونه⁩	402
⁧نمایندگی⁩	402
⁧نیمکت⁩	402
⁧نیومدن⁩	402
⁧واژه⁩	402
⁧پیوسته⁩	402
⁧آرنا⁩	401
⁧انگشتش⁩	401
⁧بدترش⁩	401
⁧بله،قربان⁩	401
⁧جسمی⁩	401
⁧دونات⁩	401
⁧دونفر⁩	401
⁧زمونه⁩	401
⁧قبلیم⁩	401
⁧نوازنده⁩	401
⁧پاییز⁩	401
⁧کوتاهه⁩	401
⁧گذروندیم⁩	401
⁧آسمانی⁩	400
⁧اینجاست؟⁩	400
⁧تایپ⁩	400
⁧حاملگی⁩	400
⁧دکتره⁩	400
⁧زا⁩	400
⁧متلاشی⁩	400
⁧محتاط⁩	400
⁧محکمتر⁩	400
⁧مدیونم⁩	400
⁧کارهات⁩	400
⁧باحالیه⁩	399
⁧برونی⁩	399
⁧تنهای⁩	399
⁧توانند⁩	399
⁧حسابت⁩	399
⁧عصا⁩	399
⁧مینویسی⁩	399
⁧پورن⁩	399
⁧کوزه⁩	399
⁧گرنت⁩	399
⁧گناهه⁩	399
⁧اخراجت⁩	398
⁧امیدواریم⁩	398
⁧تاسیس⁩	398
⁧دوسال⁩	398
⁧سولو⁩	398
⁧لعنتیم⁩	398
⁧مسافرخونه⁩	398
⁧ملایم⁩	398
⁧موجوداتی⁩	398
⁧پز⁩	398
⁧گاندولف⁩	398
⁧اونشب⁩	397
⁧بایسته⁩	397
⁧بریتانیایی⁩	397
⁧بیکر⁩	397
⁧جولز⁩	397
⁧دزده⁩	397
⁧زمانیه⁩	397
⁧شات⁩	397
⁧لال⁩	397
⁧لونه⁩	397
⁧میرفتن⁩	397
⁧هضم⁩	397
⁧پشه⁩	397
⁧کوچولوم⁩	397
⁧گوشیم⁩	397
⁧اسطوره⁩	396
⁧برگردونید⁩	396
⁧جلق⁩	396
⁧خرت⁩	396
⁧خواه⁩	396
⁧درختی⁩	396
⁧رفتید⁩	396
⁧زغال⁩	396
⁧غسل⁩	396
⁧فرعی⁩	396
⁧محفل⁩	396
⁧مورفین⁩	396
⁧کاکا⁩	396
⁧یوگا⁩	396
⁧اها⁩	395
⁧تجسس⁩	395
⁧حاوی⁩	395
⁧حشرات⁩	395
⁧خطرات⁩	395
⁧داگلاس⁩	395
⁧دیلی⁩	395
⁧سالواتوره⁩	395
⁧سوئیس⁩	395
⁧لحظاتی⁩	395
⁧مایوس⁩	395
⁧نش⁩	395
⁧نمیرن⁩	395
⁧اودین⁩	394
⁧بگا⁩	394
⁧توروخدا⁩	394
⁧جماعت⁩	394
⁧خواهرمه⁩	394
⁧دستاتون⁩	394
⁧راپونزل⁩	394
⁧عناصر⁩	394
⁧فهم⁩	394
⁧نمیزنیم⁩	394
⁧نیاوردی⁩	394
⁧وارده⁩	394
⁧گویا⁩	394
⁧اتیش⁩	393
⁧اوه،نه⁩	393
⁧تصادفا⁩	393
⁧تعلیق⁩	393
⁧خیمه⁩	393
⁧سامر⁩	393
⁧فهمیم⁩	393
⁧قصدی⁩	393
⁧قولم⁩	393
⁧مسمومیت⁩	393
⁧نجاتمون⁩	393
⁧نمیر⁩	393
⁧نیفتاد⁩	393
⁧وقتایی⁩	393
⁧کلانتری⁩	393
⁧کندن⁩	393
⁧گردونه⁩	393
⁧آبیه⁩	392
⁧انتخاباتی⁩	392
⁧اورک⁩	392
⁧توریست⁩	392
⁧خاکسپاری⁩	392
⁧درآوردی⁩	392
⁧دیانا⁩	392
⁧سوئیت⁩	392
⁧لمسش⁩	392
⁧مردمو⁩	392
⁧نمیدونید⁩	392
⁧نکشتی⁩	392
⁧هیولاست⁩	392
⁧پدرشون⁩	392
⁧پرس⁩	392
⁧اوهایو⁩	391
⁧زاد⁩	391
⁧سایتو⁩	391
⁧سفره⁩	391
⁧نمیکشم⁩	391
⁧نیوفتاده⁩	391
⁧کافر⁩	391
⁧گستاخی⁩	391
⁧گوشتی⁩	391
⁧آفریقایی⁩	390
⁧اطرافش⁩	390
⁧بادبان⁩	390
⁧بازهم⁩	390
⁧باطری⁩	390
⁧بدزدم⁩	390
⁧تعمید⁩	390
⁧دانکن⁩	390
⁧داک⁩	390
⁧درآورده⁩	390
⁧دوباره؟⁩	390
⁧ماس⁩	390
⁧مطیع⁩	390
⁧ممنون،⁩	390
⁧منتها⁩	390
⁧میخوندم⁩	390
⁧نمیدونین⁩	390
⁧ویلر⁩	390
⁧گذروندی⁩	390
⁧ببوسی⁩	389
⁧تارگرین⁩	389
⁧تصدیق⁩	389
⁧خار⁩	389
⁧دکترم⁩	389
⁧دیدمشون⁩	389
⁧سبزی⁩	389
⁧لجن⁩	389
⁧هاس⁩	389
⁧احساست⁩	388
⁧استادیوم⁩	388
⁧ایکاش⁩	388
⁧بیفتین⁩	388
⁧خاصیت⁩	388
⁧خستم⁩	388
⁧رویداد⁩	388
⁧شکایتی⁩	388
⁧عاشقشی⁩	388
⁧منفجرش⁩	388
⁧نازک⁩	388
⁧پایک⁩	388
⁧گریز⁩	388
⁧اختصاص⁩	387
⁧اشراف⁩	387
⁧بریدی⁩	387
⁧حسابدار⁩	387
⁧خودخواهی⁩	387
⁧دراین⁩	387
⁧دوتایی⁩	387
⁧سریالی⁩	387
⁧ضامن⁩	387
⁧ماریجوانا⁩	387
⁧متجاوز⁩	387
⁧میباشد⁩	387
⁧میفروشه⁩	387
⁧نظرات⁩	387
⁧هامر⁩	387
⁧پازل⁩	387
⁧چهارمین⁩	387
⁧آسیاب⁩	386
⁧آمیزه⁩	386
⁧اخراجش⁩	386
⁧اریکا⁩	386
⁧بکستر⁩	386
⁧تختم⁩	386
⁧جاسازی⁩	386
⁧جوابشو⁩	386
⁧رایت⁩	386
⁧سولومون⁩	386
⁧سپیده⁩	386
⁧عقاید⁩	386
⁧میبینیش⁩	386
⁧هرچیز⁩	386
⁧هوگو⁩	386
⁧کربن⁩	386
⁧ازمایش⁩	385
⁧بسلامتی⁩	385
⁧بشکنم⁩	385
⁧تخمین⁩	385
⁧جاشه⁩	385
⁧دستشو⁩	385
⁧راکتور⁩	385
⁧رضا⁩	385
⁧مادرمون⁩	385
⁧مظنونین⁩	385
⁧میر⁩	385
⁧ناچیز⁩	385
⁧هرمیون⁩	385
⁧همونایی⁩	385
⁧هواپیماهای⁩	385
⁧پاچه⁩	385
⁧اذیتش⁩	384
⁧برنگشت⁩	384
⁧جسارت⁩	384
⁧حرفیه⁩	384
⁧زنای⁩	384
⁧سوزه⁩	384
⁧شیفته⁩	384
⁧فرنک⁩	384
⁧نزدیم⁩	384
⁧نمیبینه⁩	384
⁧هیش⁩	384
⁧هیپنوتیزم⁩	384
⁧پوپ⁩	384
⁧گرفتگی⁩	384
⁧برزیل⁩	383
⁧بطرف⁩	383
⁧حرفهایی⁩	383
⁧سوالم⁩	383
⁧لاشه⁩	383
⁧مجبورشون⁩	383
⁧موردشون⁩	383
⁧ناجوره⁩	383
⁧نبر⁩	383
⁧نوچ⁩	383
⁧کانجی⁩	383
⁧اکشن⁩	382
⁧حتا⁩	382
⁧خفنی⁩	382
⁧صعود⁩	382
⁧ماکو⁩	382
⁧مختصر⁩	382
⁧میدهم⁩	382
⁧نمیزاره⁩	382
⁧نمیزنن⁩	382
⁧نورم⁩	382
⁧وایسه⁩	382
⁧پگی⁩	382
⁧آدریان⁩	381
⁧آرزوهای⁩	381
⁧بچرخون⁩	381
⁧توفان⁩	381
⁧حالتو⁩	381
⁧حرارتی⁩	381
⁧حریص⁩	381
⁧رامون⁩	381
⁧فنگ⁩	381
⁧مالیاتی⁩	381
⁧منتظرتون⁩	381
⁧پرست⁩	381
⁧کاپوا⁩	381
⁧اقایون⁩	380
⁧امیدواری⁩	380
⁧باورتون⁩	380
⁧بشکنی⁩	380
⁧جدای⁩	380
⁧خدمتم⁩	380
⁧رابطمون⁩	380
⁧سانت⁩	380
⁧شانزده⁩	380
⁧نخواستی⁩	380
⁧چطورید⁩	380
⁧کریستن⁩	380
⁧آقا؟⁩	379
⁧اماندا⁩	379
⁧اولت⁩	379
⁧بدهم⁩	379
⁧بدهکاره⁩	379
⁧تسلیحات⁩	379
⁧تمرینی⁩	379
⁧جوناس⁩	379
⁧درمیاری⁩	379
⁧سوختگی⁩	379
⁧شویم⁩	379
⁧متاسفی⁩	379
⁧نبرده⁩	379
⁧وسواس⁩	379
⁧پک⁩	379
⁧احیا⁩	378
⁧اوخ⁩	378
⁧حساسه⁩	378
⁧خودشه؟⁩	378
⁧دهاتی⁩	378
⁧سنی⁩	378
⁧عشقش⁩	378
⁧قوت⁩	378
⁧مرجان⁩	378
⁧ناخواسته⁩	378
⁧نادرست⁩	378
⁧هدفمون⁩	378
⁧پدیدار⁩	378
⁧پیششون⁩	378
⁧چجوری؟⁩	378
⁧چیزیکه⁩	378
⁧کوپتر⁩	378
⁧گشنگی⁩	378
⁧برانگیز⁩	377
⁧بقیش⁩	377
⁧بپرسین⁩	377
⁧دادگستری⁩	377
⁧رسونه⁩	377
⁧طرفم⁩	377
⁧عاطفی⁩	377
⁧قلمروی⁩	377
⁧مریضم⁩	377
⁧میخوامش⁩	377
⁧اغراق⁩	376
⁧افق⁩	376
⁧اومدنت⁩	376
⁧برسونن⁩	376
⁧برقصه⁩	376
⁧درام⁩	376
⁧دما⁩	376
⁧ذاره⁩	376
⁧زندونی⁩	376
⁧عقده⁩	376
⁧غذات⁩	376
⁧نگیریم⁩	376
⁧همسن⁩	376
⁧کورتیس⁩	376
⁧گائیدمت⁩	376
⁧بیرونم⁩	375
⁧تخصصی⁩	375
⁧فریبنده⁩	375
⁧مفتخر⁩	375
⁧موهینی⁩	375
⁧میخواستین⁩	375
⁧پسرته⁩	375
⁧کالن⁩	375
⁧کوچیکتر⁩	375
⁧آرنولد⁩	374
⁧ایزاک⁩	374
⁧بفروشیم⁩	374
⁧حرامزاده⁩	374
⁧دشت⁩	374
⁧شکن⁩	374
⁧فنجان⁩	374
⁧مدتیه⁩	374
⁧منظورمو⁩	374
⁧هویج⁩	374
⁧وسکس⁩	374
⁧کتابم⁩	374
⁧گریجوی⁩	374
⁧اسپارتا⁩	373
⁧بهشتی⁩	373
⁧تونستین⁩	373
⁧تیغه⁩	373
⁧حاشیه⁩	373
⁧خودداری⁩	373
⁧خیز⁩	373
⁧دیواری⁩	373
⁧زیستی⁩	373
⁧غیرفعال⁩	373
⁧مرسدس⁩	373
⁧میدی؟⁩	373
⁧میفتن⁩	373
⁧نگار⁩	373
⁧نیرویی⁩	373
⁧هوک⁩	373
⁧وایستاده⁩	373
⁧پونصد⁩	373
⁧کبوتر⁩	373
⁧اونهم⁩	372
⁧بوث⁩	372
⁧جونمو⁩	372
⁧خاورمیانه⁩	372
⁧روشه⁩	372
⁧ریکو⁩	372
⁧کاناپه⁩	372
⁧کبریت⁩	372
⁧گردهمایی⁩	372
⁧آخریش⁩	371
⁧آپارتمانش⁩	371
⁧امثال⁩	371
⁧ببرشون⁩	371
⁧بجنگید⁩	371
⁧بگویید⁩	371
⁧بیو⁩	371
⁧حباب⁩	371
⁧خانما⁩	371
⁧دنبالشی⁩	371
⁧شرارت⁩	371
⁧شهرم⁩	371
⁧شهرها⁩	371
⁧متاسفیم⁩	371
⁧میزارن⁩	371
⁧نخوابیدم⁩	371
⁧نفسی⁩	371
⁧کدهای⁩	371
⁧آپولو⁩	370
⁧اپل⁩	370
⁧بحثی⁩	370
⁧دینی⁩	370
⁧رمی⁩	370
⁧عزاداری⁩	370
⁧معاملات⁩	370
⁧میرند⁩	370
⁧هایش⁩	370
⁧پرندگان⁩	370
⁧پلید⁩	370
⁧پولتو⁩	370
⁧آتن⁩	369
⁧ادویه⁩	369
⁧بالکن⁩	369
⁧بفهمید⁩	369
⁧بکشند⁩	369
⁧درایو⁩	369
⁧درشون⁩	369
⁧شیرینه⁩	369
⁧عوامل⁩	369
⁧متعهد⁩	369
⁧معتبر⁩	369
⁧مقررات⁩	369
⁧نرمال⁩	369
⁧نفریم⁩	369
⁧نگاهم⁩	369
⁧کشورت⁩	369
⁧گلی⁩	369
⁧تجویز⁩	368
⁧دخترایی⁩	368
⁧دودی⁩	368
⁧سازگار⁩	368
⁧سایلاس⁩	368
⁧فرآیند⁩	368
⁧قبلیت⁩	368
⁧نیکلاوس⁩	368
⁧هارد⁩	368
⁧پیشگو⁩	368
⁧آبمیوه⁩	367
⁧آرمان⁩	367
⁧آشامی⁩	367
⁧آکسفورد⁩	367
⁧افراطی⁩	367
⁧اقبال⁩	367
⁧تئو⁩	367
⁧تقاص⁩	367
⁧جایگاهی⁩	367
⁧حدودی⁩	367
⁧خورشیدی⁩	367
⁧داور⁩	367
⁧ذهنتون⁩	367
⁧ریچر⁩	367
⁧غده⁩	367
⁧مردیت⁩	367
⁧کاغذی⁩	367
⁧کالا⁩	367
⁧یادگیری⁩	367
⁧یوهو⁩	367
⁧اشخاص⁩	366
⁧اضطراریه⁩	366
⁧برعلیه⁩	366
⁧برگردوندی⁩	366
⁧دردناکه⁩	366
⁧دستهات⁩	366
⁧سوان⁩	366
⁧عوضیا⁩	366
⁧مضنون⁩	366
⁧موقعیتت⁩	366
⁧ناپذیره⁩	366
⁧پانصد⁩	366
⁧پرو⁩	366
⁧پیوستن⁩	366
⁧اصلیش⁩	365
⁧بکنش⁩	365
⁧جونتو⁩	365
⁧حرفتون⁩	365
⁧دخترونه⁩	365
⁧ساعات⁩	365
⁧سندیکا⁩	365
⁧طوفانی⁩	365
⁧ماروین⁩	365
⁧هالووین⁩	365
⁧واتیکان⁩	365
⁧بوریس⁩	364
⁧ساحر⁩	364
⁧سواله⁩	364
⁧فرمانروا⁩	364
⁧لنیسترها⁩	364
⁧مخارج⁩	364
⁧نشیمن⁩	364
⁧هرم⁩	364
⁧هلو⁩	364
⁧پیرو⁩	364
⁧ابدیت⁩	363
⁧برگردونده⁩	363
⁧بیت⁩	363
⁧تدارک⁩	363
⁧جمعش⁩	363
⁧خوردین⁩	363
⁧زاغ⁩	363
⁧شاهکار⁩	363
⁧شربت⁩	363
⁧طلاها⁩	363
⁧لارنس⁩	363
⁧لقمه⁩	363
⁧مدارس⁩	363
⁧موقعیتش⁩	363
⁧مینویسه⁩	363
⁧ناتینگهام⁩	363
⁧ناندو⁩	363
⁧نمایشنامه⁩	363
⁧کارلا⁩	363
⁧کتابت⁩	363
⁧اسکاتلندی⁩	362
⁧تاون⁩	362
⁧خبرایی⁩	362
⁧داوینچی⁩	362
⁧رخنه⁩	362
⁧فیلمه⁩	362
⁧منقرض⁩	362
⁧میجنگم⁩	362
⁧نادر⁩	362
⁧ورشکست⁩	362
⁧ورشکسته⁩	362
⁧پرسیده⁩	362
⁧پلک⁩	362
⁧پنهون⁩	362
⁧چیکاره⁩	362
⁧کادوی⁩	362
⁧کارهاش⁩	362
⁧اوف⁩	361
⁧اولیش⁩	361
⁧تمیزه⁩	361
⁧درهم⁩	361
⁧سالته؟⁩	361
⁧ساکنین⁩	361
⁧سون⁩	361
⁧صمیم⁩	361
⁧قهرمانه⁩	361
⁧مربع⁩	361
⁧مطمئنین⁩	361
⁧منتهی⁩	361
⁧ناخوشایند⁩	361
⁧کراس⁩	361
⁧کریپتون⁩	361
⁧گرفتش⁩	361
⁧آرگوس⁩	360
⁧اجاق⁩	360
⁧بازوی⁩	360
⁧تماما⁩	360
⁧دربیاریم⁩	360
⁧شبو⁩	360
⁧صندوقچه⁩	360
⁧مبهم⁩	360
⁧مستند⁩	360
⁧مقدسه⁩	360
⁧نلسون⁩	360
⁧هدفم⁩	360
⁧هواپیماها⁩	360
⁧پستون⁩	360
⁧پینگ⁩	360
⁧کراوات⁩	360
⁧بدنشون⁩	359
⁧خیلیم⁩	359
⁧طرفت⁩	359
⁧مدفوع⁩	359
⁧میترسونی⁩	359
⁧ندار⁩	359
⁧همسری⁩	359
⁧انتها⁩	358
⁧ایگور⁩	358
⁧بازو⁩	358
⁧بدشون⁩	358
⁧خدمتتون⁩	358
⁧هورتون⁩	358
⁧پهلو⁩	358
⁧جرمه⁩	357
⁧دوز⁩	357
⁧سلسله⁩	357
⁧عمیقی⁩	357
⁧عکسای⁩	357
⁧فضانورد⁩	357
⁧نمیتونستیم⁩	357
⁧ننوشته⁩	357
⁧هاگوارتز⁩	357
⁧واتر⁩	357
⁧پدرتو⁩	357
⁧پشیمانی⁩	357
⁧کسخل⁩	357
⁧اوت⁩	356
⁧تراژدی⁩	356
⁧تورتو⁩	356
⁧جه⁩	356
⁧ذوق⁩	356
⁧رسلر⁩	356
⁧غذاها⁩	356
⁧مهیا⁩	356
⁧نفرات⁩	356
⁧وبسایت⁩	356
⁧وزنش⁩	356
⁧کرن⁩	356
⁧کسیم⁩	356
⁧کلت⁩	356
⁧آراگورن⁩	355
⁧آرومم⁩	355
⁧امد⁩	355
⁧باارزش⁩	355
⁧تورن⁩	355
⁧دستگیرم⁩	355
⁧رئیسه⁩	355
⁧نادیا⁩	355
⁧وسلی⁩	355
⁧وکالت⁩	355
⁧کاراش⁩	355
⁧آت⁩	354
⁧اعلان⁩	354
⁧الک⁩	354
⁧انعطاف⁩	354
⁧بروی⁩	354
⁧بلوف⁩	354
⁧تعطیله⁩	354
⁧حیوانی⁩	354
⁧خب،من⁩	354
⁧ریتم⁩	354
⁧شمار⁩	354
⁧عقلم⁩	354
⁧عکاسی⁩	354
⁧فسقلی⁩	354
⁧لختی⁩	354
⁧مشترکی⁩	354
⁧میشیگان⁩	354
⁧گرت⁩	354
⁧اتاقک⁩	353
⁧استوار⁩	353
⁧باراتیون⁩	353
⁧بشورم⁩	353
⁧تابستونی⁩	353
⁧دلورس⁩	353
⁧رمزگشایی⁩	353
⁧سرخپوست⁩	353
⁧طرفا⁩	353
⁧غنیمت⁩	353
⁧میگیرین⁩	353
⁧نخواست⁩	353
⁧نموند⁩	353
⁧هانیبال⁩	353
⁧آواره⁩	352
⁧استثنا⁩	352
⁧اسکورت⁩	352
⁧انتظارشو⁩	352
⁧بلوغ⁩	352
⁧بینش⁩	352
⁧خودمی⁩	352
⁧دیقه⁩	352
⁧سانتیاگو⁩	352
⁧عطا⁩	352
⁧قفلش⁩	352
⁧لزلی⁩	352
⁧مبارزات⁩	352
⁧محاسبات⁩	352
⁧نسیم⁩	352
⁧هاشونو⁩	352
⁧وایستین⁩	352
⁧وضعی⁩	352
⁧کنندگان⁩	352
⁧گاردنر⁩	352
⁧ارتقا⁩	351
⁧بخوابن⁩	351
⁧جک؟⁩	351
⁧دخلش⁩	351
⁧درستیه⁩	351
⁧رویاهام⁩	351
⁧سوئیچ⁩	351
⁧ظالمانه⁩	351
⁧عظیمی⁩	351
⁧قدیمیم⁩	351
⁧متشکر⁩	351
⁧مردمه⁩	351
⁧مسیرش⁩	351
⁧نویسم⁩	351
⁧واقعن⁩	351
⁧آپارتمانم⁩	350
⁧برایش⁩	350
⁧شهرمون⁩	350
⁧لباسات⁩	350
⁧لرزش⁩	350
⁧لیا⁩	350
⁧ماساچوست⁩	350
⁧مجری⁩	350
⁧نابودشون⁩	350
⁧نبض⁩	350
⁧کوچکتر⁩	350
⁧بولتون⁩	349
⁧تلقی⁩	349
⁧داستانه⁩	349
⁧درختا⁩	349
⁧دنبالشیم⁩	349
⁧شنیدنش⁩	349
⁧فیسبوک⁩	349
⁧ممتاز⁩	349
⁧موانع⁩	349
⁧نظارتی⁩	349
⁧هارت⁩	349
⁧ویروسی⁩	349
⁧اعتصاب⁩	348
⁧برگذار⁩	348
⁧رنه⁩	348
⁧سالمی⁩	348
⁧شکسپیر⁩	348
⁧صرفه⁩	348
⁧مقیاس⁩	348
⁧موضوعات⁩	348
⁧میهن⁩	348
⁧نذاری⁩	348
⁧نگین⁩	348
⁧هول⁩	348
⁧پاندورا⁩	348
⁧آدرسش⁩	347
⁧اخراجم⁩	347
⁧دشمنت⁩	347
⁧شدست⁩	347
⁧منحل⁩	347
⁧میریزن⁩	347
⁧ناکجا⁩	347
⁧نقشت⁩	347
⁧هیزم⁩	347
⁧یام⁩	347
⁧استقلال⁩	346
⁧بخونن⁩	346
⁧تطبیق⁩	346
⁧دادش⁩	346
⁧دادنه⁩	346
⁧سبب⁩	346
⁧سنج⁩	346
⁧فلیکس⁩	346
⁧لشگر⁩	346
⁧مسافت⁩	346
⁧منکه⁩	346
⁧نخورد⁩	346
⁧هیچکدوممون⁩	346
⁧وقتمو⁩	346
⁧ویدئویی⁩	346
⁧پنکیک⁩	346
⁧پوستم⁩	346
⁧کدو⁩	346
⁧کوفته⁩	346
⁧گالری⁩	346
⁧گردباد⁩	346
⁧تویی؟⁩	345
⁧داوینا⁩	345
⁧سابقش⁩	345
⁧سکوی⁩	345
⁧شمشیرم⁩	345
⁧طرد⁩	345
⁧عزت⁩	345
⁧مارکس⁩	345
⁧نخستین⁩	345
⁧نکردنی⁩	345
⁧هافمن⁩	345
⁧وسطی⁩	345
⁧پین⁩	345
⁧چوی⁩	345
⁧آخرالزمان⁩	344
⁧بترسم⁩	344
⁧تلاشمون⁩	344
⁧حرومی⁩	344
⁧دارت⁩	344
⁧دونند⁩	344
⁧رنجر⁩	344
⁧زیباییه⁩	344
⁧شهریه⁩	344
⁧منتظریم⁩	344
⁧میجنگی⁩	344
⁧میفته؟⁩	344
⁧نامزدم⁩	344
⁧نداشتند⁩	344
⁧نفرن⁩	344
⁧چیکارا⁩	344
⁧کارمن⁩	344
⁧اعتمادی⁩	343
⁧امین⁩	343
⁧بگذارم⁩	343
⁧فراوان⁩	343
⁧مدیسون⁩	343
⁧میگردونم⁩	343
⁧نمیکشی⁩	343
⁧واکنشی⁩	343
⁧پنبه⁩	343
⁧کریگ⁩	343
⁧باتو⁩	342
⁧بدنام⁩	342
⁧برادرها⁩	342
⁧تعمیرات⁩	342
⁧تعویق⁩	342
⁧حقت⁩	342
⁧حواستو⁩	342
⁧رسوم⁩	342
⁧سارق⁩	342
⁧فرعون⁩	342
⁧قال⁩	342
⁧قبایل⁩	342
⁧متوجهش⁩	342
⁧نرید⁩	342
⁧هوارد⁩	342
⁧ولدمورت⁩	342
⁧پشیمونی⁩	342
⁧گزارشگر⁩	342
⁧گلو⁩	342
⁧آبجی⁩	341
⁧آدری⁩	341
⁧آسیایی⁩	341
⁧ادما⁩	341
⁧برمیایم⁩	341
⁧بزارن⁩	341
⁧خریداری⁩	341
⁧سرزمینی⁩	341
⁧شرک⁩	341
⁧ملیون⁩	341
⁧نخود⁩	341
⁧نیاورده⁩	341
⁧نیفته⁩	341
⁧چته؟⁩	341
⁧کاراته⁩	341
⁧کراولی⁩	341
⁧کمرون⁩	341
⁧آداب⁩	340
⁧آمدند⁩	340
⁧بسپار⁩	340
⁧دخترو⁩	340
⁧دراکولا⁩	340
⁧رقصه⁩	340
⁧سوشی⁩	340
⁧طرفیم⁩	340
⁧غذاخوری⁩	340
⁧مارجری⁩	340
⁧همواره⁩	340
⁧کشتند⁩	340
⁧گذرونده⁩	340
⁧النور⁩	339
⁧اکبر⁩	339
⁧بیضه⁩	339
⁧خوشحالت⁩	339
⁧دستگیره⁩	339
⁧سوزوندن⁩	339
⁧غیرنظامی⁩	339
⁧ماموریتی⁩	339
⁧مهمونیه⁩	339
⁧مکزیکو⁩	339
⁧میداده⁩	339
⁧پریدم⁩	339
⁧پیپ⁩	339
⁧کمدی⁩	339
⁧کمرم⁩	339
⁧کیپ⁩	339
⁧آمستردام⁩	338
⁧اوان⁩	338
⁧ببخشم⁩	338
⁧دیوان⁩	338
⁧سرسختی⁩	338
⁧لئوناردو⁩	338
⁧مردانه⁩	338
⁧وایسا،⁩	338
⁧پوزش⁩	338
⁧پیشوا⁩	338
⁧ابو⁩	337
⁧استرید⁩	337
⁧حام⁩	337
⁧دلربا⁩	337
⁧فرهنگی⁩	337
⁧لهستان⁩	337
⁧مارسی⁩	337
⁧محبوبم⁩	337
⁧مطمئنیم⁩	337
⁧مفصل⁩	337
⁧نکشه⁩	337
⁧نگیره⁩	337
⁧همجنسگرا⁩	337
⁧پرستی⁩	337
⁧اوضاعش⁩	336
⁧ببرند⁩	336
⁧بهایی⁩	336
⁧تانگ⁩	336
⁧جوانان⁩	336
⁧ساقدوش⁩	336
⁧سرکش⁩	336
⁧عرب⁩	336
⁧عکسا⁩	336
⁧لاری⁩	336
⁧معمای⁩	336
⁧منس⁩	336
⁧ندونم⁩	336
⁧نصیحتی⁩	336
⁧نوزده⁩	336
⁧اجراش⁩	335
⁧ازاش⁩	335
⁧اسبها⁩	335
⁧تس⁩	335
⁧دانگ⁩	335
⁧دراومده⁩	335
⁧دشوار⁩	335
⁧سرمو⁩	335
⁧عکسها⁩	335
⁧لوراس⁩	335
⁧مارا⁩	335
⁧متی⁩	335
⁧مجذوب⁩	335
⁧معصوم⁩	335
⁧میگیرید⁩	335
⁧ناظر⁩	335
⁧نمایان⁩	335
⁧نوازش⁩	335
⁧پرته⁩	335
⁧آشپزخانه⁩	334
⁧آمریکاست⁩	334
⁧اعلامیه⁩	334
⁧انجامشون⁩	334
⁧بگذرون⁩	334
⁧شدنم⁩	334
⁧لینکولن⁩	334
⁧مملو⁩	334
⁧همینه؟⁩	334
⁧هپی⁩	334
⁧پروسه⁩	334
⁧ژاک⁩	334
⁧کجاییم؟⁩	334
⁧برونم⁩	333
⁧بماند⁩	333
⁧راهشون⁩	333
⁧ساکته⁩	333
⁧سوالاتی⁩	333
⁧سپاس⁩	333
⁧میبود⁩	333
⁧میجنگه⁩	333
⁧کنترلم⁩	333
⁧افت⁩	332
⁧اهم⁩	332
⁧برداشتیم⁩	332
⁧برمیگردونم⁩	332
⁧برویلز⁩	332
⁧تیمت⁩	332
⁧حسود⁩	332
⁧خونوادت⁩	332
⁧شنی⁩	332
⁧قولت⁩	332
⁧مادرمو⁩	332
⁧نیازهای⁩	332
⁧چشات⁩	332
⁧کتابهای⁩	332
⁧گمشون⁩	332
⁧آشفتگی⁩	331
⁧احسنت⁩	331
⁧ازدواجم⁩	331
⁧بذارمش⁩	331
⁧برگشتین⁩	331
⁧تلاشمو⁩	331
⁧جادوگرها⁩	331
⁧داستانهای⁩	331
⁧متشکریم⁩	331
⁧مثلث⁩	331
⁧مشارکت⁩	331
⁧موتورها⁩	331
⁧میترسید⁩	331
⁧ندونه⁩	331
⁧نیافتاده⁩	331
⁧پیرتر⁩	331
⁧کمپین⁩	331
⁧احوال⁩	330
⁧امتحانم⁩	330
⁧اهانت⁩	330
⁧بلاک⁩	330
⁧تغییراتی⁩	330
⁧جغد⁩	330
⁧دستمه⁩	330
⁧دنیارو⁩	330
⁧شیری⁩	330
⁧عصب⁩	330
⁧فردریک⁩	330
⁧لیون⁩	330
⁧مرجع⁩	330
⁧نوئل⁩	330
⁧هولمز⁩	330
⁧اسون⁩	329
⁧بترسونه⁩	329
⁧تحصیلات⁩	329
⁧تشعشعات⁩	329
⁧خطای⁩	329
⁧خونوادم⁩	329
⁧صفحات⁩	329
⁧قدرتمندترین⁩	329
⁧میارین⁩	329
⁧ندیدیش⁩	329
⁧پشم⁩	329
⁧چرچ⁩	329
⁧گازش⁩	329
⁧گاییدم⁩	329
⁧احیانا⁩	328
⁧برزخ⁩	328
⁧دروغین⁩	328
⁧رجینا⁩	328
⁧سوک⁩	328
⁧سیاستمدار⁩	328
⁧قاب⁩	328
⁧متقاعدش⁩	328
⁧میرسد⁩	328
⁧نرده⁩	328
⁧نمیخواهم⁩	328
⁧نمیدونستیم⁩	328
⁧ویکرام⁩	328
⁧گوشواره⁩	328
⁧اسارت⁩	327
⁧بازرگانی⁩	327
⁧بشکن⁩	327
⁧بودمت⁩	327
⁧تبادل⁩	327
⁧حیوونی⁩	327
⁧داوطلبانه⁩	327
⁧فلچر⁩	327
⁧معنوی⁩	327
⁧موقعش⁩	327
⁧مکسیموس⁩	327
⁧پم⁩	327
⁧پیشنهادم⁩	327
⁧آآه⁩	326
⁧ابرها⁩	326
⁧استدلال⁩	326
⁧انگور⁩	326
⁧براق⁩	326
⁧ترنت⁩	326
⁧شماری⁩	326
⁧فقر⁩	326
⁧قدیمیت⁩	326
⁧قطبی⁩	326
⁧مادرتو⁩	326
⁧مثبته⁩	326
⁧مصونیت⁩	326
⁧نبینی⁩	326
⁧هیات⁩	326
⁧وکیلی⁩	326
⁧گلادیاتور⁩	326
⁧یکسال⁩	326
⁧امدادگر⁩	325
⁧تورم⁩	325
⁧جنیس⁩	325
⁧سرپوش⁩	325
⁧محافظه⁩	325
⁧پتانسیل⁩	325
⁧پدره⁩	325
⁧چیرو⁩	325
⁧گراز⁩	325
⁧آدامز⁩	324
⁧اعضا⁩	324
⁧انقراض⁩	324
⁧بدهند⁩	324
⁧بدوم⁩	324
⁧بهداشتی⁩	324
⁧جدیدتون⁩	324
⁧خودشونن⁩	324
⁧درخشش⁩	324
⁧ریدی⁩	324
⁧سفرت⁩	324
⁧سیگاری⁩	324
⁧فرایند⁩	324
⁧فروشه⁩	324
⁧مختل⁩	324
⁧مدلی⁩	324
⁧مردایی⁩	324
⁧منصوب⁩	324
⁧میریزم⁩	324
⁧پیست⁩	324
⁧کنترلی⁩	324
⁧خودرو⁩	323
⁧خوردنه⁩	323
⁧دیدش⁩	323
⁧شایستگی⁩	323
⁧فیلمهای⁩	323
⁧لون⁩	323
⁧مرگشون⁩	323
⁧نذاشت⁩	323
⁧هیچکدومتون⁩	323
⁧پایبند⁩	323
⁧پدرخوانده⁩	323
⁧چاقالو⁩	323
⁧برانگیزه⁩	322
⁧تیسوس⁩	322
⁧دارش⁩	322
⁧دوفرین⁩	322
⁧دویدم⁩	322
⁧زدنه⁩	322
⁧سردخونه⁩	322
⁧لحن⁩	322
⁧میذاشت⁩	322
⁧میسن⁩	322
⁧نئشه⁩	322
⁧ناموفق⁩	322
⁧نیگاه⁩	322
⁧هالک⁩	322
⁧کناری⁩	322
⁧آبرو⁩	321
⁧آنجل⁩	321
⁧ارتشش⁩	321
⁧اطلس⁩	321
⁧برنمیگردم⁩	321
⁧بزور⁩	321
⁧بوته⁩	321
⁧جلومون⁩	321
⁧دماغش⁩	321
⁧دومه⁩	321
⁧دونگ⁩	321
⁧معادله⁩	321
⁧میلیونر⁩	321
⁧نسبتی⁩	321
⁧نگات⁩	321
⁧نگرفتن⁩	321
⁧کاندید⁩	321
⁧کایجو⁩	321
⁧بشنوید⁩	320
⁧تسلیمم⁩	320
⁧خوردند⁩	320
⁧مادره⁩	320
⁧مطلقا⁩	320
⁧منتخب⁩	320
⁧موهاتو⁩	320
⁧میاوردم⁩	320
⁧نبردی⁩	320
⁧پاتون⁩	320
⁧ژست⁩	320
⁧کارلو⁩	320
⁧آپلود⁩	319
⁧اونجایی؟⁩	319
⁧ایناست⁩	319
⁧برگر⁩	319
⁧بلدن⁩	319
⁧ترمینال⁩	319
⁧دعوتنامه⁩	319
⁧رنلی⁩	319
⁧ساندرا⁩	319
⁧سنجاق⁩	319
⁧فراموشت⁩	319
⁧مریخی⁩	319
⁧نحوی⁩	319
⁧نفعته⁩	319
⁧وایسیم⁩	319
⁧کبودی⁩	319
⁧آجر⁩	318
⁧اوردیم⁩	318
⁧بخشیدن⁩	318
⁧بدزدیم⁩	318
⁧برادرته⁩	318
⁧بزنیدش⁩	318
⁧بسوزه⁩	318
⁧تایلند⁩	318
⁧سانفرانسیسکو⁩	318
⁧سایفر⁩	318
⁧فراز⁩	318
⁧فلوکی⁩	318
⁧مراتب⁩	318
⁧میلان⁩	318
⁧نیکو⁩	318
⁧هادسون⁩	318
⁧هوات⁩	318
⁧والر⁩	318
⁧کلماتی⁩	318
⁧کونتو⁩	318
⁧آشیانه⁩	317
⁧استر⁩	317
⁧بوک⁩	317
⁧جداگانه⁩	317
⁧ریاضیات⁩	317
⁧سکو⁩	317
⁧شیفو⁩	317
⁧شیوع⁩	317
⁧ظاهرش⁩	317
⁧عقرب⁩	317
⁧فدای⁩	317
⁧قولش⁩	317
⁧مشعل⁩	317
⁧مکانیکی⁩	317
⁧ناو⁩	317
⁧نزدن⁩	317
⁧نفرشون⁩	317
⁧هانی⁩	317
⁧پیوست⁩	317
⁧کانلن⁩	317
⁧کهن⁩	317
⁧گلوت⁩	317
⁧آخرشه⁩	316
⁧ارون⁩	316
⁧استارلینگ⁩	316
⁧اعلاحضرت⁩	316
⁧افرین⁩	316
⁧بازشون⁩	316
⁧باقیمانده⁩	316
⁧بردارن⁩	316
⁧بور⁩	316
⁧توپی⁩	316
⁧ح⁩	316
⁧خانمان⁩	316
⁧رامونا⁩	316
⁧سگت⁩	316
⁧شانسمون⁩	316
⁧شکارچیان⁩	316
⁧عاشقی⁩	316
⁧فیس⁩	316
⁧مسن⁩	316
⁧معرکست⁩	316
⁧مهمتره⁩	316
⁧موس⁩	316
⁧میذاشتی⁩	316
⁧هوشیاری⁩	316
⁧ورلد⁩	316
⁧ویتامین⁩	316
⁧پرستش⁩	316
⁧چراغها⁩	316
⁧کانادایی⁩	316
⁧کمربندت⁩	316
⁧گورو⁩	316
⁧آنالیز⁩	315
⁧بریک⁩	315
⁧تسلط⁩	315
⁧جورجیا⁩	315
⁧شخصه⁩	315
⁧شکننده⁩	315
⁧مبادا⁩	315
⁧مجددا⁩	315
⁧ملمن⁩	315
⁧نمیتونند⁩	315
⁧نیمو⁩	315
⁧پاکی⁩	315
⁧کارآموز⁩	315
⁧کانزاس⁩	315
⁧کشمش⁩	315
⁧گایوس⁩	315
⁧باربی⁩	314
⁧بیوتیک⁩	314
⁧خ⁩	314
⁧خبرت⁩	314
⁧رازه⁩	314
⁧رافائل⁩	314
⁧ساختمونه⁩	314
⁧مرگی⁩	314
⁧مسئولین⁩	314
⁧نترسید⁩	314
⁧هیوز⁩	314
⁧واریز⁩	314
⁧کریک⁩	314
⁧یگان⁩	314
⁧آسایشگاه⁩	313
⁧آشناییتون⁩	313
⁧اعطا⁩	313
⁧انتقاد⁩	313
⁧انگشتم⁩	313
⁧بسوی⁩	313
⁧جیس⁩	313
⁧حجم⁩	313
⁧خروس⁩	313
⁧رایدر⁩	313
⁧رت⁩	313
⁧زبونی⁩	313
⁧شایر⁩	313
⁧نزدیکیم⁩	313
⁧هاه؟⁩	313
⁧کاریت⁩	313
⁧گاری⁩	313
⁧آسایش⁩	312
⁧بارکا⁩	312
⁧بنر⁩	312
⁧بگم؟⁩	312
⁧تایتانیک⁩	312
⁧ترسناکی⁩	312
⁧جویس⁩	312
⁧رونالد⁩	312
⁧سردمه⁩	312
⁧عطش⁩	312
⁧قدرتمنده⁩	312
⁧محیطی⁩	312
⁧مشکوکی⁩	312
⁧ملافه⁩	312
⁧نمیخواید⁩	312
⁧نمیشدم⁩	312
⁧وارونه⁩	312
⁧چپش⁩	312
⁧گوردو⁩	312
⁧آفریقای⁩	311
⁧اسکناس⁩	311
⁧اوردین⁩	311
⁧اوه،آره⁩	311
⁧بعدیت⁩	311
⁧بپریم⁩	311
⁧خرجش⁩	311
⁧شرمندگی⁩	311
⁧لیستی⁩	311
⁧معادن⁩	311
⁧معناست⁩	311
⁧مونو⁩	311
⁧میخونن⁩	311
⁧نارگیل⁩	311
⁧هکر⁩	311
⁧وسائل⁩	311
⁧وقتتو⁩	311
⁧پولمون⁩	311
⁧چشمهات⁩	311
⁧بایستین⁩	310
⁧بزنمش⁩	310
⁧بیورن⁩	310
⁧تبهکار⁩	310
⁧رفتنش⁩	310
⁧سول⁩	310
⁧فولر⁩	310
⁧محکمه⁩	310
⁧میدونند⁩	310
⁧میهمونی⁩	310
⁧نوکر⁩	310
⁧کلوئی⁩	310
⁧گیرند⁩	310
⁧گین⁩	310
⁧امت⁩	309
⁧امروزی⁩	309
⁧داریم؟⁩	309
⁧راههای⁩	309
⁧ریگان⁩	309
⁧مصطفی⁩	309
⁧معتقده⁩	309
⁧مورده⁩	309
⁧نخند⁩	309
⁧همینی⁩	309
⁧پولشون⁩	309
⁧بحساب⁩	308
⁧بوسیدن⁩	308
⁧خواهرتون⁩	308
⁧سمتت⁩	308
⁧شاکی⁩	308
⁧نشت⁩	308
⁧نظرشون⁩	308
⁧نیاری⁩	308
⁧نیوتن⁩	308
⁧کتابها⁩	308
⁧کرو⁩	308
⁧گذشتن⁩	308
⁧آپارتمانت⁩	307
⁧اراذل⁩	307
⁧بدیش⁩	307
⁧ترسوندن⁩	307
⁧توصیفش⁩	307
⁧دستگاهی⁩	307
⁧دوجین⁩	307
⁧ذاتا⁩	307
⁧شماست⁩	307
⁧طرفداران⁩	307
⁧عضلات⁩	307
⁧مجازی⁩	307
⁧مسئولیتی⁩	307
⁧میدونستی؟⁩	307
⁧نامیده⁩	307
⁧نذارم⁩	307
⁧نفسم⁩	307
⁧نمیخام⁩	307
⁧والاحضرت⁩	307
⁧پاشید⁩	307
⁧پرتگاه⁩	307
⁧کتابخانه⁩	307
⁧کسیکه⁩	307
⁧کلارا⁩	307
⁧آزادیم⁩	306
⁧آسان⁩	306
⁧احساساتش⁩	306
⁧ادمی⁩	306
⁧الگوریتم⁩	306
⁧اونروز⁩	306
⁧اینجائیم⁩	306
⁧توضیحات⁩	306
⁧جفتش⁩	306
⁧جنگیدیم⁩	306
⁧جورش⁩	306
⁧دعوتم⁩	306
⁧دهنشو⁩	306
⁧سا⁩	306
⁧فشرده⁩	306
⁧لباوسکی⁩	306
⁧مانیتور⁩	306
⁧مقلد⁩	306
⁧میلز⁩	306
⁧نمیرسی⁩	306
⁧واشنگتون⁩	306
⁧ویدیویی⁩	306
⁧گنبد⁩	306
⁧ینی⁩	306
⁧اره؟⁩	305
⁧اسممو⁩	305
⁧بازیم⁩	305
⁧برمیداریم⁩	305
⁧تجسم⁩	305
⁧داروغه⁩	305
⁧داون⁩	305
⁧درت⁩	305
⁧درنمیاد⁩	305
⁧دله⁩	305
⁧رسانی⁩	305
⁧رقصنده⁩	305
⁧ریده⁩	305
⁧صحرایی⁩	305
⁧قوا⁩	305
⁧لباساتو⁩	305
⁧لقت⁩	305
⁧مافوق⁩	305
⁧معاوضه⁩	305
⁧ونیز⁩	305
⁧کریکت⁩	305
⁧کپیتول⁩	305
⁧گارسون⁩	305
⁧اکثرا⁩	304
⁧بردمش⁩	304
⁧بقا⁩	304
⁧تهش⁩	304
⁧توس⁩	304
⁧جونشو⁩	304
⁧جونمون⁩	304
⁧ریا⁩	304
⁧شسته⁩	304
⁧عدالتی⁩	304
⁧عواقبش⁩	304
⁧فیتز⁩	304
⁧لباسا⁩	304
⁧مامی⁩	304
⁧ناتوان⁩	304
⁧نمیدادم⁩	304
⁧نیکولاس⁩	304
⁧کلاهدوز⁩	304
⁧اجبار⁩	303
⁧افتد⁩	303
⁧تریپ⁩	303
⁧زبونش⁩	303
⁧سلامی⁩	303
⁧قشنگن⁩	303
⁧ماشینا⁩	303
⁧متعجبم⁩	303
⁧میشناسیش؟⁩	303
⁧میشنوید⁩	303
⁧نهفته⁩	303
⁧ویور⁩	303
⁧پوشک⁩	303
⁧اخرش⁩	302
⁧التهاب⁩	302
⁧اژدهایان⁩	302
⁧بیوفتی⁩	302
⁧سرنگ⁩	302
⁧سوالت⁩	302
⁧شا⁩	302
⁧شاپ⁩	302
⁧عزیزان⁩	302
⁧عکست⁩	302
⁧فیلمای⁩	302
⁧قرارش⁩	302
⁧لاین⁩	302
⁧مای⁩	302
⁧نولان⁩	302
⁧کارام⁩	302
⁧کتابو⁩	302
⁧گرامی⁩	302
⁧ازدواجت⁩	301
⁧استفانی⁩	301
⁧انحراف⁩	301
⁧بشور⁩	301
⁧بچرخونش⁩	301
⁧جنگم⁩	301
⁧خانوادگیه⁩	301
⁧خصوصیات⁩	301
⁧روبراهه؟⁩	301
⁧سالانه⁩	301
⁧ساید⁩	301
⁧سیبل⁩	301
⁧مجلل⁩	301
⁧وینتر⁩	301
⁧پرسش⁩	301
⁧گیلی⁩	301
⁧اتون⁩	300
⁧اثرش⁩	300
⁧امتداد⁩	300
⁧ببخشید،⁩	300
⁧ببینتت⁩	300
⁧تصمیمم⁩	300
⁧دخترمو⁩	300
⁧زوزه⁩	300
⁧سوزوند⁩	300
⁧سویج⁩	300
⁧شال⁩	300
⁧قاتلین⁩	300
⁧لذتی⁩	300
⁧لیندزی⁩	300
⁧نابودت⁩	300
⁧کابوی⁩	300
⁧کشیم⁩	300
⁧گذرنامه⁩	300
⁧انعکاس⁩	299
⁧برمت⁩	299
⁧بروم⁩	299
⁧تلگراف⁩	299
⁧دنبالشه⁩	299
⁧سئول⁩	299
⁧سرگروهبان⁩	299
⁧سلطه⁩	299
⁧شکستشون⁩	299
⁧قبوله؟⁩	299
⁧لزوما⁩	299
⁧موری⁩	299
⁧میاییم⁩	299
⁧میجنگن⁩	299
⁧وابستگی⁩	299
⁧چهارصد⁩	299
⁧کاران⁩	299
⁧ارامش⁩	298
⁧اشتباهاتی⁩	298
⁧اینجاش⁩	298
⁧بازداشتگاه⁩	298
⁧برتون⁩	298
⁧بندازینش⁩	298
⁧دادخواست⁩	298
⁧دربیاد⁩	298
⁧دیکسون⁩	298
⁧رسیدید⁩	298
⁧رفتنم⁩	298
⁧لطفآ⁩	298
⁧لطیف⁩	298
⁧لنگه⁩	298
⁧موقتا⁩	298
⁧نامعلوم⁩	298
⁧نفهمه⁩	298
⁧نوادا⁩	298
⁧همیلتون⁩	298
⁧کدومه⁩	298
⁧کشوند⁩	298
⁧اظهارات⁩	297
⁧بارداری⁩	297
⁧بفهمند⁩	297
⁧بهشته⁩	297
⁧تاوانش⁩	297
⁧تطابق⁩	297
⁧دخترته⁩	297
⁧دوخته⁩	297
⁧دوروتی⁩	297
⁧دکل⁩	297
⁧زخمت⁩	297
⁧سوپرگرل⁩	297
⁧شرافتمندانه⁩	297
⁧لک⁩	297
⁧مغلوب⁩	297
⁧نابودگر⁩	297
⁧هاره⁩	297
⁧کالیسی⁩	297
⁧کاهن⁩	297
⁧کاوشگر⁩	297
⁧کریشنا⁩	297
⁧بردش⁩	296
⁧بورسیه⁩	296
⁧بینین⁩	296
⁧تایوین⁩	296
⁧جاودانگی⁩	296
⁧زنگوله⁩	296
⁧شناسید⁩	296
⁧شیوا⁩	296
⁧ماهری⁩	296
⁧متقلب⁩	296
⁧نگرانتم⁩	296
⁧وسن⁩	296
⁧یکه⁩	296
⁧بغداد⁩	295
⁧بغلی⁩	295
⁧جکس⁩	295
⁧جکوب⁩	295
⁧داغونش⁩	295
⁧سرچشمه⁩	295
⁧ضیافت⁩	295
⁧فلوید⁩	295
⁧مارمولک⁩	295
⁧مجرمین⁩	295
⁧مستم⁩	295
⁧معین⁩	295
⁧نشدین⁩	295
⁧هیلز⁩	295
⁧پاهاتو⁩	295
⁧چال⁩	295
⁧گوین⁩	295
⁧اشیاء⁩	294
⁧بذر⁩	294
⁧بکت⁩	294
⁧تبعیض⁩	294
⁧تظاهرات⁩	294
⁧توانست⁩	294
⁧تورنتو⁩	294
⁧جونی⁩	294
⁧خلافکارها⁩	294
⁧دونسته⁩	294
⁧سازمانی⁩	294
⁧شوت⁩	294
⁧صدتا⁩	294
⁧محشری⁩	294
⁧میدانی⁩	294
⁧نمردی⁩	294
⁧نمیذاریم⁩	294
⁧هیچگونه⁩	294
⁧وری⁩	294
⁧کدوممون⁩	294
⁧گازت⁩	294
⁧اطرافم⁩	293
⁧اقامتگاه⁩	293
⁧اگنس⁩	293
⁧باتلاق⁩	293
⁧بخندی⁩	293
⁧بعضیاشون⁩	293
⁧تئودور⁩	293
⁧تامپسون⁩	293
⁧درازه⁩	293
⁧دکر⁩	293
⁧زیرنظر⁩	293
⁧شکستت⁩	293
⁧صدامون⁩	293
⁧فیلمنامه⁩	293
⁧قبله⁩	293
⁧مولی⁩	293
⁧میفتاد⁩	293
⁧نحو⁩	293
⁧نمیزاری⁩	293
⁧نگهبانها⁩	293
⁧همراهتون⁩	293
⁧کالیبر⁩	293
⁧کلش⁩	293
⁧گروهش⁩	293
⁧الیاس⁩	292
⁧ایناهاشش⁩	292
⁧بوفالو⁩	292
⁧بگذاریم⁩	292
⁧درنیار⁩	292
⁧روزمره⁩	292
⁧سردی⁩	292
⁧شیطونی⁩	292
⁧فقدان⁩	292
⁧لایلا⁩	292
⁧محرک⁩	292
⁧نبات⁩	292
⁧واسیلی⁩	292
⁧گلهای⁩	292
⁧آبهای⁩	291
⁧امتناع⁩	291
⁧بدهد⁩	291
⁧حفاظتی⁩	291
⁧دقه⁩	291
⁧دیسی⁩	291
⁧رند⁩	291
⁧شناسمش⁩	291
⁧متقابل⁩	291
⁧نرسیدم⁩	291
⁧پولتون⁩	291
⁧آماده؟⁩	290
⁧استورم⁩	290
⁧بیولوژیکی⁩	290
⁧خونسردی⁩	290
⁧دنبالشم⁩	290
⁧رامسس⁩	290
⁧رفتارم⁩	290
⁧رمزش⁩	290
⁧سراغشون⁩	290
⁧شعور⁩	290
⁧فلک⁩	290
⁧ماریون⁩	290
⁧مس⁩	290
⁧مهاجر⁩	290
⁧میخری⁩	290
⁧ووه⁩	290
⁧کاری؟⁩	290
⁧گوید⁩	290
⁧آو⁩	289
⁧ازاین⁩	289
⁧امده⁩	289
⁧تاسفه⁩	289
⁧جلال⁩	289
⁧حلزون⁩	289
⁧خرسه⁩	289
⁧دوتاتون⁩	289
⁧شامه⁩	289
⁧عاشقه⁩	289
⁧عجایب⁩	289
⁧عمیقا⁩	289
⁧لیدی⁩	289
⁧مسایل⁩	289
⁧منزجر⁩	289
⁧میگیرند⁩	289
⁧نیکسون⁩	289
⁧کمدین⁩	289
⁧یاب⁩	289
⁧استرنج⁩	288
⁧بفروش⁩	288
⁧بما⁩	288
⁧بچم⁩	288
⁧بگیرد⁩	288
⁧تفنگم⁩	288
⁧حرفاست⁩	288
⁧زار⁩	288
⁧شاهدین⁩	288
⁧فل⁩	288
⁧لاکسلی⁩	288
⁧مدیونی⁩	288
⁧مسئولیتش⁩	288
⁧معقول⁩	288
⁧معمار⁩	288
⁧پیشتم⁩	288
⁧چلاق⁩	288
⁧کسه⁩	288
⁧آمپول⁩	287
⁧اسکافیلد⁩	287
⁧اموزش⁩	287
⁧انیشتین⁩	287
⁧اگزی⁩	287
⁧بعدیمون⁩	287
⁧تین⁩	287
⁧جسدی⁩	287
⁧خاموشه⁩	287
⁧دوتراکی⁩	287
⁧سازماندهی⁩	287
⁧سرجات⁩	287
⁧سرگیجه⁩	287
⁧فرینج⁩	287
⁧قبرستان⁩	287
⁧مصادره⁩	287
⁧موبایلم⁩	287
⁧پدرتم⁩	287
⁧کشوره⁩	287
⁧کلوئه⁩	287
⁧آبروی⁩	286
⁧اونکار⁩	286
⁧بدوی⁩	286
⁧بگیرشون⁩	286
⁧تکراری⁩	286
⁧حرفهام⁩	286
⁧خوردش⁩	286
⁧خونوادگی⁩	286
⁧ریسکی⁩	286
⁧شلوارش⁩	286
⁧فریس⁩	286
⁧قرارت⁩	286
⁧مشتاقم⁩	286
⁧مقدمات⁩	286
⁧منفقط⁩	286
⁧ناامیدت⁩	286
⁧نخواسته⁩	286
⁧نصیبم⁩	286
⁧پاد⁩	286
⁧چرچیل⁩	286
⁧چشمها⁩	286
⁧کام⁩	286
⁧کتابه⁩	286
⁧گانگستر⁩	286
⁧گلابر⁩	286
⁧آلرژی⁩	285
⁧اسلام⁩	285
⁧اقوام⁩	285
⁧انگشتات⁩	285
⁧برملا⁩	285
⁧بعیده⁩	285
⁧خانومی⁩	285
⁧دادمش⁩	285
⁧دوستته⁩	285
⁧رایس⁩	285
⁧سربلند⁩	285
⁧مجنون⁩	285
⁧مخش⁩	285
⁧مزیت⁩	285
⁧نبودین⁩	285
⁧نگفتی؟⁩	285
⁧ورزشکار⁩	285
⁧وسطه⁩	285
⁧وصلت⁩	285
⁧کوکو⁩	285
⁧گریفین⁩	285
⁧آلاسکا⁩	284
⁧اتوبان⁩	284
⁧اینایی⁩	284
⁧باهاتم⁩	284
⁧بنیاد⁩	284
⁧تاست⁩	284
⁧تمامه⁩	284
⁧حفاظ⁩	284
⁧دالی⁩	284
⁧دبرا⁩	284
⁧راش⁩	284
⁧سگا⁩	284
⁧شناختن⁩	284
⁧فلان⁩	284
⁧مقدر⁩	284
⁧ناصر⁩	284
⁧نکشی⁩	284
⁧هستم؟⁩	284
⁧وینگ⁩	284
⁧پاتس⁩	284
⁧چاقه⁩	284
⁧کبود⁩	284
⁧گوهان⁩	284
⁧یاری⁩	284
⁧بهاش⁩	283
⁧تانیا⁩	283
⁧جابه⁩	283
⁧جوب⁩	283
⁧خلبانی⁩	283
⁧مقدمه⁩	283
⁧موادی⁩	283
⁧هورمون⁩	283
⁧هورن⁩	283
⁧پروتئین⁩	283
⁧چراغا⁩	283
⁧کازابلانکا⁩	283
⁧کنون⁩	283
⁧اکثریت⁩	282
⁧بالقوه⁩	282
⁧بربیای⁩	282
⁧بروکس⁩	282
⁧بیاییم⁩	282
⁧بیوفتیم⁩	282
⁧تاکتیکی⁩	282
⁧ثمر⁩	282
⁧حساسی⁩	282
⁧حسرت⁩	282
⁧خارجش⁩	282
⁧دوریس⁩	282
⁧روسها⁩	282
⁧سایبری⁩	282
⁧سگش⁩	282
⁧عن⁩	282
⁧فر⁩	282
⁧مارلا⁩	282
⁧مجانیه⁩	282
⁧مخفف⁩	282
⁧مراقبم⁩	282
⁧موتورش⁩	282
⁧نصیبت⁩	282
⁧واه⁩	282
⁧چرم⁩	282
⁧آرومش⁩	281
⁧اسبم⁩	281
⁧بیابان⁩	281
⁧حسابداری⁩	281
⁧حک⁩	281
⁧دوتای⁩	281
⁧سرنوشتم⁩	281
⁧شانسش⁩	281
⁧صبرکنید⁩	281
⁧غل⁩	281
⁧موبایلش⁩	281
⁧ناتو⁩	281
⁧نوجوان⁩	281
⁧هووو⁩	281
⁧کارارو⁩	281
⁧گرندل⁩	281
⁧استانبول⁩	280
⁧بانمک⁩	280
⁧باهوشیه⁩	280
⁧بتمرگ⁩	280
⁧بخواهید⁩	280
⁧برود⁩	280
⁧بپذیری⁩	280
⁧بگذری⁩	280
⁧تهدیدش⁩	280
⁧جرائم⁩	280
⁧جیره⁩	280
⁧خواند⁩	280
⁧دادی؟⁩	280
⁧دریاسالار⁩	280
⁧دونستیم⁩	280
⁧رویاهات⁩	280
⁧زرنگی⁩	280
⁧سراغمون⁩	280
⁧سکونت⁩	280
⁧طبعی⁩	280
⁧غنی⁩	280
⁧فکرمیکنم⁩	280
⁧مرداب⁩	280
⁧مستخدم⁩	280
⁧مفتخرم⁩	280
⁧میزده⁩	280
⁧هستید؟⁩	280
⁧آرزوش⁩	279
⁧اسکلت⁩	279
⁧افعی⁩	279
⁧برکنار⁩	279
⁧خوشایند⁩	279
⁧درمقابل⁩	279
⁧روکش⁩	279
⁧زندانیش⁩	279
⁧غبار⁩	279
⁧فیلتر⁩	279
⁧مانور⁩	279
⁧مزارع⁩	279
⁧مسیو⁩	279
⁧مل⁩	279
⁧موجوده⁩	279
⁧میکشت⁩	279
⁧نوا⁩	279
⁧چز⁩	279
⁧کارهام⁩	279
⁧کشوندی⁩	279
⁧آموزان⁩	278
⁧الملل⁩	278
⁧بات⁩	278
⁧بانگ⁩	278
⁧بندازمش⁩	278
⁧بیمارها⁩	278
⁧بیگناهی⁩	278
⁧تارزان⁩	278
⁧تباه⁩	278
⁧تهدیدم⁩	278
⁧تونستید⁩	278
⁧تیری⁩	278
⁧جادوگره⁩	278
⁧خاطرت⁩	278
⁧راکون⁩	278
⁧سینت⁩	278
⁧شارپ⁩	278
⁧عمده⁩	278
⁧قر⁩	278
⁧ماجراها⁩	278
⁧مارگو⁩	278
⁧میانی⁩	278
⁧میلیاردها⁩	278
⁧نیکیتا⁩	278
⁧همن⁩	278
⁧واتنی⁩	278
⁧پینتو⁩	278
⁧کوتیس⁩	278
⁧گندکاری⁩	278
⁧گیب⁩	278
⁧یکیشو⁩	278
⁧آمم⁩	277
⁧آیرون⁩	277
⁧اسکاچ⁩	277
⁧بخطر⁩	277
⁧بوچ⁩	277
⁧تریستان⁩	277
⁧تشک⁩	277
⁧تنر⁩	277
⁧جرارد⁩	277
⁧حرص⁩	277
⁧خودکشیه⁩	277
⁧رندال⁩	277
⁧سائو⁩	277
⁧ساکس⁩	277
⁧ستیسی⁩	277
⁧سخنان⁩	277
⁧سرعتت⁩	277
⁧شناسیش⁩	277
⁧فیلی⁩	277
⁧لارل⁩	277
⁧لباستو⁩	277
⁧مشتاقانه⁩	277
⁧نظیره⁩	277
⁧ژله⁩	277
⁧کانرز⁩	277
⁧گاستون⁩	277
⁧گچ⁩	277
⁧اعدامش⁩	276
⁧افسار⁩	276
⁧اووو⁩	276
⁧باشیش⁩	276
⁧بزنمت⁩	276
⁧بلژیک⁩	276
⁧بندرگاه⁩	276
⁧تهران⁩	276
⁧حرکتش⁩	276
⁧درمیون⁩	276
⁧دگرگون⁩	276
⁧سینتیا⁩	276
⁧علیک⁩	276
⁧فرسته⁩	276
⁧مدنی⁩	276
⁧مصری⁩	276
⁧نظاره⁩	276
⁧پدران⁩	276
⁧کسترلی⁩	276
⁧ابتکار⁩	275
⁧استان⁩	275
⁧توازن⁩	275
⁧تولدمه⁩	275
⁧خوی⁩	275
⁧راهزن⁩	275
⁧سرطانی⁩	275
⁧سلین⁩	275
⁧سواستفاده⁩	275
⁧شکستگی⁩	275
⁧طرفدارای⁩	275
⁧عبرت⁩	275
⁧فلوت⁩	275
⁧مانتی⁩	275
⁧مداوا⁩	275
⁧مرطوب⁩	275
⁧پردازش⁩	275
⁧چستر⁩	275
⁧گرسیوز⁩	275
⁧گیس⁩	275
⁧یکسری⁩	275
⁧یکی؟⁩	275
⁧استنفورد⁩	274
⁧اشام⁩	274
⁧الویس⁩	274
⁧اولیاحضرت⁩	274
⁧باکتری⁩	274
⁧بیخ⁩	274
⁧دیدند⁩	274
⁧ذاری⁩	274
⁧راستم⁩	274
⁧رفتش⁩	274
⁧سرنوشتت⁩	274
⁧عزیزت⁩	274
⁧قانونا⁩	274
⁧مارتینی⁩	274
⁧نفله⁩	274
⁧هود⁩	274
⁧چشمانم⁩	274
⁧کارلی⁩	274
⁧گران⁩	274
⁧ابراهیم⁩	273
⁧بازیا⁩	273
⁧برویم⁩	273
⁧بیا،⁩	273
⁧بیکن⁩	273
⁧جار⁩	273
⁧جفرسون⁩	273
⁧خوبید⁩	273
⁧سانحه⁩	273
⁧صورتشو⁩	273
⁧عموش⁩	273
⁧فکرمیکنی⁩	273
⁧لورین⁩	273
⁧مسته⁩	273
⁧هرموقع⁩	273
⁧وفا⁩	273
⁧کمرت⁩	273
⁧گردد⁩	273
⁧آروهی⁩	272
⁧انجل⁩	272
⁧باعثش⁩	272
⁧تائه⁩	272
⁧خانومها⁩	272
⁧دلخور⁩	272
⁧روحه⁩	272
⁧رولو⁩	272
⁧غیرمنتظره⁩	272
⁧لونا⁩	272
⁧مافیا⁩	272
⁧مشابهی⁩	272
⁧میای؟⁩	272
⁧میو⁩	272
⁧هوشمند⁩	272
⁧کتت⁩	272
⁧گلس⁩	272
⁧اوباش⁩	271
⁧اپراتور⁩	271
⁧باتلر⁩	271
⁧بترسه⁩	271
⁧تخمم⁩	271
⁧تورا⁩	271
⁧تیمش⁩	271
⁧دینامیت⁩	271
⁧رازت⁩	271
⁧سرزنشت⁩	271
⁧سگهای⁩	271
⁧لوین⁩	271
⁧لیبی⁩	271
⁧مناسبت⁩	271
⁧نبودش⁩	271
⁧نیرومند⁩	271
⁧هی،هی⁩	271
⁧ورن⁩	271
⁧ویلچر⁩	271
⁧ژنتیک⁩	271
⁧کارشناس⁩	271
⁧اشمیت⁩	270
⁧افتتاح⁩	270
⁧بدبختانه⁩	270
⁧براحتی⁩	270
⁧جانبه⁩	270
⁧جوما⁩	270
⁧حسابم⁩	270
⁧خاطراتت⁩	270
⁧دوستهای⁩	270
⁧رباط⁩	270
⁧سانتی⁩	270
⁧شپش⁩	270
⁧قلاده⁩	270
⁧مذاکرات⁩	270
⁧هالو⁩	270
⁧هاپ⁩	270
⁧کارمندان⁩	270
⁧گرگی⁩	270
⁧گشته⁩	270
⁧گوساله⁩	270
⁧اونرو⁩	269
⁧بها⁩	269
⁧بهبودی⁩	269
⁧بیارشون⁩	269
⁧ترکیه⁩	269
⁧خوشکله⁩	269
⁧ذاتی⁩	269
⁧روور⁩	269
⁧سامی⁩	269
⁧سمتی⁩	269
⁧لطفا؟⁩	269
⁧ماشینتون⁩	269
⁧متعادل⁩	269
⁧مهمتری⁩	269
⁧موناکو⁩	269
⁧میندی⁩	269
⁧ناپلئون⁩	269
⁧وووو⁩	269
⁧پرتو⁩	269
⁧کرلئونه⁩	269
⁧اتاقتون⁩	268
⁧استخدامش⁩	268
⁧اولشه⁩	268
⁧بدزدن⁩	268
⁧بپوشش⁩	268
⁧توافقی⁩	268
⁧خانومه⁩	268
⁧خونست⁩	268
⁧داوسون⁩	268
⁧رین⁩	268
⁧ساختمش⁩	268
⁧سلولهای⁩	268
⁧سوراخی⁩	268
⁧شوق⁩	268
⁧فرصته⁩	268
⁧قیافش⁩	268
⁧مسیحیت⁩	268
⁧میخواییم⁩	268
⁧مینا⁩	268
⁧میومدیم⁩	268
⁧پودینگ⁩	268
⁧گوز⁩	268
⁧آرم⁩	267
⁧اشباح⁩	267
⁧بالتیمور⁩	267
⁧ببازی⁩	267
⁧تحویلم⁩	267
⁧ترسیدی؟⁩	267
⁧تفسیر⁩	267
⁧تنفسی⁩	267
⁧درکه⁩	267
⁧زاری⁩	267
⁧سزای⁩	267
⁧غذاش⁩	267
⁧مجتمع⁩	267
⁧مسائلی⁩	267
⁧مشغوله⁩	267
⁧کیونگ⁩	267
⁧گولم⁩	267
⁧احمقها⁩	266
⁧اسلحتو⁩	266
⁧اسپید⁩	266
⁧الیویا⁩	266
⁧اونورتر⁩	266
⁧بارو⁩	266
⁧بلوندی⁩	266
⁧بیبی⁩	266
⁧تماشاچی⁩	266
⁧خارش⁩	266
⁧دادرس⁩	266
⁧داس⁩	266
⁧داستانو⁩	266
⁧دربارت⁩	266
⁧رابینسون⁩	266
⁧ساب⁩	266
⁧سروکار⁩	266
⁧سلولش⁩	266
⁧سم؟⁩	266
⁧سمبل⁩	266
⁧عواقبی⁩	266
⁧لباسام⁩	266
⁧متمدن⁩	266
⁧نرفتن⁩	266
⁧هلش⁩	266
⁧پاشیده⁩	266
⁧کمیک⁩	266
⁧گلوم⁩	266
⁧یوسف⁩	266
⁧احمقن⁩	265
⁧بشوری⁩	265
⁧بیرحم⁩	265
⁧ترجمهو⁩	265
⁧جوونتر⁩	265
⁧خلال⁩	265
⁧خوشحالن⁩	265
⁧دیلن⁩	265
⁧دیوث⁩	265
⁧زرق⁩	265
⁧سالیوان⁩	265
⁧طویله⁩	265
⁧قاعده⁩	265
⁧ماشینها⁩	265
⁧مجموع⁩	265
⁧منتظرتم⁩	265
⁧کاه⁩	265
⁧آرچر⁩	264
⁧اسبه⁩	264
⁧انتخابت⁩	264
⁧بازیش⁩	264
⁧بووم⁩	264
⁧تلاشش⁩	264
⁧تماشاگر⁩	264
⁧ثور⁩	264
⁧حرفاتو⁩	264
⁧خوشوقتم⁩	264
⁧صلیبی⁩	264
⁧فلورا⁩	264
⁧نشدند⁩	264
⁧هادس⁩	264
⁧چول⁩	264
⁧آتشفشان⁩	263
⁧ارک⁩	263
⁧اومد؟⁩	263
⁧بازیها⁩	263
⁧بایستم⁩	263
⁧بترکونیم⁩	263
⁧بتسی⁩	263
⁧برسند⁩	263
⁧برگردونین⁩	263
⁧تابش⁩	263
⁧دخترک⁩	263
⁧درستکار⁩	263
⁧زبونم⁩	263
⁧زخمش⁩	263
⁧سرپناه⁩	263
⁧عاطفه⁩	263
⁧علامتی⁩	263
⁧فهمن⁩	263
⁧لباسها⁩	263
⁧لیپ⁩	263
⁧مهمونا⁩	263
⁧هولدن⁩	263
⁧پوستر⁩	263
⁧چنته⁩	263
⁧چپم⁩	263
⁧کانون⁩	263
⁧کلاهک⁩	263
⁧ارزشمنده⁩	262
⁧الاریک⁩	262
⁧ایبل⁩	262
⁧بشناسیم⁩	262
⁧بنوشم⁩	262
⁧جرایم⁩	262
⁧ساختند⁩	262
⁧سختش⁩	262
⁧سیلور⁩	262
⁧صحت⁩	262
⁧لالا⁩	262
⁧لند⁩	262
⁧متحمل⁩	262
⁧هزارتو⁩	262
⁧وول⁩	262
⁧کنترلت⁩	262
⁧الکتریسیته⁩	261
⁧امداد⁩	261
⁧اونهمه⁩	261
⁧اوک⁩	261
⁧باریکلا⁩	261
⁧بیااینجا⁩	261
⁧خاردار⁩	261
⁧دریغ⁩	261
⁧رفته؟⁩	261
⁧سروکله⁩	261
⁧شستن⁩	261
⁧طبیعتا⁩	261
⁧غواصی⁩	261
⁧مارچ⁩	261
⁧مطالب⁩	261
⁧هی؟⁩	261
⁧کوچولوها⁩	261
⁧گوستاو⁩	261
⁧آدالیند⁩	260
⁧بادام⁩	260
⁧تقویم⁩	260
⁧تنسی⁩	260
⁧جداش⁩	260
⁧دورین⁩	260
⁧راهیم⁩	260
⁧ردا⁩	260
⁧رومانتیک⁩	260
⁧زوئی⁩	260
⁧سردسته⁩	260
⁧فرستادند⁩	260
⁧قوزک⁩	260
⁧میبندی⁩	260
⁧مینگ⁩	260
⁧هیولاهای⁩	260
⁧پادشاهم⁩	260
⁧پادشاهه⁩	260
⁧پرورشگاه⁩	260
⁧اسمو⁩	259
⁧باختن⁩	259
⁧برک⁩	259
⁧بهمن⁩	259
⁧تسلی⁩	259
⁧جاکش⁩	259
⁧دوا⁩	259
⁧رنارد⁩	259
⁧معاشرت⁩	259
⁧مقاوم⁩	259
⁧نترسیدم⁩	259
⁧همینکه⁩	259
⁧وایکینگ⁩	259
⁧وسطش⁩	259
⁧وینچستر⁩	259
⁧چمبرز⁩	259
⁧کلینت⁩	259
⁧گرگها⁩	259
⁧آتیشی⁩	258
⁧آدرنالین⁩	258
⁧بانکدار⁩	258
⁧تسکین⁩	258
⁧تشریح⁩	258
⁧تنهاییم⁩	258
⁧خوزه⁩	258
⁧دابی⁩	258
⁧دستامو⁩	258
⁧زنو⁩	258
⁧سلیم⁩	258
⁧سمیر⁩	258
⁧شمشیری⁩	258
⁧فیلیکس⁩	258
⁧لورنس⁩	258
⁧مشنگ⁩	258
⁧میدهند⁩	258
⁧نایتیری⁩	258
⁧نظافت⁩	258
⁧پادگان⁩	258
⁧کتابا⁩	258
⁧آنگاه⁩	257
⁧ادبیات⁩	257
⁧استعاره⁩	257
⁧اسد⁩	257
⁧املت⁩	257
⁧بادکنک⁩	257
⁧تفنگو⁩	257
⁧خاویر⁩	257
⁧شرمساری⁩	257
⁧شکرگزاری⁩	257
⁧ظریف⁩	257
⁧فاسکو⁩	257
⁧فرشتگان⁩	257
⁧میگشتی⁩	257
⁧هلندی⁩	257
⁧پیرمرده⁩	257
⁧چشماتون⁩	257
⁧گوئن⁩	257
⁧آسوده⁩	256
⁧بترکونم⁩	256
⁧برید،⁩	256
⁧تانگو⁩	256
⁧جرسی⁩	256
⁧دامنه⁩	256
⁧غاز⁩	256
⁧فرانکشتاین⁩	256
⁧لائو⁩	256
⁧مسئوله⁩	256
⁧موکلم⁩	256
⁧هیتمن⁩	256
⁧کشتنت⁩	256
⁧گروهت⁩	256
⁧اجناس⁩	255
⁧باهش⁩	255
⁧بخونمش⁩	255
⁧تروریسم⁩	255
⁧تفاله⁩	255
⁧جادوگران⁩	255
⁧خوبت⁩	255
⁧داخلشه⁩	255
⁧دوستتم⁩	255
⁧علاقت⁩	255
⁧فقرا⁩	255
⁧متعصب⁩	255
⁧مدیچی⁩	255
⁧موتوری⁩	255
⁧میس⁩	255
⁧ناجوری⁩	255
⁧هووم⁩	255
⁧پیشبینی⁩	255
⁧چیو؟⁩	255
⁧یهودیان⁩	255
⁧آقایی⁩	254
⁧اختلالات⁩	254
⁧انصاف⁩	254
⁧بازداشتش⁩	254
⁧بکشینش⁩	254
⁧تریسا⁩	254
⁧توری⁩	254
⁧حالتی⁩	254
⁧حرفامو⁩	254
⁧ساعتها⁩	254
⁧سبیل⁩	254
⁧شناسیم⁩	254
⁧طلسمی⁩	254
⁧قناری⁩	254
⁧لانا⁩	254
⁧محترمانه⁩	254
⁧مراکز⁩	254
⁧ورقه⁩	254
⁧ولمون⁩	254
⁧پسشون⁩	254
⁧یکاری⁩	254
⁧استخدامت⁩	253
⁧افسرها⁩	253
⁧بزرگان⁩	253
⁧تراس⁩	253
⁧ترزا⁩	253
⁧زانوهات⁩	253
⁧عروسکی⁩	253
⁧غافلگیری⁩	253
⁧محضه⁩	253
⁧مدلین⁩	253
⁧مراقبشون⁩	253
⁧مرزها⁩	253
⁧موهامو⁩	253
⁧میلنگه⁩	253
⁧نامحدود⁩	253
⁧نژادی⁩	253
⁧واس⁩	253
⁧چشمهاش⁩	253
⁧چماق⁩	253
⁧کشند⁩	253
⁧گیبسون⁩	253
⁧گیدیون⁩	253
⁧آکس⁩	252
⁧انگشتی⁩	252
⁧بذاریمش⁩	252
⁧توانی⁩	252
⁧خرفت⁩	252
⁧خواهرزاده⁩	252
⁧خوده⁩	252
⁧دالتون⁩	252
⁧دهانه⁩	252
⁧روزولت⁩	252
⁧عکسهای⁩	252
⁧قهرمانانه⁩	252
⁧لوسیا⁩	252
⁧مایر⁩	252
⁧منتظرمه⁩	252
⁧موافقه⁩	252
⁧میرقصه⁩	252
⁧میرونم⁩	252
⁧میلتون⁩	252
⁧میگرفتی⁩	252
⁧نیام⁩	252
⁧وخیم⁩	252
⁧پاتل⁩	252
⁧کارلایل⁩	252
⁧کاشف⁩	252
⁧کثیفت⁩	252
⁧کوش⁩	252
⁧کوچولوئه⁩	252
⁧ازگارد⁩	251
⁧ایون⁩	251
⁧تیمم⁩	251
⁧حرفهات⁩	251
⁧دبیرستانی⁩	251
⁧زند⁩	251
⁧سیندرلا⁩	251
⁧شگفتی⁩	251
⁧فکرکردم⁩	251
⁧فکس⁩	251
⁧مونتی⁩	251
⁧پاسگاه⁩	251
⁧پامون⁩	251
⁧کلاهت⁩	251
⁧کورکورانه⁩	251
⁧آرزوم⁩	250
⁧ادموند⁩	250
⁧اسپارتی⁩	250
⁧انکارش⁩	250
⁧ایش⁩	250
⁧بازتاب⁩	250
⁧بخرن⁩	250
⁧جونتون⁩	250
⁧حقیر⁩	250
⁧دالیا⁩	250
⁧رؤیای⁩	250
⁧سخنگو⁩	250
⁧عمرمون⁩	250
⁧نوازی⁩	250
⁧نگیرم⁩	250
⁧هاچی⁩	250
⁧پف⁩	250
⁧گیرد⁩	250
⁧آوریل⁩	249
⁧ابن⁩	249
⁧اصطبل⁩	249
⁧التیام⁩	249
⁧ایمز⁩	249
⁧بونز⁩	249
⁧ترقی⁩	249
⁧جمعشون⁩	249
⁧حوالی⁩	249
⁧خوب،⁩	249
⁧دلتنگ⁩	249
⁧دیکی⁩	249
⁧رحمانه⁩	249
⁧علتش⁩	249
⁧لاو⁩	249
⁧لن⁩	249
⁧موردم⁩	249
⁧نامناسب⁩	249
⁧ندیدید⁩	249
⁧گالن⁩	249
⁧اونهارو⁩	248
⁧ببوسمت⁩	248
⁧تابلوئه⁩	248
⁧تهاجمی⁩	248
⁧دوقلوها⁩	248
⁧دپارتمان⁩	248
⁧سنگه⁩	248
⁧فیوری⁩	248
⁧نذاریم⁩	248
⁧نفسش⁩	248
⁧نمیافته⁩	248
⁧هدفشون⁩	248
⁧کشورها⁩	248
⁧کماندارها⁩	248
⁧کنراد⁩	248
⁧گنجه⁩	248
⁧ازادی⁩	247
⁧اغوا⁩	247
⁧بذارشون⁩	247
⁧تسا⁩	247
⁧خدمتکارها⁩	247
⁧خفنه⁩	247
⁧دشمنانمون⁩	247
⁧دورشون⁩	247
⁧دیمیتری⁩	247
⁧لنز⁩	247
⁧مردممون⁩	247
⁧میخنده⁩	247
⁧نخیرم⁩	247
⁧هلنا⁩	247
⁧وادارش⁩	247
⁧ویزلی⁩	247
⁧پدیده⁩	247
⁧پذیرفت⁩	247
⁧کارگران⁩	247
⁧گرور⁩	247
⁧گنجشک⁩	247
⁧آستانه⁩	246
⁧اقل⁩	246
⁧بازوت⁩	246
⁧برادرانم⁩	246
⁧برنگشتم⁩	246
⁧بچش⁩	246
⁧جایه⁩	246
⁧جسدها⁩	246
⁧دوباکو⁩	246
⁧رؤیا⁩	246
⁧سولونیوس⁩	246
⁧سیستمی⁩	246
⁧سینک⁩	246
⁧مادرته⁩	246
⁧مارلین⁩	246
⁧معشوق⁩	246
⁧نگذشته⁩	246
⁧همرات⁩	246
⁧ولر⁩	246
⁧ویت⁩	246
⁧پوک⁩	246
⁧گیرین⁩	246
⁧آمازون⁩	245
⁧اسبی⁩	245
⁧باشه،باشه⁩	245
⁧برشته⁩	245
⁧رادنی⁩	245
⁧سست⁩	245
⁧سوتین⁩	245
⁧شوگر⁩	245
⁧عرفان⁩	245
⁧لگن⁩	245
⁧لیاقتشو⁩	245
⁧میگذرونه⁩	245
⁧نظره⁩	245
⁧نورتون⁩	245
⁧وسایلتون⁩	245
⁧چشماشون⁩	245
⁧کشو⁩	245
⁧گرند⁩	245
⁧یارم⁩	245
⁧ارو⁩	244
⁧اندکی⁩	244
⁧بالاش⁩	244
⁧بران⁩	244
⁧برخوردم⁩	244
⁧بکشنش⁩	244
⁧تامون⁩	244
⁧جوانه⁩	244
⁧حلال⁩	244
⁧حلق⁩	244
⁧دیترویت⁩	244
⁧رمزگذاری⁩	244
⁧زیتون⁩	244
⁧سرنگون⁩	244
⁧صوت⁩	244
⁧فرستادمش⁩	244
⁧مشکوکه⁩	244
⁧ناقوس⁩	244
⁧پدرت⁩	244
⁧کجاها⁩	244
⁧افرادتون⁩	243
⁧تهاجم⁩	243
⁧تونو⁩	243
⁧جنتلمن⁩	243
⁧خردل⁩	243
⁧داوسن⁩	243
⁧دخلت⁩	243
⁧رهبرشون⁩	243
⁧فلگ⁩	243
⁧قالیچه⁩	243
⁧قدردان⁩	243
⁧قصدم⁩	243
⁧لانگستراید⁩	243
⁧مسافرا⁩	243
⁧نخواه⁩	243
⁧نرسیدیم⁩	243
⁧نوبل⁩	243
⁧نینجا⁩	243
⁧هامونو⁩	243
⁧همزاد⁩	243
⁧پایانه⁩	243
⁧چرمی⁩	243
⁧گوردن⁩	243
⁧اثاثیه⁩	242
⁧اعصابت⁩	242
⁧ایدز⁩	242
⁧برندن⁩	242
⁧برگزاری⁩	242
⁧تداخل⁩	242
⁧خیکی⁩	242
⁧درش⁩	242
⁧راهتون⁩	242
⁧طلاست⁩	242
⁧فروید⁩	242
⁧قبلنا⁩	242
⁧مردهایی⁩	242
⁧مضحکه⁩	242
⁧نظرتو⁩	242
⁧پوارو⁩	242
⁧کردم؟⁩	242
⁧کروات⁩	242
⁧گردند⁩	242
⁧بدونند⁩	241
⁧بوگندو⁩	241
⁧تعطیلی⁩	241
⁧جبرانش⁩	241
⁧جریانات⁩	241
⁧داشتنش⁩	241
⁧داعش⁩	241
⁧دوازدهم⁩	241
⁧شاتل⁩	241
⁧فیتزجرالد⁩	241
⁧لیتر⁩	241
⁧مصالحه⁩	241
⁧مضحک⁩	241
⁧میونه⁩	241
⁧نخورم⁩	241
⁧نمیشین⁩	241
⁧کاپور⁩	241
⁧گدا⁩	241
⁧گریدی⁩	241
⁧یورش⁩	241
⁧ارقام⁩	240
⁧اشرافی⁩	240
⁧اطرافه⁩	240
⁧اعتراضی⁩	240
⁧انجی⁩	240
⁧اور⁩	240
⁧ببندن⁩	240
⁧بدها⁩	240
⁧جید⁩	240
⁧حول⁩	240
⁧خواهری⁩	240
⁧دوئل⁩	240
⁧دوبل⁩	240
⁧سربسرم⁩	240
⁧طوطی⁩	240
⁧قاچاقی⁩	240
⁧قرمزی⁩	240
⁧قویترین⁩	240
⁧لزبین⁩	240
⁧مسلمان⁩	240
⁧مطمئنه⁩	240
⁧مفهومی⁩	240
⁧موردور⁩	240
⁧موها⁩	240
⁧میدونه؟⁩	240
⁧نرمه⁩	240
⁧نظامیه⁩	240
⁧نگیم⁩	240
⁧واحدهای⁩	240
⁧ولاد⁩	240
⁧پنجمین⁩	240
⁧کارمونو⁩	240
⁧کاستلو⁩	240
⁧گرانت⁩	240
⁧گلد⁩	240
⁧یادآور⁩	240
⁧یقینا⁩	240
⁧آروم،⁩	239
⁧بازیهای⁩	239
⁧تکرارش⁩	239
⁧خاطراتم⁩	239
⁧دانیلز⁩	239
⁧رویاست⁩	239
⁧سرزده⁩	239
⁧شست⁩	239
⁧شمرده⁩	239
⁧صداهایی⁩	239
⁧غرامت⁩	239
⁧فرانسویه⁩	239
⁧فکرنکنم⁩	239
⁧قلبمو⁩	239
⁧ماکارونی⁩	239
⁧ملاقاتم⁩	239
⁧مهتاب⁩	239
⁧میشنوین⁩	239
⁧ناسو⁩	239
⁧نبوغ⁩	239
⁧ندن⁩	239
⁧چشمامو⁩	239
⁧کارساز⁩	239
⁧گازم⁩	239
⁧گاما⁩	239
⁧گاییده⁩	239
⁧گرتا⁩	239
⁧آرشیو⁩	238
⁧ارتباطمون⁩	238
⁧اسپنس⁩	238
⁧بلندگو⁩	238
⁧بوت⁩	238
⁧بپیوندید⁩	238
⁧بیافت⁩	238
⁧تلفنو⁩	238
⁧تنوع⁩	238
⁧دردمون⁩	238
⁧دهنشون⁩	238
⁧ساعتت⁩	238
⁧ضربات⁩	238
⁧طومار⁩	238
⁧مادرتم⁩	238
⁧ماریو⁩	238
⁧نجابت⁩	238
⁧هلند⁩	238
⁧وسیع⁩	238
⁧پاشون⁩	238
⁧پناهنده⁩	238
⁧کرگدن⁩	238
⁧کوبو⁩	238
⁧یانکی⁩	238
⁧آنجلی⁩	237
⁧اومم⁩	237
⁧بانکوک⁩	237
⁧برسونید⁩	237
⁧بلندش⁩	237
⁧بگذاری⁩	237
⁧تخیل⁩	237
⁧حضار⁩	237
⁧دراومد⁩	237
⁧راهشو⁩	237
⁧راهن⁩	237
⁧روبراهی؟⁩	237
⁧زمستانی⁩	237
⁧سفرتون⁩	237
⁧سفرم⁩	237
⁧شنوی؟⁩	237
⁧فوران⁩	237
⁧قحبه⁩	237
⁧قرعه⁩	237
⁧قواعد⁩	237
⁧مادرها⁩	237
⁧مبدل⁩	237
⁧ملاقاتمون⁩	237
⁧میگند⁩	237
⁧ناب⁩	237
⁧نمیمونم⁩	237
⁧نکبت⁩	237
⁧ورنون⁩	237
⁧پرم⁩	237
⁧کردنی⁩	237
⁧کفر⁩	237
⁧یچیزی⁩	237
⁧آرت⁩	236
⁧آلیو⁩	236
⁧آیزاک⁩	236
⁧اسنیپ⁩	236
⁧ببوسم⁩	236
⁧تبعیت⁩	236
⁧تیزی⁩	236
⁧جنایات⁩	236
⁧دیالوگ⁩	236
⁧رسن⁩	236
⁧سوارکار⁩	236
⁧فرداست⁩	236
⁧مجبورن⁩	236
⁧مخلوقات⁩	236
⁧نویل⁩	236
⁧پرتغالی⁩	236
⁧گناهکاره⁩	236
⁧گوشیش⁩	236
⁧آیین⁩	235
⁧اتمسفر⁩	235
⁧بازکن⁩	235
⁧بساط⁩	235
⁧ترسا⁩	235
⁧ترسونه⁩	235
⁧توپخانه⁩	235
⁧خاطرم⁩	235
⁧خرما⁩	235
⁧زنید⁩	235
⁧سرک⁩	235
⁧سفرمون⁩	235
⁧فضاپیما⁩	235
⁧قلو⁩	235
⁧مبارزان⁩	235
⁧میگو⁩	235
⁧نات⁩	235
⁧نفرستاده⁩	235
⁧نمردم⁩	235
⁧وزنه⁩	235
⁧گرفتاری⁩	235
⁧گلدون⁩	235
⁧اثباتش⁩	234
⁧بترسن⁩	234
⁧بترسونی⁩	234
⁧بورلی⁩	234
⁧تجمع⁩	234
⁧تیتر⁩	234
⁧خداجون⁩	234
⁧سوءتفاهم⁩	234
⁧عضویت⁩	234
⁧قائم⁩	234
⁧قتله⁩	234
⁧مجبورمون⁩	234
⁧مطبوعاتی⁩	234
⁧نه،اون⁩	234
⁧نگید⁩	234
⁧همراهمون⁩	234
⁧وقار⁩	234
⁧وقتشو⁩	234
⁧پنسیلوانیا⁩	234
⁧کستل⁩	234
⁧کیرش⁩	234
⁧بالاتره⁩	233
⁧برکارد⁩	233
⁧بچرخی⁩	233
⁧تنباکو⁩	233
⁧جینجر⁩	233
⁧دیاز⁩	233
⁧ردشون⁩	233
⁧عقد⁩	233
⁧مادرم⁩	233
⁧مجمع⁩	233
⁧مشکلاتت⁩	233
⁧ممه⁩	233
⁧میره؟⁩	233
⁧نفهم⁩	233
⁧نمود⁩	233
⁧نگاری⁩	233
⁧هیچگاه⁩	233
⁧وبه⁩	233
⁧پلازا⁩	233
⁧چروک⁩	233
⁧گوهر⁩	233
⁧آبهام⁩	232
⁧اتریش⁩	232
⁧اربابت⁩	232
⁧ارکستر⁩	232
⁧ایکاروس⁩	232
⁧بالیوود⁩	232
⁧باکس⁩	232
⁧بخندم⁩	232
⁧بداخلاق⁩	232
⁧بذاریش⁩	232
⁧بچرخه⁩	232
⁧ترسوند⁩	232
⁧ترودی⁩	232
⁧جزوی⁩	232
⁧جزیی⁩	232
⁧جشنواره⁩	232
⁧خپل⁩	232
⁧دخیل⁩	232
⁧دورم⁩	232
⁧دیجیتال⁩	232
⁧راجا⁩	232
⁧رومون⁩	232
⁧سامون⁩	232
⁧صورتشون⁩	232
⁧عقبی⁩	232
⁧میخوند⁩	232
⁧میدند⁩	232
⁧میکشند⁩	232
⁧نباشد⁩	232
⁧نبینه⁩	232
⁧نورانی⁩	232
⁧نپرسیدی⁩	232
⁧پرز⁩	232
⁧ژو⁩	232
⁧گاوها⁩	232
⁧گذشتم⁩	232
⁧گناهم⁩	232
⁧ازبین⁩	231
⁧بدهیم⁩	231
⁧بگذرم⁩	231
⁧بیستم⁩	231
⁧حاضرین⁩	231
⁧حرفشم⁩	231
⁧دادگاهی⁩	231
⁧ریپر⁩	231
⁧ساما⁩	231
⁧شراکت⁩	231
⁧فیش⁩	231
⁧قبلیش⁩	231
⁧قدرتشون⁩	231
⁧قراردادی⁩	231
⁧ماردون⁩	231
⁧مشهوره⁩	231
⁧کیل⁩	231
⁧کیکی⁩	231
⁧یقه⁩	231
⁧آره،من⁩	230
⁧انداختمش⁩	230
⁧تجربیات⁩	230
⁧تراز⁩	230
⁧تفنگتو⁩	230
⁧دروور⁩	230
⁧زیرو⁩	230
⁧شند⁩	230
⁧طبقات⁩	230
⁧علاقم⁩	230
⁧فروپاشی⁩	230
⁧لاتسو⁩	230
⁧لتی⁩	230
⁧مردو⁩	230
⁧میومده⁩	230
⁧نشتی⁩	230
⁧نق⁩	230
⁧نمیشناسمش⁩	230
⁧پریدی⁩	230
⁧پیشگیری⁩	230
⁧آغشته⁩	229
⁧آیه⁩	229
⁧اهمم⁩	229
⁧ایس⁩	229
⁧بارونی⁩	229
⁧بردلی⁩	229
⁧بروند⁩	229
⁧تکیلا⁩	229
⁧خیابونه⁩	229
⁧درگذشت⁩	229
⁧دنبالشن⁩	229
⁧دوردست⁩	229
⁧رندل⁩	229
⁧روزش⁩	229
⁧رگه⁩	229
⁧سپاهیان⁩	229
⁧سپرها⁩	229
⁧شروعه⁩	229
⁧شلوغش⁩	229
⁧موقتیه⁩	229
⁧همکاران⁩	229
⁧پوتین⁩	229
⁧آرجون⁩	228
⁧آهو⁩	228
⁧اسکندر⁩	228
⁧باجه⁩	228
⁧بدنتون⁩	228
⁧بیداره⁩	228
⁧تارلی⁩	228
⁧جنسیت⁩	228
⁧دیجیتالی⁩	228
⁧سرزنده⁩	228
⁧عربستان⁩	228
⁧میسازی⁩	228
⁧همپتون⁩	228
⁧وایسادیم⁩	228
⁧پختن⁩	228
⁧پولداره⁩	228
⁧گذروند⁩	228
⁧ارنست⁩	227
⁧اطلاعاتش⁩	227
⁧انداختند⁩	227
⁧اوری⁩	227
⁧بتو⁩	227
⁧برنادت⁩	227
⁧ترسوها⁩	227
⁧جنب⁩	227
⁧جیبش⁩	227
⁧شاعرانه⁩	227
⁧عینی⁩	227
⁧فندک⁩	227
⁧میفروشن⁩	227
⁧پاندی⁩	227
⁧چرخی⁩	227
⁧کراکن⁩	227
⁧بخاری⁩	226
⁧برو،برو⁩	226
⁧جنگجویی⁩	226
⁧حسب⁩	226
⁧دیروقته⁩	226
⁧سالمندان⁩	226
⁧مسجد⁩	226
⁧مهدکودک⁩	226
⁧مومیایی⁩	226
⁧میبریمش⁩	226
⁧میشینی⁩	226
⁧هرکار⁩	226
⁧پوشم⁩	226
⁧چونگ⁩	226
⁧کردش⁩	226
⁧ابتدای⁩	225
⁧برادرمو⁩	225
⁧بهاری⁩	225
⁧داستانم⁩	225
⁧دردسره⁩	225
⁧دورت⁩	225
⁧دیدینش⁩	225
⁧راینا⁩	225
⁧سازم⁩	225
⁧شاتگان⁩	225
⁧مادر؟⁩	225
⁧نردبان⁩	225
⁧نکشتمش⁩	225
⁧واون⁩	225
⁧پاهامو⁩	225
⁧کارتی⁩	225
⁧کوئنتین⁩	225
⁧آنابل⁩	224
⁧ادرس⁩	224
⁧اومدنش⁩	224
⁧ایر⁩	224
⁧برگردند⁩	224
⁧بینگ⁩	224
⁧تکاور⁩	224
⁧جرویس⁩	224
⁧خوب،من⁩	224
⁧خویش⁩	224
⁧دافو⁩	224
⁧دبلیو⁩	224
⁧رادا⁩	224
⁧رفیقمون⁩	224
⁧ریلکس⁩	224
⁧شهرستان⁩	224
⁧فارست⁩	224
⁧میریزی⁩	224
⁧میفهمید⁩	224
⁧میپره⁩	224
⁧نابینا⁩	224
⁧نداشتین⁩	224
⁧نمیزد⁩	224
⁧هرکولس⁩	224
⁧واقعیتش⁩	224
⁧وایستید⁩	224
⁧پاملا⁩	224
⁧کندم⁩	224
⁧کنگو⁩	224
⁧کیج⁩	224
⁧گهواره⁩	224
⁧آرس⁩	223
⁧استارت⁩	223
⁧استرلینگ⁩	223
⁧باش،⁩	223
⁧بلوز⁩	223
⁧بونگ⁩	223
⁧جولیانو⁩	223
⁧درنگ⁩	223
⁧دندونات⁩	223
⁧دورا⁩	223
⁧قراضه⁩	223
⁧مخم⁩	223
⁧نمیخورن⁩	223
⁧نگیرید⁩	223
⁧کارشونو⁩	223
⁧کفن⁩	223
⁧کلیولند⁩	223
⁧کود⁩	223
⁧گرمش⁩	223
⁧آلترا⁩	222
⁧استرن⁩	222
⁧المثل⁩	222
⁧انداختین⁩	222
⁧باخته⁩	222
⁧باهاشه⁩	222
⁧بدلیل⁩	222
⁧برنز⁩	222
⁧بگیرینشون⁩	222
⁧جهنمه⁩	222
⁧حقوقت⁩	222
⁧خوشگلت⁩	222
⁧سواد⁩	222
⁧صبرکنین⁩	222
⁧قانعش⁩	222
⁧مراکش⁩	222
⁧مطالعات⁩	222
⁧میپوشه⁩	222
⁧نیروگاه⁩	222
⁧همونا⁩	222
⁧هواشناسی⁩	222
⁧کجاس؟⁩	222
⁧گذارم⁩	222
⁧گوشکن⁩	222
⁧یای⁩	222
⁧اخته⁩	221
⁧بخونین⁩	221
⁧برگردونن⁩	221
⁧بنشین⁩	221
⁧بیگناهه⁩	221
⁧تاکنون⁩	221
⁧تعدادمون⁩	221
⁧تمساح⁩	221
⁧توهمات⁩	221
⁧خریدیم⁩	221
⁧خفت⁩	221
⁧داغونم⁩	221
⁧درستشون⁩	221
⁧دوتاش⁩	221
⁧دیگه؟⁩	221
⁧رسونم⁩	221
⁧سوزونده⁩	221
⁧سیسیل⁩	221
⁧فانتزی⁩	221
⁧فستیوال⁩	221
⁧قلبتون⁩	221
⁧لوشن⁩	221
⁧میدونستین⁩	221
⁧نائب⁩	221
⁧نشدید⁩	221
⁧نیوتون⁩	221
⁧هانسل⁩	221
⁧پرتغال⁩	221
⁧کابوسه⁩	221
⁧کتم⁩	221
⁧کنترلشون⁩	221
⁧بازنشست⁩	220
⁧بخواهیم⁩	220
⁧بشوند⁩	220
⁧بوکسور⁩	220
⁧تیموتی⁩	220
⁧جهات⁩	220
⁧حسابشون⁩	220
⁧رنگه⁩	220
⁧سخاوتمندانه⁩	220
⁧سرنوشتمون⁩	220
⁧سعادت⁩	220
⁧سومه⁩	220
⁧سیاهچال⁩	220
⁧شرلی⁩	220
⁧عهدش⁩	220
⁧مرحوم⁩	220
⁧مشق⁩	220
⁧ننوشتم⁩	220
⁧واکس⁩	220
⁧وضعت⁩	220
⁧پرینستون⁩	220
⁧پیروان⁩	220
⁧چندتاشون⁩	220
⁧چگونگی⁩	220
⁧کاربرد⁩	220
⁧کمش⁩	220
⁧کوچولوش⁩	220
⁧آخریشه⁩	219
⁧اسهال⁩	219
⁧القاعده⁩	219
⁧امانات⁩	219
⁧تازگیا⁩	219
⁧تعصب⁩	219
⁧جریحه⁩	219
⁧جوئی⁩	219
⁧داووس⁩	219
⁧دفاتر⁩	219
⁧روفوس⁩	219
⁧رپ⁩	219
⁧سرداب⁩	219
⁧سرزنشش⁩	219
⁧شانسیه⁩	219
⁧فیلیپس⁩	219
⁧میخواستید⁩	219
⁧میلیمتری⁩	219
⁧نمیترسی⁩	219
⁧نمیکردن⁩	219
⁧نگرفتیم⁩	219
⁧پانزدهم⁩	219
⁧پردازی⁩	219
⁧پنچ⁩	219
⁧کدها⁩	219
⁧گادفری⁩	219
⁧گروهمون⁩	219
⁧آهنگو⁩	218
⁧ایزابلا⁩	218
⁧ببیند⁩	218
⁧بمبی⁩	218
⁧ترشح⁩	218
⁧توانا⁩	218
⁧خاطراتش⁩	218
⁧خوردید⁩	218
⁧دادستانی⁩	218
⁧دونده⁩	218
⁧راسو⁩	218
⁧رقصی⁩	218
⁧زانوت⁩	218
⁧شنوه⁩	218
⁧عقبه⁩	218
⁧فیلمو⁩	218
⁧لطمه⁩	218
⁧لیموناد⁩	218
⁧مادرشه⁩	218
⁧مدیرعامل⁩	218
⁧میموند⁩	218
⁧نرفتیم⁩	218
⁧همجنسباز⁩	218
⁧هوراس⁩	218
⁧هیلاری⁩	218
⁧ورد⁩	218
⁧وگا⁩	218
⁧پرایر⁩	218
⁧پسرعمو⁩	218
⁧پنگ⁩	218
⁧کوهی⁩	218
⁧آخرت⁩	217
⁧آزمایی⁩	217
⁧ارتقاء⁩	217
⁧ارزو⁩	217
⁧اسبت⁩	217
⁧الکترومغناطیسی⁩	217
⁧باقیمونده⁩	217
⁧بشمار⁩	217
⁧توتو⁩	217
⁧جاویدان⁩	217
⁧حاضریم⁩	217
⁧رذل⁩	217
⁧رقصم⁩	217
⁧ماجراست⁩	217
⁧مشاجره⁩	217
⁧موهاشو⁩	217
⁧مینهو⁩	217
⁧نمون⁩	217
⁧پائولا⁩	217
⁧گستاخانه⁩	217
⁧یاش⁩	217
⁧آهنگه⁩	216
⁧افزاری⁩	216
⁧امروزم⁩	216
⁧بازها⁩	216
⁧باهوشم⁩	216
⁧برسد⁩	216
⁧بمونند⁩	216
⁧جاودان⁩	216
⁧جنجال⁩	216
⁧جیبی⁩	216
⁧دنور⁩	216
⁧ذغال⁩	216
⁧راجاری⁩	216
⁧رولت⁩	216
⁧ساتر⁩	216
⁧عصربخیر⁩	216
⁧فیبز⁩	216
⁧لانه⁩	216
⁧مستر⁩	216
⁧منعکس⁩	216
⁧مهمه؟⁩	216
⁧میفتیم⁩	216
⁧نگذار⁩	216
⁧کریسی⁩	216
⁧کلاهبردار⁩	216
⁧کنسرو⁩	216
⁧گتسبی⁩	216
⁧گرگوری⁩	216
⁧گولت⁩	216
⁧آتشی⁩	215
⁧آرومباش⁩	215
⁧استروئید⁩	215
⁧اونجاها⁩	215
⁧بحالت⁩	215
⁧بخشم⁩	215
⁧بخواهد⁩	215
⁧بسکن⁩	215
⁧تامن⁩	215
⁧تحول⁩	215
⁧خوردنش⁩	215
⁧داوری⁩	215
⁧دیمون⁩	215
⁧زارا⁩	215
⁧زارم⁩	215
⁧زحمتی⁩	215
⁧زرهی⁩	215
⁧زندانیان⁩	215
⁧سوگواری⁩	215
⁧سینمای⁩	215
⁧شستشو⁩	215
⁧فهمیدین؟⁩	215
⁧مامانه⁩	215
⁧مورلی⁩	215
⁧میخورید⁩	215
⁧هردفعه⁩	215
⁧هیجانی⁩	215
⁧پرل⁩	215
⁧کانا⁩	215
⁧کلایو⁩	215
⁧آرد⁩	214
⁧آرزوها⁩	214
⁧اسمیه⁩	214
⁧امانت⁩	214
⁧اونیکی⁩	214
⁧بارتون⁩	214
⁧بسوزونیدش⁩	214
⁧بلای⁩	214
⁧توویا⁩	214
⁧جونا⁩	214
⁧دخترام⁩	214
⁧دختریه⁩	214
⁧دزدیه⁩	214
⁧راهتو⁩	214
⁧رختکن⁩	214
⁧شاهدان⁩	214
⁧عصای⁩	214
⁧عفونی⁩	214
⁧علیرضا⁩	214
⁧مادی⁩	214
⁧مرگشه⁩	214
⁧مسافرین⁩	214
⁧مورتی⁩	214
⁧میفتی⁩	214
⁧نامشخص⁩	214
⁧نورث⁩	214
⁧هراس⁩	214
⁧واترز⁩	214
⁧واریس⁩	214
⁧پنت⁩	214
⁧پیکان⁩	214
⁧کلین⁩	214
⁧گنگستر⁩	214
⁧آبش⁩	213
⁧آتلانتیک⁩	213
⁧اخم⁩	213
⁧باستر⁩	213
⁧تضمینی⁩	213
⁧تکن⁩	213
⁧جانوران⁩	213
⁧جهانه⁩	213
⁧خطرناکن⁩	213
⁧خندی⁩	213
⁧خواری⁩	213
⁧داروخونه⁩	213
⁧داستانها⁩	213
⁧رادیواکتیو⁩	213
⁧سامان⁩	213
⁧شهوتی⁩	213
⁧صورتتو⁩	213
⁧فاتح⁩	213
⁧فرماندهان⁩	213
⁧فروشم⁩	213
⁧قطاری⁩	213
⁧محدودیتی⁩	213
⁧مدیو⁩	213
⁧مراسمی⁩	213
⁧معاف⁩	213
⁧مهیج⁩	213
⁧هوامو⁩	213
⁧واعظ⁩	213
⁧پنجابی⁩	213
⁧کتکش⁩	213
⁧گراند⁩	213
⁧آلات⁩	212
⁧ازمن⁩	212
⁧بخونیش⁩	212
⁧برگردان⁩	212
⁧بوسم⁩	212
⁧بوسید⁩	212
⁧بیمارستانی⁩	212
⁧خرگوشه⁩	212
⁧درخته⁩	212
⁧دیوونست⁩	212
⁧روپوش⁩	212
⁧ریشی⁩	212
⁧سوسول⁩	212
⁧سولاندو⁩	212
⁧سیار⁩	212
⁧صدق⁩	212
⁧طرفداری⁩	212
⁧غرش⁩	212
⁧لینچ⁩	212
⁧مزخرفیه⁩	212
⁧منظومه⁩	212
⁧میانگین⁩	212
⁧نامزدت⁩	212
⁧نس⁩	212
⁧نووا⁩	212
⁧نگرانشم⁩	212
⁧هاوزر⁩	212
⁧همکارش⁩	212
⁧واچ⁩	212
⁧واکرها⁩	212
⁧چیره⁩	212
⁧کلینتون⁩	212
⁧کورپ⁩	212
⁧گود⁩	212
⁧آزاردهنده⁩	211
⁧ابعاد⁩	211
⁧انداختنش⁩	211
⁧انسانهای⁩	211
⁧بپذیرید⁩	211
⁧تئون⁩	211
⁧تکونی⁩	211
⁧جق⁩	211
⁧خیلیخوب⁩	211
⁧درختها⁩	211
⁧سرنوشته⁩	211
⁧سرنوشتی⁩	211
⁧شواهدی⁩	211
⁧عروسیمون⁩	211
⁧فولادی⁩	211
⁧قائله⁩	211
⁧مارها⁩	211
⁧معتقدیم⁩	211
⁧مفیده⁩	211
⁧میسا⁩	211
⁧میگفتیم⁩	211
⁧ناپل⁩	211
⁧ودر⁩	211
⁧کریسمسه⁩	211
⁧آوردمت⁩	210
⁧ابرقهرمان⁩	210
⁧اعتقادات⁩	210
⁧باهوشتر⁩	210
⁧خانوادمون⁩	210
⁧داف⁩	210
⁧دیویا⁩	210
⁧راحتتر⁩	210
⁧شوزه⁩	210
⁧لانگدون⁩	210
⁧محور⁩	210
⁧مربا⁩	210
⁧مشروبی⁩	210
⁧مکث⁩	210
⁧میگفتند⁩	210
⁧ناتموم⁩	210
⁧واشینگتون⁩	210
⁧پراگ⁩	210
⁧پوچی⁩	210
⁧چا⁩	210
⁧کانتینر⁩	210
⁧کجات⁩	210
⁧کسای⁩	210
⁧یونیفورم⁩	210
⁧آیینه⁩	209
⁧برنسون⁩	209
⁧بیننده⁩	209
⁧بیوولف⁩	209
⁧جلاد⁩	209
⁧خواجه⁩	209
⁧دروغگوئه⁩	209
⁧رال⁩	209
⁧رقاصه⁩	209
⁧روزهایی⁩	209
⁧سازش⁩	209
⁧سکان⁩	209
⁧شریدر⁩	209
⁧غیرقانونیه⁩	209
⁧فسخ⁩	209
⁧مزاحمم⁩	209
⁧موآنا⁩	209
⁧مونث⁩	209
⁧نذاره⁩	209
⁧نمیمونی⁩	209
⁧پارلمان⁩	209
⁧کندرا⁩	209
⁧کوچولومون⁩	209
⁧گرفتیش؟⁩	209
⁧گیت⁩	209
⁧آماتور⁩	208
⁧آمبر⁩	208
⁧اوه،خدا⁩	208
⁧بمحض⁩	208
⁧بنظرتون⁩	208
⁧بپوشون⁩	208
⁧بپوشیم⁩	208
⁧ترسن⁩	208
⁧حملش⁩	208
⁧ختنه⁩	208
⁧دخالتی⁩	208
⁧رانده⁩	208
⁧زیباتر⁩	208
⁧سایبر⁩	208
⁧سیلویا⁩	208
⁧عصاره⁩	208
⁧قسط⁩	208
⁧لالیتا⁩	208
⁧لق⁩	208
⁧مورس⁩	208
⁧موشه⁩	208
⁧میسی⁩	208
⁧نمایندگان⁩	208
⁧همکارام⁩	208
⁧پرومتئوس⁩	208
⁧پیرم⁩	208
⁧کلاید⁩	208
⁧کمرش⁩	208
⁧آرزوت⁩	207
⁧اسپارتان⁩	207
⁧انجلس⁩	207
⁧باتوئه⁩	207
⁧باکی⁩	207
⁧برادرات⁩	207
⁧بومن⁩	207
⁧تثبیت⁩	207
⁧تکذیب⁩	207
⁧جیش⁩	207
⁧جیپ⁩	207
⁧حقوقم⁩	207
⁧دماغه⁩	207
⁧دندوناش⁩	207
⁧دیوونم⁩	207
⁧دیوید؟⁩	207
⁧روبرت⁩	207
⁧روسو⁩	207
⁧سای⁩	207
⁧سرورم؟⁩	207
⁧سفیدی⁩	207
⁧قبرش⁩	207
⁧قرارم⁩	207
⁧لهستانی⁩	207
⁧ماتریکس⁩	207
⁧متوجهی؟⁩	207
⁧منهدم⁩	207
⁧میفهمیدم⁩	207
⁧میپرسن⁩	207
⁧نامشروع⁩	207
⁧نبش⁩	207
⁧نردبون⁩	207
⁧هاله⁩	207
⁧هرمس⁩	207
⁧ورزشگاه⁩	207
⁧وس⁩	207
⁧وسترن⁩	207
⁧پشیمونم⁩	207
⁧آفریده⁩	206
⁧آلمیدا⁩	206
⁧آنجلو⁩	206
⁧القدس⁩	206
⁧انصراف⁩	206
⁧اوه،لعنتی⁩	206
⁧اکتشاف⁩	206
⁧ایسته⁩	206
⁧اینستاگرام⁩	206
⁧بخواهم⁩	206
⁧برازنده⁩	206
⁧برمیداری⁩	206
⁧برمیگردونه⁩	206
⁧برندی⁩	206
⁧بیافتیم⁩	206
⁧بیسکوییت⁩	206
⁧ترنس⁩	206
⁧تولیوس⁩	206
⁧تونستند⁩	206
⁧حفظش⁩	206
⁧خودمونی⁩	206
⁧دزدا⁩	206
⁧سردرگم⁩	206
⁧سوالو⁩	206
⁧سودا⁩	206
⁧شششش⁩	206
⁧شمردن⁩	206
⁧صحرای⁩	206
⁧فعاله⁩	206
⁧فلیپ⁩	206
⁧لاسلو⁩	206
⁧مارپیچ⁩	206
⁧مام⁩	206
⁧میارید⁩	206
⁧میدونم،⁩	206
⁧میپوشی⁩	206
⁧میگذرونم⁩	206
⁧نمیشنوی⁩	206
⁧هاها⁩	206
⁧والدر⁩	206
⁧وضعم⁩	206
⁧چشمانش⁩	206
⁧چمدان⁩	206
⁧کارمه⁩	206
⁧یوهان⁩	206
⁧آس⁩	205
⁧آنهایی⁩	205
⁧اطلاعتون⁩	205
⁧افتخارش⁩	205
⁧اقلا⁩	205
⁧بابامه⁩	205
⁧بازوش⁩	205
⁧بدرفتاری⁩	205
⁧برعهده⁩	205
⁧برگها⁩	205
⁧بعدیه⁩	205
⁧بفروشن⁩	205
⁧بپرسن⁩	205
⁧بیکاری⁩	205
⁧تاکید⁩	205
⁧تایر⁩	205
⁧جواز⁩	205
⁧خاطراتی⁩	205
⁧خوشحالش⁩	205
⁧دیوی⁩	205
⁧ستم⁩	205
⁧فدراسیون⁩	205
⁧فرنی⁩	205
⁧فیلد⁩	205
⁧لات⁩	205
⁧مخرب⁩	205
⁧مخلوق⁩	205
⁧مسافرها⁩	205
⁧مشروبات⁩	205
⁧مونتانا⁩	205
⁧مکالمات⁩	205
⁧ناهنجاری⁩	205
⁧نمیدین⁩	205
⁧واز⁩	205
⁧وزنت⁩	205
⁧وفاداره⁩	205
⁧پوشونده⁩	205
⁧کشمکش⁩	205
⁧کوفت⁩	205
⁧یاقوت⁩	205
⁧آزادشون⁩	204
⁧استیگ⁩	204
⁧باورشون⁩	204
⁧حراجی⁩	204
⁧خشکه⁩	204
⁧خندید⁩	204
⁧خوشگذرونی⁩	204
⁧رفاه⁩	204
⁧سارو⁩	204
⁧سانجی⁩	204
⁧سومان⁩	204
⁧سینی⁩	204
⁧لامار⁩	204
⁧لایونل⁩	204
⁧ماهیگیر⁩	204
⁧مفصله⁩	204
⁧میشکنم⁩	204
⁧ناتوانی⁩	204
⁧پرتت⁩	204
⁧چشاتو⁩	204
⁧کشتین⁩	204
⁧کوهها⁩	204
⁧کوکتل⁩	204
⁧گراد⁩	204
⁧آدرسی⁩	203
⁧اوبرین⁩	203
⁧بتواند⁩	203
⁧بنگاه⁩	203
⁧ترسیم⁩	203
⁧جلوتره⁩	203
⁧خودنمایی⁩	203
⁧دانمارکی⁩	203
⁧درستو⁩	203
⁧درمون⁩	203
⁧راستی؟⁩	203
⁧روبین⁩	203
⁧مریل⁩	203
⁧منتظرمون⁩	203
⁧مویرا⁩	203
⁧مکانش⁩	203
⁧نکشت⁩	203
⁧پاهاشو⁩	203
⁧پروا⁩	203
⁧پلیسای⁩	203
⁧چاپلوسی⁩	203
⁧کالدر⁩	203
⁧کاملش⁩	203
⁧اسنک⁩	202
⁧اصولا⁩	202
⁧اهان⁩	202
⁧اینشتین⁩	202
⁧بنوشی⁩	202
⁧بینایی⁩	202
⁧جگ⁩	202
⁧دختربچه⁩	202
⁧دموکرات⁩	202
⁧ذارن⁩	202
⁧راجو⁩	202
⁧سران⁩	202
⁧شیء⁩	202
⁧نه،تو⁩	202
⁧هار⁩	202
⁧کوهن⁩	202
⁧گروت⁩	202
⁧آنتوان⁩	201
⁧آگاتا⁩	201
⁧ازدواجش⁩	201
⁧باروز⁩	201
⁧بردگان⁩	201
⁧بپذیر⁩	201
⁧تصورشو⁩	201
⁧تمسخر⁩	201
⁧جونو⁩	201
⁧خاخام⁩	201
⁧داند⁩	201
⁧درموردت⁩	201
⁧سث⁩	201
⁧سرحد⁩	201
⁧شکه⁩	201
⁧شکوند⁩	201
⁧طاق⁩	201
⁧عددی⁩	201
⁧عطسه⁩	201
⁧قلبشون⁩	201
⁧لاولی⁩	201
⁧محافظان⁩	201
⁧مواجهه⁩	201
⁧نگاهشون⁩	201
⁧همونو⁩	201
⁧واووو⁩	201
⁧پوستا⁩	201
⁧چپه⁩	201
⁧کراسوس⁩	201
⁧گمرک⁩	201
⁧آریان⁩	200
⁧آمیزی⁩	200
⁧بخورند⁩	200
⁧بزرگسال⁩	200
⁧تیفانی⁩	200
⁧ثابته⁩	200
⁧جنگله⁩	200
⁧جوجو⁩	200
⁧حاد⁩	200
⁧خوابن⁩	200
⁧درمانت⁩	200
⁧دکس⁩	200
⁧رورشاک⁩	200
⁧زنبورها⁩	200
⁧زهره⁩	200
⁧ساویر⁩	200
⁧سیمان⁩	200
⁧شرکتم⁩	200
⁧شمردم⁩	200
⁧علیرغم⁩	200
⁧غلاف⁩	200
⁧منتقلش⁩	200
⁧مهد⁩	200
⁧نذاشتن⁩	200
⁧وضعشه⁩	200
⁧پرایم⁩	200
⁧پرستارها⁩	200
⁧پلیدی⁩	200
⁧پیدایش⁩	200
⁧چویی⁩	200
⁧ژاکتت⁩	200
⁧کروگر⁩	200
⁧کولر⁩	200
⁧گرفتنه⁩	200
⁧آمبرلا⁩	199
⁧ابزاری⁩	199
⁧اعصابش⁩	199
⁧اوپس⁩	199
⁧بابامو⁩	199
⁧بازگو⁩	199
⁧باشکوهه⁩	199
⁧بعدش؟⁩	199
⁧تریبیون⁩	199
⁧تریش⁩	199
⁧تیت⁩	199
⁧حرفشون⁩	199
⁧خرخره⁩	199
⁧دراماتیک⁩	199
⁧دروگو⁩	199
⁧دستگیرشون⁩	199
⁧دوستانمون⁩	199
⁧دیپ⁩	199
⁧زمانبندی⁩	199
⁧قلمبه⁩	199
⁧قو⁩	199
⁧محافظین⁩	199
⁧ملخ⁩	199
⁧میگرفتن⁩	199
⁧نافرمانی⁩	199
⁧نبضش⁩	199
⁧نخوابیدی⁩	199
⁧نرین⁩	199
⁧هواشو⁩	199
⁧کردمش⁩	199
⁧گنگ⁩	199
⁧اسلحت⁩	198
⁧اقایه⁩	198
⁧اونقدرام⁩	198
⁧بازیچه⁩	198
⁧بردید⁩	198
⁧بروتوس⁩	198
⁧بنویسید⁩	198
⁧بواسطه⁩	198
⁧بوداپست⁩	198
⁧تشنگی⁩	198
⁧تلو⁩	198
⁧جارد⁩	198
⁧خاکش⁩	198
⁧خوشه⁩	198
⁧خوشگلن⁩	198
⁧خوکی⁩	198
⁧راهشه⁩	198
⁧ساکنان⁩	198
⁧شباهتی⁩	198
⁧صدقه⁩	198
⁧ضربدر⁩	198
⁧عاشقته⁩	198
⁧قورتش⁩	198
⁧ماموت⁩	198
⁧محلول⁩	198
⁧مرسیا⁩	198
⁧مکه⁩	198
⁧همایش⁩	198
⁧ویپ⁩	198
⁧پریا⁩	198
⁧ژوپیتر⁩	198
⁧کردنو⁩	198
⁧آرا⁩	197
⁧آرزویی⁩	197
⁧اخلاقیات⁩	197
⁧اعتماده⁩	197
⁧اژدهاها⁩	197
⁧ایلای⁩	197
⁧برادرام⁩	197
⁧برگردوندم⁩	197
⁧بزرگن⁩	197
⁧بسوزونید⁩	197
⁧بویل⁩	197
⁧جوونا⁩	197
⁧حسابشو⁩	197
⁧حفر⁩	197
⁧خزنده⁩	197
⁧خماری⁩	197
⁧ربا⁩	197
⁧رینا⁩	197
⁧سمتم⁩	197
⁧عکسه⁩	197
⁧غلت⁩	197
⁧فواد⁩	197
⁧قهوه؟⁩	197
⁧محراب⁩	197
⁧مستعمره⁩	197
⁧معلول⁩	197
⁧نبند⁩	197
⁧هاری⁩	197
⁧وکیلت⁩	197
⁧وکیلش⁩	197
⁧ویرانی⁩	197
⁧پرایس⁩	197
⁧کوبی⁩	197
⁧گیدئون⁩	197
⁧آونی⁩	196
⁧ارنی⁩	196
⁧اشعار⁩	196
⁧افریقا⁩	196
⁧بتونند⁩	196
⁧بخشمت⁩	196
⁧برابری⁩	196
⁧برادرای⁩	196
⁧بعدها⁩	196
⁧بینگلی⁩	196
⁧خفهشو⁩	196
⁧درشت⁩	196
⁧درمانده⁩	196
⁧دوسشون⁩	196
⁧رویس⁩	196
⁧شاشی⁩	196
⁧شبت⁩	196
⁧شناساییش⁩	196
⁧شهید⁩	196
⁧عراقی⁩	196
⁧فقرات⁩	196
⁧مشهوری⁩	196
⁧معادل⁩	196
⁧مقرر⁩	196
⁧میکنین؟⁩	196
⁧میگردین⁩	196
⁧هواپیماست⁩	196
⁧ونگ⁩	196
⁧وون⁩	196
⁧کرافورد⁩	196
⁧کنستانتین⁩	196
⁧کنندس⁩	196
⁧گرانش⁩	196
⁧آدمیزاد⁩	195
⁧آلان⁩	195
⁧آندریا⁩	195
⁧آنسوی⁩	195
⁧احتیاطی⁩	195
⁧ادل⁩	195
⁧انحصاری⁩	195
⁧اومدنم⁩	195
⁧برادریم⁩	195
⁧بورد⁩	195
⁧بکشونه⁩	195
⁧بیلیون⁩	195
⁧تانکر⁩	195
⁧حقشه⁩	195
⁧خوندمش⁩	195
⁧دادنت⁩	195
⁧سیاهپوست⁩	195
⁧لعنتیش⁩	195
⁧مسالا⁩	195
⁧میخورین⁩	195
⁧میداشت⁩	195
⁧میزند⁩	195
⁧نشئه⁩	195
⁧هایدی⁩	195
⁧هلگا⁩	195
⁧وبا⁩	195
⁧وسعت⁩	195
⁧پدرسگ⁩	195
⁧چم⁩	195
⁧ژنو⁩	195
⁧کریم⁩	195
⁧گردونین⁩	195
⁧گروهم⁩	195
⁧یاروئه⁩	195
⁧آبله⁩	194
⁧آملیا⁩	194
⁧آندروود⁩	194
⁧آنچنان⁩	194
⁧آچار⁩	194
⁧انسانم⁩	194
⁧ایفل⁩	194
⁧باوره⁩	194
⁧باورکردنی⁩	194
⁧جزر⁩	194
⁧جستجوگر⁩	194
⁧حضورتون⁩	194
⁧خش⁩	194
⁧رازها⁩	194
⁧ریلی⁩	194
⁧سابقا⁩	194
⁧سرجاشه⁩	194
⁧ششصد⁩	194
⁧شهرک⁩	194
⁧طالع⁩	194
⁧فسیل⁩	194
⁧قضا⁩	194
⁧قیامت⁩	194
⁧محکومیت⁩	194
⁧مطمئنن⁩	194
⁧نامی⁩	194
⁧نانا⁩	194
⁧نبودید⁩	194
⁧هاد⁩	194
⁧پاهاتون⁩	194
⁧پوسیده⁩	194
⁧چلسی⁩	194
⁧کالب⁩	194
⁧کوئینتوس⁩	194
⁧کولاک⁩	194
⁧گرگور⁩	194
⁧آبم⁩	193
⁧آدمات⁩	193
⁧ارتکاب⁩	193
⁧استایلز⁩	193
⁧اسپاگتی⁩	193
⁧اسکل⁩	193
⁧اشتباهیه⁩	193
⁧بریدم⁩	193
⁧بیگانگان⁩	193
⁧تاکتیک⁩	193
⁧ترفند⁩	193
⁧تشدید⁩	193
⁧تولدته⁩	193
⁧جرعه⁩	193
⁧حرفاتون⁩	193
⁧داربی⁩	193
⁧داغونی⁩	193
⁧دانست⁩	193
⁧دستهام⁩	193
⁧دلواپس⁩	193
⁧دیدیمش⁩	193
⁧ذاریم⁩	193
⁧سه،⁩	193
⁧شمشیرش⁩	193
⁧فال⁩	193
⁧قلبشو⁩	193
⁧متروپلیس⁩	193
⁧مته⁩	193
⁧موتورهای⁩	193
⁧میخواهند⁩	193
⁧میدانم⁩	193
⁧میرقصی⁩	193
⁧میلرزه⁩	193
⁧پرستون⁩	193
⁧چوبه⁩	193
⁧کاپا⁩	193
⁧کراک⁩	193
⁧کریشنای⁩	193
⁧کک⁩	193
⁧گزارشت⁩	193
⁧گلگر⁩	193
⁧گمشید⁩	193
⁧گی؟⁩	193
⁧آسا⁩	192
⁧آهنگر⁩	192
⁧آیوی⁩	192
⁧اهرام⁩	192
⁧برو،برو،برو⁩	192
⁧بمیرید⁩	192
⁧بیفتن⁩	192
⁧ترقه⁩	192
⁧خلاق⁩	192
⁧رفتارهای⁩	192
⁧روزن⁩	192
⁧سرازیر⁩	192
⁧سرتم⁩	192
⁧عابد⁩	192
⁧غفلت⁩	192
⁧فضاپیمای⁩	192
⁧قبولت⁩	192
⁧لوسیندا⁩	192
⁧میجر⁩	192
⁧نفرمون⁩	192
⁧نیجریه⁩	192
⁧ویلکس⁩	192
⁧پاپس⁩	192
⁧پدرشه⁩	192
⁧پذیرفتن⁩	192
⁧کندو⁩	192
⁧گردو⁩	192
⁧ادواردو⁩	191
⁧امدی⁩	191
⁧اونوقته⁩	191
⁧بسپرش⁩	191
⁧بندازشون⁩	191
⁧تحمله⁩	191
⁧تشنمه⁩	191
⁧تقسیمش⁩	191
⁧تقصیره⁩	191
⁧حسودیت⁩	191
⁧خاویار⁩	191
⁧خونن⁩	191
⁧درم⁩	191
⁧دقیقی⁩	191
⁧راضیش⁩	191
⁧سامرز⁩	191
⁧سورپریز⁩	191
⁧شبهای⁩	191
⁧ظاهرت⁩	191
⁧غذاست⁩	191
⁧متفکر⁩	191
⁧مجرای⁩	191
⁧میفروشم⁩	191
⁧نمیخوامش⁩	191
⁧نمیگیرن⁩	191
⁧نکنند⁩	191
⁧واژن⁩	191
⁧ویرانگر⁩	191
⁧کوالسکی⁩	191
⁧کوانتومی⁩	191
⁧گاربر⁩	191
⁧گاوه⁩	191
⁧گردید⁩	191
⁧گریوز⁩	191
⁧گفته؟⁩	191
⁧آمادگیش⁩	190
⁧آویزونش⁩	190
⁧ابداع⁩	190
⁧ادیسون⁩	190
⁧استف⁩	190
⁧اسنارت⁩	190
⁧الکساندرا⁩	190
⁧امتیازی⁩	190
⁧امشبه⁩	190
⁧اینکارت⁩	190
⁧ببازم⁩	190
⁧بمیرین⁩	190
⁧تایم⁩	190
⁧حرکتت⁩	190
⁧حضورش⁩	190
⁧خاور⁩	190
⁧خوایی⁩	190
⁧خیاط⁩	190
⁧داریوش⁩	190
⁧دستاتونو⁩	190
⁧دستیابی⁩	190
⁧دلسرد⁩	190
⁧سرشه⁩	190
⁧سوری⁩	190
⁧شنونده⁩	190
⁧شوهرمه⁩	190
⁧لیونل⁩	190
⁧مارتل⁩	190
⁧مسافرتی⁩	190
⁧معدود⁩	190
⁧معماری⁩	190
⁧میشناخت⁩	190
⁧نگرد⁩	190
⁧هریت⁩	190
⁧وارگاس⁩	190
⁧پیشته⁩	190
⁧کارواش⁩	190
⁧کمیسر⁩	190
⁧آبا⁩	189
⁧اختیارات⁩	189
⁧اسحله⁩	189
⁧افتم⁩	189
⁧اولگ⁩	189
⁧ببرمتون⁩	189
⁧ببوسه⁩	189
⁧ببینمتون⁩	189
⁧براونینگ⁩	189
⁧بفهمونم⁩	189
⁧بفهمین⁩	189
⁧بول⁩	189
⁧بکشیدشون⁩	189
⁧بیلیش⁩	189
⁧تفنگی⁩	189
⁧جونزی⁩	189
⁧حالام⁩	189
⁧دارا⁩	189
⁧دانشجویی⁩	189
⁧دسیسه⁩	189
⁧دوستیمون⁩	189
⁧دیسکو⁩	189
⁧ذهنمون⁩	189
⁧شاهی⁩	189
⁧شناسمت⁩	189
⁧عشقبازی⁩	189
⁧لهش⁩	189
⁧مؤسسه⁩	189
⁧ماشا⁩	189
⁧متفرق⁩	189
⁧مزایای⁩	189
⁧معاش⁩	189
⁧موثره⁩	189
⁧موعد⁩	189
⁧میداشتم⁩	189
⁧میرقصم⁩	189
⁧میپوشم⁩	189
⁧نمیکردیم⁩	189
⁧هایشان⁩	189
⁧هوشی⁩	189
⁧واق⁩	189
⁧ولیعهد⁩	189
⁧پیچیدگی⁩	189
⁧کاج⁩	189
⁧گانیکوس⁩	189
⁧گیرمش⁩	189
⁧آش⁩	188
⁧آمرزش⁩	188
⁧امدید⁩	188
⁧ببخشد⁩	188
⁧برعکسش⁩	188
⁧برمش⁩	188
⁧بپذیرم⁩	188
⁧ترسویی⁩	188
⁧تعقیبشون⁩	188
⁧تلفنه⁩	188
⁧تنهاتون⁩	188
⁧جنگو⁩	188
⁧خشایار⁩	188
⁧خلقت⁩	188
⁧خودخواهانه⁩	188
⁧درازتر⁩	188
⁧دوستا⁩	188
⁧ذهنشون⁩	188
⁧رومان⁩	188
⁧سالمون⁩	188
⁧ساکسون⁩	188
⁧سفیدبرفی⁩	188
⁧سنسور⁩	188
⁧سوپرمارکت⁩	188
⁧عروسیم⁩	188
⁧عمرشون⁩	188
⁧قبلیه⁩	188
⁧قحطی⁩	188
⁧لارن⁩	188
⁧لفتش⁩	188
⁧لوسین⁩	188
⁧موعود⁩	188
⁧میانبر⁩	188
⁧میگذارم⁩	188
⁧نازل⁩	188
⁧نمیدونی؟⁩	188
⁧نکشم⁩	188
⁧نیوفتاد⁩	188
⁧هردوتامون⁩	188
⁧پائولو⁩	188
⁧پاستا⁩	188
⁧پدرشو⁩	188
⁧چشاش⁩	188
⁧چیزینیست⁩	188
⁧گذاشتیش⁩	188
⁧گریسی⁩	188
⁧آرمسترانگ⁩	187
⁧آشیل⁩	187
⁧آموزشگاه⁩	187
⁧آوردی؟⁩	187
⁧استرداد⁩	187
⁧الیزه⁩	187
⁧اینگار⁩	187
⁧باجرنگی⁩	187
⁧ببرنش⁩	187
⁧بخرین⁩	187
⁧بدویین⁩	187
⁧برسونین⁩	187
⁧بزنیش⁩	187
⁧جغرافیایی⁩	187
⁧خریدمش⁩	187
⁧دهنتون⁩	187
⁧روحان⁩	187
⁧روزالی⁩	187
⁧سربه⁩	187
⁧سرینا⁩	187
⁧سوزش⁩	187
⁧عروسیت⁩	187
⁧عشقو⁩	187
⁧فضول⁩	187
⁧قرآن⁩	187
⁧لایت⁩	187
⁧مادرقحبه⁩	187
⁧مامانمه⁩	187
⁧مصون⁩	187
⁧مفهومه؟⁩	187
⁧مناسبیه⁩	187
⁧منفور⁩	187
⁧منچستر⁩	187
⁧میدمش⁩	187
⁧میدونستید⁩	187
⁧میگویند⁩	187
⁧ناراحتش⁩	187
⁧نامرد⁩	187
⁧نظرمو⁩	187
⁧پاکستانی⁩	187
⁧پسرجون⁩	187
⁧پولشویی⁩	187
⁧کارماین⁩	187
⁧کانچا⁩	187
⁧آزارم⁩	186
⁧آلو⁩	186
⁧اردوی⁩	186
⁧اسکالی⁩	186
⁧اورست⁩	186
⁧بارانی⁩	186
⁧ببندینش⁩	186
⁧برادرا⁩	186
⁧براین⁩	186
⁧بهادار⁩	186
⁧توء⁩	186
⁧توم⁩	186
⁧جائیه⁩	186
⁧جلف⁩	186
⁧خوشگلیه⁩	186
⁧رغم⁩	186
⁧ساختنش⁩	186
⁧ساق⁩	186
⁧سرعتم⁩	186
⁧سفته⁩	186
⁧عقربه⁩	186
⁧غذاتون⁩	186
⁧مرحمت⁩	186
⁧مردنی⁩	186
⁧مطب⁩	186
⁧نروژ⁩	186
⁧نشنال⁩	186
⁧نشونی⁩	186
⁧نمیمیره⁩	186
⁧نه،نه،نه،نه⁩	186
⁧هرمن⁩	186
⁧همینطوریه⁩	186
⁧پاورز⁩	186
⁧کاپ⁩	186
⁧کشورتون⁩	186
⁧کنسول⁩	186
⁧کیمی⁩	186
⁧گودو⁩	186
⁧امانیم⁩	185
⁧اینجای⁩	185
⁧ببین،من⁩	185
⁧بدبین⁩	185
⁧بدونم؟⁩	185
⁧برنگرده⁩	185
⁧بزنشون⁩	185
⁧بفرستمش⁩	185
⁧تاخت⁩	185
⁧تحقق⁩	185
⁧تشعشع⁩	185
⁧تقدیس⁩	185
⁧توپو⁩	185
⁧حقته⁩	185
⁧خشنود⁩	185
⁧خطرش⁩	185
⁧دارنل⁩	185
⁧دربارشون⁩	185
⁧دفتری⁩	185
⁧دوستایی⁩	185
⁧ذهنته⁩	185
⁧شارما⁩	185
⁧شستم⁩	185
⁧عالیم⁩	185
⁧لاله⁩	185
⁧لیانگ⁩	185
⁧لیتل⁩	185
⁧مخوف⁩	185
⁧مقدسات⁩	185
⁧مهمانان⁩	185
⁧مواقعی⁩	185
⁧مورگانا⁩	185
⁧مکنزی⁩	185
⁧میادش⁩	185
⁧مید⁩	185
⁧میذارمش⁩	185
⁧نمیمیری⁩	185
⁧همرام⁩	185
⁧وادارم⁩	185
⁧پابرجا⁩	185
⁧پاشه⁩	185
⁧پسرشون⁩	185
⁧پیچیدست⁩	185
⁧کرام⁩	185
⁧کریپتونی⁩	185
⁧کمبریج⁩	185
⁧گذاره⁩	185
⁧آشاما⁩	184
⁧احساسیه⁩	184
⁧ازمایشگاه⁩	184
⁧انجلا⁩	184
⁧اژدر⁩	184
⁧ایندیانا⁩	184
⁧بارگیری⁩	184
⁧بازماندگان⁩	184
⁧باگز⁩	184
⁧بشینن⁩	184
⁧بوسیدی⁩	184
⁧بوگ⁩	184
⁧تالبوت⁩	184
⁧تدوین⁩	184
⁧تعبیر⁩	184
⁧جرثقیل⁩	184
⁧دلا⁩	184
⁧دهنمون⁩	184
⁧دیا⁩	184
⁧ری؟⁩	184
⁧سیریوس⁩	184
⁧فرناندو⁩	184
⁧قاطر⁩	184
⁧قرارگاه⁩	184
⁧ماهرانه⁩	184
⁧مجزا⁩	184
⁧مشغله⁩	184
⁧ملنی⁩	184
⁧ورث⁩	184
⁧وکلا⁩	184
⁧ویلای⁩	184
⁧کبرا⁩	184
⁧یاران⁩	184
⁧اسنودن⁩	183
⁧انبوه⁩	183
⁧برنزه⁩	183
⁧برگشتند⁩	183
⁧بکر⁩	183
⁧بینند⁩	183
⁧تابه⁩	183
⁧تعقیبمون⁩	183
⁧تمایلی⁩	183
⁧جاسوسه⁩	183
⁧حفظت⁩	183
⁧خفا⁩	183
⁧خیسه⁩	183
⁧دلبر⁩	183
⁧دوساعت⁩	183
⁧رفاقت⁩	183
⁧غافل⁩	183
⁧مالفوی⁩	183
⁧محول⁩	183
⁧مسیرهای⁩	183
⁧موقعه⁩	183
⁧میده؟⁩	183
⁧میهمان⁩	183
⁧همسرم⁩	183
⁧پوششی⁩	183
⁧چاقی⁩	183
⁧کلو⁩	183
⁧کنان⁩	183
⁧گرانبها⁩	183
⁧اردن⁩	182
⁧افتی⁩	182
⁧اوناهاشن⁩	182
⁧بترسونمت⁩	182
⁧برونه⁩	182
⁧بزرگترم⁩	182
⁧تروخدا⁩	182
⁧تکشون⁩	182
⁧جاتو⁩	182
⁧جارویس⁩	182
⁧حاضرم⁩	182
⁧دفه⁩	182
⁧دوید⁩	182
⁧دیدمتون⁩	182
⁧دیگم⁩	182
⁧روانه⁩	182
⁧روزو⁩	182
⁧روهم⁩	182
⁧زندگیمه⁩	182
⁧سرایدار⁩	182
⁧سوئدی⁩	182
⁧سوزانده⁩	182
⁧سیمونز⁩	182
⁧سیوا⁩	182
⁧شخصیش⁩	182
⁧طبلها⁩	182
⁧قصابی⁩	182
⁧قلبتو⁩	182
⁧لئونادوس⁩	182
⁧لاف⁩	182
⁧ماشینتو⁩	182
⁧مزخرفاتی⁩	182
⁧موقعیتتون⁩	182
⁧میبایست⁩	182
⁧میشدند⁩	182
⁧میگذرونی⁩	182
⁧ناتنی⁩	182
⁧نظیری⁩	182
⁧نماز⁩	182
⁧نمیارن⁩	182
⁧نمیبرم⁩	182
⁧هنریک⁩	182
⁧هولی⁩	182
⁧وردار⁩	182
⁧پرستاره⁩	182
⁧پوینت⁩	182
⁧چه؟⁩	182
⁧کفتار⁩	182
⁧کیتون⁩	182
⁧یقین⁩	182
⁧آمریکاییه⁩	181
⁧اسلامی⁩	181
⁧اسپرسو⁩	181
⁧اشتباهم⁩	181
⁧اولدمن⁩	181
⁧اینکاره⁩	181
⁧باو⁩	181
⁧برنگردم⁩	181
⁧بشناسمش⁩	181
⁧بنوشید⁩	181
⁧بیسکویت⁩	181
⁧ترست⁩	181
⁧جنگیه⁩	181
⁧حرفمون⁩	181
⁧خلاصش⁩	181
⁧ردگیری⁩	181
⁧روشهای⁩	181
⁧شبم⁩	181
⁧شکنه⁩	181
⁧فرینگ⁩	181
⁧قطر⁩	181
⁧لینگ⁩	181
⁧مامانمو⁩	181
⁧ماهره⁩	181
⁧مایلو⁩	181
⁧میکروفن⁩	181
⁧نامزدش⁩	181
⁧نبردم⁩	181
⁧هرکدومشون⁩	181
⁧هیپ⁩	181
⁧پستال⁩	181
⁧پیترسون⁩	181
⁧کودتا⁩	181
⁧کیست⁩	181
⁧کیفش⁩	181
⁧گاله⁩	181
⁧گروههای⁩	181
⁧گلر⁩	181
⁧آرش⁩	180
⁧آزمایشش⁩	180
⁧ارضاء⁩	180
⁧افته؟⁩	180
⁧بذا⁩	180
⁧برنمیگردی⁩	180
⁧بقدر⁩	180
⁧بمبه⁩	180
⁧بپرید⁩	180
⁧بپوشید⁩	180
⁧جشنی⁩	180
⁧دال⁩	180
⁧دوشس⁩	180
⁧سرمه⁩	180
⁧سفرهای⁩	180
⁧سمته⁩	180
⁧شانسیم⁩	180
⁧شولتز⁩	180
⁧فلاکت⁩	180
⁧فواره⁩	180
⁧قرضش⁩	180
⁧لعنتیا⁩	180
⁧ماهها⁩	180
⁧نجاتتون⁩	180
⁧نفرم⁩	180
⁧نمودار⁩	180
⁧هندرسون⁩	180
⁧هویتش⁩	180
⁧وجد⁩	180
⁧پالس⁩	180
⁧چکه⁩	180
⁧گریت⁩	180
⁧ابوت⁩	179
⁧اربابم⁩	179
⁧استارسیتی⁩	179
⁧استقامت⁩	179
⁧اهن⁩	179
⁧اوباما⁩	179
⁧برایس⁩	179
⁧برخوردیم⁩	179
⁧بوسیدم⁩	179
⁧بکشتش⁩	179
⁧تخلف⁩	179
⁧تندرو⁩	179
⁧تنی⁩	179
⁧توپه⁩	179
⁧تکزاس⁩	179
⁧جائیکه⁩	179
⁧خسارات⁩	179
⁧درعوض⁩	179
⁧درگیرش⁩	179
⁧دیدنی⁩	179
⁧زدنم⁩	179
⁧سئوالی⁩	179
⁧ساختمونی⁩	179
⁧سروقت⁩	179
⁧شلخته⁩	179
⁧علنی⁩	179
⁧قل⁩	179
⁧مایلید⁩	179
⁧مقدسی⁩	179
⁧میفروشی⁩	179
⁧میگشتیم⁩	179
⁧ناکجاآباد⁩	179
⁧ناگوار⁩	179
⁧نفهمیده⁩	179
⁧نیگاش⁩	179
⁧همراهته⁩	179
⁧وحشیه⁩	179
⁧وراجی⁩	179
⁧پروردگارا⁩	179
⁧پیله⁩	179
⁧چیم⁩	179
⁧کردنش⁩	179
⁧کفشای⁩	179
⁧گانیکاس⁩	179
⁧گروهه⁩	179
⁧آلیشا⁩	178
⁧آپتیموس⁩	178
⁧اسپرینگ⁩	178
⁧اطلاعاتت⁩	178
⁧ایروینگ⁩	178
⁧بحثش⁩	178
⁧بقای⁩	178
⁧بقتل⁩	178
⁧بنیان⁩	178
⁧بیداد⁩	178
⁧تمومی⁩	178
⁧تنهایی؟⁩	178
⁧جانم؟⁩	178
⁧جگر⁩	178
⁧حرفامون⁩	178
⁧درحقیقت⁩	178
⁧دشمنه⁩	178
⁧دهنمو⁩	178
⁧دکترای⁩	178
⁧دیلین⁩	178
⁧رابرتز⁩	178
⁧زوال⁩	178
⁧ظاهری⁩	178
⁧غذاتو⁩	178
⁧فاقد⁩	178
⁧لازمم⁩	178
⁧متیوس⁩	178
⁧مداربسته⁩	178
⁧میبخشید⁩	178
⁧میرفته⁩	178
⁧میرود⁩	178
⁧ناین⁩	178
⁧نمیشنوه⁩	178
⁧نمیفهمن⁩	178
⁧نیستی؟⁩	178
⁧واشینگتن⁩	178
⁧ویزا⁩	178
⁧پابرجاست⁩	178
⁧پروازی⁩	178
⁧پکن⁩	178
⁧چهاردهم⁩	178
⁧کار؟⁩	178
⁧کرور⁩	178
⁧کومار⁩	178
⁧آسونتره⁩	177
⁧استثناء⁩	177
⁧افشای⁩	177
⁧انچه⁩	177
⁧اونطرفه⁩	177
⁧ایستم⁩	177
⁧بالی⁩	177
⁧بدوین⁩	177
⁧براک⁩	177
⁧بریگز⁩	177
⁧بسرعت⁩	177
⁧بلیز⁩	177
⁧بپرین⁩	177
⁧بگی؟⁩	177
⁧ترسونده⁩	177
⁧تیپه⁩	177
⁧جراتش⁩	177
⁧حاکی⁩	177
⁧حضانت⁩	177
⁧خصوصیت⁩	177
⁧خمپاره⁩	177
⁧خوشمزست⁩	177
⁧دستوراتم⁩	177
⁧دنیاها⁩	177
⁧رازش⁩	177
⁧روبرتو⁩	177
⁧زیپ⁩	177
⁧سوییچ⁩	177
⁧سیزدهم⁩	177
⁧صید⁩	177
⁧علایم⁩	177
⁧فارق⁩	177
⁧فای⁩	177
⁧ماجرایی⁩	177
⁧ماهرم⁩	177
⁧میخوردیم⁩	177
⁧میوفتم⁩	177
⁧نادون⁩	177
⁧نایب⁩	177
⁧نظرمون⁩	177
⁧همممم⁩	177
⁧هندوستانی⁩	177
⁧وولف⁩	177
⁧پررو⁩	177
⁧گمانم⁩	177
⁧گوریل⁩	177
⁧گید⁩	177
⁧آرورا⁩	176
⁧افکن⁩	176
⁧اقدامی⁩	176
⁧امیدت⁩	176
⁧اوبی⁩	176
⁧باوجود⁩	176
⁧ببازه⁩	176
⁧بربیایم⁩	176
⁧بریزید⁩	176
⁧بعضیها⁩	176
⁧بگ⁩	176
⁧تا؟⁩	176
⁧تتو⁩	176
⁧تصوری⁩	176
⁧جامع⁩	176
⁧جین؟⁩	176
⁧دریاییه⁩	176
⁧دینو⁩	176
⁧رالی⁩	176
⁧شاهانه⁩	176
⁧شخصیم⁩	176
⁧صمیمانه⁩	176
⁧ظرافت⁩	176
⁧لیک⁩	176
⁧مخصوصی⁩	176
⁧مرغی⁩	176
⁧مغزشون⁩	176
⁧مورتون⁩	176
⁧مورگن⁩	176
⁧میرسند⁩	176
⁧میزنمت⁩	176
⁧میمردم⁩	176
⁧ناتان⁩	176
⁧ناچار⁩	176
⁧نوارها⁩	176
⁧نوبی⁩	176
⁧هیوگو⁩	176
⁧والهالا⁩	176
⁧کاکرو⁩	176
⁧کسیدی⁩	176
⁧گلدن⁩	176
⁧یکنفر⁩	176
⁧آبدار⁩	175
⁧آدماش⁩	175
⁧آرنج⁩	175
⁧آسودگی⁩	175
⁧آشامها⁩	175
⁧آنجی⁩	175
⁧اتلستن⁩	175
⁧ادام⁩	175
⁧استوری⁩	175
⁧السلطنه⁩	175
⁧امتحانات⁩	175
⁧امیدم⁩	175
⁧اوکلند⁩	175
⁧بخرید⁩	175
⁧بورگ⁩	175
⁧تابع⁩	175
⁧توروک⁩	175
⁧خبرنگارا⁩	175
⁧خبرهایی⁩	175
⁧خردمند⁩	175
⁧داروخانه⁩	175
⁧داروهات⁩	175
⁧دریاها⁩	175
⁧رامال⁩	175
⁧رج⁩	175
⁧ریبن⁩	175
⁧سازیم⁩	175
⁧شاهدش⁩	175
⁧شستشوی⁩	175
⁧عصبیه⁩	175
⁧قدرتمندتر⁩	175
⁧لطفت⁩	175
⁧مزش⁩	175
⁧مورفیس⁩	175
⁧میفتم⁩	175
⁧نظمی⁩	175
⁧نواخته⁩	175
⁧نیگان⁩	175
⁧هرسال⁩	175
⁧هندو⁩	175
⁧پروازت⁩	175
⁧کشوی⁩	175
⁧کلیدهای⁩	175
⁧کوپ⁩	175
⁧گاردن⁩	175
⁧گیتس⁩	175
⁧آناتولی⁩	174
⁧استادم⁩	174
⁧اسپانسر⁩	174
⁧اسکنر⁩	174
⁧امرار⁩	174
⁧بامزست⁩	174
⁧بفرمائین⁩	174
⁧بچت⁩	174
⁧بکنمش⁩	174
⁧تامسون⁩	174
⁧تایتوس⁩	174
⁧تردستون⁩	174
⁧تفنگش⁩	174
⁧تماشایی⁩	174
⁧تواضع⁩	174
⁧حکمت⁩	174
⁧خلوص⁩	174
⁧خواهرته⁩	174
⁧داران⁩	174
⁧دستاشو⁩	174
⁧زناشویی⁩	174
⁧شتم⁩	174
⁧شونزده⁩	174
⁧غلطا⁩	174
⁧لباسو⁩	174
⁧لش⁩	174
⁧منظورتو⁩	174
⁧نیاره⁩	174
⁧ورش⁩	174
⁧وسایلی⁩	174
⁧وضعیه⁩	174
⁧ویجو⁩	174
⁧پافشاری⁩	174
⁧پریود⁩	174
⁧پسورد⁩	174
⁧پنچر⁩	174
⁧پیغامت⁩	174
⁧کلمبیایی⁩	174
⁧آریوس⁩	173
⁧اتاقو⁩	173
⁧اجسام⁩	173
⁧اسلید⁩	173
⁧افتخارات⁩	173
⁧اکه⁩	173
⁧ایدث⁩	173
⁧برقراره⁩	173
⁧برنگشتن⁩	173
⁧بسوزونش⁩	173
⁧تحقیقاتم⁩	173
⁧جینگ⁩	173
⁧خادم⁩	173
⁧خانوادتون⁩	173
⁧خوناشام⁩	173
⁧دبستان⁩	173
⁧دزدیدیم⁩	173
⁧دمش⁩	173
⁧دوختن⁩	173
⁧دیپلماتیک⁩	173
⁧رفتن؟⁩	173
⁧سورا⁩	173
⁧شوهره⁩	173
⁧طاووس⁩	173
⁧عمیقه⁩	173
⁧غرورت⁩	173
⁧غیاب⁩	173
⁧فعالش⁩	173
⁧لقش⁩	173
⁧مادون⁩	173
⁧مامورا⁩	173
⁧مطلقه⁩	173
⁧منور⁩	173
⁧نل⁩	173
⁧نه،این⁩	173
⁧نوچه⁩	173
⁧هاوانا⁩	173
⁧وداع⁩	173
⁧وضعیتت⁩	173
⁧ویراج⁩	173
⁧پذیرم⁩	173
⁧پولای⁩	173
⁧گزاری⁩	173
⁧آجیل⁩	172
⁧آمادن⁩	172
⁧استرام⁩	172
⁧امرسون⁩	172
⁧امشبو⁩	172
⁧انتحاری⁩	172
⁧انجامه⁩	172
⁧باهوبلی⁩	172
⁧برندت⁩	172
⁧بعدیم⁩	172
⁧بمانند⁩	172
⁧بمانید⁩	172
⁧بندازیش⁩	172
⁧تصاویری⁩	172
⁧تمبر⁩	172
⁧جائه⁩	172
⁧جاس⁩	172
⁧حقارت⁩	172
⁧دقیقآ⁩	172
⁧دیرت⁩	172
⁧رطوبت⁩	172
⁧سربازه⁩	172
⁧سودش⁩	172
⁧سیو⁩	172
⁧شریان⁩	172
⁧شمایید⁩	172
⁧صبحگاهی⁩	172
⁧قهرمانم⁩	172
⁧لارس⁩	172
⁧لت⁩	172
⁧مادرشو⁩	172
⁧مبهوت⁩	172
⁧مقدماتی⁩	172
⁧مهماندار⁩	172
⁧مچت⁩	172
⁧میبنده⁩	172
⁧میکشتم⁩	172
⁧هایم⁩	172
⁧هفتمین⁩	172
⁧واردی⁩	172
⁧والکر⁩	172
⁧وایستادی⁩	172
⁧وزغ⁩	172
⁧پوجا⁩	172
⁧پیروزیه⁩	172
⁧کارور⁩	172
⁧کاپلان⁩	172
⁧کفشت⁩	172
⁧کلاهم⁩	172
⁧کورتنی⁩	172
⁧گوله⁩	172
⁧آدمکشی⁩	171
⁧آمریکائی⁩	171
⁧اکثرشون⁩	171
⁧ایسلند⁩	171
⁧بانمکه⁩	171
⁧بریان⁩	171
⁧تناقض⁩	171
⁧جاد⁩	171
⁧جاهاتون⁩	171
⁧جود⁩	171
⁧دانستن⁩	171
⁧دلاور⁩	171
⁧روگ⁩	171
⁧زندس⁩	171
⁧ساعتش⁩	171
⁧شازده⁩	171
⁧صبرم⁩	171
⁧قهر⁩	171
⁧لوکس⁩	171
⁧مادرت⁩	171
⁧میبندیم⁩	171
⁧میزت⁩	171
⁧میگیرد⁩	171
⁧نمیرید⁩	171
⁧هایت⁩	171
⁧همراهشون⁩	171
⁧پسر؟⁩	171
⁧پورشه⁩	171
⁧پولداری⁩	171
⁧چایا⁩	171
⁧یابد⁩	171
⁧یافتم⁩	171
⁧یدک⁩	171
⁧یکسره⁩	171
⁧آخی⁩	170
⁧آرچی⁩	170
⁧آلاباما⁩	170
⁧آورم⁩	170
⁧اتفاقای⁩	170
⁧ازاینکه⁩	170
⁧افتادند⁩	170
⁧افسرهای⁩	170
⁧امیدواره⁩	170
⁧اونس⁩	170
⁧باشمش⁩	170
⁧بالین⁩	170
⁧باورکن⁩	170
⁧بیچ⁩	170
⁧تناسب⁩	170
⁧جلوتون⁩	170
⁧جنگجوها⁩	170
⁧جوئل⁩	170
⁧خوشبو⁩	170
⁧دعاهای⁩	170
⁧دوطرفه⁩	170
⁧دیزنی⁩	170
⁧راحتش⁩	170
⁧راضیم⁩	170
⁧سارا؟⁩	170
⁧صاحبخونه⁩	170
⁧عشقمون⁩	170
⁧عکسو⁩	170
⁧غ⁩	170
⁧لادن⁩	170
⁧ماوریک⁩	170
⁧مذکر⁩	170
⁧مرل⁩	170
⁧مهمونت⁩	170
⁧میباره⁩	170
⁧میدزده⁩	170
⁧میکن⁩	170
⁧نارو⁩	170
⁧نهاد⁩	170
⁧هموار⁩	170
⁧ونزوئلا⁩	170
⁧پنل⁩	170
⁧پیداست⁩	170
⁧کمپل⁩	170
⁧کنارشون⁩	170
⁧کوهنوردی⁩	170
⁧آویز⁩	169
⁧ارزشمندی⁩	169
⁧ارنستو⁩	169
⁧اولسن⁩	169
⁧اوه؟⁩	169
⁧اپارتمان⁩	169
⁧ایجا⁩	169
⁧باتوجه⁩	169
⁧بالون⁩	169
⁧بخاطرت⁩	169
⁧بوردن⁩	169
⁧بگذاره⁩	169
⁧تشویقش⁩	169
⁧جسورانه⁩	169
⁧جنگجوهای⁩	169
⁧درن⁩	169
⁧دورمامو⁩	169
⁧دوروبر⁩	169
⁧رژ⁩	169
⁧سردار⁩	169
⁧سوالای⁩	169
⁧شانسته⁩	169
⁧شدنشون⁩	169
⁧شینی⁩	169
⁧صفا⁩	169
⁧عاشقشه⁩	169
⁧فرانکو⁩	169
⁧قاطع⁩	169
⁧لالایی⁩	169
⁧ماموریتت⁩	169
⁧متاسفام⁩	169
⁧مدفون⁩	169
⁧مشتی⁩	169
⁧مشکلتون⁩	169
⁧مشکلو⁩	169
⁧مغزه⁩	169
⁧ملبورن⁩	169
⁧منصف⁩	169
⁧نقدی⁩	169
⁧نمیگرده⁩	169
⁧نهر⁩	169
⁧نویسه⁩	169
⁧نکشش⁩	169
⁧هیدروژن⁩	169
⁧وایستی⁩	169
⁧وجدانت⁩	169
⁧پادشاهت⁩	169
⁧پایینتر⁩	169
⁧پهباد⁩	169
⁧پهپاد⁩	169
⁧پولهای⁩	169
⁧چشمهام⁩	169
⁧کرتیس⁩	169
⁧کورن⁩	169
⁧کوکایین⁩	169
⁧گریفندور⁩	169
⁧گناهانت⁩	169
⁧آخرهفته⁩	168
⁧آرامبخش⁩	168
⁧آشور⁩	168
⁧ارتشه⁩	168
⁧اوکجا⁩	168
⁧باباشون⁩	168
⁧باسنت⁩	168
⁧بپوشن⁩	168
⁧بیماریه⁩	168
⁧جزئیاتش⁩	168
⁧حسو⁩	168
⁧دستوراتی⁩	168
⁧دورافتاده⁩	168
⁧دوستون⁩	168
⁧دوهفته⁩	168
⁧راد⁩	168
⁧رجوع⁩	168
⁧رزا⁩	168
⁧رنجی⁩	168
⁧ریپ⁩	168
⁧زنین⁩	168
⁧سوزانا⁩	168
⁧شناسن⁩	168
⁧صبحت⁩	168
⁧صریح⁩	168
⁧عزیزدلم⁩	168
⁧عمودی⁩	168
⁧غالب⁩	168
⁧مارکت⁩	168
⁧متحیر⁩	168
⁧مخفیه⁩	168
⁧مسا⁩	168
⁧مستاجر⁩	168
⁧ملایمت⁩	168
⁧میبرید⁩	168
⁧میفرستی⁩	168
⁧نخوابیده⁩	168
⁧نزاکت⁩	168
⁧نشانگر⁩	168
⁧نمیرین⁩	168
⁧نیکلاس⁩	168
⁧همسرمه⁩	168
⁧واندا⁩	168
⁧چینیه⁩	168
⁧کوانتوم⁩	168
⁧گون⁩	168
⁧آرامگاه⁩	167
⁧آزادیت⁩	167
⁧الفبا⁩	167
⁧بابل⁩	167
⁧بانوان⁩	167
⁧برگشتید⁩	167
⁧بریزن⁩	167
⁧بپاشه⁩	167
⁧بپردازم⁩	167
⁧تیزه⁩	167
⁧جداشون⁩	167
⁧جشنه⁩	167
⁧حاضرید⁩	167
⁧حالیته⁩	167
⁧خونوادش⁩	167
⁧دستخط⁩	167
⁧ردای⁩	167
⁧رسمیه⁩	167
⁧سنگها⁩	167
⁧صداست⁩	167
⁧عجبم⁩	167
⁧عجولانه⁩	167
⁧فاک⁩	167
⁧قتی⁩	167
⁧قلدر⁩	167
⁧لباسه⁩	167
⁧هزل⁩	167
⁧وایز⁩	167
⁧وبر⁩	167
⁧وکس⁩	167
⁧پیگرد⁩	167
⁧چشای⁩	167
⁧چوگان⁩	167
⁧چیده⁩	167
⁧کرکس⁩	167
⁧کشتیه⁩	167
⁧گرگه⁩	167
⁧یکجا⁩	167
⁧ارتباطه⁩	166
⁧استادانه⁩	166
⁧ایندیا⁩	166
⁧بارگذاری⁩	166
⁧بایستیم⁩	166
⁧بپردازه⁩	166
⁧بپیونده⁩	166
⁧بگیریدشون⁩	166
⁧بیشعور⁩	166
⁧جایگزینی⁩	166
⁧خوبا⁩	166
⁧خوشحالیه⁩	166
⁧درشکه⁩	166
⁧دعوامون⁩	166
⁧رهن⁩	166
⁧رومانوف⁩	166
⁧روپر⁩	166
⁧زنیه⁩	166
⁧ساردین⁩	166
⁧شرکته⁩	166
⁧شماس⁩	166
⁧شناختمش⁩	166
⁧عمله⁩	166
⁧عیاشی⁩	166
⁧فناناپذیر⁩	166
⁧لاندی⁩	166
⁧مادران⁩	166
⁧مستراح⁩	166
⁧مشکلیه⁩	166
⁧ملا⁩	166
⁧منظورماینهکه⁩	166
⁧مهمن⁩	166
⁧مواردی⁩	166
⁧ناپذیری⁩	166
⁧نقصی⁩	166
⁧نمیدید⁩	166
⁧نمیگیم⁩	166
⁧هایو⁩	166
⁧هوانگ⁩	166
⁧پستچی⁩	166
⁧پلکان⁩	166
⁧پیشنهادش⁩	166
⁧گذشتی⁩	166
⁧گلابی⁩	166
⁧آشکارا⁩	165
⁧ادمهای⁩	165
⁧امگا⁩	165
⁧اندیشه⁩	165
⁧اکبرت⁩	165
⁧بالن⁩	165
⁧برهم⁩	165
⁧بزرگمون⁩	165
⁧بشود⁩	165
⁧بکشنت⁩	165
⁧تجارته⁩	165
⁧تزئین⁩	165
⁧تمایلات⁩	165
⁧تمنا⁩	165
⁧جرالد⁩	165
⁧جهاد⁩	165
⁧خشکشویی⁩	165
⁧خواهرتو⁩	165
⁧خودشونه⁩	165
⁧دارما⁩	165
⁧رائول⁩	165
⁧سخاوت⁩	165
⁧سرچ⁩	165
⁧سکسه⁩	165
⁧ظبط⁩	165
⁧قریب⁩	165
⁧لباسامو⁩	165
⁧لوب⁩	165
⁧لوسیل⁩	165
⁧مختومه⁩	165
⁧مسلمه⁩	165
⁧معاهده⁩	165
⁧میپرم⁩	165
⁧ناراضی⁩	165
⁧نخوردن⁩	165
⁧نقشم⁩	165
⁧نقصه⁩	165
⁧هرشل⁩	165
⁧همینکار⁩	165
⁧وکیله⁩	165
⁧چیف⁩	165
⁧کاتر⁩	165
⁧کیا؟⁩	165
⁧آخرم⁩	164
⁧ابجو⁩	164
⁧اسلیتر⁩	164
⁧افتخارم⁩	164
⁧اودسا⁩	164
⁧اولیا⁩	164
⁧باکلاس⁩	164
⁧ببخشیدا⁩	164
⁧بخوریش⁩	164
⁧بدری⁩	164
⁧براد⁩	164
⁧بنتون⁩	164
⁧بهترن⁩	164
⁧ترشی⁩	164
⁧جنسیس⁩	164
⁧جوابشون⁩	164
⁧حرفهاش⁩	164
⁧دای⁩	164
⁧درمورده⁩	164
⁧رستم⁩	164
⁧زبونتو⁩	164
⁧سرمای⁩	164
⁧سمع⁩	164
⁧سپردم⁩	164
⁧فرضی⁩	164
⁧قطارها⁩	164
⁧لانگلی⁩	164
⁧لومن⁩	164
⁧لکتر⁩	164
⁧ماشینمو⁩	164
⁧مردود⁩	164
⁧مورمونت⁩	164
⁧موساد⁩	164
⁧میتوانم⁩	164
⁧میخوایش⁩	164
⁧میگذرونیم⁩	164
⁧نامردی⁩	164
⁧نداره؟⁩	164
⁧نیاورد⁩	164
⁧وسایلتو⁩	164
⁧پوره⁩	164
⁧چرک⁩	164
⁧کوچیکیه⁩	164
⁧گستان⁩	164
⁧آرتی⁩	163
⁧آلبانی⁩	163
⁧آمادش⁩	163
⁧ارثیه⁩	163
⁧استادت⁩	163
⁧استراق⁩	163
⁧اشیا⁩	163
⁧امام⁩	163
⁧ایستادیم⁩	163
⁧بازوم⁩	163
⁧براگا⁩	163
⁧بسوز⁩	163
⁧بفرستمت⁩	163
⁧بیروت⁩	163
⁧بیفتید⁩	163
⁧ترغیب⁩	163
⁧تسمه⁩	163
⁧حشیش⁩	163
⁧خبرنگارها⁩	163
⁧خرسی⁩	163
⁧خوردنی⁩	163
⁧دنبالش⁩	163
⁧دوج⁩	163
⁧دووین⁩	163
⁧رگهای⁩	163
⁧سرگردون⁩	163
⁧سفارشی⁩	163
⁧سلاحه⁩	163
⁧سیسیلیا⁩	163
⁧شامپو⁩	163
⁧شرشون⁩	163
⁧شوهری⁩	163
⁧عمرتون⁩	163
⁧فانتوم⁩	163
⁧قلبه⁩	163
⁧لکنت⁩	163
⁧متاثر⁩	163
⁧مزاج⁩	163
⁧منظورشون⁩	163
⁧میخورند⁩	163
⁧میشینیم⁩	163
⁧میمرد⁩	163
⁧ندادند⁩	163
⁧نصیحتت⁩	163
⁧نقشش⁩	163
⁧نکات⁩	163
⁧همتونو⁩	163
⁧پاسخی⁩	163
⁧پس؟⁩	163
⁧پسرتو⁩	163
⁧کاشت⁩	163
⁧کلاست⁩	163
⁧گرایی⁩	163
⁧آرایشگر⁩	162
⁧آمدیم⁩	162
⁧ابریشمی⁩	162
⁧اخ⁩	162
⁧ادیث⁩	162
⁧ارشان⁩	162
⁧اسلیترین⁩	162
⁧الکترا⁩	162
⁧امدم⁩	162
⁧اورلاندو⁩	162
⁧اینک⁩	162
⁧بتون⁩	162
⁧برندار⁩	162
⁧بزرگا⁩	162
⁧بندازمت⁩	162
⁧بنویسن⁩	162
⁧بیماریش⁩	162
⁧تفتیش⁩	162
⁧جب⁩	162
⁧جسور⁩	162
⁧حمال⁩	162
⁧خصومت⁩	162
⁧خورند⁩	162
⁧داغونت⁩	162
⁧دخترشون⁩	162
⁧دخمه⁩	162
⁧درصدی⁩	162
⁧دلخواه⁩	162
⁧رایج⁩	162
⁧رزالی⁩	162
⁧رونق⁩	162
⁧سنگدل⁩	162
⁧شانتی⁩	162
⁧شعری⁩	162
⁧شناسین⁩	162
⁧طالبان⁩	162
⁧عارضه⁩	162
⁧غرغر⁩	162
⁧ماهیه⁩	162
⁧محفوظ⁩	162
⁧مرغه⁩	162
⁧مسوول⁩	162
⁧مطمعن⁩	162
⁧من،⁩	162
⁧مهرا⁩	162
⁧مچم⁩	162
⁧میذارین⁩	162
⁧نداشتید⁩	162
⁧نپر⁩	162
⁧هومم⁩	162
⁧وادارت⁩	162
⁧وضعمون⁩	162
⁧پانسمان⁩	162
⁧چرته⁩	162
⁧کلارنس⁩	162
⁧کلن⁩	162
⁧گزارشش⁩	162
⁧آسپرین⁩	161
⁧آنه⁩	161
⁧اینهم⁩	161
⁧بازاریابی⁩	161
⁧بسر⁩	161
⁧بلبل⁩	161
⁧بیافتین⁩	161
⁧بیاورید⁩	161
⁧بیماره⁩	161
⁧بیمارهای⁩	161
⁧بینهایت⁩	161
⁧تاییدش⁩	161
⁧تراکیایی⁩	161
⁧جیگساو⁩	161
⁧حرفاشو⁩	161
⁧خدمتی⁩	161
⁧دات⁩	161
⁧دانند⁩	161
⁧داونتون⁩	161
⁧دخلشون⁩	161
⁧دستهاش⁩	161
⁧دوسم⁩	161
⁧دول⁩	161
⁧رژیمی⁩	161
⁧زورت⁩	161
⁧سانتینو⁩	161
⁧سرکه⁩	161
⁧شعره⁩	161
⁧صفره⁩	161
⁧فرستن⁩	161
⁧فروتن⁩	161
⁧فیلمها⁩	161
⁧لباسمو⁩	161
⁧لیسی⁩	161
⁧ماک⁩	161
⁧میروند⁩	161
⁧میلیونی⁩	161
⁧میگرن⁩	161
⁧نمردن⁩	161
⁧هاییه⁩	161
⁧وبلاگ⁩	161
⁧ورژن⁩	161
⁧وستون⁩	161
⁧پاتیل⁩	161
⁧پرداختش⁩	161
⁧چله⁩	161
⁧کاباره⁩	161
⁧کارگردانی⁩	161
⁧کتابای⁩	161
⁧کلیدش⁩	161
⁧کنتس⁩	161
⁧گریر⁩	161
⁧گیبز⁩	161
⁧ید⁩	161
⁧آشغالها⁩	160
⁧آناستازیا⁩	160
⁧اسپکلس⁩	160
⁧بارب⁩	160
⁧بازپرسی⁩	160
⁧بترسیم⁩	160
⁧بلغور⁩	160
⁧بنال⁩	160
⁧بندازیمش⁩	160
⁧بچرخونم⁩	160
⁧جملات⁩	160
⁧حالیش⁩	160
⁧حیوونای⁩	160
⁧درنتیجه⁩	160
⁧رانچو⁩	160
⁧روبان⁩	160
⁧رویال⁩	160
⁧سهمی⁩	160
⁧صافه⁩	160
⁧فرصتشو⁩	160
⁧فکره⁩	160
⁧قدت⁩	160
⁧ماشینهای⁩	160
⁧مرمر⁩	160
⁧نست⁩	160
⁧نشناختم⁩	160
⁧نعشه⁩	160
⁧نگرش⁩	160
⁧نیروهامون⁩	160
⁧نیست،⁩	160
⁧هتله⁩	160
⁧هدفتون⁩	160
⁧وااو⁩	160
⁧وبعد⁩	160
⁧ولد⁩	160
⁧پاتوق⁩	160
⁧پادو⁩	160
⁧چتون⁩	160
⁧چیزاست⁩	160
⁧کدومو⁩	160
⁧کفشات⁩	160
⁧گیرتون⁩	160
⁧یکیشونو⁩	160
⁧آدمم⁩	159
⁧آز⁩	159
⁧آورند⁩	159
⁧ارام⁩	159
⁧اسپارت⁩	159
⁧املی⁩	159
⁧انتظارات⁩	159
⁧اینچنین⁩	159
⁧بابات⁩	159
⁧باردارم⁩	159
⁧بجنب،⁩	159
⁧برخوردار⁩	159
⁧بزغاله⁩	159
⁧بفرستشون⁩	159
⁧بمال⁩	159
⁧بپوشین⁩	159
⁧بکنم؟⁩	159
⁧تابستانی⁩	159
⁧تج⁩	159
⁧تریلر⁩	159
⁧جاخالی⁩	159
⁧حرفارو⁩	159
⁧خدمتت⁩	159
⁧خشمت⁩	159
⁧دزدهای⁩	159
⁧ریور⁩	159
⁧زیرشیروونی⁩	159
⁧سردم⁩	159
⁧سنم⁩	159
⁧سوالا⁩	159
⁧سونا⁩	159
⁧فانگ⁩	159
⁧فروتنی⁩	159
⁧قابلت⁩	159
⁧قطاره⁩	159
⁧لبریز⁩	159
⁧لوثر⁩	159
⁧مامانتو⁩	159
⁧متال⁩	159
⁧معلمم⁩	159
⁧مونده؟⁩	159
⁧میگردونه⁩	159
⁧نخاعی⁩	159
⁧نکشیدم⁩	159
⁧پرینت⁩	159
⁧ژانگ⁩	159
⁧ژتون⁩	159
⁧آجای⁩	158
⁧آمون⁩	158
⁧آویزونه⁩	158
⁧استعدادهای⁩	158
⁧استیونز⁩	158
⁧اعصابمو⁩	158
⁧اورانیوم⁩	158
⁧اینباره⁩	158
⁧بتن⁩	158
⁧برادوی⁩	158
⁧برانت⁩	158
⁧بسپارش⁩	158
⁧بقل⁩	158
⁧بوبو⁩	158
⁧بوسش⁩	158
⁧تذکر⁩	158
⁧تعجبم⁩	158
⁧تلخی⁩	158
⁧جوادی⁩	158
⁧خز⁩	158
⁧دسترسه⁩	158
⁧روتون⁩	158
⁧زدیش⁩	158
⁧سینمایی⁩	158
⁧شنیداری⁩	158
⁧غوطه⁩	158
⁧فاکتور⁩	158
⁧فرستادنش⁩	158
⁧قسمتهای⁩	158
⁧لباساش⁩	158
⁧مادرشم⁩	158
⁧محتاج⁩	158
⁧مخاطره⁩	158
⁧مستعد⁩	158
⁧نادان⁩	158
⁧نمیگردم⁩	158
⁧وایسادن⁩	158
⁧پدربزرگش⁩	158
⁧کارتت⁩	158
⁧کجایین⁩	158
⁧کفشم⁩	158
⁧کنارمون⁩	158
⁧گرمت⁩	158
⁧گرمتر⁩	158
⁧ازدواجتون⁩	157
⁧استریپ⁩	157
⁧اعتمادت⁩	157
⁧افکارت⁩	157
⁧الوده⁩	157
⁧بیارمت⁩	157
⁧بیرحمانه⁩	157
⁧تراش⁩	157
⁧جوراه⁩	157
⁧خبیث⁩	157
⁧داوود⁩	157
⁧دخترتو⁩	157
⁧دفنه⁩	157
⁧راث⁩	157
⁧رنگارنگ⁩	157
⁧سوخاری⁩	157
⁧شانسو⁩	157
⁧شلواری⁩	157
⁧شنوایی⁩	157
⁧ضعفی⁩	157
⁧غلات⁩	157
⁧فرستیم⁩	157
⁧فوی⁩	157
⁧قربون⁩	157
⁧ماوراء⁩	157
⁧منظورمه⁩	157
⁧مورت⁩	157
⁧میبردم⁩	157
⁧میکشیدم⁩	157
⁧ناخدای⁩	157
⁧نانو⁩	157
⁧نجار⁩	157
⁧ندادین⁩	157
⁧نمیایی⁩	157
⁧نمیتونسته⁩	157
⁧نوزدهم⁩	157
⁧وبعدش⁩	157
⁧وکلای⁩	157
⁧پشیمان⁩	157
⁧چهارمی⁩	157
⁧چپمن⁩	157
⁧کالای⁩	157
⁧کاوش⁩	157
⁧کنتاکی⁩	157
⁧کوبایی⁩	157
⁧کولین⁩	157
⁧کیشا⁩	157
⁧گاندور⁩	157
⁧گاندی⁩	157
⁧گبی⁩	157
⁧گوا⁩	157
⁧گیک⁩	157
⁧آفت⁩	156
⁧آلوین⁩	156
⁧آنفولانزا⁩	156
⁧استعدادش⁩	156
⁧بازبینی⁩	156
⁧براندون⁩	156
⁧بسازید⁩	156
⁧بشنوین⁩	156
⁧بطرز⁩	156
⁧بفرد⁩	156
⁧بلر⁩	156
⁧بلوار⁩	156
⁧ترکمون⁩	156
⁧تونی؟⁩	156
⁧جروم⁩	156
⁧جما⁩	156
⁧جوابگو⁩	156
⁧جوونم⁩	156
⁧حامد⁩	156
⁧خونشو⁩	156
⁧دافی⁩	156
⁧دوبی⁩	156
⁧دوستاتون⁩	156
⁧ریدن⁩	156
⁧سوز⁩	156
⁧صحبتش⁩	156
⁧عقلی⁩	156
⁧غلیظ⁩	156
⁧قدرتشو⁩	156
⁧لبهای⁩	156
⁧مارجی⁩	156
⁧مالنا⁩	156
⁧مامورها⁩	156
⁧مثانه⁩	156
⁧مجرده⁩	156
⁧مفیدی⁩	156
⁧میبرند⁩	156
⁧میگیریمش⁩	156
⁧هرمان⁩	156
⁧هفتصد⁩	156
⁧وحالا⁩	156
⁧وحشتناکیه⁩	156
⁧پایپر⁩	156
⁧پدال⁩	156
⁧پدی⁩	156
⁧پرتا⁩	156
⁧پیوندی⁩	156
⁧چارچوب⁩	156
⁧کاشی⁩	156
⁧کاکتوس⁩	156
⁧کیب⁩	156
⁧گرینویل⁩	156
⁧گودمن⁩	156
⁧گوینده⁩	156
⁧یازدهم⁩	156
⁧ارزشت⁩	155
⁧استتار⁩	155
⁧الدین⁩	155
⁧العادس⁩	155
⁧اندک⁩	155
⁧انسداد⁩	155
⁧اوره⁩	155
⁧اونیل⁩	155
⁧اینه؟⁩	155
⁧باختیم⁩	155
⁧بانکه⁩	155
⁧بترکون⁩	155
⁧برکه⁩	155
⁧بشکنیم⁩	155
⁧بیدارشو⁩	155
⁧جادوییه⁩	155
⁧جداست⁩	155
⁧حرمتی⁩	155
⁧خرابکار⁩	155
⁧خسیس⁩	155
⁧خندان⁩	155
⁧دانبار⁩	155
⁧درجا⁩	155
⁧ریگن⁩	155
⁧سرت؟⁩	155
⁧سفرش⁩	155
⁧سیبیل⁩	155
⁧شالیمار⁩	155
⁧شروعشه⁩	155
⁧صورتتون⁩	155
⁧علاج⁩	155
⁧غدد⁩	155
⁧غوغا⁩	155
⁧فکرمیکردم⁩	155
⁧فیوریوسا⁩	155
⁧قصدش⁩	155
⁧قضاوتت⁩	155
⁧لج⁩	155
⁧منتظری⁩	155
⁧میفروشیم⁩	155
⁧نزاع⁩	155
⁧نمانده⁩	155
⁧نوسان⁩	155
⁧پاشم⁩	155
⁧پروازم⁩	155
⁧چمنزار⁩	155
⁧کمون⁩	155
⁧کوهستانی⁩	155
⁧گناهکارم⁩	155
⁧یاره⁩	155
⁧یکیمون⁩	155
⁧آره،اون⁩	154
⁧ابری⁩	154
⁧احساسه⁩	154
⁧امتیازات⁩	154
⁧انتخابم⁩	154
⁧اندروز⁩	154
⁧اوضاعمون⁩	154
⁧ایل⁩	154
⁧ایمهوتپ⁩	154
⁧برنان⁩	154
⁧بنویسیم⁩	154
⁧بودنمون⁩	154
⁧بوفه⁩	154
⁧بکس⁩	154
⁧تارس⁩	154
⁧تضاد⁩	154
⁧تهدیده⁩	154
⁧حتمی⁩	154
⁧خفقان⁩	154
⁧دارها⁩	154
⁧دراکو⁩	154
⁧دربیارین⁩	154
⁧دریانوردی⁩	154
⁧دلی⁩	154
⁧رزم⁩	154
⁧ساختمانی⁩	154
⁧شهروندی⁩	154
⁧ضدگلوله⁩	154
⁧فرداش⁩	154
⁧متخصصین⁩	154
⁧مجسم⁩	154
⁧مردنه⁩	154
⁧میگذشت⁩	154
⁧ناکار⁩	154
⁧نشاط⁩	154
⁧نعره⁩	154
⁧نمیتونستن⁩	154
⁧نیویورکی⁩	154
⁧هاک⁩	154
⁧هتلی⁩	154
⁧همراهیت⁩	154
⁧پوشید⁩	154
⁧پوکه⁩	154
⁧پیتزای⁩	154
⁧چنگک⁩	154
⁧کتکت⁩	154
⁧کفشهای⁩	154
⁧کوان⁩	154
⁧گرمایی⁩	154
⁧یدکی⁩	154
⁧یر⁩	154
⁧افرادشون⁩	153
⁧افکارم⁩	153
⁧العملی⁩	153
⁧اولاف⁩	153
⁧بخورمش⁩	153
⁧بدذات⁩	153
⁧بلدین⁩	153
⁧بکششون⁩	153
⁧تایلندی⁩	153
⁧جنسن⁩	153
⁧خالصه⁩	153
⁧خلاقانه⁩	153
⁧خیالات⁩	153
⁧دختر؟⁩	153
⁧دلپذیر⁩	153
⁧روزنه⁩	153
⁧سالیانه⁩	153
⁧ستمگر⁩	153
⁧سربازرس⁩	153
⁧شانگ⁩	153
⁧شغله⁩	153
⁧طغیان⁩	153
⁧عایشه⁩	153
⁧عینه⁩	153
⁧غذام⁩	153
⁧قیافم⁩	153
⁧لمست⁩	153
⁧متوقفشون⁩	153
⁧محبوس⁩	153
⁧مراقبه⁩	153
⁧مرموزی⁩	153
⁧مشترکمون⁩	153
⁧معروفی⁩	153
⁧مناظره⁩	153
⁧موذی⁩	153
⁧میشناختمش⁩	153
⁧نمیخواستیم⁩	153
⁧هندریکس⁩	153
⁧هنرمندان⁩	153
⁧هیکس⁩	153
⁧وایساد⁩	153
⁧پاشی⁩	153
⁧پنیری⁩	153
⁧پهلوی⁩	153
⁧پیتی⁩	153
⁧چمیدونم⁩	153
⁧کاملآ⁩	153
⁧کنارتم⁩	153
⁧گانش⁩	153
⁧گانی⁩	153
⁧یوتیوب⁩	153
⁧آلفردو⁩	152
⁧اروپای⁩	152
⁧اسرارآمیز⁩	152
⁧انگلیسیه⁩	152
⁧اونجاش⁩	152
⁧اوهو⁩	152
⁧اوگامی⁩	152
⁧بامداد⁩	152
⁧بجرنگی⁩	152
⁧بموقع⁩	152
⁧بگیرنش⁩	152
⁧بیلیارد⁩	152
⁧تعمیرکار⁩	152
⁧خائنه⁩	152
⁧خب،پس⁩	152
⁧خفیف⁩	152
⁧خیالاتی⁩	152
⁧درصده⁩	152
⁧دستیارم⁩	152
⁧دلگرم⁩	152
⁧دنبالته⁩	152
⁧رقصید⁩	152
⁧رودریگو⁩	152
⁧سرب⁩	152
⁧سهمت⁩	152
⁧سواران⁩	152
⁧شریکم⁩	152
⁧فکرای⁩	152
⁧لندنه⁩	152
⁧محتویات⁩	152
⁧مردنش⁩	152
⁧مسحور⁩	152
⁧مناظر⁩	152
⁧موازی⁩	152
⁧موهاشون⁩	152
⁧مویی⁩	152
⁧نمیبینیم⁩	152
⁧نمیدادی⁩	152
⁧نگفتین⁩	152
⁧هودینی⁩	152
⁧واجد⁩	152
⁧پروازه⁩	152
⁧پیژامه⁩	152
⁧گذشتیم⁩	152
⁧گرداب⁩	152
⁧یهود⁩	152
⁧آگوستین⁩	151
⁧آیس⁩	151
⁧استعداده⁩	151
⁧اصلاحات⁩	151
⁧بازدارنده⁩	151
⁧باسنم⁩	151
⁧بصیرت⁩	151
⁧بلندت⁩	151
⁧بنای⁩	151
⁧تاریخش⁩	151
⁧تاول⁩	151
⁧تایمر⁩	151
⁧توبیخ⁩	151
⁧جسمانی⁩	151
⁧حمید⁩	151
⁧خب،تو⁩	151
⁧خلافکارا⁩	151
⁧خندم⁩	151
⁧دورانی⁩	151
⁧زمانهای⁩	151
⁧زودیاک⁩	151
⁧عاشقشون⁩	151
⁧فوربز⁩	151
⁧قوله⁩	151
⁧مایعات⁩	151
⁧متیسون⁩	151
⁧مسخرس⁩	151
⁧مهلک⁩	151
⁧نبره⁩	151
⁧نترسین⁩	151
⁧نمیایم⁩	151
⁧نمیبری⁩	151
⁧وزش⁩	151
⁧پایانش⁩	151
⁧پلاسما⁩	151
⁧چیزت⁩	151
⁧کاپوت⁩	151
⁧کهربا⁩	151
⁧کیلویی⁩	151
⁧یانه⁩	151
⁧آرکن⁩	150
⁧آیلند⁩	150
⁧ارتفاعات⁩	150
⁧ارجاع⁩	150
⁧اشتغال⁩	150
⁧اشتها⁩	150
⁧اهدای⁩	150
⁧اورا⁩	150
⁧اونجات⁩	150
⁧بارد⁩	150
⁧بدجنسی⁩	150
⁧بشری⁩	150
⁧تاز⁩	150
⁧تحریر⁩	150
⁧تراکتور⁩	150
⁧تریاک⁩	150
⁧تنزل⁩	150
⁧حلبی⁩	150
⁧خیلیه⁩	150
⁧دخلشو⁩	150
⁧دفعات⁩	150
⁧دلینی⁩	150
⁧دکور⁩	150
⁧رسمیت⁩	150
⁧رنگیه⁩	150
⁧سربازم⁩	150
⁧سریعی⁩	150
⁧سلیمان⁩	150
⁧سواگر⁩	150
⁧شائولین⁩	150
⁧عضلانی⁩	150
⁧قدیمیش⁩	150
⁧لذیذ⁩	150
⁧ماره⁩	150
⁧محتمل⁩	150
⁧مخصوصه⁩	150
⁧مستانی⁩	150
⁧ممنوم⁩	150
⁧موشکی⁩	150
⁧میبندن⁩	150
⁧میتوانند⁩	150
⁧میخوابیم⁩	150
⁧میرسونمت⁩	150
⁧ناعادلانه⁩	150
⁧نامربوط⁩	150
⁧ناچو⁩	150
⁧نظرشو⁩	150
⁧نپوشیدی⁩	150
⁧هموند⁩	150
⁧همگان⁩	150
⁧پاسکال⁩	150
⁧پردازنده⁩	150
⁧پنهانش⁩	150
⁧چاد⁩	150
⁧چشه؟⁩	150
⁧کارناوال⁩	150
⁧کندریک⁩	150
⁧کنسولگری⁩	150
⁧گالوم⁩	150
⁧گرسیو⁩	150
⁧گونگ⁩	150
⁧آشامه⁩	149
⁧آشناییت⁩	149
⁧احظار⁩	149
⁧اطفال⁩	149
⁧اوناهاشش⁩	149
⁧برابره⁩	149
⁧تریشا⁩	149
⁧تقریبی⁩	149
⁧تمشک⁩	149
⁧توکو⁩	149
⁧تپانچه⁩	149
⁧تیون⁩	149
⁧تیپی⁩	149
⁧جوآن⁩	149
⁧حقانی⁩	149
⁧خوبمون⁩	149
⁧خودتی؟⁩	149
⁧داداشی⁩	149
⁧درده⁩	149
⁧دندونای⁩	149
⁧رویاهایی⁩	149
⁧ریست⁩	149
⁧زوهان⁩	149
⁧سوق⁩	149
⁧شرکتش⁩	149
⁧شهود⁩	149
⁧شپ⁩	149
⁧شیلی⁩	149
⁧ظروف⁩	149
⁧عاقلی⁩	149
⁧فارادی⁩	149
⁧قاهره⁩	149
⁧مائه⁩	149
⁧مافیای⁩	149
⁧ماهانه⁩	149
⁧متحول⁩	149
⁧معتقدن⁩	149
⁧مغزتو⁩	149
⁧مورا⁩	149
⁧میخندن⁩	149
⁧ناصری⁩	149
⁧نظرم⁩	149
⁧نفعی⁩	149
⁧هارمونی⁩	149
⁧هرز⁩	149
⁧همینجوریه⁩	149
⁧هیچکدام⁩	149
⁧وبستر⁩	149
⁧ونوس⁩	149
⁧پالم⁩	149
⁧پسرام⁩	149
⁧پیرامون⁩	149
⁧کاساندرا⁩	149
⁧کاشته⁩	149
⁧کنسلش⁩	149
⁧کولت⁩	149
⁧گلادیاتورها⁩	149
⁧گوبلز⁩	149
⁧گورستان⁩	149
⁧ادراک⁩	148
⁧ازاینجا⁩	148
⁧اسلون⁩	148
⁧اسپکتر⁩	148
⁧بریدگی⁩	148
⁧بسوزون⁩	148
⁧بلیر⁩	148
⁧تاکو⁩	148
⁧ترد⁩	148
⁧تولسا⁩	148
⁧تیرم⁩	148
⁧جارز⁩	148
⁧جنگیده⁩	148
⁧حضورت⁩	148
⁧حقمه⁩	148
⁧خوابتون⁩	148
⁧دایم⁩	148
⁧دلت⁩	148
⁧دوربینهای⁩	148
⁧راف⁩	148
⁧رییسم⁩	148
⁧زنتو⁩	148
⁧زوریخ⁩	148
⁧سحرآمیز⁩	148
⁧سیدی⁩	148
⁧شمشیرها⁩	148
⁧صدمات⁩	148
⁧عروسیه⁩	148
⁧قزل⁩	148
⁧مالون⁩	148
⁧مردد⁩	148
⁧مسیرمون⁩	148
⁧منشا⁩	148
⁧موتو⁩	148
⁧میخوردی⁩	148
⁧میسوزونه⁩	148
⁧مینیون⁩	148
⁧میوفته؟⁩	148
⁧میکشه؟⁩	148
⁧نائومی⁩	148
⁧ندزدیدم⁩	148
⁧نشنیدین⁩	148
⁧نطر⁩	148
⁧نمیاد؟⁩	148
⁧نمیگیریم⁩	148
⁧نواک⁩	148
⁧نوعش⁩	148
⁧وامونده⁩	148
⁧وودکا⁩	148
⁧ویا⁩	148
⁧ویراستار⁩	148
⁧پارکه⁩	148
⁧چشمانت⁩	148
⁧کاربردی⁩	148
⁧کافئین⁩	148
⁧کثافتی⁩	148
⁧کریستو⁩	148
⁧کمرنگ⁩	148
⁧یحتمل⁩	148
⁧آزارت⁩	147
⁧آزبورن⁩	147
⁧استالین⁩	147
⁧اصلن⁩	147
⁧انتقالش⁩	147
⁧اکسید⁩	147
⁧بکشد⁩	147
⁧تحریم⁩	147
⁧تفاوتش⁩	147
⁧تناسلی⁩	147
⁧جنگن⁩	147
⁧جهنمیه⁩	147
⁧حوصلم⁩	147
⁧خالیش⁩	147
⁧خلاقیت⁩	147
⁧خیابانی⁩	147
⁧دراگون⁩	147
⁧دولته⁩	147
⁧رمبو⁩	147
⁧روحمم⁩	147
⁧زرده⁩	147
⁧ستد⁩	147
⁧شاهده⁩	147
⁧عبارتی⁩	147
⁧فول⁩	147
⁧فیلمش⁩	147
⁧لباستون⁩	147
⁧ماتور⁩	147
⁧مایو⁩	147
⁧متاستفم⁩	147
⁧محصور⁩	147
⁧مدوسا⁩	147
⁧مسئولم⁩	147
⁧مصلحت⁩	147
⁧میمیرند⁩	147
⁧نزول⁩	147
⁧نصفشون⁩	147
⁧نمایی⁩	147
⁧نمکی⁩	147
⁧نمیگذره⁩	147
⁧واردم⁩	147
⁧وفادارم⁩	147
⁧ویرا⁩	147
⁧پختم⁩	147
⁧پریشان⁩	147
⁧پلنت⁩	147
⁧پول؟⁩	147
⁧چشماشو⁩	147
⁧کالبدشکافی⁩	147
⁧کایزر⁩	147
⁧کلاسم⁩	147
⁧کنیا⁩	147
⁧کپ⁩	147
⁧آبها⁩	146
⁧آهنگم⁩	146
⁧آوازه⁩	146
⁧آوردنت⁩	146
⁧آپ⁩	146
⁧آیدا⁩	146
⁧ارول⁩	146
⁧استحقاق⁩	146
⁧استین⁩	146
⁧اعتمادش⁩	146
⁧انداختش⁩	146
⁧اندازم⁩	146
⁧انگیزیه⁩	146
⁧اوگوی⁩	146
⁧اوگی⁩	146
⁧اژدهاست⁩	146
⁧بارسلونا⁩	146
⁧بافی⁩	146
⁧بباره⁩	146
⁧بخنده⁩	146
⁧بدنشو⁩	146
⁧برآورد⁩	146
⁧بزدلی⁩	146
⁧بلال⁩	146
⁧بچمون⁩	146
⁧تخیلات⁩	146
⁧ترتیبی⁩	146
⁧ترسوی⁩	146
⁧ترینیتی⁩	146
⁧تقلبیه⁩	146
⁧حسگر⁩	146
⁧خالد⁩	146
⁧خبرنگاری⁩	146
⁧خوابیدیم⁩	146
⁧خوبند⁩	146
⁧خونته⁩	146
⁧دانشجوها⁩	146
⁧دغل⁩	146
⁧دلیلشو⁩	146
⁧دندونم⁩	146
⁧دوستامو⁩	146
⁧رفیق؟⁩	146
⁧رقصیم⁩	146
⁧روبن⁩	146
⁧رولاند⁩	146
⁧سرورمون⁩	146
⁧سماراتان⁩	146
⁧سپاسگزار⁩	146
⁧شریل⁩	146
⁧شماله⁩	146
⁧شکارش⁩	146
⁧ضعفش⁩	146
⁧طولی⁩	146
⁧عجوزه⁩	146
⁧غافلگیرت⁩	146
⁧متوجهین⁩	146
⁧مختص⁩	146
⁧مراد⁩	146
⁧مشاوران⁩	146
⁧مطئنم⁩	146
⁧مگنس⁩	146
⁧میگل⁩	146
⁧ناموسا⁩	146
⁧نخوردیم⁩	146
⁧نفهمم⁩	146
⁧نمو⁩	146
⁧نواحی⁩	146
⁧نیاین⁩	146
⁧نیویورکه⁩	146
⁧همسران⁩	146
⁧همکلاسی⁩	146
⁧هور⁩	146
⁧ولگردها⁩	146
⁧ویتنی⁩	146
⁧پاراگراف⁩	146
⁧کارد⁩	146
⁧کاسب⁩	146
⁧کوپه⁩	146
⁧گیرید⁩	146
⁧آتیشش⁩	145
⁧آوه⁩	145
⁧ابرهای⁩	145
⁧ابرو⁩	145
⁧اختیارت⁩	145
⁧اختیاری⁩	145
⁧اغفال⁩	145
⁧انو⁩	145
⁧ایفا⁩	145
⁧اینکارها⁩	145
⁧باباته⁩	145
⁧ببینیشون⁩	145
⁧بترس⁩	145
⁧بخشیدم⁩	145
⁧بهتریه⁩	145
⁧بپزم⁩	145
⁧تلخه⁩	145
⁧تمدید⁩	145
⁧تکنیکی⁩	145
⁧تیراندازها⁩	145
⁧جنگهای⁩	145
⁧خشنی⁩	145
⁧خلی⁩	145
⁧خیانتکار⁩	145
⁧دایناسورها⁩	145
⁧دگه⁩	145
⁧روشنه؟⁩	145
⁧زانوم⁩	145
⁧زنمه⁩	145
⁧سالمن⁩	145
⁧شفقت⁩	145
⁧صاحبان⁩	145
⁧صداتونو⁩	145
⁧طریقه⁩	145
⁧عصبانیش⁩	145
⁧لاثبروک⁩	145
⁧لطفن⁩	145
⁧مادرزادی⁩	145
⁧مارینا⁩	145
⁧مانوئل⁩	145
⁧مبلمان⁩	145
⁧متعال⁩	145
⁧مسیحیان⁩	145
⁧مشترکه⁩	145
⁧مشخصاتش⁩	145
⁧مطلوب⁩	145
⁧ممانعت⁩	145
⁧موزیکال⁩	145
⁧موننا⁩	145
⁧میلیاردر⁩	145
⁧میپوشن⁩	145
⁧نمیشناختم⁩	145
⁧نکشیده⁩	145
⁧هوابرد⁩	145
⁧پدرسوخته⁩	145
⁧پیتون⁩	145
⁧چرتی⁩	145
⁧گدایی⁩	145
⁧گردونن⁩	145
⁧آبگوشت⁩	144
⁧آسفالت⁩	144
⁧امیل⁩	144
⁧ایلین⁩	144
⁧بازداشتت⁩	144
⁧بخای⁩	144
⁧بدبختم⁩	144
⁧بدرقه⁩	144
⁧بدنسازی⁩	144
⁧بسوزونه⁩	144
⁧بشنوند⁩	144
⁧بشکونم⁩	144
⁧بلید⁩	144
⁧تلفظش⁩	144
⁧تنگی⁩	144
⁧تیشرت⁩	144
⁧جیلیان⁩	144
⁧حدقه⁩	144
⁧داروهایی⁩	144
⁧دنگ⁩	144
⁧راما⁩	144
⁧ربطش⁩	144
⁧روج⁩	144
⁧روندن⁩	144
⁧زمستونی⁩	144
⁧سامری⁩	144
⁧سرجاشون⁩	144
⁧سورتمه⁩	144
⁧سوسمار⁩	144
⁧سکانس⁩	144
⁧سیبری⁩	144
⁧طرحی⁩	144
⁧غرفه⁩	144
⁧لایقش⁩	144
⁧لوپز⁩	144
⁧مائووی⁩	144
⁧مارنی⁩	144
⁧مارین⁩	144
⁧مایکل؟⁩	144
⁧متواضع⁩	144
⁧مرتد⁩	144
⁧مردمک⁩	144
⁧مسئولش⁩	144
⁧معطر⁩	144
⁧نبینیم⁩	144
⁧نمیاریم⁩	144
⁧نیان⁩	144
⁧هدفه⁩	144
⁧هنره⁩	144
⁧پژمرده⁩	144
⁧چشمشون⁩	144
⁧چندسال⁩	144
⁧ژل⁩	144
⁧کابینه⁩	144
⁧کلونل⁩	144
⁧کنا⁩	144
⁧آزادیه⁩	143
⁧آشغالدونی⁩	143
⁧اسرع⁩	143
⁧اطرافمون⁩	143
⁧امشب؟⁩	143
⁧انتقامش⁩	143
⁧بسپر⁩	143
⁧بقایای⁩	143
⁧بلوم⁩	143
⁧ترابل⁩	143
⁧تکالیف⁩	143
⁧تیررس⁩	143
⁧جیزل⁩	143
⁧خداییش⁩	143
⁧دربان⁩	143
⁧زویا⁩	143
⁧سودمند⁩	143
⁧فرن⁩	143
⁧قبیل⁩	143
⁧لان⁩	143
⁧لاکپشت⁩	143
⁧مادربزرگش⁩	143
⁧ماکتو⁩	143
⁧مایک؟⁩	143
⁧مسبب⁩	143
⁧مستحکم⁩	143
⁧منبعش⁩	143
⁧موثق⁩	143
⁧میخواستند⁩	143
⁧میخواند⁩	143
⁧میدرخشه⁩	143
⁧میشنیدم⁩	143
⁧نگهم⁩	143
⁧هوووم⁩	143
⁧وووه⁩	143
⁧پاشا⁩	143
⁧پوندی⁩	143
⁧کارکرد⁩	143
⁧کسانیکه⁩	143
⁧یگانه⁩	143
⁧آزادیش⁩	142
⁧آناناس⁩	142
⁧احترامه⁩	142
⁧ارن⁩	142
⁧امتحانه⁩	142
⁧انتقامم⁩	142
⁧اومدنتون⁩	142
⁧اووووه⁩	142
⁧اوکانر⁩	142
⁧بانداژ⁩	142
⁧باهاته⁩	142
⁧برنامت⁩	142
⁧برنگردی⁩	142
⁧بزرگوار⁩	142
⁧بوشو⁩	142
⁧بکنمت⁩	142
⁧تال⁩	142
⁧تخمام⁩	142
⁧تعمیرگاه⁩	142
⁧خلسه⁩	142
⁧خوامش⁩	142
⁧داداچ⁩	142
⁧دخترهایی⁩	142
⁧درسته،⁩	142
⁧درمونده⁩	142
⁧دستورش⁩	142
⁧دفاعیه⁩	142
⁧رساند⁩	142
⁧ریسکش⁩	142
⁧ریچموند⁩	142
⁧سرایت⁩	142
⁧سرها⁩	142
⁧سوراخش⁩	142
⁧سیگنالی⁩	142
⁧شاینا⁩	142
⁧شلوارتو⁩	142
⁧شمارم⁩	142
⁧شیب⁩	142
⁧طب⁩	142
⁧فرسوده⁩	142
⁧فکرمی⁩	142
⁧قایقی⁩	142
⁧قدیس⁩	142
⁧لباسشویی⁩	142
⁧مامانو⁩	142
⁧مردش⁩	142
⁧مقصود⁩	142
⁧میبینند⁩	142
⁧میپذیرم⁩	142
⁧نجوا⁩	142
⁧نرماله⁩	142
⁧هارلم⁩	142
⁧هاشه⁩	142
⁧هواش⁩	142
⁧پژوهش⁩	142
⁧کاندیدای⁩	142
⁧گندیده⁩	142
⁧گومز⁩	142
⁧یهودیه⁩	142
⁧آلا⁩	141
⁧ابلهانه⁩	141
⁧اسبا⁩	141
⁧استادی⁩	141
⁧استیوی⁩	141
⁧اطلاعیه⁩	141
⁧افسری⁩	141
⁧الوقوع⁩	141
⁧انتخابه⁩	141
⁧بحثمون⁩	141
⁧برخوردی⁩	141
⁧بیانگر⁩	141
⁧تاوب⁩	141
⁧تخطی⁩	141
⁧ترسوندیم⁩	141
⁧تلاشتو⁩	141
⁧تهدیدت⁩	141
⁧جلبک⁩	141
⁧حتم⁩	141
⁧خب،حالا⁩	141
⁧دراومدن⁩	141
⁧رادیوی⁩	141
⁧رحمتش⁩	141
⁧رزومه⁩	141
⁧روما⁩	141
⁧ریچاردز⁩	141
⁧زدش⁩	141
⁧زرنگه⁩	141
⁧سویل⁩	141
⁧سیمی⁩	141
⁧شکوفا⁩	141
⁧ظهره⁩	141
⁧فیلسوف⁩	141
⁧قلبته⁩	141
⁧مارت⁩	141
⁧ملودی⁩	141
⁧منظر⁩	141
⁧مواده⁩	141
⁧میخواهین⁩	141
⁧ناامیدم⁩	141
⁧ناخوش⁩	141
⁧نشانت⁩	141
⁧نشناختی⁩	141
⁧نشکسته⁩	141
⁧نصفی⁩	141
⁧نمیداره⁩	141
⁧نواختن⁩	141
⁧نگراننباش⁩	141
⁧نگیرین⁩	141
⁧هنا⁩	141
⁧هوور⁩	141
⁧واجب⁩	141
⁧وایستادم⁩	141
⁧وزارتخونه⁩	141
⁧وقتو⁩	141
⁧کاراکورت⁩	141
⁧کارکردن⁩	141
⁧کاور⁩	141
⁧کشتارگاه⁩	141
⁧کورم⁩	141
⁧کوچ⁩	141
⁧گالاوان⁩	141
⁧گونی⁩	141
⁧گیجی⁩	141
⁧یالله⁩	141
⁧آف⁩	140
⁧آلمانیه⁩	140
⁧اتا⁩	140
⁧اریس⁩	140
⁧انتظارته⁩	140
⁧انتقامه⁩	140
⁧اونجاییم⁩	140
⁧اونیکه⁩	140
⁧ایوانز⁩	140
⁧باتن⁩	140
⁧بجه⁩	140
⁧براووس⁩	140
⁧بمان⁩	140
⁧بینز⁩	140
⁧تارت⁩	140
⁧تاشا⁩	140
⁧تباهی⁩	140
⁧تمرکزت⁩	140
⁧جورا⁩	140
⁧حرمت⁩	140
⁧خوکه⁩	140
⁧خیابونها⁩	140
⁧داشبورد⁩	140
⁧داینامیک⁩	140
⁧ردپا⁩	140
⁧رستاخیز⁩	140
⁧رسند⁩	140
⁧زبانی⁩	140
⁧سرجاتون⁩	140
⁧سوییت⁩	140
⁧شبتون⁩	140
⁧شومینه⁩	140
⁧صرفنظر⁩	140
⁧طبع⁩	140
⁧فراموششون⁩	140
⁧فلاش⁩	140
⁧فور⁩	140
⁧فکرته⁩	140
⁧فیجی⁩	140
⁧فیلما⁩	140
⁧ققنوس⁩	140
⁧ماتوبو⁩	140
⁧مانعی⁩	140
⁧مبنای⁩	140
⁧متاسفه⁩	140
⁧مریلند⁩	140
⁧مشغولم⁩	140
⁧مشکلاتم⁩	140
⁧مقاصد⁩	140
⁧ملقب⁩	140
⁧مگنا⁩	140
⁧میتونی؟⁩	140
⁧میهمانی⁩	140
⁧نابو⁩	140
⁧نرمی⁩	140
⁧نشوند⁩	140
⁧نفهمید⁩	140
⁧هشتصد⁩	140
⁧همدستی⁩	140
⁧همدم⁩	140
⁧هوام⁩	140
⁧ورشکستگی⁩	140
⁧وسایلمون⁩	140
⁧ویو⁩	140
⁧کرانه⁩	140
⁧کلورادو⁩	140
⁧کمبل⁩	140
⁧کن،من⁩	140
⁧گزارشم⁩	140
⁧گندهه⁩	140
⁧یامسیح⁩	140
⁧آدمارو⁩	139
⁧ادمه⁩	139
⁧ادواردز⁩	139
⁧اسبش⁩	139
⁧استانتون⁩	139
⁧اسمشم⁩	139
⁧اسمیتی⁩	139
⁧اشتباهت⁩	139
⁧اشو⁩	139
⁧افتادین⁩	139
⁧افتن⁩	139
⁧اگ⁩	139
⁧اینترپل⁩	139
⁧اینرو⁩	139
⁧ایکه⁩	139
⁧باباست⁩	139
⁧بارداره⁩	139
⁧بالاتری⁩	139
⁧بالبوا⁩	139
⁧بالشت⁩	139
⁧بمدت⁩	139
⁧بوو⁩	139
⁧ترول⁩	139
⁧تفنگا⁩	139
⁧خرافاتی⁩	139
⁧خندق⁩	139
⁧خوابیدی؟⁩	139
⁧دزدم⁩	139
⁧دستگیرمون⁩	139
⁧دومیش⁩	139
⁧رنگت⁩	139
⁧روحشون⁩	139
⁧زولا⁩	139
⁧شونده⁩	139
⁧ضبطش⁩	139
⁧طعمش⁩	139
⁧غیرمجاز⁩	139
⁧فراوانی⁩	139
⁧لنستر⁩	139
⁧لیزری⁩	139
⁧مجبورید⁩	139
⁧مولکولی⁩	139
⁧میبرین⁩	139
⁧میموندم⁩	139
⁧نادره⁩	139
⁧نزنن⁩	139
⁧نشنیدیم⁩	139
⁧نمیشید⁩	139
⁧نورهای⁩	139
⁧نیکس⁩	139
⁧هممونو⁩	139
⁧هولناک⁩	139
⁧وایلد⁩	139
⁧ولو⁩	139
⁧ویه⁩	139
⁧ویولون⁩	139
⁧پان⁩	139
⁧چاقال⁩	139
⁧کبدش⁩	139
⁧کجائه⁩	139
⁧کجایید⁩	139
⁧کرمیت⁩	139
⁧کلیتون⁩	139
⁧گمنام⁩	139
⁧گوست⁩	139
⁧آنگ⁩	138
⁧احضاریه⁩	138
⁧استودیوی⁩	138
⁧اسمیگل⁩	138
⁧اوضاعم⁩	138
⁧اولمون⁩	138
⁧اکسپلیارموس⁩	138
⁧بفروشمش⁩	138
⁧تام؟⁩	138
⁧تروریستها⁩	138
⁧جهانیه⁩	138
⁧حافظت⁩	138
⁧حدسم⁩	138
⁧حماسه⁩	138
⁧خوندیم⁩	138
⁧داریمش⁩	138
⁧درهرحال⁩	138
⁧رفتارشون⁩	138
⁧زرافه⁩	138
⁧زیادتر⁩	138
⁧زیره⁩	138
⁧سردت⁩	138
⁧شرمسار⁩	138
⁧فروکش⁩	138
⁧لوتبروک⁩	138
⁧مارسلوس⁩	138
⁧مثبتی⁩	138
⁧مرموزه⁩	138
⁧مشکلاتمون⁩	138
⁧مکی⁩	138
⁧میبودم⁩	138
⁧میدنایت⁩	138
⁧میشنون⁩	138
⁧نایوز⁩	138
⁧نخوندم⁩	138
⁧هرلحظه⁩	138
⁧هیجانزده⁩	138
⁧پینکمن⁩	138
⁧چندوقت⁩	138
⁧چینو⁩	138
⁧کادیلاک⁩	138
⁧کاویا⁩	138
⁧کشورشون⁩	138
⁧کماندو⁩	138
⁧گرنجر⁩	138
⁧گنجی⁩	138
⁧آنوقت⁩	137
⁧ارزان⁩	137
⁧افتاب⁩	137
⁧افتیم⁩	137
⁧التون⁩	137
⁧انگشتاش⁩	137
⁧اکسل⁩	137
⁧باباتو⁩	137
⁧باطن⁩	137
⁧بدار⁩	137
⁧بردین⁩	137
⁧بلاها⁩	137
⁧بلندترین⁩	137
⁧بچرخم⁩	137
⁧بگذارین⁩	137
⁧بینندگان⁩	137
⁧تصویرش⁩	137
⁧تعفن⁩	137
⁧تنبلی⁩	137
⁧حیاتیه⁩	137
⁧خب،این⁩	137
⁧خورین⁩	137
⁧دخترشو⁩	137
⁧دهانش⁩	137
⁧دولان⁩	137
⁧راوی⁩	137
⁧روبراهم⁩	137
⁧رویت⁩	137
⁧ریزش⁩	137
⁧زمخت⁩	137
⁧ساقه⁩	137
⁧سالیه⁩	137
⁧سنگاپور⁩	137
⁧شانگهای⁩	137
⁧شاهرگ⁩	137
⁧شخصیتش⁩	137
⁧شدنیه⁩	137
⁧شوخیتون⁩	137
⁧صمیمیت⁩	137
⁧عروسیش⁩	137
⁧عسلی⁩	137
⁧فوتی⁩	137
⁧قتلی⁩	137
⁧مورین⁩	137
⁧موقعها⁩	137
⁧مونید⁩	137
⁧میتوانی⁩	137
⁧میخونیم⁩	137
⁧میشویم⁩	137
⁧مینداخت⁩	137
⁧میوفتیم⁩	137
⁧میگرفتیم⁩	137
⁧میگوید⁩	137
⁧نارحت⁩	137
⁧نمیپرسی⁩	137
⁧پسرعموی⁩	137
⁧پورنو⁩	137
⁧پیشگاه⁩	137
⁧پیچی⁩	137
⁧چارلستون⁩	137
⁧چیزاییه⁩	137
⁧کارتم⁩	137
⁧کارمندای⁩	137
⁧کاکائو⁩	137
⁧کردنمون⁩	137
⁧کپه⁩	137
⁧گشنته⁩	137
⁧یوکی⁩	137
⁧آرامشی⁩	136
⁧اصله⁩	136
⁧انگشتای⁩	136
⁧اکانت⁩	136
⁧بجنگند⁩	136
⁧بوووم⁩	136
⁧تاتون⁩	136
⁧ترکوندن⁩	136
⁧تلسکوپ⁩	136
⁧تمیزکاری⁩	136
⁧تولدشه⁩	136
⁧توک⁩	136
⁧جادوش⁩	136
⁧جایا⁩	136
⁧حصارها⁩	136
⁧حقشون⁩	136
⁧خدشه⁩	136
⁧دامپزشک⁩	136
⁧درموردشون⁩	136
⁧دعوایی⁩	136
⁧دمدمی⁩	136
⁧دمشق⁩	136
⁧دنیامون⁩	136
⁧رایش⁩	136
⁧روایت⁩	136
⁧سهمم⁩	136
⁧سوارکاری⁩	136
⁧سپتون⁩	136
⁧سپربلوط⁩	136
⁧سیسی⁩	136
⁧صرع⁩	136
⁧علایق⁩	136
⁧فردا؟⁩	136
⁧فیوز⁩	136
⁧قدرتمون⁩	136
⁧لاگرتا⁩	136
⁧ماکس⁩	136
⁧مبارزین⁩	136
⁧متشخص⁩	136
⁧متوسل⁩	136
⁧مزاحمش⁩	136
⁧مسخرم⁩	136
⁧مصنوعیه⁩	136
⁧ملعون⁩	136
⁧میشوم⁩	136
⁧میکس⁩	136
⁧نزدیکن⁩	136
⁧نمیخای⁩	136
⁧هردوش⁩	136
⁧هنسون⁩	136
⁧پارگی⁩	136
⁧پیا⁩	136
⁧کارهامون⁩	136
⁧گانتر⁩	136
⁧آررره⁩	135
⁧آوردش⁩	135
⁧اتکا⁩	135
⁧اختلافات⁩	135
⁧اسماگ⁩	135
⁧اینورا⁩	135
⁧باگ⁩	135
⁧بعده⁩	135
⁧بورجیا⁩	135
⁧تارو⁩	135
⁧تواناییش⁩	135
⁧خیاطی⁩	135
⁧دزدیدنش⁩	135
⁧دزدین⁩	135
⁧دلگرمی⁩	135
⁧رس⁩	135
⁧ریکاردو⁩	135
⁧زندم⁩	135
⁧سایوری⁩	135
⁧سرعتمون⁩	135
⁧سمور⁩	135
⁧شیرو⁩	135
⁧عدالته⁩	135
⁧عزیزمون⁩	135
⁧عمومیه⁩	135
⁧فراره⁩	135
⁧فرای⁩	135
⁧قافیه⁩	135
⁧قرقره⁩	135
⁧لئونیداس⁩	135
⁧لبت⁩	135
⁧لعنتیتو⁩	135
⁧مادرید⁩	135
⁧مارش⁩	135
⁧مشکلمون⁩	135
⁧ملانی⁩	135
⁧موت⁩	135
⁧مکن⁩	135
⁧میکروب⁩	135
⁧نبراسکا⁩	135
⁧نبود؟⁩	135
⁧نخوندی⁩	135
⁧نمیخواسته⁩	135
⁧نیافته⁩	135
⁧نیشکر⁩	135
⁧هارنهال⁩	135
⁧هون⁩	135
⁧هیپی⁩	135
⁧واردات⁩	135
⁧واینستا⁩	135
⁧ویس⁩	135
⁧پایداره⁩	135
⁧پیشینه⁩	135
⁧پیمانه⁩	135
⁧کارشه⁩	135
⁧کالیفورنیا⁩	135
⁧کلیده⁩	135
⁧کلیشه⁩	135
⁧کملوت⁩	135
⁧کیفی⁩	135
⁧گلبول⁩	135
⁧گورکن⁩	135
⁧آخرشم⁩	134
⁧آرایشگاه⁩	134
⁧آموخته⁩	134
⁧ازهم⁩	134
⁧اشتعال⁩	134
⁧اعتمادم⁩	134
⁧اونان⁩	134
⁧بخندیم⁩	134
⁧بدزدین⁩	134
⁧بزرگداشت⁩	134
⁧بشاش⁩	134
⁧بید⁩	134
⁧تاشو⁩	134
⁧تاچر⁩	134
⁧تردیدی⁩	134
⁧ترکیبات⁩	134
⁧تم⁩	134
⁧تماسم⁩	134
⁧حنا⁩	134
⁧خطایی⁩	134
⁧رئیسش⁩	134
⁧راهپیمایی⁩	134
⁧ردشو⁩	134
⁧ریختیم⁩	134
⁧سخاوتمند⁩	134
⁧سپاسگذار⁩	134
⁧سینگر⁩	134
⁧شرابی⁩	134
⁧عامه⁩	134
⁧علاقمه⁩	134
⁧غارها⁩	134
⁧غذامون⁩	134
⁧فراموشم⁩	134
⁧فرانکفورت⁩	134
⁧لهت⁩	134
⁧لیره⁩	134
⁧معتاده⁩	134
⁧معرفیت⁩	134
⁧مود⁩	134
⁧موسس⁩	134
⁧موسیقیه⁩	134
⁧موشها⁩	134
⁧میرونه⁩	134
⁧ندازه⁩	134
⁧نوارهای⁩	134
⁧نپوشیدم⁩	134
⁧نگذاشته⁩	134
⁧نیامده⁩	134
⁧هاردمن⁩	134
⁧همراهه⁩	134
⁧همونم⁩	134
⁧ویزیت⁩	134
⁧پیمانکار⁩	134
⁧پینکی⁩	134
⁧ژیانگ⁩	134
⁧کارگرها⁩	134
⁧گوگرد⁩	134
⁧یاس⁩	134
⁧آپاچی⁩	133
⁧اسکوتر⁩	133
⁧اغتشاش⁩	133
⁧القا⁩	133
⁧باتم⁩	133
⁧بازپروری⁩	133
⁧بالاها⁩	133
⁧بالتازار⁩	133
⁧بلاهایی⁩	133
⁧بنیادی⁩	133
⁧بگذرونن⁩	133
⁧تاثیرات⁩	133
⁧تریور⁩	133
⁧تمپلتون⁩	133
⁧جیوه⁩	133
⁧خفته⁩	133
⁧خواهشی⁩	133
⁧خوشتیپه⁩	133
⁧دابلین⁩	133
⁧دشمنمون⁩	133
⁧دمبه⁩	133
⁧دوستدار⁩	133
⁧دومم⁩	133
⁧دونفره⁩	133
⁧دیابت⁩	133
⁧دیدت⁩	133
⁧ذهنتو⁩	133
⁧رنجش⁩	133
⁧زندانیه⁩	133
⁧سخنگوی⁩	133
⁧سرسخته⁩	133
⁧سرویسه⁩	133
⁧سلولت⁩	133
⁧شلنگ⁩	133
⁧شیرفهم⁩	133
⁧طرفمون⁩	133
⁧طرفو⁩	133
⁧لاگوئرتا⁩	133
⁧لغزش⁩	133
⁧متزلزل⁩	133
⁧موتورسیکلت⁩	133
⁧موظف⁩	133
⁧مکسول⁩	133
⁧میاوردی⁩	133
⁧میخریم⁩	133
⁧میپری⁩	133
⁧میگردید⁩	133
⁧نمیتوانم⁩	133
⁧نیاید⁩	133
⁧نینو⁩	133
⁧هامبورگ⁩	133
⁧هانکا⁩	133
⁧هاوک⁩	133
⁧هشداری⁩	133
⁧وجدانم⁩	133
⁧ویکوس⁩	133
⁧پارش⁩	133
⁧پاسو⁩	133
⁧پاور⁩	133
⁧پشتتون⁩	133
⁧پیشاهنگ⁩	133
⁧گشتاپو⁩	133
⁧گناهکاران⁩	133
⁧یاردی⁩	133
⁧آزرده⁩	132
⁧آلتون⁩	132
⁧آهنگهای⁩	132
⁧آوو⁩	132
⁧احمقیم⁩	132
⁧اربابی⁩	132
⁧ازاون⁩	132
⁧اسپانیولی⁩	132
⁧اصطلاحات⁩	132
⁧الخلقه⁩	132
⁧انگشتام⁩	132
⁧اوردوز⁩	132
⁧ایت⁩	132
⁧ایمانت⁩	132
⁧ببرد⁩	132
⁧ببینمش؟⁩	132
⁧برادرمون⁩	132
⁧برنجی⁩	132
⁧بیابریم⁩	132
⁧تنده⁩	132
⁧جداسازی⁩	132
⁧حکاکی⁩	132
⁧حیا⁩	132
⁧حیطه⁩	132
⁧خانمه⁩	132
⁧خانوادشون⁩	132
⁧دام،⁩	132
⁧درمیان⁩	132
⁧دکتر؟⁩	132
⁧رزوس⁩	132
⁧رونده⁩	132
⁧رییست⁩	132
⁧سانسور⁩	132
⁧سفورزا⁩	132
⁧سناریو⁩	132
⁧سودان⁩	132
⁧سین⁩	132
⁧شدنمون⁩	132
⁧شرکتت⁩	132
⁧شکوندی⁩	132
⁧صادرات⁩	132
⁧ظن⁩	132
⁧عدن⁩	132
⁧عزیزکم⁩	132
⁧عمت⁩	132
⁧عوام⁩	132
⁧فاشیست⁩	132
⁧لاوت⁩	132
⁧ماتیلدا⁩	132
⁧مالیبو⁩	132
⁧ماورای⁩	132
⁧متروک⁩	132
⁧متعفن⁩	132
⁧مجازاتت⁩	132
⁧منکر⁩	132
⁧مودی⁩	132
⁧مولکول⁩	132
⁧میبخشه⁩	132
⁧میخرن⁩	132
⁧نامگذاری⁩	132
⁧نموده⁩	132
⁧نمیدونستن⁩	132
⁧نمیشناسیم⁩	132
⁧نودل⁩	132
⁧نژادپرست⁩	132
⁧نیرنگ⁩	132
⁧هکتار⁩	132
⁧واااو⁩	132
⁧پاسخگو⁩	132
⁧پوزخند⁩	132
⁧پوزه⁩	132
⁧چچن⁩	132
⁧کارهارو⁩	132
⁧کوته⁩	132
⁧کیفه⁩	132
⁧آدولف⁩	131
⁧آشغالو⁩	131
⁧آغوشت⁩	131
⁧آلترون⁩	131
⁧اتل⁩	131
⁧ازکجا⁩	131
⁧استخونی⁩	131
⁧اشپزخونه⁩	131
⁧امروزت⁩	131
⁧امیدش⁩	131
⁧اهلی⁩	131
⁧اینجا،⁩	131
⁧بخوایی⁩	131
⁧بدبو⁩	131
⁧بدشانس⁩	131
⁧بذارینش⁩	131
⁧برخیز⁩	131
⁧بمیرند⁩	131
⁧تاییدیه⁩	131
⁧تحرک⁩	131
⁧توعه⁩	131
⁧تیرهای⁩	131
⁧جوابتو⁩	131
⁧حذفش⁩	131
⁧خب،اون⁩	131
⁧خواهرمو⁩	131
⁧خودسر⁩	131
⁧خوشکلی⁩	131
⁧خونتو⁩	131
⁧خونخوار⁩	131
⁧دالان⁩	131
⁧داوس⁩	131
⁧درخواستش⁩	131
⁧دریانورد⁩	131
⁧دفترتون⁩	131
⁧دوپا⁩	131
⁧ردمون⁩	131
⁧رفتی؟⁩	131
⁧روستاها⁩	131
⁧سردابه⁩	131
⁧سطوح⁩	131
⁧سنجی⁩	131
⁧صدامونو⁩	131
⁧عادل⁩	131
⁧عصبیم⁩	131
⁧فعل⁩	131
⁧فلزات⁩	131
⁧قابلتو⁩	131
⁧قتلش⁩	131
⁧قدبلند⁩	131
⁧قوز⁩	131
⁧لغات⁩	131
⁧مرکب⁩	131
⁧منجی⁩	131
⁧منظور؟⁩	131
⁧موجه⁩	131
⁧موکول⁩	131
⁧مگاترون⁩	131
⁧میارمت⁩	131
⁧میزنمش⁩	131
⁧نامریی⁩	131
⁧نصیبش⁩	131
⁧نفهمیدیم⁩	131
⁧نمرد⁩	131
⁧نمیندازه⁩	131
⁧نگرانیت⁩	131
⁧نیتروژن⁩	131
⁧نیلوفر⁩	131
⁧هندونه⁩	131
⁧وز⁩	131
⁧وصف⁩	131
⁧پاناما⁩	131
⁧چرخیدن⁩	131
⁧چشم،⁩	131
⁧چلیوس⁩	131
⁧کائنات⁩	131
⁧کاست⁩	131
⁧کانیل⁩	131
⁧کریستوف⁩	131
⁧گارسیا⁩	131
⁧گاییدن⁩	131
⁧گراس⁩	131
⁧گیشا⁩	131
⁧احتراق⁩	130
⁧اغاز⁩	130
⁧اورژانسیه⁩	130
⁧بارگاه⁩	130
⁧ببنید⁩	130
⁧برمیگردونیم⁩	130
⁧برگردونش⁩	130
⁧بلونده⁩	130
⁧بلژیکی⁩	130
⁧بپردازیم⁩	130
⁧بچسبی⁩	130
⁧بیهوشه⁩	130
⁧تاجگذاری⁩	130
⁧توافقنامه⁩	130
⁧تکثیر⁩	130
⁧جریانی⁩	130
⁧جنکینز⁩	130
⁧جوآنا⁩	130
⁧جوانمرد⁩	130
⁧حسابتون⁩	130
⁧حله؟⁩	130
⁧خطرناکترین⁩	130
⁧خفگی⁩	130
⁧درخواستت⁩	130
⁧درکنار⁩	130
⁧دستو⁩	130
⁧دمار⁩	130
⁧دندونت⁩	130
⁧دیکتاتور⁩	130
⁧راموس⁩	130
⁧رسمه⁩	130
⁧رفیقای⁩	130
⁧ساری⁩	130
⁧سالواتور⁩	130
⁧سردته⁩	130
⁧شترمرغ⁩	130
⁧شمایی⁩	130
⁧شورشیان⁩	130
⁧شیرها⁩	130
⁧عابر⁩	130
⁧عالین⁩	130
⁧فالکون⁩	130
⁧فرده⁩	130
⁧قاتلم⁩	130
⁧مهارتی⁩	130
⁧ناقلا⁩	130
⁧ندو⁩	130
⁧نمیزدم⁩	130
⁧وقتشون⁩	130
⁧ویویان⁩	130
⁧پرداخته⁩	130
⁧چتونه⁩	130
⁧کاولی⁩	130
⁧کتلین⁩	130
⁧کلاریس⁩	130
⁧کنارتون⁩	130
⁧کهکشانی⁩	130
⁧گرسنته⁩	130
⁧گویم⁩	130
⁧یاداوری⁩	130
⁧آاه⁩	129
⁧آبل⁩	129
⁧آغوشم⁩	129
⁧آفرینش⁩	129
⁧اتهامی⁩	129
⁧اثرانگشت⁩	129
⁧ادامهبده⁩	129
⁧استرالیایی⁩	129
⁧استعدادت⁩	129
⁧انضباط⁩	129
⁧اونچیزی⁩	129
⁧اوه،من⁩	129
⁧اینترپرایز⁩	129
⁧بازپرداخت⁩	129
⁧بخوایش⁩	129
⁧بشناسن⁩	129
⁧بهتره؟⁩	129
⁧بولیوی⁩	129
⁧بچ⁩	129
⁧بکنیش⁩	129
⁧تحسینش⁩	129
⁧تطهیر⁩	129
⁧تمییز⁩	129
⁧تنشون⁩	129
⁧جالبش⁩	129
⁧جانشینی⁩	129
⁧جراحات⁩	129
⁧جزئیاتی⁩	129
⁧جلویش⁩	129
⁧جنگند⁩	129
⁧جویان⁩	129
⁧حسابه⁩	129
⁧دردتون⁩	129
⁧دلداری⁩	129
⁧دکترهای⁩	129
⁧راستگو⁩	129
⁧رایدن⁩	129
⁧رفیقات⁩	129
⁧رگبار⁩	129
⁧زبانه⁩	129
⁧زندانبان⁩	129
⁧زیرپا⁩	129
⁧ساختش⁩	129
⁧سرخود⁩	129
⁧سلاحهای⁩	129
⁧سوتفاهم⁩	129
⁧سپرد⁩	129
⁧شاملش⁩	129
⁧شرایطش⁩	129
⁧شرطبندی⁩	129
⁧طیف⁩	129
⁧عزل⁩	129
⁧فراخوانده⁩	129
⁧فرستادین⁩	129
⁧قبلآ⁩	129
⁧لردهای⁩	129
⁧مؤدب⁩	129
⁧ماتی⁩	129
⁧مارگاریتا⁩	129
⁧مرسر⁩	129
⁧مرسوم⁩	129
⁧مطمعنم⁩	129
⁧معتقدی⁩	129
⁧موضوعه⁩	129
⁧مولد⁩	129
⁧میرسلا⁩	129
⁧میزی⁩	129
⁧نایست⁩	129
⁧هردوتاشون⁩	129
⁧هوپر⁩	129
⁧ولتاژ⁩	129
⁧ویلیس⁩	129
⁧پاسبان⁩	129
⁧پونگ⁩	129
⁧چشممون⁩	129
⁧کارتونی⁩	129
⁧کاررو⁩	129
⁧کارگرا⁩	129
⁧کاکس⁩	129
⁧کسر⁩	129
⁧کشفش⁩	129
⁧گناهانم⁩	129
⁧گیریه⁩	129
⁧یادگار⁩	129
⁧آماری⁩	128
⁧آنوبیس⁩	128
⁧احمقت⁩	128
⁧ازدواجشون⁩	128
⁧بآ⁩	128
⁧باباتون⁩	128
⁧بازیگران⁩	128
⁧برادرهای⁩	128
⁧بزرگشون⁩	128
⁧بنوشه⁩	128
⁧بنکز⁩	128
⁧بهاره⁩	128
⁧بودیش⁩	128
⁧بپزه⁩	128
⁧بچسبون⁩	128
⁧تخمات⁩	128
⁧تندر⁩	128
⁧توئن⁩	128
⁧جلوئه⁩	128
⁧حقوقش⁩	128
⁧خلاء⁩	128
⁧خوانندگی⁩	128
⁧خواهرها⁩	128
⁧خودمونیم⁩	128
⁧داروهاش⁩	128
⁧دستوراتت⁩	128
⁧دشمنم⁩	128
⁧دندونام⁩	128
⁧راهمو⁩	128
⁧رسان⁩	128
⁧روشنت⁩	128
⁧روغنی⁩	128
⁧سوئد⁩	128
⁧عرصه⁩	128
⁧فلندرز⁩	128
⁧فلور⁩	128
⁧قشر⁩	128
⁧مامانتون⁩	128
⁧مانسون⁩	128
⁧محتوای⁩	128
⁧محدودی⁩	128
⁧مدیونه⁩	128
⁧مسلم⁩	128
⁧معلمی⁩	128
⁧منزوی⁩	128
⁧موجی⁩	128
⁧موسیو⁩	128
⁧میرقصن⁩	128
⁧میزدند⁩	128
⁧نامردیه⁩	128
⁧نامید⁩	128
⁧نرسون⁩	128
⁧نمیاین⁩	128
⁧وجیتا⁩	128
⁧پیلگریم⁩	128
⁧پیونگ⁩	128
⁧پیکولو⁩	128
⁧چهارراه⁩	128
⁧چوبدستی⁩	128
⁧ژائو⁩	128
⁧کراستی⁩	128
⁧کرونوس⁩	128
⁧گابریلا⁩	128
⁧گازی⁩	128
⁧یادداشتی⁩	128
⁧آدرین⁩	127
⁧آره،درسته⁩	127
⁧اختلاس⁩	127
⁧ارتباطم⁩	127
⁧اسماشون⁩	127
⁧اسمرف⁩	127
⁧الینور⁩	127
⁧اوناس⁩	127
⁧اوووم⁩	127
⁧بدینوسیله⁩	127
⁧بروسارد⁩	127
⁧بسام⁩	127
⁧بولتن⁩	127
⁧بپیوندی⁩	127
⁧بچگیم⁩	127
⁧بیشماری⁩	127
⁧بیوفتین⁩	127
⁧تفنگه⁩	127
⁧خانوادمو⁩	127
⁧خوابیم⁩	127
⁧دبز⁩	127
⁧دوخت⁩	127
⁧رازهایی⁩	127
⁧رویی⁩	127
⁧زوجی⁩	127
⁧سازد⁩	127
⁧سلحشور⁩	127
⁧سلما⁩	127
⁧سویا⁩	127
⁧سیرا⁩	127
⁧سیفون⁩	127
⁧شمارتو⁩	127
⁧ضمیمه⁩	127
⁧عمرمو⁩	127
⁧قشنگت⁩	127
⁧لنا⁩	127
⁧لوگن⁩	127
⁧ماشینای⁩	127
⁧محترمی⁩	127
⁧مخالفتی⁩	127
⁧مخدره⁩	127
⁧مدونا⁩	127
⁧مشامم⁩	127
⁧مقابلت⁩	127
⁧میپرسید⁩	127
⁧ندای⁩	127
⁧نشنوم⁩	127
⁧نمیرسید⁩	127
⁧نورها⁩	127
⁧نیروهایی⁩	127
⁧همکف⁩	127
⁧هیتر⁩	127
⁧هیجده⁩	127
⁧وحشیگری⁩	127
⁧ورنر⁩	127
⁧وگر⁩	127
⁧پار⁩	127
⁧پروفایل⁩	127
⁧چائو⁩	127
⁧کارمندا⁩	127
⁧کفشا⁩	127
⁧کلاد⁩	127
⁧کلونی⁩	127
⁧کلیف⁩	127
⁧کمکون⁩	127
⁧کوشش⁩	127
⁧گلوب⁩	127
⁧گوان⁩	127
⁧گولدن⁩	127
⁧گوناگون⁩	127
⁧اهریمنی⁩	126
⁧اوتو⁩	126
⁧ایدن⁩	126
⁧برآمدگی⁩	126
⁧برترین⁩	126
⁧برقصن⁩	126
⁧بزارمش⁩	126
⁧بلاستر⁩	126
⁧بودنشون⁩	126
⁧بپذیریم⁩	126
⁧بیرحمی⁩	126
⁧تائو⁩	126
⁧تراشیده⁩	126
⁧تکی⁩	126
⁧حسابتو⁩	126
⁧حوض⁩	126
⁧خرافات⁩	126
⁧خشنه⁩	126
⁧خوابشون⁩	126
⁧خودپرداز⁩	126
⁧داشتنت⁩	126
⁧دستاشون⁩	126
⁧دنیام⁩	126
⁧دوقلوی⁩	126
⁧راهنماییت⁩	126
⁧رعیت⁩	126
⁧روبروت⁩	126
⁧روتو⁩	126
⁧زدگی⁩	126
⁧سراغتون⁩	126
⁧شاشیدن⁩	126
⁧شبیهه⁩	126
⁧شمارشو⁩	126
⁧شنای⁩	126
⁧شوره⁩	126
⁧شیطانیه⁩	126
⁧شینم⁩	126
⁧صبحی⁩	126
⁧ضلع⁩	126
⁧عجول⁩	126
⁧عزم⁩	126
⁧علاف⁩	126
⁧غارتگر⁩	126
⁧غذاشون⁩	126
⁧غضب⁩	126
⁧فامیلش⁩	126
⁧فردریکا⁩	126
⁧فقره⁩	126
⁧لاشخور⁩	126
⁧ماد⁩	126
⁧ماندلا⁩	126
⁧ماورا⁩	126
⁧مخازن⁩	126
⁧مرتفع⁩	126
⁧مسلمانان⁩	126
⁧مناسبش⁩	126
⁧منظورته⁩	126
⁧میتوانیم⁩	126
⁧میدادند⁩	126
⁧میرسونی⁩	126
⁧میشناختن⁩	126
⁧ناشر⁩	126
⁧نامت⁩	126
⁧نامنظم⁩	126
⁧نباشند⁩	126
⁧نخاله⁩	126
⁧نمیرسونه⁩	126
⁧نمیشناسیش⁩	126
⁧نهصد⁩	126
⁧نوبته⁩	126
⁧نوربیت⁩	126
⁧نگهداره⁩	126
⁧نیومن⁩	126
⁧هجی⁩	126
⁧پرستارا⁩	126
⁧پسرعموم⁩	126
⁧چد⁩	126
⁧چس⁩	126
⁧کاندی⁩	126
⁧کبابی⁩	126
⁧کوههای⁩	126
⁧گنت⁩	126
⁧آسم⁩	125
⁧آلوارز⁩	125
⁧اساتید⁩	125
⁧اسحاق⁩	125
⁧اسمون⁩	125
⁧اطلاعاته⁩	125
⁧بارانداز⁩	125
⁧بانمکی⁩	125
⁧بترسونم⁩	125
⁧بسوزونیم⁩	125
⁧بونی⁩	125
⁧بگیرمت⁩	125
⁧بیافتید⁩	125
⁧بیوفتم⁩	125
⁧جسدت⁩	125
⁧خندیدم⁩	125
⁧دادلی⁩	125
⁧داستانا⁩	125
⁧دولین⁩	125
⁧رئیسی⁩	125
⁧رومانی⁩	125
⁧رومیها⁩	125
⁧رینو⁩	125
⁧زدی؟⁩	125
⁧زفیر⁩	125
⁧زمانت⁩	125
⁧زمینم⁩	125
⁧سارامون⁩	125
⁧سعیمون⁩	125
⁧شنها⁩	125
⁧غیرطبیعی⁩	125
⁧فنس⁩	125
⁧قبلن⁩	125
⁧لنور⁩	125
⁧متره⁩	125
⁧مر⁩	125
⁧مرهم⁩	125
⁧مقعد⁩	125
⁧مهیب⁩	125
⁧مکس؟⁩	125
⁧میریام⁩	125
⁧نرسیدن⁩	125
⁧نمیترسه⁩	125
⁧هاموند⁩	125
⁧هنرمنده⁩	125
⁧وزنم⁩	125
⁧ولگردی⁩	125
⁧پولدارک⁩	125
⁧چقدرم⁩	125
⁧چوسان⁩	125
⁧کارین⁩	125
⁧کسالت⁩	125
⁧کمپر⁩	125
⁧گلدی⁩	125
⁧آئورا⁩	124
⁧آتوبات⁩	124
⁧آلخاندرو⁩	124
⁧اتفاقه⁩	124
⁧ارتشبد⁩	124
⁧اسموک⁩	124
⁧امتحانشون⁩	124
⁧انباشته⁩	124
⁧اوبرای⁩	124
⁧اوکی؟⁩	124
⁧ایشیتا⁩	124
⁧بادبادک⁩	124
⁧بالراج⁩	124
⁧برقصید⁩	124
⁧برمیگشت⁩	124
⁧بچها⁩	124
⁧تبهکاران⁩	124
⁧تدریج⁩	124
⁧ترکوندی⁩	124
⁧تونگ⁩	124
⁧تیرها⁩	124
⁧ثروتمندترین⁩	124
⁧جونه⁩	124
⁧حرفاشون⁩	124
⁧حکومتی⁩	124
⁧خدامه⁩	124
⁧خیرت⁩	124
⁧درمیارن⁩	124
⁧دزدن⁩	124
⁧دوستانتون⁩	124
⁧رستورانی⁩	124
⁧رفقات⁩	124
⁧زنجیرها⁩	124
⁧سوروس⁩	124
⁧سوییس⁩	124
⁧شخصیتت⁩	124
⁧صبرانه⁩	124
⁧صبوری⁩	124
⁧طنز⁩	124
⁧قاتلش⁩	124
⁧قوری⁩	124
⁧لباسهات⁩	124
⁧مادلین⁩	124
⁧ماموری⁩	124
⁧مجرمه⁩	124
⁧مخابرات⁩	124
⁧مخترع⁩	124
⁧معیوب⁩	124
⁧منتظرمونه⁩	124
⁧مهلکه⁩	124
⁧موافقید⁩	124
⁧موفقی⁩	124
⁧موکلت⁩	124
⁧میخایم⁩	124
⁧میداند⁩	124
⁧میگشتن⁩	124
⁧ناف⁩	124
⁧نخون⁩	124
⁧نفستو⁩	124
⁧نوادگان⁩	124
⁧نگرانیم⁩	124
⁧هشتمین⁩	124
⁧همراهان⁩	124
⁧هنریه⁩	124
⁧وانیلی⁩	124
⁧واگه⁩	124
⁧ووگل⁩	124
⁧ویتو⁩	124
⁧پانم⁩	124
⁧پایداری⁩	124
⁧پرستارم⁩	124
⁧پسرهام⁩	124
⁧چری⁩	124
⁧کاراکتر⁩	124
⁧کارشناسان⁩	124
⁧کشیدند⁩	124
⁧گذارش⁩	124
⁧گناهکاری⁩	124
⁧گورتون⁩	124
⁧آنت⁩	123
⁧آنیتا⁩	123
⁧آیی⁩	123
⁧اربابش⁩	123
⁧الوی⁩	123
⁧اونای⁩	123
⁧اونیم⁩	123
⁧اینحا⁩	123
⁧بازرگان⁩	123
⁧ببخشمت⁩	123
⁧بجنگین⁩	123
⁧بخصوصی⁩	123
⁧بدستم⁩	123
⁧بریجیت⁩	123
⁧بمالی⁩	123
⁧بپذیره⁩	123
⁧تایتان⁩	123
⁧تریا⁩	123
⁧تنفسش⁩	123
⁧تهی⁩	123
⁧توجهت⁩	123
⁧توسان⁩	123
⁧جراتشو⁩	123
⁧حماسی⁩	123
⁧دخترشه⁩	123
⁧درخواستم⁩	123
⁧دنج⁩	123
⁧دنیات⁩	123
⁧سبکی⁩	123
⁧ستیز⁩	123
⁧سرگرمیه⁩	123
⁧سینا⁩	123
⁧فعالیتهای⁩	123
⁧فنون⁩	123
⁧قبولی⁩	123
⁧قمارباز⁩	123
⁧لحضه⁩	123
⁧لوتار⁩	123
⁧لیر⁩	123
⁧متکبر⁩	123
⁧مخابراتی⁩	123
⁧معموله⁩	123
⁧مهاجران⁩	123
⁧موریا⁩	123
⁧مولر⁩	123
⁧میفهمین⁩	123
⁧همبستر⁩	123
⁧همسایگی⁩	123
⁧همگانی⁩	123
⁧والس⁩	123
⁧والش⁩	123
⁧ویتاکر⁩	123
⁧پوستشون⁩	123
⁧پیتر؟⁩	123
⁧پیشرو⁩	123
⁧پیمانی⁩	123
⁧چندنفر⁩	123
⁧چیزبرگر⁩	123
⁧کاراشون⁩	123
⁧کرستر⁩	123
⁧کشاورزان⁩	123
⁧کیفو⁩	123
⁧گوشته⁩	123
⁧یکیتون⁩	123
⁧ازونجا⁩	122
⁧انتونی⁩	122
⁧اوپا⁩	122
⁧بازن⁩	122
⁧باشکوهی⁩	122
⁧باهمیم⁩	122
⁧بدنتو⁩	122
⁧بمالم⁩	122
⁧بنفورد⁩	122
⁧بوسیدیم⁩	122
⁧تانر⁩	122
⁧تروا⁩	122
⁧تضعیف⁩	122
⁧تفرقه⁩	122
⁧تمرکزم⁩	122
⁧جیز⁩	122
⁧خائنی⁩	122
⁧خشخاش⁩	122
⁧خوابشو⁩	122
⁧خوندنش⁩	122
⁧داروسازی⁩	122
⁧دانشجوهای⁩	122
⁧دراصل⁩	122
⁧دشمنای⁩	122
⁧دقیقش⁩	122
⁧ذهنمه⁩	122
⁧ردت⁩	122
⁧رمانتیکه⁩	122
⁧زمانمون⁩	122
⁧زیان⁩	122
⁧سرکارم⁩	122
⁧سوتی⁩	122
⁧سوراخه⁩	122
⁧شکلش⁩	122
⁧طاهرخانی⁩	122
⁧قرصها⁩	122
⁧لاورنس⁩	122
⁧لبخندت⁩	122
⁧مایان⁩	122
⁧مایکلسون⁩	122
⁧مدت؟⁩	122
⁧مرگتون⁩	122
⁧مسلحه⁩	122
⁧مسلمون⁩	122
⁧منگنه⁩	122
⁧میاند⁩	122
⁧میزش⁩	122
⁧میگیرمت⁩	122
⁧نامزدهای⁩	122
⁧نجومی⁩	122
⁧ندون⁩	122
⁧نصار⁩	122
⁧نمیپرسم⁩	122
⁧نیستا⁩	122
⁧هاشم⁩	122
⁧هرجای⁩	122
⁧همانطوری⁩	122
⁧همخونی⁩	122
⁧همرو⁩	122
⁧وکسلر⁩	122
⁧پیرسون⁩	122
⁧چشما⁩	122
⁧چلفتی⁩	122
⁧چینکی⁩	122
⁧کلاسی⁩	122
⁧کمکهای⁩	122
⁧کوکی⁩	122
⁧کپک⁩	122
⁧کیلگریو⁩	122
⁧گاتو⁩	122
⁧گلدان⁩	122
⁧آزارش⁩	121
⁧آلونک⁩	121
⁧آلکاتراز⁩	121
⁧اسپرینگفیلد⁩	121
⁧اصالت⁩	121
⁧التماسم⁩	121
⁧ایثن⁩	121
⁧اینچی⁩	121
⁧باحالن⁩	121
⁧بارته⁩	121
⁧باف⁩	121
⁧ببریمشون⁩	121
⁧برادرتو⁩	121
⁧برانسون⁩	121
⁧برتی⁩	121
⁧بشناسمت⁩	121
⁧بلایت⁩	121
⁧بلدید⁩	121
⁧بنگر⁩	121
⁧بپوشونه⁩	121
⁧تائوریل⁩	121
⁧تاهو⁩	121
⁧توانستم⁩	121
⁧جودیت⁩	121
⁧خاصیه⁩	121
⁧خزه⁩	121
⁧خوب،اون⁩	121
⁧خوشایندی⁩	121
⁧خیار⁩	121
⁧داریل⁩	121
⁧دانشجویان⁩	121
⁧درنهایت⁩	121
⁧درکم⁩	121
⁧دشمنانش⁩	121
⁧ذهنمو⁩	121
⁧راگنر⁩	121
⁧رخداد⁩	121
⁧رسوندیم⁩	121
⁧رمال⁩	121
⁧رودررو⁩	121
⁧روستاهای⁩	121
⁧زمرد⁩	121
⁧ساکسیفون⁩	121
⁧سرکشی⁩	121
⁧شبیهش⁩	121
⁧شجاعتش⁩	121
⁧شجاعه⁩	121
⁧صدیقی⁩	121
⁧ضدحال⁩	121
⁧عذابم⁩	121
⁧عزادار⁩	121
⁧علاقش⁩	121
⁧علامته⁩	121
⁧فرابنفش⁩	121
⁧قلبمون⁩	121
⁧قماربازی⁩	121
⁧لورانس⁩	121
⁧لورنا⁩	121
⁧متشکل⁩	121
⁧مجردم⁩	121
⁧مردیکه⁩	121
⁧مضر⁩	121
⁧مغزمون⁩	121
⁧ممفیس⁩	121
⁧مواظبم⁩	121
⁧موافقیم⁩	121
⁧میتونم؟⁩	121
⁧میلدرد⁩	121
⁧میندازمت⁩	121
⁧میونگ⁩	121
⁧ناتمام⁩	121
⁧نمرات⁩	121
⁧نمیرسیم⁩	121
⁧نمیرفت⁩	121
⁧نگهدارنده⁩	121
⁧نیمرو⁩	121
⁧وفاداریت⁩	121
⁧ویدا⁩	121
⁧چیزائی⁩	121
⁧کفاره⁩	121
⁧گذاشتنش⁩	121
⁧گرتل⁩	121
⁧یاروی⁩	121
⁧آسونیه⁩	120
⁧آیرا⁩	120
⁧اااه⁩	120
⁧ازتو⁩	120
⁧اسرائیلی⁩	120
⁧الآنم⁩	120
⁧امتحانت⁩	120
⁧انتظارت⁩	120
⁧بازداشتم⁩	120
⁧بجر⁩	120
⁧براورده⁩	120
⁧بروبچ⁩	120
⁧بزند⁩	120
⁧بسازین⁩	120
⁧بولین⁩	120
⁧بگذرونید⁩	120
⁧بیانکا⁩	120
⁧بیشه⁩	120
⁧تامل⁩	120
⁧ترسوندمت⁩	120
⁧ترسونی⁩	120
⁧تروپ⁩	120
⁧تلقین⁩	120
⁧جمهوره⁩	120
⁧جنایتی⁩	120
⁧جیر⁩	120
⁧حمزه⁩	120
⁧حوا⁩	120
⁧خوبیش⁩	120
⁧دادیش⁩	120
⁧داغی⁩	120
⁧دبیر⁩	120
⁧درامد⁩	120
⁧دستوراتش⁩	120
⁧دعوی⁩	120
⁧دوزخ⁩	120
⁧راکسی⁩	120
⁧رنو⁩	120
⁧زاندر⁩	120
⁧زدمت⁩	120
⁧ساویتار⁩	120
⁧سعودی⁩	120
⁧سلامتیش⁩	120
⁧سوزاندن⁩	120
⁧شورتی⁩	120
⁧طلبه⁩	120
⁧عکسم⁩	120
⁧فاسده⁩	120
⁧فردو⁩	120
⁧فکرهای⁩	120
⁧فیت⁩	120
⁧فیله⁩	120
⁧مانکن⁩	120
⁧متناسب⁩	120
⁧متوالی⁩	120
⁧مجلات⁩	120
⁧محتاطانه⁩	120
⁧مشتاقه⁩	120
⁧معلمت⁩	120
⁧موقعیکه⁩	120
⁧میارند⁩	120
⁧میتپه⁩	120
⁧میشنویم⁩	120
⁧میوفتاد⁩	120
⁧نع⁩	120
⁧نفرست⁩	120
⁧ننداختم⁩	120
⁧نگفتید⁩	120
⁧هاجس⁩	120
⁧هفدهم⁩	120
⁧وجودشون⁩	120
⁧وهم⁩	120
⁧پاندای⁩	120
⁧پاهاشون⁩	120
⁧پاکم⁩	120
⁧پدید⁩	120
⁧پرهیز⁩	120
⁧پوستان⁩	120
⁧کابینت⁩	120
⁧کارهاشون⁩	120
⁧کاندیدا⁩	120
⁧کلئوپاترا⁩	120
⁧کلیدای⁩	120
⁧کماست⁩	120
⁧کیلن⁩	120
⁧گوشتون⁩	120
⁧یادشه⁩	120
⁧یکباره⁩	120
⁧آدماست⁩	119
⁧آدمت⁩	119
⁧آلما⁩	119
⁧آلپ⁩	119
⁧آموزی⁩	119
⁧اتاقشون⁩	119
⁧اتلی⁩	119
⁧ارغوانی⁩	119
⁧استخوون⁩	119
⁧استراحته⁩	119
⁧اسکر⁩	119
⁧اصلیت⁩	119
⁧الخمر⁩	119
⁧الکیه⁩	119
⁧انسانیه⁩	119
⁧اونقد⁩	119
⁧ایندی⁩	119
⁧باارزشی⁩	119
⁧بشوره⁩	119
⁧تارگریان⁩	119
⁧تبش⁩	119
⁧تعهدی⁩	119
⁧تمیزی⁩	119
⁧جدیکایا⁩	119
⁧خدمتش⁩	119
⁧دردها⁩	119
⁧دزدیدین⁩	119
⁧دونستنش⁩	119
⁧دوگانه⁩	119
⁧رازداری⁩	119
⁧سانچز⁩	119
⁧سهمیه⁩	119
⁧سوزوندم⁩	119
⁧شاخص⁩	119
⁧شارژش⁩	119
⁧شناختمت⁩	119
⁧ضارب⁩	119
⁧فریدا⁩	119
⁧فهمین⁩	119
⁧لباساشو⁩	119
⁧مترسک⁩	119
⁧مخالفه⁩	119
⁧معیار⁩	119
⁧منسوخ⁩	119
⁧ناهاره⁩	119
⁧نرن⁩	119
⁧نشناسه⁩	119
⁧نوریس⁩	119
⁧نگفتیم⁩	119
⁧هاردی⁩	119
⁧همتا⁩	119
⁧هپ⁩	119
⁧والترز⁩	119
⁧وونگ⁩	119
⁧پاداشی⁩	119
⁧پالی⁩	119
⁧پانچو⁩	119
⁧پونام⁩	119
⁧کامپیوترت⁩	119
⁧کلیپ⁩	119
⁧کمپبل⁩	119
⁧کولا⁩	119
⁧کوچکم⁩	119
⁧گروهتون⁩	119
⁧گروهشون⁩	119
⁧گورمون⁩	119
⁧آبت⁩	118
⁧آبو⁩	118
⁧آرومت⁩	118
⁧آشنای⁩	118
⁧آهنگری⁩	118
⁧آپارتمانی⁩	118
⁧اردنگی⁩	118
⁧ازرا⁩	118
⁧اسم؟⁩	118
⁧انسولین⁩	118
⁧ایام⁩	118
⁧بخواهند⁩	118
⁧برخورده⁩	118
⁧برعکسه⁩	118
⁧برنمیداره⁩	118
⁧بروستر⁩	118
⁧بسی⁩	118
⁧بیدال⁩	118
⁧بینیش؟⁩	118
⁧تالی⁩	118
⁧تلمبه⁩	118
⁧حالیم⁩	118
⁧خرخون⁩	118
⁧دراک⁩	118
⁧دستاورد⁩	118
⁧دوشم⁩	118
⁧دیدیشون⁩	118
⁧ردیابیش⁩	118
⁧رسون⁩	118
⁧رقصیدم⁩	118
⁧ریگ⁩	118
⁧زنمو⁩	118
⁧زنی؟⁩	118
⁧سوتای⁩	118
⁧سورپرایزی⁩	118
⁧سیلوی⁩	118
⁧سینو⁩	118
⁧شایع⁩	118
⁧شلوارک⁩	118
⁧شنگول⁩	118
⁧غرورم⁩	118
⁧فان⁩	118
⁧لینکن⁩	118
⁧ماجراهای⁩	118
⁧ماریسول⁩	118
⁧ماشینشون⁩	118
⁧متاهلم⁩	118
⁧متقاعدشون⁩	118
⁧مزد⁩	118
⁧مزمن⁩	118
⁧مسافرخانه⁩	118
⁧مشکلاتش⁩	118
⁧مغروره⁩	118
⁧ملازم⁩	118
⁧ملاقاتشون⁩	118
⁧منصب⁩	118
⁧مکنم⁩	118
⁧میبخشی⁩	118
⁧میلادی⁩	118
⁧میمردی⁩	118
⁧میکائیل⁩	118
⁧نداری؟⁩	118
⁧نمیبینن⁩	118
⁧نمیومدم⁩	118
⁧نوآه⁩	118
⁧نوجوانان⁩	118
⁧هائی⁩	118
⁧هجدهم⁩	118
⁧هدایتش⁩	118
⁧هردوتاتون⁩	118
⁧هلاک⁩	118
⁧وما⁩	118
⁧ویرات⁩	118
⁧پابرهنه⁩	118
⁧پدرها⁩	118
⁧پور⁩	118
⁧پیغامم⁩	118
⁧چر⁩	118
⁧چشمتون⁩	118
⁧ژول⁩	118
⁧کارته⁩	118
⁧کارگری⁩	118
⁧کلاسه⁩	118
⁧کودوم⁩	118
⁧کیث⁩	118
⁧گمشین⁩	118
⁧گناهانش⁩	118
⁧گندو⁩	118
⁧یکسانی⁩	118
⁧آتو⁩	117
⁧آخریه⁩	117
⁧آلیشیا⁩	117
⁧آوار⁩	117
⁧آیشا⁩	117
⁧اشتباهش⁩	117
⁧اشر⁩	117
⁧امنیتش⁩	117
⁧امیدمون⁩	117
⁧اواسط⁩	117
⁧اوکانل⁩	117
⁧بارناباس⁩	117
⁧بازیافت⁩	117
⁧بدردت⁩	117
⁧بدهکاریم⁩	117
⁧بزرگترش⁩	117
⁧بزگ⁩	117
⁧بعد؟⁩	117
⁧بهترینم⁩	117
⁧بکشونم⁩	117
⁧بگیرنت⁩	117
⁧بیارند⁩	117
⁧بیایند⁩	117
⁧تخمک⁩	117
⁧ترافیکی⁩	117
⁧تورنادو⁩	117
⁧جابز⁩	117
⁧جرمش⁩	117
⁧جعلیه⁩	117
⁧جنسیه⁩	117
⁧جوایز⁩	117
⁧حامیان⁩	117
⁧حواسمو⁩	117
⁧داردن⁩	117
⁧دانایی⁩	117
⁧درا⁩	117
⁧درخور⁩	117
⁧دکترش⁩	117
⁧دکوراسیون⁩	117
⁧دیه⁩	117
⁧زحمات⁩	117
⁧سردتر⁩	117
⁧شبنم⁩	117
⁧شریکی⁩	117
⁧صنعا⁩	117
⁧عبری⁩	117
⁧عذرمیخوام⁩	117
⁧فارل⁩	117
⁧فلکی⁩	117
⁧قایقم⁩	117
⁧قرصا⁩	117
⁧مخالفان⁩	117
⁧مدیران⁩	117
⁧مسیج⁩	117
⁧مصاحبت⁩	117
⁧مطلبی⁩	117
⁧معلمه⁩	117
⁧مقامی⁩	117
⁧منتظرشون⁩	117
⁧موتورم⁩	117
⁧مکرر⁩	117
⁧مگراینکه⁩	117
⁧میدزدن⁩	117
⁧ناپایدار⁩	117
⁧نتونستند⁩	117
⁧نسب⁩	117
⁧نمیخواهی⁩	117
⁧نمیمیرم⁩	117
⁧نپرسید⁩	117
⁧هاربر⁩	117
⁧هانگ⁩	117
⁧هزاره⁩	117
⁧هفتگی⁩	117
⁧همرنگ⁩	117
⁧همستر⁩	117
⁧هولت⁩	117
⁧هپاتیت⁩	117
⁧ویرجیل⁩	117
⁧پادشاهشون⁩	117
⁧پارسونز⁩	117
⁧پاروها⁩	117
⁧پانجی⁩	117
⁧پستان⁩	117
⁧چسبناک⁩	117
⁧کالور⁩	117
⁧کانتور⁩	117
⁧کتیبه⁩	117
⁧کشد⁩	117
⁧کلون⁩	117
⁧کلیو⁩	117
⁧کوی⁩	117
⁧گرایش⁩	117
⁧یکصد⁩	117
⁧آآآ⁩	116
⁧آرژانتین⁩	116
⁧آلزایمر⁩	116
⁧آیک⁩	116
⁧اتفاقها⁩	116
⁧ارگاسم⁩	116
⁧استخوانی⁩	116
⁧امممم⁩	116
⁧انجیر⁩	116
⁧اوق⁩	116
⁧اونش⁩	116
⁧بااستعداد⁩	116
⁧بالت⁩	116
⁧ببندمش⁩	116
⁧ببینیدش⁩	116
⁧بخشندگی⁩	116
⁧برگرفته⁩	116
⁧بزرگسالان⁩	116
⁧بکنی؟⁩	116
⁧تعریفش⁩	116
⁧تنشه⁩	116
⁧تنظیمش⁩	116
⁧توانش⁩	116
⁧خراشه⁩	116
⁧خروپف⁩	116
⁧خریدش⁩	116
⁧خفش⁩	116
⁧خواستگار⁩	116
⁧دانیم⁩	116
⁧درمانه⁩	116
⁧دعوتشون⁩	116
⁧دلسوز⁩	116
⁧دوستاتو⁩	116
⁧رامیرز⁩	116
⁧رویارویی⁩	116
⁧رویم⁩	116
⁧زانوی⁩	116
⁧زودرس⁩	116
⁧سازها⁩	116
⁧سازگاری⁩	116
⁧سمر⁩	116
⁧سندرم⁩	116
⁧شلدرک⁩	116
⁧طاقچه⁩	116
⁧عبادتگاه⁩	116
⁧عزیزترین⁩	116
⁧غیرعادیه⁩	116
⁧فوبار⁩	116
⁧قرمزها⁩	116
⁧قویتره⁩	116
⁧ماشینمون⁩	116
⁧مایله⁩	116
⁧مسالمت⁩	116
⁧مسمومش⁩	116
⁧مشتریان⁩	116
⁧مصدوم⁩	116
⁧مفتی⁩	116
⁧مهدی⁩	116
⁧میخانه⁩	116
⁧مینویسن⁩	116
⁧میوفتی⁩	116
⁧نخی⁩	116
⁧نقشمون⁩	116
⁧هدفون⁩	116
⁧هوستون⁩	116
⁧هیت⁩	116
⁧ونه⁩	116
⁧پولارو⁩	116
⁧چراکه⁩	116
⁧کادر⁩	116
⁧کاراتو⁩	116
⁧کثیفش⁩	116
⁧کشتنشون⁩	116
⁧کشیک⁩	116
⁧گریگوری⁩	116
⁧یکنواخت⁩	116
⁧آمادس⁩	115
⁧آنگد⁩	115
⁧احساسو⁩	115
⁧ازدواجه⁩	115
⁧استارکوود⁩	115
⁧استعدادم⁩	115
⁧اعدامت⁩	115
⁧انداختید⁩	115
⁧اهارا⁩	115
⁧اکران⁩	115
⁧ایمانم⁩	115
⁧بائو⁩	115
⁧باتجربه⁩	115
⁧بارن⁩	115
⁧باشه،من⁩	115
⁧بالاس⁩	115
⁧باهت⁩	115
⁧باهوشن⁩	115
⁧باپتیستا⁩	115
⁧بترکونه⁩	115
⁧بدنمو⁩	115
⁧برادرهام⁩	115
⁧برخیزید⁩	115
⁧برنداشتم⁩	115
⁧بشما⁩	115
⁧بوست⁩	115
⁧بچرخیم⁩	115
⁧تارک⁩	115
⁧تایسون⁩	115
⁧تماشاگران⁩	115
⁧توربو⁩	115
⁧حمایتت⁩	115
⁧خانومم⁩	115
⁧خلوتگاه⁩	115
⁧خندیدیم⁩	115
⁧دادنشون⁩	115
⁧درخشانی⁩	115
⁧دشمنانم⁩	115
⁧دودکش⁩	115
⁧راهها⁩	115
⁧راچل⁩	115
⁧راین⁩	115
⁧رنجرها⁩	115
⁧زیرک⁩	115
⁧سالگیم⁩	115
⁧سانتیمتر⁩	115
⁧ساندرز⁩	115
⁧سنجش⁩	115
⁧سهمش⁩	115
⁧سوغاتی⁩	115
⁧شیطنت⁩	115
⁧صدهزار⁩	115
⁧صراحت⁩	115
⁧طلاهای⁩	115
⁧عصبانیتت⁩	115
⁧عقلشو⁩	115
⁧علاقمندم⁩	115
⁧فرداشب⁩	115
⁧قتاله⁩	115
⁧قصدت⁩	115
⁧لغوش⁩	115
⁧لولو⁩	115
⁧لیما⁩	115
⁧مبلغی⁩	115
⁧متقاعدت⁩	115
⁧مروان⁩	115
⁧مغزشو⁩	115
⁧موندند⁩	115
⁧مونند⁩	115
⁧میخوایید⁩	115
⁧میرویم⁩	115
⁧میمونید⁩	115
⁧میمونین⁩	115
⁧میکنمش⁩	115
⁧نتونستین⁩	115
⁧نخاع⁩	115
⁧نخواب⁩	115
⁧نمیخوریم⁩	115
⁧واترلو⁩	115
⁧وتیوس⁩	115
⁧پراکتور⁩	115
⁧پزشکیه⁩	115
⁧پلت⁩	115
⁧چارلی؟⁩	115
⁧چشمانی⁩	115
⁧کلرمن⁩	115
⁧کوپن⁩	115
⁧گفتار⁩	115
⁧آتنا⁩	114
⁧آمیزش⁩	114
⁧آویخته⁩	114
⁧آگوستوس⁩	114
⁧ابلاغ⁩	114
⁧ازونا⁩	114
⁧اصلیم⁩	114
⁧انداختیش⁩	114
⁧انقباض⁩	114
⁧اینولا⁩	114
⁧باتیستا⁩	114
⁧بخودت⁩	114
⁧بدانم⁩	114
⁧برادرانت⁩	114
⁧برنگشتی⁩	114
⁧ترکوند⁩	114
⁧تسلیحاتی⁩	114
⁧تهدیدات⁩	114
⁧ثبتش⁩	114
⁧جفتک⁩	114
⁧جوری؟⁩	114
⁧حسابمون⁩	114
⁧خوانواده⁩	114
⁧دنیاهای⁩	114
⁧دوماه⁩	114
⁧رؤیاهای⁩	114
⁧رادها⁩	114
⁧رسوا⁩	114
⁧رقمی⁩	114
⁧رنگو⁩	114
⁧زنهایی⁩	114
⁧زودگذر⁩	114
⁧زودیا⁩	114
⁧زیرین⁩	114
⁧سدیم⁩	114
⁧سرعتشون⁩	114
⁧شخم⁩	114
⁧شرکای⁩	114
⁧شمان⁩	114
⁧شکوندم⁩	114
⁧صدور⁩	114
⁧صورتیکه⁩	114
⁧عقلمو⁩	114
⁧فراریه⁩	114
⁧قارچی⁩	114
⁧قتلها⁩	114
⁧لندی⁩	114
⁧ماتیس⁩	114
⁧ماست⁩	114
⁧مالش⁩	114
⁧متاهلی⁩	114
⁧معماست⁩	114
⁧موتورخونه⁩	114
⁧موردش⁩	114
⁧موستانگ⁩	114
⁧موندین⁩	114
⁧مچش⁩	114
⁧میگردونیم⁩	114
⁧نایجل⁩	114
⁧نبری⁩	114
⁧ندارمش⁩	114
⁧ندیدمشون⁩	114
⁧نمایشگر⁩	114
⁧نمیداری⁩	114
⁧نپوشیده⁩	114
⁧هاهاها⁩	114
⁧هندسه⁩	114
⁧هیچکدومش⁩	114
⁧پاین⁩	114
⁧پزشکان⁩	114
⁧پیرهنت⁩	114
⁧کارامو⁩	114
⁧کرده؟⁩	114
⁧کلاهش⁩	114
⁧آهنربا⁩	113
⁧ادارد⁩	113
⁧ادمها⁩	113
⁧ارزانی⁩	113
⁧استوانه⁩	113
⁧اسلیم⁩	113
⁧اوز⁩	113
⁧اونجای⁩	113
⁧باده⁩	113
⁧باربوسا⁩	113
⁧بازگشته⁩	113
⁧باسنش⁩	113
⁧بتوانند⁩	113
⁧بحثو⁩	113
⁧بخششی⁩	113
⁧براستی⁩	113
⁧برینم⁩	113
⁧بستند⁩	113
⁧بلدیم⁩	113
⁧بودایی⁩	113
⁧بپردازی⁩	113
⁧تبه⁩	113
⁧تحقیقی⁩	113
⁧توجهات⁩	113
⁧جوامع⁩	113
⁧جوکه⁩	113
⁧حدش⁩	113
⁧خجالته⁩	113
⁧خوشگلتر⁩	113
⁧دعوام⁩	113
⁧دیدین؟⁩	113
⁧رساندن⁩	113
⁧روب⁩	113
⁧زخمها⁩	113
⁧سالیان⁩	113
⁧سراشیبی⁩	113
⁧سرماخوردگی⁩	113
⁧سمتشون⁩	113
⁧سمج⁩	113
⁧سنتر⁩	113
⁧سوالیه⁩	113
⁧سوختم⁩	113
⁧سپردن⁩	113
⁧سیدارت⁩	113
⁧شامپانزه⁩	113
⁧شاهکاره⁩	113
⁧شغلتون⁩	113
⁧عروسکه⁩	113
⁧عزا⁩	113
⁧عشقشون⁩	113
⁧عوضشون⁩	113
⁧قاتلان⁩	113
⁧قوس⁩	113
⁧لجبازی⁩	113
⁧لوول⁩	113
⁧ماتیاس⁩	113
⁧متعدد⁩	113
⁧مرگتونه⁩	113
⁧مرید⁩	113
⁧مشهورترین⁩	113
⁧میتوانید⁩	113
⁧میروم⁩	113
⁧میش⁩	113
⁧میشناخته⁩	113
⁧میمیرید⁩	113
⁧نخبه⁩	113
⁧نگاهمون⁩	113
⁧نگهداشتن⁩	113
⁧نیاوردیم⁩	113
⁧نیروهاش⁩	113
⁧هاو⁩	113
⁧هشیار⁩	113
⁧همانگونه⁩	113
⁧وره⁩	113
⁧پالتو⁩	113
⁧پد⁩	113
⁧چکاری⁩	113
⁧کارتونو⁩	113
⁧کافران⁩	113
⁧کثافتا⁩	113
⁧کردنتون⁩	113
⁧کشتمت⁩	113
⁧کشیدین⁩	113
⁧کلکی⁩	113
⁧کنمش⁩	113
⁧کونمو⁩	113
⁧گارسیو⁩	113
⁧گوک⁩	113
⁧آدل⁩	112
⁧آرامیس⁩	112
⁧آره،اما⁩	112
⁧آلمانها⁩	112
⁧آنا؟⁩	112
⁧اسبهای⁩	112
⁧اسپارک⁩	112
⁧افسونگر⁩	112
⁧اقلیت⁩	112
⁧الموتیان⁩	112
⁧امه⁩	112
⁧اینکارم⁩	112
⁧بارزینی⁩	112
⁧بالدار⁩	112
⁧برمون⁩	112
⁧بله،بله⁩	112
⁧بن؟⁩	112
⁧بپوسه⁩	112
⁧بچه؟⁩	112
⁧بیائید⁩	112
⁧تحسینت⁩	112
⁧ترتیبشون⁩	112
⁧جوابتون⁩	112
⁧حست⁩	112
⁧خشکش⁩	112
⁧خندن⁩	112
⁧خوندیش⁩	112
⁧خیالتون⁩	112
⁧دارتانیان⁩	112
⁧دردهای⁩	112
⁧زیادش⁩	112
⁧ساکتی⁩	112
⁧ششمین⁩	112
⁧شقه⁩	112
⁧صندلیت⁩	112
⁧صورتمو⁩	112
⁧ضرورت⁩	112
⁧ظاهرم⁩	112
⁧فامیلیش⁩	112
⁧فرسا⁩	112
⁧فرصتو⁩	112
⁧فرما⁩	112
⁧فلسطین⁩	112
⁧فوقش⁩	112
⁧قبرستونی⁩	112
⁧لانینگ⁩	112
⁧لوتوس⁩	112
⁧مابین⁩	112
⁧متناوب⁩	112
⁧مجبورتون⁩	112
⁧محسن⁩	112
⁧میخاره⁩	112
⁧میمیرین⁩	112
⁧میکشتی⁩	112
⁧ناخوشایندی⁩	112
⁧نبینمت⁩	112
⁧نسیت⁩	112
⁧نشناس⁩	112
⁧نفهمی⁩	112
⁧نگهدارید⁩	112
⁧نیارم⁩	112
⁧نیشت⁩	112
⁧واضحی⁩	112
⁧پرتابش⁩	112
⁧پرخاشگر⁩	112
⁧پستت⁩	112
⁧پسرشو⁩	112
⁧پطرس⁩	112
⁧پمپاژ⁩	112
⁧پیرز⁩	112
⁧چندوقته⁩	112
⁧چیزمو⁩	112
⁧کاراشو⁩	112
⁧کاستر⁩	112
⁧کینگز⁩	112
⁧گذاشتش⁩	112
⁧گیجم⁩	112
⁧آموخت⁩	111
⁧آنهاست⁩	111
⁧آیوار⁩	111
⁧ادمایی⁩	111
⁧ارثی⁩	111
⁧استراکر⁩	111
⁧استیت⁩	111
⁧اسمها⁩	111
⁧اعصابه⁩	111
⁧افقی⁩	111
⁧انهدام⁩	111
⁧اورت⁩	111
⁧اینش⁩	111
⁧ایکران⁩	111
⁧بابونه⁩	111
⁧بازیکنان⁩	111
⁧ببخشین؟⁩	111
⁧بدنمون⁩	111
⁧بشاشه⁩	111
⁧بکنیم؟⁩	111
⁧تانی⁩	111
⁧تبار⁩	111
⁧تنظیمات⁩	111
⁧تپل⁩	111
⁧جانش⁩	111
⁧جایش⁩	111
⁧جواهری⁩	111
⁧جورجی⁩	111
⁧حبوبات⁩	111
⁧حسنین⁩	111
⁧خدات⁩	111
⁧خدمتکارا⁩	111
⁧خدمتگزار⁩	111
⁧خوردنت⁩	111
⁧دخترهام⁩	111
⁧دنبالتن⁩	111
⁧دوشت⁩	111
⁧دوهزار⁩	111
⁧رابطم⁩	111
⁧راحتیه⁩	111
⁧راملیلا⁩	111
⁧رصد⁩	111
⁧روزتون⁩	111
⁧زانوش⁩	111
⁧زتا⁩	111
⁧سردر⁩	111
⁧غافلگیرش⁩	111
⁧غافلگیرم⁩	111
⁧غواص⁩	111
⁧فت⁩	111
⁧فرستی⁩	111
⁧فست⁩	111
⁧فلتچر⁩	111
⁧فیدل⁩	111
⁧قدغن⁩	111
⁧قرضه⁩	111
⁧لنکستر⁩	111
⁧متقاعدم⁩	111
⁧مضخرفه⁩	111
⁧میدهیم⁩	111
⁧نادرستی⁩	111
⁧نازنین⁩	111
⁧نترسیده⁩	111
⁧نریز⁩	111
⁧نفرتون⁩	111
⁧نمیشود⁩	111
⁧نویسندگی⁩	111
⁧نیها⁩	111
⁧هامپتی⁩	111
⁧هایمان⁩	111
⁧هیه⁩	111
⁧وااای⁩	111
⁧وانکو⁩	111
⁧ورودتون⁩	111
⁧وسواسی⁩	111
⁧وهله⁩	111
⁧ویتمور⁩	111
⁧پاساژ⁩	111
⁧پروتستان⁩	111
⁧پزی⁩	111
⁧پوف⁩	111
⁧چندانی⁩	111
⁧کری؟⁩	111
⁧کشوندم⁩	111
⁧کشیدنت⁩	111
⁧گردین⁩	111
⁧گلم⁩	111
⁧گوشات⁩	111
⁧گوگوریو⁩	111
⁧آشغالای⁩	110
⁧آفلاین⁩	110
⁧ابلیس⁩	110
⁧ادیس⁩	110
⁧استشمام⁩	110
⁧افکارش⁩	110
⁧الوار⁩	110
⁧الگویی⁩	110
⁧انباره⁩	110
⁧ایبتسن⁩	110
⁧ایری⁩	110
⁧بدانید⁩	110
⁧بدترم⁩	110
⁧بذاریدش⁩	110
⁧برادره⁩	110
⁧برنخوره⁩	110
⁧بروشور⁩	110
⁧بشمارم⁩	110
⁧بلاد⁩	110
⁧بندیم⁩	110
⁧بوربن⁩	110
⁧تردستی⁩	110
⁧ترکونده⁩	110
⁧تغییره⁩	110
⁧توپها⁩	110
⁧تیمه⁩	110
⁧جذبه⁩	110
⁧حدث⁩	110
⁧حسام⁩	110
⁧حسم⁩	110
⁧خلافش⁩	110
⁧خونه؟⁩	110
⁧خوکها⁩	110
⁧درهرصورت⁩	110
⁧دنبالمونه⁩	110
⁧دوبله⁩	110
⁧دونستین⁩	110
⁧رابرتسون⁩	110
⁧ربودن⁩	110
⁧رختخوابت⁩	110
⁧رهایش⁩	110
⁧ریوی⁩	110
⁧زری⁩	110
⁧زنشو⁩	110
⁧سؤالات⁩	110
⁧سراپا⁩	110
⁧سنگهای⁩	110
⁧سومالی⁩	110
⁧شدیده⁩	110
⁧شرما⁩	110
⁧شناسیش؟⁩	110
⁧شیلینگ⁩	110
⁧ضایعات⁩	110
⁧طراحیش⁩	110
⁧طنین⁩	110
⁧عزیزه⁩	110
⁧غاصب⁩	110
⁧فریم⁩	110
⁧قبالش⁩	110
⁧قت⁩	110
⁧قلقلک⁩	110
⁧لاکشمی⁩	110
⁧لبنان⁩	110
⁧مالکولم⁩	110
⁧مسترز⁩	110
⁧مشقت⁩	110
⁧معرفیش⁩	110
⁧منتقد⁩	110
⁧منوی⁩	110
⁧میدیدیم⁩	110
⁧میذاشتیم⁩	110
⁧میرسونیم⁩	110
⁧میگردی؟⁩	110
⁧نخونده⁩	110
⁧نشود⁩	110
⁧نفرستادم⁩	110
⁧نموندم⁩	110
⁧نمیتواند⁩	110
⁧نمیدونند⁩	110
⁧هدایای⁩	110
⁧همراهشه⁩	110
⁧همسفر⁩	110
⁧همکارات⁩	110
⁧هیولاهایی⁩	110
⁧وجودی⁩	110
⁧وسایلمو⁩	110
⁧پادشاهش⁩	110
⁧پسرات⁩	110
⁧پناهگاهی⁩	110
⁧پولشونو⁩	110
⁧پیرت⁩	110
⁧پیغامتون⁩	110
⁧پیچید⁩	110
⁧پیگیر⁩	110
⁧ژامبون⁩	110
⁧کتری⁩	110
⁧کدی⁩	110
⁧کسری⁩	110
⁧کفشش⁩	110
⁧کونده⁩	110
⁧گانر⁩	110
⁧گمت⁩	110
⁧گودوین⁩	110
⁧گویندا⁩	110
⁧ائتلاف⁩	109
⁧اختراعش⁩	109
⁧استاین⁩	109
⁧استحکام⁩	109
⁧استرایکر⁩	109
⁧اقایان⁩	109
⁧الوین⁩	109
⁧انتظاره⁩	109
⁧انتقامت⁩	109
⁧اومار⁩	109
⁧باباجون⁩	109
⁧باخودم⁩	109
⁧بافته⁩	109
⁧بالدوین⁩	109
⁧ببیندت⁩	109
⁧بدوه⁩	109
⁧بشمر⁩	109
⁧بندت⁩	109
⁧بیزار⁩	109
⁧ترسیدیم⁩	109
⁧تلویزیونه⁩	109
⁧تپ⁩	109
⁧جابجاش⁩	109
⁧جادوت⁩	109
⁧خوردگی⁩	109
⁧دئون⁩	109
⁧دهندگان⁩	109
⁧دیگل⁩	109
⁧رابینز⁩	109
⁧روانپزشکی⁩	109
⁧رونان⁩	109
⁧ریئس⁩	109
⁧زاره⁩	109
⁧زوردان⁩	109
⁧زیبائی⁩	109
⁧ساختین⁩	109
⁧سبقت⁩	109
⁧سلاحت⁩	109
⁧سلب⁩	109
⁧سوابقش⁩	109
⁧سوزونه⁩	109
⁧شدیدتر⁩	109
⁧طرف؟⁩	109
⁧طلبت⁩	109
⁧عاشقونه⁩	109
⁧عصرتون⁩	109
⁧فرز⁩	109
⁧فصلی⁩	109
⁧فکرتو⁩	109
⁧قربونت⁩	109
⁧قفلی⁩	109
⁧لیرد⁩	109
⁧مؤثر⁩	109
⁧مالاریا⁩	109
⁧ماهیشماتی⁩	109
⁧مبهمه⁩	109
⁧متشکرم،⁩	109
⁧مجازه⁩	109
⁧مردمانی⁩	109
⁧مسخرت⁩	109
⁧مصیبتی⁩	109
⁧مظنونی⁩	109
⁧معادلات⁩	109
⁧معروفترین⁩	109
⁧مقالات⁩	109
⁧مقدونیه⁩	109
⁧منطبق⁩	109
⁧میگویم⁩	109
⁧نرسیدی⁩	109
⁧نه٬⁩	109
⁧نوید⁩	109
⁧نکند⁩	109
⁧نیازش⁩	109
⁧نیکل⁩	109
⁧هممم؟⁩	109
⁧هیز⁩	109
⁧پرتم⁩	109
⁧پیشونی⁩	109
⁧پیشین⁩	109
⁧چخه⁩	109
⁧چروکین⁩	109
⁧کارولینای⁩	109
⁧کازینوی⁩	109
⁧کتنس⁩	109
⁧کریدی⁩	109
⁧کمربندتو⁩	109
⁧کمیل⁩	109
⁧کندال⁩	109
⁧کنونی⁩	109
⁧گرنتام⁩	109
⁧گروگانها⁩	109
⁧گورخر⁩	109
⁧گینه⁩	109
⁧یونو⁩	109
⁧ییگر⁩	109
⁧آمادگیشو⁩	108
⁧آنجایی⁩	108
⁧استنتون⁩	108
⁧استنشاق⁩	108
⁧اشیای⁩	108
⁧اینطوریه؟⁩	108
⁧ایگ⁩	108
⁧بازیگره⁩	108
⁧ببرمشون⁩	108
⁧ببرها⁩	108
⁧ببیننت⁩	108
⁧بلیکوف⁩	108
⁧بنسون⁩	108
⁧بیافتم⁩	108
⁧تختی⁩	108
⁧تماست⁩	108
⁧تنته⁩	108
⁧تنگو⁩	108
⁧جذبش⁩	108
⁧خدماتی⁩	108
⁧خندیدی⁩	108
⁧خوت⁩	108
⁧دارنلی⁩	108
⁧دستشوئی⁩	108
⁧دوجانبه⁩	108
⁧دیکه⁩	108
⁧سانیر⁩	108
⁧ساگارا⁩	108
⁧سرا⁩	108
⁧سوسکه⁩	108
⁧شهوانی⁩	108
⁧طرفین⁩	108
⁧طلائی⁩	108
⁧عقلانی⁩	108
⁧عود⁩	108
⁧فاتحه⁩	108
⁧فدراله⁩	108
⁧فراغت⁩	108
⁧فرجام⁩	108
⁧فردای⁩	108
⁧فرصتیه⁩	108
⁧فلسطینی⁩	108
⁧فندق⁩	108
⁧قاط⁩	108
⁧مارونی⁩	108
⁧ماچته⁩	108
⁧مقصدمون⁩	108
⁧مهارتت⁩	108
⁧موافقین⁩	108
⁧میخان⁩	108
⁧میخوابن⁩	108
⁧میخوردن⁩	108
⁧میخوندی⁩	108
⁧نجیبی⁩	108
⁧نمکه⁩	108
⁧نمیبینمش⁩	108
⁧نمیرسم⁩	108
⁧نواز⁩	108
⁧نپال⁩	108
⁧نکشین⁩	108
⁧نیومدین⁩	108
⁧واجبه⁩	108
⁧واروس⁩	108
⁧واقعیتی⁩	108
⁧وندال⁩	108
⁧وندل⁩	108
⁧پشمی⁩	108
⁧پورتوس⁩	108
⁧پوشوندن⁩	108
⁧پیشنهادتون⁩	108
⁧پیچه⁩	108
⁧چطورین؟⁩	108
⁧کارلتون⁩	108
⁧کامپیوترم⁩	108
⁧کلاسیکه⁩	108
⁧کمیابه⁩	108
⁧کورتز⁩	108
⁧کوهه⁩	108
⁧کیز⁩	108
⁧گروبر⁩	108
⁧گلبرگ⁩	108
⁧گناهش⁩	108
⁧یوتا⁩	108
⁧آدا⁩	107
⁧آرو⁩	107
⁧آزاری⁩	107
⁧آلتت⁩	107
⁧آمریکاییها⁩	107
⁧اجزای⁩	107
⁧اخباری⁩	107
⁧اعترافی⁩	107
⁧انگ⁩	107
⁧ایلیا⁩	107
⁧بااین⁩	107
⁧بادقت⁩	107
⁧بازگشتم⁩	107
⁧بالان⁩	107
⁧بسپاری⁩	107
⁧بشناس⁩	107
⁧بشوم⁩	107
⁧بچگانه⁩	107
⁧بیافتی⁩	107
⁧بیزارم⁩	107
⁧بیمارم⁩	107
⁧تاتل⁩	107
⁧ترسش⁩	107
⁧تفنگداران⁩	107
⁧تلفنتون⁩	107
⁧تکبر⁩	107
⁧جانه⁩	107
⁧جدیدته⁩	107
⁧جلویه⁩	107
⁧جوابه⁩	107
⁧جیکب⁩	107
⁧حتمآ⁩	107
⁧حرکتمون⁩	107
⁧خرچنگی⁩	107
⁧درای⁩	107
⁧درگیره⁩	107
⁧دزدیم⁩	107
⁧رقیق⁩	107
⁧رهات⁩	107
⁧رورک⁩	107
⁧روهیت⁩	107
⁧رویام⁩	107
⁧سابرینا⁩	107
⁧ساعتو⁩	107
⁧سالشه؟⁩	107
⁧سرهای⁩	107
⁧سزاوارش⁩	107
⁧سندرز⁩	107
⁧سیاستمداران⁩	107
⁧سینکلر⁩	107
⁧شجاعتت⁩	107
⁧شروعی⁩	107
⁧شهرتون⁩	107
⁧عاجز⁩	107
⁧عمره⁩	107
⁧عینکت⁩	107
⁧فروم⁩	107
⁧قدرتهای⁩	107
⁧قراردادمون⁩	107
⁧لشت⁩	107
⁧مؤدبانه⁩	107
⁧مارلون⁩	107
⁧متنفریم⁩	107
⁧مشه⁩	107
⁧مصرفی⁩	107
⁧مقصره⁩	107
⁧منده⁩	107
⁧میدونستند⁩	107
⁧میشورم⁩	107
⁧میپاشه⁩	107
⁧میگردند⁩	107
⁧ندادید⁩	107
⁧نمیدارم⁩	107
⁧نمیفتاد⁩	107
⁧نوبتت⁩	107
⁧نوشتمش⁩	107
⁧هایتان⁩	107
⁧هذیان⁩	107
⁧هواکش⁩	107
⁧والاتر⁩	107
⁧وجهه⁩	107
⁧ورودش⁩	107
⁧ویلند⁩	107
⁧پائولی⁩	107
⁧پستش⁩	107
⁧پلانکتون⁩	107
⁧پینک⁩	107
⁧چنانچه⁩	107
⁧کدوم؟⁩	107
⁧کودکانه⁩	107
⁧کونتون⁩	107
⁧کیلوگرم⁩	107
⁧گذران⁩	107
⁧گردوند⁩	107
⁧گیلیس⁩	107
⁧یهودیا⁩	107
⁧آنجلینا⁩	106
⁧احترامات⁩	106
⁧احسن⁩	106
⁧ازدحام⁩	106
⁧ازدواجی⁩	106
⁧استاکس⁩	106
⁧استراتژیک⁩	106
⁧استگ⁩	106
⁧المان⁩	106
⁧انحصار⁩	106
⁧انگشتان⁩	106
⁧اواز⁩	106
⁧اوتر⁩	106
⁧اولد⁩	106
⁧اینن⁩	106
⁧باخودت⁩	106
⁧باربر⁩	106
⁧باروری⁩	106
⁧بالغی⁩	106
⁧براه⁩	106
⁧برایتان⁩	106
⁧بردارش⁩	106
⁧برمیگردین⁩	106
⁧برمیگشتم⁩	106
⁧بسمه⁩	106
⁧بلفورت⁩	106
⁧بهیچ⁩	106
⁧بکشتت⁩	106
⁧بگذر⁩	106
⁧بیگناهم⁩	106
⁧تاریخه⁩	106
⁧تشبیه⁩	106
⁧توتم⁩	106
⁧جرائمی⁩	106
⁧حدسی⁩	106
⁧حسابرسی⁩	106
⁧خونمه⁩	106
⁧خونمو⁩	106
⁧دانمارک⁩	106
⁧دشمنامون⁩	106
⁧دشمنش⁩	106
⁧دشواری⁩	106
⁧دورتره⁩	106
⁧دورشو⁩	106
⁧دگرگونی⁩	106
⁧رستورانه⁩	106
⁧زالو⁩	106
⁧زیارت⁩	106
⁧زیرپوش⁩	106
⁧سرزمینهای⁩	106
⁧سعیت⁩	106
⁧شناختیم⁩	106
⁧شناگر⁩	106
⁧عشاق⁩	106
⁧عمرتو⁩	106
⁧فرضا⁩	106
⁧فروختیم⁩	106
⁧فوقالعاده⁩	106
⁧فیلمم⁩	106
⁧لاشخورها⁩	106
⁧لاکهارت⁩	106
⁧مانیکا⁩	106
⁧متاهله⁩	106
⁧مترومن⁩	106
⁧محک⁩	106
⁧مسئولی⁩	106
⁧مسی⁩	106
⁧میافتیم⁩	106
⁧میدیدن⁩	106
⁧میذاشتن⁩	106
⁧میچرخن⁩	106
⁧میگذاره⁩	106
⁧میگفته⁩	106
⁧ناخودآگاهش⁩	106
⁧نسا⁩	106
⁧نمیخواستن⁩	106
⁧نمیشناسن⁩	106
⁧نندازی⁩	106
⁧نوبه⁩	106
⁧نگهبانای⁩	106
⁧نگهبانه⁩	106
⁧نیک؟⁩	106
⁧هاید⁩	106
⁧هضمش⁩	106
⁧وارنر⁩	106
⁧واستاده⁩	106
⁧ورجه⁩	106
⁧ویتنامی⁩	106
⁧پتوی⁩	106
⁧پرشین⁩	106
⁧پریان⁩	106
⁧پلیسهای⁩	106
⁧کاهو⁩	106
⁧کربی⁩	106
⁧کلان⁩	106
⁧کلرادو⁩	106
⁧کلیدو⁩	106
⁧کلیساست⁩	106
⁧گلخونه⁩	106
⁧گوستاوو⁩	106
⁧آجری⁩	105
⁧آجی⁩	105
⁧آره،خب⁩	105
⁧آهنگساز⁩	105
⁧آویزان⁩	105
⁧آگست⁩	105
⁧ارتشت⁩	105
⁧استراحتگاه⁩	105
⁧استقرار⁩	105
⁧استناد⁩	105
⁧استیشن⁩	105
⁧اطرافتون⁩	105
⁧امو⁩	105
⁧انتقالی⁩	105
⁧اینطرفا⁩	105
⁧بائر⁩	105
⁧بالام⁩	105
⁧برمیگردونی⁩	105
⁧بسوزونم⁩	105
⁧بشاشی⁩	105
⁧بشون⁩	105
⁧بع⁩	105
⁧بنویسین⁩	105
⁧بکشیمشون⁩	105
⁧بگذرن⁩	105
⁧بیم⁩	105
⁧تارتاروس⁩	105
⁧تحویلت⁩	105
⁧تخمیت⁩	105
⁧تواین⁩	105
⁧جبر⁩	105
⁧حساسم⁩	105
⁧حواله⁩	105
⁧خا⁩	105
⁧خدمتکاری⁩	105
⁧خشکسالی⁩	105
⁧داریه⁩	105
⁧دربیارید⁩	105
⁧درسم⁩	105
⁧درکشون⁩	105
⁧دزدیدیش⁩	105
⁧دهمین⁩	105
⁧دودول⁩	105
⁧دوگل⁩	105
⁧ربانی⁩	105
⁧روسا⁩	105
⁧زادگاه⁩	105
⁧زشتم⁩	105
⁧زیرت⁩	105
⁧سختتر⁩	105
⁧سیتادل⁩	105
⁧شادترین⁩	105
⁧صلحی⁩	105
⁧طرفدارهای⁩	105
⁧عهدنامه⁩	105
⁧غمگینی⁩	105
⁧فاوست⁩	105
⁧فرصتت⁩	105
⁧فیلیپا⁩	105
⁧لطفتون⁩	105
⁧لوزالمعده⁩	105
⁧لیاقتت⁩	105
⁧ماشینشو⁩	105
⁧ماموریتش⁩	105
⁧متحدان⁩	105
⁧مجازاتی⁩	105
⁧مجرمانه⁩	105
⁧مدارا⁩	105
⁧معاونت⁩	105
⁧ملیه⁩	105
⁧منتظرتونه⁩	105
⁧مندم⁩	105
⁧مهارتهای⁩	105
⁧موادمخدر⁩	105
⁧موریسون⁩	105
⁧موطلایی⁩	105
⁧میبازی⁩	105
⁧میخندم⁩	105
⁧میدزدی⁩	105
⁧میسپارم⁩	105
⁧نارسایی⁩	105
⁧ناقصه⁩	105
⁧نخوان⁩	105
⁧هرناندز⁩	105
⁧وخیمه⁩	105
⁧ورت⁩	105
⁧ویدئوی⁩	105
⁧ویل؟⁩	105
⁧پاکان⁩	105
⁧پترا⁩	105
⁧پروازتون⁩	105
⁧پلیسیم⁩	105
⁧پیراشکی⁩	105
⁧چنکوف⁩	105
⁧چیزیمون⁩	105
⁧کارامون⁩	105
⁧کانوی⁩	105
⁧کرد؟⁩	105
⁧کلنجار⁩	105
⁧گارنر⁩	105
⁧یوگی⁩	105
⁧آرزوهات⁩	104
⁧آلدو⁩	104
⁧ادبانه⁩	104
⁧اسمشه⁩	104
⁧امریکای⁩	104
⁧انت⁩	104
⁧انگیزترین⁩	104
⁧ایثر⁩	104
⁧اینجائی⁩	104
⁧بازیمون⁩	104
⁧بالم⁩	104
⁧بامپی⁩	104
⁧باوری⁩	104
⁧برانکس⁩	104
⁧بقیشو⁩	104
⁧بمانم⁩	104
⁧بیاریدشون⁩	104
⁧بیسکوئیت⁩	104
⁧تترو⁩	104
⁧ترکوندم⁩	104
⁧ترکیده⁩	104
⁧تماستون⁩	104
⁧توباید⁩	104
⁧جدیدشون⁩	104
⁧جراتی⁩	104
⁧جروبحث⁩	104
⁧جماهیر⁩	104
⁧حلا⁩	104
⁧خبرتون⁩	104
⁧خبرچینی⁩	104
⁧خجالتیه⁩	104
⁧خعلی⁩	104
⁧خلاصی⁩	104
⁧دارنده⁩	104
⁧داستانهایی⁩	104
⁧دفتره⁩	104
⁧دفنشون⁩	104
⁧دلاوری⁩	104
⁧دوکز⁩	104
⁧ذ⁩	104
⁧راستین⁩	104
⁧رزیتا⁩	104
⁧روشو⁩	104
⁧زاکیا⁩	104
⁧زمینهای⁩	104
⁧ساندویچی⁩	104
⁧ساوانا⁩	104
⁧سرشناس⁩	104
⁧سلاحها⁩	104
⁧شاگردی⁩	104
⁧شناسنامه⁩	104
⁧شکرگذاری⁩	104
⁧شکلک⁩	104
⁧شیاد⁩	104
⁧شیو⁩	104
⁧صحبتم⁩	104
⁧طنابها⁩	104
⁧فاولر⁩	104
⁧فجیعی⁩	104
⁧فراخوان⁩	104
⁧فکرایی⁩	104
⁧قرنها⁩	104
⁧لول⁩	104
⁧متمایز⁩	104
⁧متنفرند⁩	104
⁧مجادله⁩	104
⁧مجارستان⁩	104
⁧محافظتی⁩	104
⁧محضر⁩	104
⁧مرتبطه⁩	104
⁧معروفم⁩	104
⁧مهمونمون⁩	104
⁧موتورت⁩	104
⁧مورالس⁩	104
⁧موقرمز⁩	104
⁧میبودی⁩	104
⁧میخندید⁩	104
⁧میشینن⁩	104
⁧میکشونه⁩	104
⁧میکل⁩	104
⁧نامفهوم⁩	104
⁧نعنایی⁩	104
⁧نفهمیم⁩	104
⁧نمیگفت⁩	104
⁧نگذشت⁩	104
⁧نیکولز⁩	104
⁧هاب⁩	104
⁧هتلم⁩	104
⁧هردوتا⁩	104
⁧هلم⁩	104
⁧ویولت⁩	104
⁧پشتتو⁩	104
⁧پیشونیت⁩	104
⁧چاقویی⁩	104
⁧کجائی⁩	104
⁧کرول⁩	104
⁧کریستا⁩	104
⁧کلاین⁩	104
⁧گفتنت⁩	104
⁧آشغالن⁩	103
⁧آلتش⁩	103
⁧آموزا⁩	103
⁧ابهام⁩	103
⁧استارلبز⁩	103
⁧اعتمادشون⁩	103
⁧الیا⁩	103
⁧امبولانس⁩	103
⁧امدن⁩	103
⁧اندازش⁩	103
⁧انزوا⁩	103
⁧اولشم⁩	103
⁧ایستر⁩	103
⁧اینقدرها⁩	103
⁧باخودش⁩	103
⁧ببندیمش⁩	103
⁧بسازند⁩	103
⁧بشمرم⁩	103
⁧بلغارستان⁩	103
⁧بلندم⁩	103
⁧بکوب⁩	103
⁧بیریخت⁩	103
⁧تجهیز⁩	103
⁧ترکشون⁩	103
⁧تیل⁩	103
⁧تیمتون⁩	103
⁧جانگو⁩	103
⁧جولیوس⁩	103
⁧حالات⁩	103
⁧حیواناتی⁩	103
⁧خانمهای⁩	103
⁧خطرن⁩	103
⁧درهر⁩	103
⁧دندونش⁩	103
⁧دیپلمات⁩	103
⁧دیکتاتوری⁩	103
⁧راندا⁩	103
⁧رانندگیت⁩	103
⁧رایحه⁩	103
⁧رولند⁩	103
⁧روپرت⁩	103
⁧زوبا⁩	103
⁧زیرکی⁩	103
⁧سخره⁩	103
⁧سرورها⁩	103
⁧شاهدها⁩	103
⁧شاون⁩	103
⁧شرافتمند⁩	103
⁧شکله⁩	103
⁧شیث⁩	103
⁧صداشونو⁩	103
⁧صورتیه⁩	103
⁧علفزار⁩	103
⁧عمان⁩	103
⁧فا⁩	103
⁧فجیع⁩	103
⁧فروشیه⁩	103
⁧لباسهام⁩	103
⁧لرزید⁩	103
⁧لزوم⁩	103
⁧مامانته⁩	103
⁧مراقبته⁩	103
⁧مستحقش⁩	103
⁧مسیرت⁩	103
⁧مشروع⁩	103
⁧معطوف⁩	103
⁧مقتدر⁩	103
⁧موندنه⁩	103
⁧موهاتون⁩	103
⁧میمونا⁩	103
⁧میگ⁩	103
⁧نامشخصه⁩	103
⁧نجنگ⁩	103
⁧ننداخته⁩	103
⁧نیترات⁩	103
⁧هاا⁩	103
⁧هارلان⁩	103
⁧هالووی⁩	103
⁧هوابند⁩	103
⁧هیاهو⁩	103
⁧ولنتینا⁩	103
⁧پش⁩	103
⁧پوششت⁩	103
⁧پیامد⁩	103
⁧چرخید⁩	103
⁧چسبونده⁩	103
⁧چفت⁩	103
⁧کینم⁩	103
⁧گاوی⁩	103
⁧گاوین⁩	103
⁧گاییدی⁩	103
⁧یوسئونگ⁩	103
⁧آسمونه⁩	102
⁧استادش⁩	102
⁧استحکامات⁩	102
⁧اسما⁩	102
⁧اعانه⁩	102
⁧اودا⁩	102
⁧اولمو⁩	102
⁧ایز⁩	102
⁧ایین⁩	102
⁧ببخشیم⁩	102
⁧بزرگترها⁩	102
⁧بشتر⁩	102
⁧بشکل⁩	102
⁧بومبور⁩	102
⁧بیر⁩	102
⁧تز⁩	102
⁧تعریفی⁩	102
⁧تعطیلش⁩	102
⁧توافقمون⁩	102
⁧تونستی؟⁩	102
⁧تگ⁩	102
⁧تیلا⁩	102
⁧ثانوی⁩	102
⁧جاسمین⁩	102
⁧جالبتر⁩	102
⁧جذابیه⁩	102
⁧جنایتکاران⁩	102
⁧جنگها⁩	102
⁧حیون⁩	102
⁧خرجی⁩	102
⁧خیرخواه⁩	102
⁧دادخواهی⁩	102
⁧دانستم⁩	102
⁧درستت⁩	102
⁧دوستاشون⁩	102
⁧دوستامه⁩	102
⁧دومنیک⁩	102
⁧دیگس⁩	102
⁧رئوف⁩	102
⁧روحتم⁩	102
⁧رینولدز⁩	102
⁧ساختگیه⁩	102
⁧سقفه⁩	102
⁧سموم⁩	102
⁧سنداستورم⁩	102
⁧سوزوندی⁩	102
⁧سولارا⁩	102
⁧سپرت⁩	102
⁧شاشیدم⁩	102
⁧شاهان⁩	102
⁧شاوشنک⁩	102
⁧شمارت⁩	102
⁧شماهم⁩	102
⁧شنوید⁩	102
⁧شینیگامی⁩	102
⁧طبیعته⁩	102
⁧طوریش⁩	102
⁧فرگوسن⁩	102
⁧فرید⁩	102
⁧فناپذیر⁩	102
⁧فهمیدید؟⁩	102
⁧فوریت⁩	102
⁧فکرکردی⁩	102
⁧ق⁩	102
⁧قابلمه⁩	102
⁧قاتلا⁩	102
⁧قطعیه⁩	102
⁧قمر⁩	102
⁧مارشا⁩	102
⁧ماندوا⁩	102
⁧ماهش⁩	102
⁧مایکلز⁩	102
⁧متفقین⁩	102
⁧مجاور⁩	102
⁧مخالفی⁩	102
⁧مدلش⁩	102
⁧ملفیسنت⁩	102
⁧منگ⁩	102
⁧میخندی؟⁩	102
⁧میدونی،من⁩	102
⁧میرقصیم⁩	102
⁧میریزیم⁩	102
⁧میشناسند⁩	102
⁧میندازمش⁩	102
⁧میویس⁩	102
⁧ناخوشی⁩	102
⁧نامادری⁩	102
⁧ناممکن⁩	102
⁧نبرم⁩	102
⁧نترسیدی⁩	102
⁧هاوکینگ⁩	102
⁧هری؟⁩	102
⁧هنرمندی⁩	102
⁧هنگامیکه⁩	102
⁧هولوگرام⁩	102
⁧ووا⁩	102
⁧پاتریشیا⁩	102
⁧پارادوکس⁩	102
⁧چاقم⁩	102
⁧چشمامون⁩	102
⁧کابال⁩	102
⁧کارگرهای⁩	102
⁧کتبی⁩	102
⁧کرگ⁩	102
⁧کسشعر⁩	102
⁧کلایتون⁩	102
⁧گردنه⁩	102
⁧گریان⁩	102
⁧گوشزد⁩	102
⁧آفرید⁩	101
⁧آمیاس⁩	101
⁧ادلر⁩	101
⁧اسکراپی⁩	101
⁧اسکینر⁩	101
⁧اعضاء⁩	101
⁧افرادتو⁩	101
⁧السلام⁩	101
⁧اموز⁩	101
⁧انیمیشن⁩	101
⁧اگوست⁩	101
⁧باارزشه⁩	101
⁧ببنیم⁩	101
⁧بدور⁩	101
⁧براینی⁩	101
⁧برطبق⁩	101
⁧بسختی⁩	101
⁧بونو⁩	101
⁧بینیه⁩	101
⁧تخماش⁩	101
⁧تسریع⁩	101
⁧تقصیری⁩	101
⁧تلاششون⁩	101
⁧تلوزیونی⁩	101
⁧تچ⁩	101
⁧ثروتش⁩	101
⁧جامد⁩	101
⁧جرا⁩	101
⁧جنایتکارها⁩	101
⁧جیزی⁩	101
⁧حسودیش⁩	101
⁧حمایتی⁩	101
⁧خانوم؟⁩	101
⁧خب،ما⁩	101
⁧خبرمون⁩	101
⁧خدایانی⁩	101
⁧خوابای⁩	101
⁧داروساز⁩	101
⁧دوربینی⁩	101
⁧دوستدارم⁩	101
⁧رنگهای⁩	101
⁧روبرتا⁩	101
⁧روزایی⁩	101
⁧ریدل⁩	101
⁧زاپاتا⁩	101
⁧زخمم⁩	101
⁧زرین⁩	101
⁧سرتونو⁩	101
⁧سردرگمی⁩	101
⁧سمیه⁩	101
⁧شدگان⁩	101
⁧شنویم⁩	101
⁧صحبتمون⁩	101
⁧صحبتهای⁩	101
⁧صفرا⁩	101
⁧عبدالله⁩	101
⁧عروق⁩	101
⁧عینکم⁩	101
⁧فروختمش⁩	101
⁧فضاییه⁩	101
⁧قزاقستان⁩	101
⁧لاودا⁩	101
⁧لطیفه⁩	101
⁧مادرا⁩	101
⁧ماهیانه⁩	101
⁧مخشو⁩	101
⁧میاریش⁩	101
⁧میترسی؟⁩	101
⁧میشناختیش⁩	101
⁧میلرزی⁩	101
⁧میلیونه⁩	101
⁧نشنیدی؟⁩	101
⁧نفعت⁩	101
⁧نمیزارن⁩	101
⁧نمیگفتم⁩	101
⁧ننوشتی⁩	101
⁧نکشتن⁩	101
⁧نگیرن⁩	101
⁧هروتگار⁩	101
⁧هیچکاک⁩	101
⁧والار⁩	101
⁧وایستم⁩	101
⁧وایولت⁩	101
⁧وسیعی⁩	101
⁧ولادیمیر⁩	101
⁧ولتری⁩	101
⁧پارازیت⁩	101
⁧پتاسیم⁩	101
⁧پدرشم⁩	101
⁧پرسن⁩	101
⁧پسته⁩	101
⁧پسرو⁩	101
⁧پنجمی⁩	101
⁧پونتون⁩	101
⁧پوگو⁩	101
⁧چمدونت⁩	101
⁧کاربر⁩	101
⁧کتش⁩	101
⁧گاتری⁩	101
⁧گردونید⁩	101
⁧گوترد⁩	101
⁧گولد⁩	101
⁧آرامشه⁩	100
⁧آقاهه⁩	100
⁧اتاقمون⁩	100
⁧اجدادمون⁩	100
⁧ارزوی⁩	100
⁧اسماعیل⁩	100
⁧اسپایک⁩	100
⁧اشه⁩	100
⁧الغول⁩	100
⁧باکو⁩	100
⁧بتوانم⁩	100
⁧بخندن⁩	100
⁧بشناسیش⁩	100
⁧بلکوی⁩	100
⁧تاپر⁩	100
⁧تصمیماتی⁩	100
⁧تعدیل⁩	100
⁧تیلر⁩	100
⁧جایگر⁩	100
⁧جرن⁩	100
⁧جریانش⁩	100
⁧جسده⁩	100
⁧جو؟⁩	100
⁧حوش⁩	100
⁧حکمی⁩	100
⁧خوابمون⁩	100
⁧خوب،پس⁩	100
⁧خورخه⁩	100
⁧دایه⁩	100
⁧درستکاری⁩	100
⁧دریاست⁩	100
⁧دزدیدند⁩	100
⁧دقایق⁩	100
⁧دیان⁩	100
⁧دیسپتیکان⁩	100
⁧ردراک⁩	100
⁧ریزم⁩	100
⁧زمانم⁩	100
⁧زیردست⁩	100
⁧سلامتیت⁩	100
⁧سمینار⁩	100
⁧سنجاقک⁩	100
⁧سوارت⁩	100
⁧شامی⁩	100
⁧شبونه⁩	100
⁧شماهاست⁩	100
⁧شکاک⁩	100
⁧فرارش⁩	100
⁧فرانچسکا⁩	100
⁧فرزندانم⁩	100
⁧فهمند⁩	100
⁧قاصد⁩	100
⁧لاغره⁩	100
⁧لگولاس⁩	100
⁧محبوبیت⁩	100
⁧مخاطب⁩	100
⁧مصرفه⁩	100
⁧مطمئنید؟⁩	100
⁧معطلشون⁩	100
⁧مناقصه⁩	100
⁧منبعی⁩	100
⁧موزلی⁩	100
⁧موقعیتم⁩	100
⁧مونته⁩	100
⁧میپرسیدم⁩	100
⁧ندزدیده⁩	100
⁧نزدیکت⁩	100
⁧نفر؟⁩	100
⁧نمیشینی⁩	100
⁧نمیفهمید⁩	100
⁧نگهدارم⁩	100
⁧نیاوردن⁩	100
⁧هاکو⁩	100
⁧ورای⁩	100
⁧وینترز⁩	100
⁧پدرانه⁩	100
⁧پرتاپ⁩	100
⁧پروازش⁩	100
⁧چهاره⁩	100
⁧ژولیت⁩	100
⁧کالاهان⁩	100
⁧کتابچه⁩	100
⁧کریل⁩	100
⁧کز⁩	100
⁧کلوسو⁩	100
⁧کوتاهش⁩	100
⁧کودکستان⁩	100
⁧کوکا⁩	100
⁧کیرمو⁩	100
⁧آره،تو⁩	99
⁧آلتم⁩	99
⁧آلدوس⁩	99
⁧اجدادم⁩	99
⁧استخدامی⁩	99
⁧اصطلاحی⁩	99
⁧اعتنا⁩	99
⁧افتند⁩	99
⁧افراط⁩	99
⁧الاکی⁩	99
⁧الگوهای⁩	99
⁧اونصورت⁩	99
⁧اونن⁩	99
⁧بادیگارد⁩	99
⁧بازنویسی⁩	99
⁧باندازه⁩	99
⁧برسلین⁩	99
⁧برقه⁩	99
⁧برمیومد⁩	99
⁧برنمیداری⁩	99
⁧بشناسید⁩	99
⁧بورک⁩	99
⁧بچست⁩	99
⁧بینتون⁩	99
⁧تابستونه⁩	99
⁧تاجی⁩	99
⁧تراشی⁩	99
⁧ترکید⁩	99
⁧تساوی⁩	99
⁧تشخیصش⁩	99
⁧تلاشتون⁩	99
⁧تلفنتو⁩	99
⁧تماشاش⁩	99
⁧تنهائی⁩	99
⁧حالتش⁩	99
⁧حلقت⁩	99
⁧حمایتش⁩	99
⁧خبرشون⁩	99
⁧خبرگزاری⁩	99
⁧خدایی؟⁩	99
⁧خشمش⁩	99
⁧خلا⁩	99
⁧خواهرات⁩	99
⁧داستانیه⁩	99
⁧دانشمندا⁩	99
⁧دانشمندی⁩	99
⁧داگی⁩	99
⁧دخلمون⁩	99
⁧دغدغه⁩	99
⁧دلنشین⁩	99
⁧دنبالمه⁩	99
⁧دیگرو⁩	99
⁧راستتون⁩	99
⁧زنایی⁩	99
⁧زندن⁩	99
⁧سلی⁩	99
⁧شرکتهای⁩	99
⁧صفات⁩	99
⁧ضدعفونی⁩	99
⁧عمویم⁩	99
⁧فرانسوا⁩	99
⁧فشاره⁩	99
⁧فونگ⁩	99
⁧قرارداده⁩	99
⁧قسمته⁩	99
⁧قیر⁩	99
⁧لازمشون⁩	99
⁧لوگو⁩	99
⁧لیان⁩	99
⁧مانعش⁩	99
⁧مسئولان⁩	99
⁧مسکونی⁩	99
⁧مغزتون⁩	99
⁧مقدارش⁩	99
⁧ممنوعیت⁩	99
⁧منطورم⁩	99
⁧منهای⁩	99
⁧مهمونای⁩	99
⁧مورداک⁩	99
⁧موندنت⁩	99
⁧مکانه⁩	99
⁧میشمرم⁩	99
⁧میکنم؟⁩	99
⁧ناگفته⁩	99
⁧نشناختمت⁩	99
⁧نمیگین⁩	99
⁧نوردی⁩	99
⁧نیافتاد⁩	99
⁧هراسان⁩	99
⁧همکاراش⁩	99
⁧هوود⁩	99
⁧واژگون⁩	99
⁧واگیردار⁩	99
⁧وایسن⁩	99
⁧وقتمونو⁩	99
⁧ویتکر⁩	99
⁧پرداختی⁩	99
⁧پسرتم⁩	99
⁧چراغو⁩	99
⁧ژرف⁩	99
⁧کاتلین⁩	99
⁧کارآمد⁩	99
⁧کاغذها⁩	99
⁧کانور⁩	99
⁧کتابدار⁩	99
⁧کلری⁩	99
⁧کواید⁩	99
⁧گذشتگی⁩	99
⁧یاندو⁩	99
⁧یونایتد⁩	99
⁧آرندل⁩	98
⁧آریادنی⁩	98
⁧آیم⁩	98
⁧ابونظیر⁩	98
⁧اجابت⁩	98
⁧اختاپوس⁩	98
⁧اختیارش⁩	98
⁧ادبیه⁩	98
⁧ارزونه⁩	98
⁧استکهاوس⁩	98
⁧اصلآ⁩	98
⁧اطرافو⁩	98
⁧اعتبارش⁩	98
⁧انجلینا⁩	98
⁧اندر⁩	98
⁧انور⁩	98
⁧اونجاییکه⁩	98
⁧بازداشته⁩	98
⁧بازگشتی⁩	98
⁧بترکه⁩	98
⁧بدردنخور⁩	98
⁧برادرتم⁩	98
⁧بسپارم⁩	98
⁧بفرستیمش⁩	98
⁧بنابرین⁩	98
⁧بپیچونی⁩	98
⁧بیشمار⁩	98
⁧تئودن⁩	98
⁧ترکی⁩	98
⁧جانانه⁩	98
⁧جاک⁩	98
⁧جرمت⁩	98
⁧حرکاتش⁩	98
⁧حماقته⁩	98
⁧خب،اگه⁩	98
⁧خبرشو⁩	98
⁧خرگوشی⁩	98
⁧خوب،این⁩	98
⁧خوشگلا⁩	98
⁧داستانای⁩	98
⁧دایر⁩	98
⁧دز⁩	98
⁧دورترین⁩	98
⁧دولا⁩	98
⁧راجش⁩	98
⁧ردپای⁩	98
⁧رفتارتون⁩	98
⁧رفتنمون⁩	98
⁧رودین⁩	98
⁧سایروس⁩	98
⁧سورن⁩	98
⁧شارژر⁩	98
⁧شانزدهم⁩	98
⁧شوهرته⁩	98
⁧شیائوگوانگ⁩	98
⁧ظرفشویی⁩	98
⁧عاری⁩	98
⁧عقبش⁩	98
⁧علیهش⁩	98
⁧عمری⁩	98
⁧غلام⁩	98
⁧فداکار⁩	98
⁧فراخونده⁩	98
⁧فرستادیش⁩	98
⁧فرمانداری⁩	98
⁧فکرکن⁩	98
⁧قسمتشه⁩	98
⁧لازلو⁩	98
⁧لنوکس⁩	98
⁧مالیا⁩	98
⁧ماموریتم⁩	98
⁧مجید⁩	98
⁧محاسباتم⁩	98
⁧مرام⁩	98
⁧مطرحه⁩	98
⁧مطمین⁩	98
⁧منتشرش⁩	98
⁧منه؟⁩	98
⁧موافقن⁩	98
⁧موردو⁩	98
⁧موزی⁩	98
⁧مونتگومری⁩	98
⁧مکمل⁩	98
⁧مگنیتو⁩	98
⁧میترکونم⁩	98
⁧میزتون⁩	98
⁧نابودیه⁩	98
⁧نادانی⁩	98
⁧نمیندازم⁩	98
⁧نوابی⁩	98
⁧نیومکزیکو⁩	98
⁧هرویین⁩	98
⁧وسطشون⁩	98
⁧پشتشون⁩	98
⁧پولیه⁩	98
⁧پیرزنه⁩	98
⁧چاندرا⁩	98
⁧کارتش⁩	98
⁧کارگزار⁩	98
⁧کامپتون⁩	98
⁧کریستف⁩	98
⁧کفشاتو⁩	98
⁧کلفتی⁩	98
⁧گرل⁩	98
⁧آآ⁩	97
⁧آبری⁩	97
⁧آشامم⁩	97
⁧آلیسه⁩	97
⁧اشباع⁩	97
⁧اقامتتون⁩	97
⁧انجماد⁩	97
⁧انحرافی⁩	97
⁧اوماتیکایا⁩	97
⁧برادرانه⁩	97
⁧براندا⁩	97
⁧برحق⁩	97
⁧برسونمتون⁩	97
⁧بشکنن⁩	97
⁧بعدآ⁩	97
⁧بچشم⁩	97
⁧بکشدش⁩	97
⁧بکشمشون⁩	97
⁧بگذرونین⁩	97
⁧بیعت⁩	97
⁧تاثیرگذار⁩	97
⁧تاسک⁩	97
⁧تجارتی⁩	97
⁧تصادفه⁩	97
⁧تعقیبه⁩	97
⁧توجهم⁩	97
⁧توریستی⁩	97
⁧توهمه⁩	97
⁧توکه⁩	97
⁧جدال⁩	97
⁧حر⁩	97
⁧حرام⁩	97
⁧حیوونه⁩	97
⁧خلاصت⁩	97
⁧خوب،تو⁩	97
⁧خورید⁩	97
⁧دردسرساز⁩	97
⁧دس⁩	97
⁧دنبالمونن⁩	97
⁧دکه⁩	97
⁧دیدارتون⁩	97
⁧دیوا⁩	97
⁧دیپلماسی⁩	97
⁧راهه؟⁩	97
⁧رفیقش⁩	97
⁧رنی⁩	97
⁧رویاهاش⁩	97
⁧سالتزمن⁩	97
⁧سالشونه⁩	97
⁧سانتوس⁩	97
⁧سب⁩	97
⁧سخنران⁩	97
⁧سوسوکه⁩	97
⁧شادتر⁩	97
⁧شدگی⁩	97
⁧ضربانش⁩	97
⁧عزیزانم⁩	97
⁧علائمی⁩	97
⁧علاالدین⁩	97
⁧فرزندت⁩	97
⁧فرناندز⁩	97
⁧فونیکس⁩	97
⁧قرارتون⁩	97
⁧لختم⁩	97
⁧لیلیان⁩	97
⁧مجارستانی⁩	97
⁧مسیرم⁩	97
⁧مورو⁩	97
⁧میتونستین⁩	97
⁧میجنگید⁩	97
⁧میزبانی⁩	97
⁧ناومی⁩	97
⁧نشوید⁩	97
⁧نمیسازه⁩	97
⁧نیوت⁩	97
⁧هادسن⁩	97
⁧هامه⁩	97
⁧هرب⁩	97
⁧هرصورت⁩	97
⁧هنده⁩	97
⁧هورس⁩	97
⁧هکرها⁩	97
⁧واسط⁩	97
⁧ورزیدن⁩	97
⁧وشما⁩	97
⁧ویچیتا⁩	97
⁧ویکهام⁩	97
⁧پرداختم⁩	97
⁧پشیزی⁩	97
⁧پلاکش⁩	97
⁧پوشن⁩	97
⁧کاتن⁩	97
⁧کالف⁩	97
⁧کانلی⁩	97
⁧کاپون⁩	97
⁧کرانچ⁩	97
⁧کسپر⁩	97
⁧کشتیرانی⁩	97
⁧کلادیوس⁩	97
⁧گائیدم⁩	97
⁧گارت⁩	97
⁧گرجستان⁩	97
⁧گوت⁩	97
⁧یواشتر⁩	97
⁧آره،ولی⁩	96
⁧آموزشت⁩	96
⁧آنزیم⁩	96
⁧آنیا⁩	96
⁧آوی⁩	96
⁧اته⁩	96
⁧استافنبرگ⁩	96
⁧اسفنج⁩	96
⁧اعتباریش⁩	96
⁧الفا⁩	96
⁧الکترو⁩	96
⁧الیاف⁩	96
⁧اندرز⁩	96
⁧ایمیلی⁩	96
⁧باخ⁩	96
⁧بادهای⁩	96
⁧باریکه⁩	96
⁧باشم؟⁩	96
⁧بدردمون⁩	96
⁧بدگمان⁩	96
⁧برانکارد⁩	96
⁧بریج⁩	96
⁧بعلت⁩	96
⁧بلائی⁩	96
⁧بورنز⁩	96
⁧بوسیده⁩	96
⁧بگمونم⁩	96
⁧تحریکش⁩	96
⁧تخمیه⁩	96
⁧ترکه⁩	96
⁧تفنگها⁩	96
⁧توروس⁩	96
⁧تیتان⁩	96
⁧جزغاله⁩	96
⁧جلودارش⁩	96
⁧جمی⁩	96
⁧جوینر⁩	96
⁧حالاشم⁩	96
⁧حبسش⁩	96
⁧حریق⁩	96
⁧حسابها⁩	96
⁧خدمتگذار⁩	96
⁧خوشحالی؟⁩	96
⁧دانشمندم⁩	96
⁧دایسون⁩	96
⁧دعواشون⁩	96
⁧دهنه⁩	96
⁧رفیقیم⁩	96
⁧روسای⁩	96
⁧زادگان⁩	96
⁧زنتون⁩	96
⁧سازن⁩	96
⁧سالگیش⁩	96
⁧سدریک⁩	96
⁧سرمونه⁩	96
⁧سندروم⁩	96
⁧شریفی⁩	96
⁧صلحه⁩	96
⁧طوریکه⁩	96
⁧عهدی⁩	96
⁧غرقش⁩	96
⁧فقراتش⁩	96
⁧فهمیدند⁩	96
⁧فود⁩	96
⁧فکریه⁩	96
⁧فیلیس⁩	96
⁧قبرت⁩	96
⁧قلدری⁩	96
⁧قنداق⁩	96
⁧لاکوود⁩	96
⁧لبخندش⁩	96
⁧لبش⁩	96
⁧لودندورف⁩	96
⁧لوگ⁩	96
⁧لیبرتی⁩	96
⁧لیل⁩	96
⁧مختار⁩	96
⁧معرف⁩	96
⁧منتظرشم⁩	96
⁧منتظرند⁩	96
⁧مونیخ⁩	96
⁧میرسین⁩	96
⁧میفرستاد⁩	96
⁧میموندی⁩	96
⁧مینوشتم⁩	96
⁧ناپاک⁩	96
⁧نبایستی⁩	96
⁧نفرینی⁩	96
⁧نیاریم⁩	96
⁧هایس⁩	96
⁧هدایا⁩	96
⁧هرالد⁩	96
⁧هربرت⁩	96
⁧هلر⁩	96
⁧همسرمو⁩	96
⁧همیش⁩	96
⁧هواپیماش⁩	96
⁧هچ⁩	96
⁧هیچیش⁩	96
⁧واگنر⁩	96
⁧ودرز⁩	96
⁧وودز⁩	96
⁧پاریسه⁩	96
⁧پریشون⁩	96
⁧پولام⁩	96
⁧چنگم⁩	96
⁧چینگ⁩	96
⁧چیکو⁩	96
⁧کاراستارک⁩	96
⁧کارتهای⁩	96
⁧کالیبان⁩	96
⁧کامپیوترش⁩	96
⁧کانتی⁩	96
⁧کشاورزها⁩	96
⁧کلمن⁩	96
⁧کلپنا⁩	96
⁧کنش⁩	96
⁧گائیده⁩	96
⁧گارونا⁩	96
⁧گرام⁩	96
⁧گشادت⁩	96
⁧آخه؟⁩	95
⁧آدرست⁩	95
⁧آکاتور⁩	95
⁧آگاهانه⁩	95
⁧آیلین⁩	95
⁧احساساتیه⁩	95
⁧اختراعات⁩	95
⁧اذیتتون⁩	95
⁧اسطبل⁩	95
⁧اصولی⁩	95
⁧اعتنایی⁩	95
⁧اعجوبه⁩	95
⁧افتادش⁩	95
⁧انبه⁩	95
⁧اونجا؟⁩	95
⁧بخام⁩	95
⁧بدینش⁩	95
⁧براتوا⁩	95
⁧برمیدارن⁩	95
⁧برگرداندن⁩	95
⁧بپیوندم⁩	95
⁧بیگلز⁩	95
⁧تروور⁩	95
⁧ترویس⁩	95
⁧جامو⁩	95
⁧جسدشو⁩	95
⁧جنگیدند⁩	95
⁧خبرنگاره⁩	95
⁧خمار⁩	95
⁧خنگول⁩	95
⁧خواهشن⁩	95
⁧خوبو⁩	95
⁧خوندید⁩	95
⁧خونیم⁩	95
⁧داروهام⁩	95
⁧درخشنده⁩	95
⁧دستشونه⁩	95
⁧دعوتتون⁩	95
⁧رازا⁩	95
⁧روزنبرگ⁩	95
⁧ریاریو⁩	95
⁧زدایی⁩	95
⁧زودباش،⁩	95
⁧سریعتره⁩	95
⁧سوننا⁩	95
⁧سونوگرافی⁩	95
⁧شاهدا⁩	95
⁧شرابش⁩	95
⁧شرافتم⁩	95
⁧شمش⁩	95
⁧ضایعه⁩	95
⁧عزرا⁩	95
⁧عکسشو⁩	95
⁧غریزی⁩	95
⁧فریمن⁩	95
⁧فیزیکدان⁩	95
⁧قراردادهای⁩	95
⁧لباساتون⁩	95
⁧لبخندی⁩	95
⁧لوئیزا⁩	95
⁧لواط⁩	95
⁧لوبیای⁩	95
⁧لیستم⁩	95
⁧ماراتن⁩	95
⁧ماساژور⁩	95
⁧متکی⁩	95
⁧معشوقش⁩	95
⁧موسسات⁩	95
⁧مچاله⁩	95
⁧مگامایند⁩	95
⁧میخو⁩	95
⁧میدوم⁩	95
⁧میشوی⁩	95
⁧ندا⁩	95
⁧نصفشو⁩	95
⁧نعش⁩	95
⁧نعنا⁩	95
⁧نگاهش⁩	95
⁧نیاکان⁩	95
⁧هتر⁩	95
⁧هرجوری⁩	95
⁧همراهیتون⁩	95
⁧همینجاس⁩	95
⁧هنوزه⁩	95
⁧هی،تو⁩	95
⁧ورمونت⁩	95
⁧وزوز⁩	95
⁧پاکو⁩	95
⁧پدافند⁩	95
⁧پسرخاله⁩	95
⁧پلا⁩	95
⁧پیرمردی⁩	95
⁧چاران⁩	95
⁧چمدونم⁩	95
⁧کاپشن⁩	95
⁧کرسی⁩	95
⁧کرکمن⁩	95
⁧کوبیده⁩	95
⁧گالی⁩	95
⁧آتیشه⁩	94
⁧آزوگ⁩	94
⁧آلمانیها⁩	94
⁧آیسمن⁩	94
⁧استعفای⁩	94
⁧اسمورف⁩	94
⁧اطلاعاتمون⁩	94
⁧التماسش⁩	94
⁧امروزمون⁩	94
⁧انشعاب⁩	94
⁧اودن⁩	94
⁧اومدی؟⁩	94
⁧بارمه⁩	94
⁧بارور⁩	94
⁧باغبون⁩	94
⁧بالیوودیها⁩	94
⁧بخرمش⁩	94
⁧برنزی⁩	94
⁧برگشتنت⁩	94
⁧بسپرم⁩	94
⁧بشه؟⁩	94
⁧بندن⁩	94
⁧بچشی⁩	94
⁧بگوید⁩	94
⁧تاریخیه⁩	94
⁧تصادفیه⁩	94
⁧تلاشمونو⁩	94
⁧تما⁩	94
⁧توجهشون⁩	94
⁧ثروتمندان⁩	94
⁧جوانتر⁩	94
⁧جیگرم⁩	94
⁧حسه⁩	94
⁧خدام⁩	94
⁧خنگه⁩	94
⁧خوندین⁩	94
⁧خیالیه⁩	94
⁧ددپول⁩	94
⁧درمیاریم⁩	94
⁧دروغگوها⁩	94
⁧دشواره⁩	94
⁧دعواش⁩	94
⁧دودش⁩	94
⁧دیدبانی⁩	94
⁧رابطش⁩	94
⁧راتلج⁩	94
⁧رانجار⁩	94
⁧رانش⁩	94
⁧رقیبت⁩	94
⁧رکود⁩	94
⁧ریسمان⁩	94
⁧زاوش⁩	94
⁧زایان⁩	94
⁧سایرون⁩	94
⁧سرزنشم⁩	94
⁧سمتتون⁩	94
⁧سمتمون⁩	94
⁧سمه⁩	94
⁧سنبل⁩	94
⁧شارلاتان⁩	94
⁧شنکر⁩	94
⁧شونم⁩	94
⁧ضخامت⁩	94
⁧طبیب⁩	94
⁧علاءالدین⁩	94
⁧عمویت⁩	94
⁧غربیه⁩	94
⁧غمگینه⁩	94
⁧فاحشگی⁩	94
⁧فرصتته⁩	94
⁧فرهاد⁩	94
⁧فومو⁩	94
⁧فکرشون⁩	94
⁧فیلمت⁩	94
⁧قادره⁩	94
⁧قمقمه⁩	94
⁧لولیتا⁩	94
⁧لوپ⁩	94
⁧لکسا⁩	94
⁧مبالغه⁩	94
⁧متان⁩	94
⁧متراکم⁩	94
⁧متروی⁩	94
⁧متمایل⁩	94
⁧محلیه⁩	94
⁧مدارکش⁩	94
⁧ملوین⁩	94
⁧موفقیتی⁩	94
⁧میرین؟⁩	94
⁧میفرستمش⁩	94
⁧نصیبمون⁩	94
⁧نطق⁩	94
⁧نمیدانم⁩	94
⁧نمیشینم⁩	94
⁧نه،ما⁩	94
⁧نواب⁩	94
⁧نواه⁩	94
⁧نوت⁩	94
⁧نوکری⁩	94
⁧نگاهکن⁩	94
⁧نگذارید⁩	94
⁧نیما⁩	94
⁧هم؟⁩	94
⁧همسرته⁩	94
⁧همسرشون⁩	94
⁧هندیه⁩	94
⁧هنور⁩	94
⁧وارم⁩	94
⁧وزنی⁩	94
⁧پاندیت⁩	94
⁧پشتمون⁩	94
⁧پوسایدون⁩	94
⁧پیشانی⁩	94
⁧چاقوت⁩	94
⁧چیزهائی⁩	94
⁧کارتها⁩	94
⁧کالری⁩	94
⁧کردمو⁩	94
⁧کسکش⁩	94
⁧کلگان⁩	94
⁧کلیسایی⁩	94
⁧کوانتیکو⁩	94
⁧کوفتیت⁩	94
⁧کچاپ⁩	94
⁧گازه⁩	94
⁧گذاران⁩	94
⁧گذرونم⁩	94
⁧گرامافون⁩	94
⁧گرسنم⁩	94
⁧یکپارچه⁩	94
⁧آتلانتیس⁩	93
⁧آدلیند⁩	93
⁧آرزومه⁩	93
⁧آزکابان⁩	93
⁧اجی⁩	93
⁧اسمیترز⁩	93
⁧اشنایدر⁩	93
⁧افزایشه⁩	93
⁧اقیانوسی⁩	93
⁧الکترون⁩	93
⁧اندازها⁩	93
⁧اودو⁩	93
⁧اونوره⁩	93
⁧بارز⁩	93
⁧بازا⁩	93
⁧بازده⁩	93
⁧بدرخشه⁩	93
⁧بسوزونی⁩	93
⁧بولداگ⁩	93
⁧بیاورد⁩	93
⁧تاگ⁩	93
⁧تریلی⁩	93
⁧تفنگدارها⁩	93
⁧تفکرات⁩	93
⁧تیرت⁩	93
⁧ثانویه⁩	93
⁧جسپ⁩	93
⁧جل⁩	93
⁧جلدش⁩	93
⁧جوزفین⁩	93
⁧جیپسی⁩	93
⁧حتمن⁩	93
⁧حرکاتت⁩	93
⁧خوابهای⁩	93
⁧خواهرمون⁩	93
⁧خوردی؟⁩	93
⁧داشتمش⁩	93
⁧دیدنشون⁩	93
⁧دینار⁩	93
⁧دیگش⁩	93
⁧ذاشتم⁩	93
⁧رومانتیکه⁩	93
⁧روندم⁩	93
⁧رونمایی⁩	93
⁧ریج⁩	93
⁧سهل⁩	93
⁧سکنه⁩	93
⁧سینش⁩	93
⁧شاسی⁩	93
⁧شامت⁩	93
⁧شکارشون⁩	93
⁧صداقتت⁩	93
⁧صدو⁩	93
⁧صورته⁩	93
⁧عاقبتت⁩	93
⁧عاقبتش⁩	93
⁧فرانک؟⁩	93
⁧فوتش⁩	93
⁧فیلمبردار⁩	93
⁧قسطنطنیه⁩	93
⁧لمبرت⁩	93
⁧لمسم⁩	93
⁧لورنت⁩	93
⁧مالاکی⁩	93
⁧مانت⁩	93
⁧ماندند⁩	93
⁧مدیترانه⁩	93
⁧مغول⁩	93
⁧ملیش⁩	93
⁧موشی⁩	93
⁧میخاستم⁩	93
⁧میندازین⁩	93
⁧میپرن⁩	93
⁧میکشنش⁩	93
⁧میکشین⁩	93
⁧ناراحتیم⁩	93
⁧ناکام⁩	93
⁧نعل⁩	93
⁧نمیذاشتم⁩	93
⁧نوین⁩	93
⁧نگر⁩	93
⁧نیرجارا⁩	93
⁧هارمون⁩	93
⁧هانلی⁩	93
⁧هدفگیری⁩	93
⁧همخونه⁩	93
⁧هملت⁩	93
⁧همکارای⁩	93
⁧هیکلی⁩	93
⁧واردا⁩	93
⁧وایستیم⁩	93
⁧وگنر⁩	93
⁧پارکش⁩	93
⁧پاشین⁩	93
⁧پانک⁩	93
⁧پروازمون⁩	93
⁧پلیس؟⁩	93
⁧پولدارم⁩	93
⁧چشمهاتو⁩	93
⁧چنگش⁩	93
⁧کاذب⁩	93
⁧کاستا⁩	93
⁧کانتری⁩	93
⁧کلماتش⁩	93
⁧کورتکسیفان⁩	93
⁧کیلیان⁩	93
⁧یدفعه⁩	93
⁧یول⁩	93
⁧آتشفشانی⁩	92
⁧آرزوشو⁩	92
⁧آندرس⁩	92
⁧آکسلی⁩	92
⁧اتاقها⁩	92
⁧احکام⁩	92
⁧استاده⁩	92
⁧الروند⁩	92
⁧الریه⁩	92
⁧اناکین⁩	92
⁧انتشارات⁩	92
⁧انیس⁩	92
⁧اورلئان⁩	92
⁧اوه،اون⁩	92
⁧ایوون⁩	92
⁧بادها⁩	92
⁧بادکنکی⁩	92
⁧بارتز⁩	92
⁧بازگشایی⁩	92
⁧ببریدشون⁩	92
⁧بخودش⁩	92
⁧برینی⁩	92
⁧بشماری⁩	92
⁧بلین⁩	92
⁧بمبگذاری⁩	92
⁧بندری⁩	92
⁧بنشینم⁩	92
⁧بچسبین⁩	92
⁧تاابد⁩	92
⁧تصادفات⁩	92
⁧تصورت⁩	92
⁧تندو⁩	92
⁧تورنمنت⁩	92
⁧توشو⁩	92
⁧تیتو⁩	92
⁧ثروتمنده⁩	92
⁧جدل⁩	92
⁧جزوه⁩	92
⁧جمعیتی⁩	92
⁧جورم⁩	92
⁧حریفت⁩	92
⁧خبرنگاران⁩	92
⁧خدایانه⁩	92
⁧خطرم⁩	92
⁧خطرناکتر⁩	92
⁧خوشامدگویی⁩	92
⁧داخلشون⁩	92
⁧دادمون⁩	92
⁧درصدش⁩	92
⁧دلربایی⁩	92
⁧دوربینه⁩	92
⁧دوقلوهای⁩	92
⁧دک⁩	92
⁧دیپلم⁩	92
⁧دیکنز⁩	92
⁧رسونمت⁩	92
⁧رهان⁩	92
⁧روزمون⁩	92
⁧روکسان⁩	92
⁧زنانی⁩	92
⁧زندگیمونو⁩	92
⁧زیبات⁩	92
⁧ساقی⁩	92
⁧سفلیس⁩	92
⁧سنته⁩	92
⁧سومش⁩	92
⁧سونامی⁩	92
⁧سوپراستار⁩	92
⁧سیمکو⁩	92
⁧شریکت⁩	92
⁧شقی⁩	92
⁧شمشیرهای⁩	92
⁧فاسدی⁩	92
⁧فلسفی⁩	92
⁧قایقش⁩	92
⁧قشنگترین⁩	92
⁧لازانیا⁩	92
⁧لانی⁩	92
⁧لاکنو⁩	92
⁧لجباز⁩	92
⁧لوشس⁩	92
⁧لوییز⁩	92
⁧محال⁩	92
⁧محرمانست⁩	92
⁧مریک⁩	92
⁧مزخرفن⁩	92
⁧معابد⁩	92
⁧مندز⁩	92
⁧مهمم⁩	92
⁧مکش⁩	92
⁧میدزدم⁩	92
⁧میرونی⁩	92
⁧میزدین⁩	92
⁧میشمارم⁩	92
⁧میگوئل⁩	92
⁧نئو⁩	92
⁧نمیخونم⁩	92
⁧نگرانشون⁩	92
⁧نگرانن⁩	92
⁧هادلی⁩	92
⁧هرکدام⁩	92
⁧همراهیش⁩	92
⁧وایات⁩	92
⁧وفادارن⁩	92
⁧ویلم⁩	92
⁧پایسل⁩	92
⁧پایینش⁩	92
⁧پسرایی⁩	92
⁧پهناور⁩	92
⁧چکاره⁩	92
⁧کارفرمای⁩	92
⁧کریس؟⁩	92
⁧کفار⁩	92
⁧گفتگویی⁩	92
⁧ییل⁩	92
⁧آشکلیف⁩	91
⁧آلک⁩	91
⁧آمبریج⁩	91
⁧اترتون⁩	91
⁧ادعایی⁩	91
⁧ازار⁩	91
⁧اظطراری⁩	91
⁧افاده⁩	91
⁧افراده⁩	91
⁧انظار⁩	91
⁧اوپرا⁩	91
⁧بارلو⁩	91
⁧برداشتین⁩	91
⁧بروکسل⁩	91
⁧برگشتت⁩	91
⁧بریل⁩	91
⁧بسوزن⁩	91
⁧بصری⁩	91
⁧بفرستینش⁩	91
⁧بندیش⁩	91
⁧بچمو⁩	91
⁧بگمش⁩	91
⁧بگویی⁩	91
⁧بیلور⁩	91
⁧تعجبه⁩	91
⁧تمجید⁩	91
⁧تیان⁩	91
⁧جاهاشون⁩	91
⁧جنوبه⁩	91
⁧جون؟⁩	91
⁧خزعبلات⁩	91
⁧خوانی⁩	91
⁧خوشحالتر⁩	91
⁧دانسته⁩	91
⁧دربیارن⁩	91
⁧دشمنانت⁩	91
⁧دقایقی⁩	91
⁧دملزا⁩	91
⁧دهنی⁩	91
⁧دومت⁩	91
⁧دووی⁩	91
⁧راسخ⁩	91
⁧رختشویی⁩	91
⁧رفیقام⁩	91
⁧رنس⁩	91
⁧رونوک⁩	91
⁧زوبریست⁩	91
⁧زوس⁩	91
⁧سارومان⁩	91
⁧سایان⁩	91
⁧سلام،من⁩	91
⁧سپاسگذاریم⁩	91
⁧سپاسگزاریم⁩	91
⁧سگو⁩	91
⁧شانسمو⁩	91
⁧شانسمونه⁩	91
⁧شانون⁩	91
⁧طرفشون⁩	91
⁧ظلمت⁩	91
⁧عایق⁩	91
⁧عبوس⁩	91
⁧عسلمون⁩	91
⁧عقلتون⁩	91
⁧عموزاده⁩	91
⁧عینکی⁩	91
⁧غرض⁩	91
⁧فشن⁩	91
⁧فضله⁩	91
⁧فیلیپین⁩	91
⁧لاشیفره⁩	91
⁧لاغری⁩	91
⁧لباش⁩	91
⁧لودوس⁩	91
⁧ماراتون⁩	91
⁧ماندگار⁩	91
⁧ماکائو⁩	91
⁧مبارزی⁩	91
⁧متا⁩	91
⁧مجرمان⁩	91
⁧مسر⁩	91
⁧مشروبم⁩	91
⁧مضخرف⁩	91
⁧مطرحش⁩	91
⁧معقولی⁩	91
⁧مقوی⁩	91
⁧ملکی⁩	91
⁧موضوعو⁩	91
⁧میارمشون⁩	91
⁧میافتن⁩	91
⁧میبریش⁩	91
⁧میخوابید⁩	91
⁧میچرخی⁩	91
⁧میکشنت⁩	91
⁧میکشیدی⁩	91
⁧میگذاری⁩	91
⁧میگفتین⁩	91
⁧نسلی⁩	91
⁧نمیدیدم⁩	91
⁧نمیرسن⁩	91
⁧نمیمونیم⁩	91
⁧نوبتی⁩	91
⁧نورد⁩	91
⁧نوشته؟⁩	91
⁧نونا⁩	91
⁧نیایش⁩	91
⁧هامبرت⁩	91
⁧همهء⁩	91
⁧وارلاک⁩	91
⁧پرداز⁩	91
⁧پیتزبورگ⁩	91
⁧چاکی⁩	91
⁧چندماه⁩	91
⁧چندگانه⁩	91
⁧ژاپنیه⁩	91
⁧کافرها⁩	91
⁧کامپیوترها⁩	91
⁧کشیدنش⁩	91
⁧کشیدید⁩	91
⁧کلایر⁩	91
⁧کلوزو⁩	91
⁧کوبریک⁩	91
⁧کچ⁩	91
⁧گالون⁩	91
⁧گروور⁩	91
⁧گزار⁩	91
⁧گشنم⁩	91
⁧گوشتش⁩	91
⁧آدمن⁩	90
⁧آراسته⁩	90
⁧آرلین⁩	90
⁧آرن⁩	90
⁧آروغ⁩	90
⁧آریس⁩	90
⁧آزمایشه⁩	90
⁧آغوشش⁩	90
⁧آموزشش⁩	90
⁧اتاقهای⁩	90
⁧اتخاذ⁩	90
⁧اتلاف⁩	90
⁧احوالت⁩	90
⁧اخلاقش⁩	90
⁧ارتشم⁩	90
⁧استخدامم⁩	90
⁧اسمهای⁩	90
⁧اسپیر⁩	90
⁧اسکورپ⁩	90
⁧اشتباها⁩	90
⁧اعترافات⁩	90
⁧الساعه⁩	90
⁧الکس؟⁩	90
⁧الکسا⁩	90
⁧الین⁩	90
⁧ببوسش⁩	90
⁧بختم⁩	90
⁧برچ⁩	90
⁧برگشتی؟⁩	90
⁧بفرستند⁩	90
⁧بنویسش⁩	90
⁧بویایی⁩	90
⁧بچرخونی⁩	90
⁧بیرونت⁩	90
⁧ترون⁩	90
⁧تفکیک⁩	90
⁧تمیزت⁩	90
⁧جودیث⁩	90
⁧حیاتیش⁩	90
⁧خالصانه⁩	90
⁧خمینی⁩	90
⁧خودآگاه⁩	90
⁧خودروی⁩	90
⁧دارچین⁩	90
⁧دردناکی⁩	90
⁧دلمو⁩	90
⁧دودزا⁩	90
⁧دیزل⁩	90
⁧رؤیایی⁩	90
⁧رابطت⁩	90
⁧راضیه⁩	90
⁧رقابتی⁩	90
⁧رهسپار⁩	90
⁧روشش⁩	90
⁧روشنم⁩	90
⁧رومرو⁩	90
⁧سائرون⁩	90
⁧سالوادور⁩	90
⁧سرکارت⁩	90
⁧سوختی⁩	90
⁧سیلیا⁩	90
⁧صادقه⁩	90
⁧ضعیفم⁩	90
⁧طفلکی⁩	90
⁧عثمانی⁩	90
⁧فرستادش⁩	90
⁧قالی⁩	90
⁧قانونم⁩	90
⁧لافایت⁩	90
⁧لوکریشیا⁩	90
⁧مباشر⁩	90
⁧متیوز⁩	90
⁧مرشد⁩	90
⁧مریلین⁩	90
⁧مسطح⁩	90
⁧مظلوم⁩	90
⁧منشاء⁩	90
⁧مکینتاش⁩	90
⁧میخواد؟⁩	90
⁧میدادین⁩	90
⁧میفهمیدی⁩	90
⁧میپرسین⁩	90
⁧میگذاریم⁩	90
⁧ناامیدانه⁩	90
⁧نانی⁩	90
⁧ناهارم⁩	90
⁧نایاب⁩	90
⁧نخوریم⁩	90
⁧نسبیت⁩	90
⁧نشستین⁩	90
⁧نمیخوابم⁩	90
⁧نمیکند⁩	90
⁧نیارید⁩	90
⁧هالیوودی⁩	90
⁧هاگن⁩	90
⁧هرا⁩	90
⁧همشه⁩	90
⁧هورایزن⁩	90
⁧هیدرولیک⁩	90
⁧واردن⁩	90
⁧وحی⁩	90
⁧ویشنو⁩	90
⁧ویلتون⁩	90
⁧پاراسورس⁩	90
⁧پتروف⁩	90
⁧پرخاشگری⁩	90
⁧پونیو⁩	90
⁧پیشنهادات⁩	90
⁧چسبوندن⁩	90
⁧چیدن⁩	90
⁧کاراتون⁩	90
⁧کایرو⁩	90
⁧کتینس⁩	90
⁧کلاچ⁩	90
⁧کمانداران⁩	90
⁧کنیل⁩	90
⁧گال⁩	90
⁧گالو⁩	90
⁧یهودا⁩	90
⁧یونیون⁩	90
⁧آزادن⁩	89
⁧اتوبوسه⁩	89
⁧اجتماعات⁩	89
⁧احمقیه⁩	89
⁧استانداردهای⁩	89
⁧استدیو⁩	89
⁧اسمان⁩	89
⁧اسکس⁩	89
⁧افریقایی⁩	89
⁧افزارها⁩	89
⁧امادست⁩	89
⁧انگشتتو⁩	89
⁧اورلف⁩	89
⁧اونتو⁩	89
⁧ایشونم⁩	89
⁧ایشونه⁩	89
⁧ایمانی⁩	89
⁧باباتم⁩	89
⁧بالهای⁩	89
⁧ببینیش؟⁩	89
⁧بتوانیم⁩	89
⁧تالاب⁩	89
⁧تامارا⁩	89
⁧تجلیل⁩	89
⁧تحریف⁩	89
⁧تغیر⁩	89
⁧تمرینه⁩	89
⁧جامه⁩	89
⁧جکوزی⁩	89
⁧حالیه⁩	89
⁧حیفه⁩	89
⁧دخترات⁩	89
⁧دربارم⁩	89
⁧دریائی⁩	89
⁧دشمنا⁩	89
⁧دقتی⁩	89
⁧دلیر⁩	89
⁧دمه⁩	89
⁧دنورس⁩	89
⁧دوست؟⁩	89
⁧دوستمو⁩	89
⁧راداگاست⁩	89
⁧رجینالد⁩	89
⁧روستامون⁩	89
⁧ریت⁩	89
⁧ریف⁩	89
⁧ریوندل⁩	89
⁧زاییده⁩	89
⁧زنته⁩	89
⁧ساتان⁩	89
⁧ساتو⁩	89
⁧ساطع⁩	89
⁧سوته⁩	89
⁧سوزنی⁩	89
⁧شلیکی⁩	89
⁧شکافته⁩	89
⁧شکمی⁩	89
⁧شیندلر⁩	89
⁧ضعفه⁩	89
⁧ظهیر⁩	89
⁧قرارشون⁩	89
⁧قمه⁩	89
⁧قیصر⁩	89
⁧لشگرکشی⁩	89
⁧لگاتوس⁩	89
⁧ماموریتمون⁩	89
⁧متیل⁩	89
⁧مجاورت⁩	89
⁧مشاهدات⁩	89
⁧منصرفش⁩	89
⁧منقار⁩	89
⁧مورمانت⁩	89
⁧موقعیه⁩	89
⁧میارزه⁩	89
⁧نابودم⁩	89
⁧ناهارت⁩	89
⁧نبریم⁩	89
⁧نزارم⁩	89
⁧نزارید⁩	89
⁧نساخته⁩	89
⁧نشات⁩	89
⁧نشانگان⁩	89
⁧نصبش⁩	89
⁧نلی⁩	89
⁧نمادی⁩	89
⁧نمیزدی⁩	89
⁧نیوفته⁩	89
⁧هرزگی⁩	89
⁧هلیکوپترها⁩	89
⁧همخوانی⁩	89
⁧همکاریم⁩	89
⁧هوار⁩	89
⁧هیکلت⁩	89
⁧وجو⁩	89
⁧ووک⁩	89
⁧ویزای⁩	89
⁧پتیاره⁩	89
⁧پریشانی⁩	89
⁧پیشگوی⁩	89
⁧کاستل⁩	89
⁧کرافت⁩	89
⁧کردیش⁩	89
⁧کشیشه⁩	89
⁧کلاسش⁩	89
⁧کلودیا⁩	89
⁧گذاریم⁩	89
⁧گذرا⁩	89
⁧گردنشون⁩	89
⁧گرفتمشون⁩	89
⁧آزادید⁩	88
⁧آشنام⁩	88
⁧آلمیتا⁩	88
⁧آییم⁩	88
⁧اباما⁩	88
⁧اتاقشه⁩	88
⁧ارتششون⁩	88
⁧ارزونتر⁩	88
⁧استحقاقش⁩	88
⁧اسراییل⁩	88
⁧الیسا⁩	88
⁧امیدشون⁩	88
⁧اکسپرس⁩	88
⁧ایرینا⁩	88
⁧ایلیثیا⁩	88
⁧باباشه⁩	88
⁧بادمجون⁩	88
⁧باعثه⁩	88
⁧باما⁩	88
⁧بدستت⁩	88
⁧برنمیگردیم⁩	88
⁧بریش⁩	88
⁧بفروشیش⁩	88
⁧بندها⁩	88
⁧بنز⁩	88
⁧تبت⁩	88
⁧تحسینه⁩	88
⁧تراین⁩	88
⁧تریستین⁩	88
⁧تصورشم⁩	88
⁧جعفر⁩	88
⁧جلودار⁩	88
⁧جنسه⁩	88
⁧حسیه⁩	88
⁧خانمم⁩	88
⁧خاکسترش⁩	88
⁧داستی⁩	88
⁧دانشگاهم⁩	88
⁧داین⁩	88
⁧درج⁩	88
⁧درموردم⁩	88
⁧درپوش⁩	88
⁧دلارو⁩	88
⁧دوریم⁩	88
⁧ذهنه⁩	88
⁧رآکتور⁩	88
⁧رومیان⁩	88
⁧زحل⁩	88
⁧سالسا⁩	88
⁧ستارزاده⁩	88
⁧سدوم⁩	88
⁧سرسبز⁩	88
⁧سقفش⁩	88
⁧سیلوا⁩	88
⁧سینیور⁩	88
⁧شاین⁩	88
⁧ضخیم⁩	88
⁧عاشقمی⁩	88
⁧فایرفلای⁩	88
⁧فریدنیا⁩	88
⁧قرصهای⁩	88
⁧قطرات⁩	88
⁧قلابیه⁩	88
⁧قوانینه⁩	88
⁧لباسشو⁩	88
⁧لعنتیو⁩	88
⁧مؤسسان⁩	88
⁧مائو⁩	88
⁧مارکی⁩	88
⁧مافوقت⁩	88
⁧مانوس⁩	88
⁧مایکا⁩	88
⁧متغیر⁩	88
⁧مشغولی⁩	88
⁧مصرفش⁩	88
⁧معدنچی⁩	88
⁧مفاصل⁩	88
⁧مواظبشون⁩	88
⁧موقعیتمون⁩	88
⁧میدوه⁩	88
⁧میشناختیم⁩	88
⁧میوفتن⁩	88
⁧میگن؟⁩	88
⁧نتایجش⁩	88
⁧ندیمه⁩	88
⁧نرسیم⁩	88
⁧نمیدونسته⁩	88
⁧نمیذاشت⁩	88
⁧نگرانته⁩	88
⁧هاوکینز⁩	88
⁧همجنسگراها⁩	88
⁧همینگوی⁩	88
⁧هنسن⁩	88
⁧هیروت⁩	88
⁧هیکاپ⁩	88
⁧واحدی⁩	88
⁧ونس⁩	88
⁧ویولن⁩	88
⁧پزشکم⁩	88
⁧پولدارها⁩	88
⁧پولک⁩	88
⁧چاخان⁩	88
⁧چاپلوس⁩	88
⁧چیدوری⁩	88
⁧کارآگاهی⁩	88
⁧کارائیب⁩	88
⁧کاسیوس⁩	88
⁧کتکم⁩	88
⁧کماکان⁩	88
⁧کنوت⁩	88
⁧کوبید⁩	88
⁧کیت؟⁩	88
⁧گئورگ⁩	88
⁧گریس؟⁩	88
⁧گهگاهی⁩	88
⁧گوشام⁩	88
⁧آتشه⁩	87
⁧آره،یه⁩	87
⁧آکواریوم⁩	87
⁧آیدی⁩	87
⁧ابرقدرت⁩	87
⁧احساساتمون⁩	87
⁧ارتشمون⁩	87
⁧استادان⁩	87
⁧استریکس⁩	87
⁧اطلاعاتم⁩	87
⁧البی⁩	87
⁧انتقامی⁩	87
⁧اومدنه⁩	87
⁧بادبانها⁩	87
⁧بایرون⁩	87
⁧ببنبرگ⁩	87
⁧ببیندش⁩	87
⁧بخرج⁩	87
⁧بخششه⁩	87
⁧بدیهی⁩	87
⁧برزیلی⁩	87
⁧بریم،⁩	87
⁧بنتلی⁩	87
⁧بچسبید⁩	87
⁧بیاور⁩	87
⁧بیرد⁩	87
⁧بیهوشش⁩	87
⁧تحلیلگر⁩	87
⁧ترز⁩	87
⁧تزیین⁩	87
⁧توجهتون⁩	87
⁧تیممون⁩	87
⁧جورجینا⁩	87
⁧حجاب⁩	87
⁧حده⁩	87
⁧حکمران⁩	87
⁧خدمتکارم⁩	87
⁧خواره⁩	87
⁧خواهرهای⁩	87
⁧خواهین⁩	87
⁧خوبم،⁩	87
⁧خوشبین⁩	87
⁧دادنم⁩	87
⁧درامر⁩	87
⁧دشمنات⁩	87
⁧دوربینت⁩	87
⁧دورمون⁩	87
⁧ذاشت⁩	87
⁧روحتون⁩	87
⁧زنجیری⁩	87
⁧ساختید⁩	87
⁧سازیه⁩	87
⁧سامرست⁩	87
⁧سبکه⁩	87
⁧سزارین⁩	87
⁧سوسا⁩	87
⁧سولی⁩	87
⁧سوپرانو⁩	87
⁧شاهپسند⁩	87
⁧شنون⁩	87
⁧شهرتش⁩	87
⁧شکارت⁩	87
⁧شیتانا⁩	87
⁧ضریب⁩	87
⁧طلبم⁩	87
⁧عاج⁩	87
⁧فوتباله⁩	87
⁧قابیل⁩	87
⁧قبلتر⁩	87
⁧قبولم⁩	87
⁧قتلهای⁩	87
⁧قرنه⁩	87
⁧قوای⁩	87
⁧لمب⁩	87
⁧لیت⁩	87
⁧متورم⁩	87
⁧محصولی⁩	87
⁧محمود⁩	87
⁧محکومش⁩	87
⁧مراقبتم⁩	87
⁧مغروری⁩	87
⁧مقاومه⁩	87
⁧من،من⁩	87
⁧منش⁩	87
⁧مونتاژ⁩	87
⁧میخوام؟⁩	87
⁧میخوامت⁩	87
⁧میرسونن⁩	87
⁧میسر⁩	87
⁧میشناسی؟⁩	87
⁧میلک⁩	87
⁧ناچیزی⁩	87
⁧نترسی⁩	87
⁧نتو⁩	87
⁧نرمش⁩	87
⁧نشستند⁩	87
⁧نشستید⁩	87
⁧نموندن⁩	87
⁧نمونی⁩	87
⁧نمیای؟⁩	87
⁧نمیخورد⁩	87
⁧نوره⁩	87
⁧نگذاشت⁩	87
⁧هاپر⁩	87
⁧هلیوم⁩	87
⁧ویدیوی⁩	87
⁧ویلبر⁩	87
⁧ویلو⁩	87
⁧پادتن⁩	87
⁧پاسخگویی⁩	87
⁧پیشخدمتی⁩	87
⁧پیکاسو⁩	87
⁧چانه⁩	87
⁧چاوز⁩	87
⁧چسبه⁩	87
⁧کایرا⁩	87
⁧کسائی⁩	87
⁧کفشها⁩	87
⁧کویینی⁩	87
⁧کیتای⁩	87
⁧کیم؟⁩	87
⁧کیوبلیک⁩	87
⁧گانگ⁩	87
⁧گدازه⁩	87
⁧گزینش⁩	87
⁧گوشیو⁩	87
⁧گپی⁩	87
⁧یکراست⁩	87
⁧آبروریزی⁩	86
⁧آره،این⁩	86
⁧آیرس⁩	86
⁧احترامیه⁩	86
⁧ارگان⁩	86
⁧ازما⁩	86
⁧ازینا⁩	86
⁧استانیس⁩	86
⁧استشهاد⁩	86
⁧اشخاصی⁩	86
⁧امنیتیه⁩	86
⁧امیال⁩	86
⁧امیز⁩	86
⁧امیلی؟⁩	86
⁧اوانس⁩	86
⁧ایتالیاییه⁩	86
⁧ایرانیان⁩	86
⁧ایلا⁩	86
⁧ایناها⁩	86
⁧باربرا⁩	86
⁧باقیش⁩	86
⁧بجو⁩	86
⁧بدویی⁩	86
⁧براهه⁩	86
⁧برقش⁩	86
⁧بشمری⁩	86
⁧بعدن⁩	86
⁧بهترم⁩	86
⁧بکند⁩	86
⁧بگیریمشون⁩	86
⁧بیتو⁩	86
⁧بیچارگی⁩	86
⁧تعبیه⁩	86
⁧تل⁩	86
⁧توانستند⁩	86
⁧توجهه⁩	86
⁧جادوئه⁩	86
⁧جاسوسم⁩	86
⁧جانیس⁩	86
⁧حرومش⁩	86
⁧حسگرهای⁩	86
⁧حقیقیه⁩	86
⁧خاد⁩	86
⁧خشمم⁩	86
⁧داریو⁩	86
⁧دانز⁩	86
⁧دبیرستانم⁩	86
⁧دخلم⁩	86
⁧دستشوییه⁩	86
⁧دگا⁩	86
⁧دیوارا⁩	86
⁧راندال⁩	86
⁧راچستر⁩	86
⁧راگبی⁩	86
⁧رزماری⁩	86
⁧رواز⁩	86
⁧روستر⁩	86
⁧زمینش⁩	86
⁧سائول⁩	86
⁧ساحله⁩	86
⁧ساقط⁩	86
⁧سالتونه⁩	86
⁧سالمم⁩	86
⁧ساندی⁩	86
⁧ساکورا⁩	86
⁧سرخرگ⁩	86
⁧سمیرا⁩	86
⁧سیاها⁩	86
⁧سیتا⁩	86
⁧شادو⁩	86
⁧شمایین⁩	86
⁧صبحها⁩	86
⁧صدم⁩	86
⁧طوریم⁩	86
⁧عمرشو⁩	86
⁧عمومه⁩	86
⁧غبطه⁩	86
⁧فارس⁩	86
⁧قایقها⁩	86
⁧قشنگش⁩	86
⁧قطعاتش⁩	86
⁧لسلی⁩	86
⁧لقاح⁩	86
⁧متین⁩	86
⁧مجاب⁩	86
⁧مدرکه⁩	86
⁧مرغابی⁩	86
⁧مسری⁩	86
⁧مطبوع⁩	86
⁧معمایی⁩	86
⁧منت⁩	86
⁧موتوره⁩	86
⁧مورلند⁩	86
⁧مومبای⁩	86
⁧میبینیمت⁩	86
⁧میترکه⁩	86
⁧مینوشم⁩	86
⁧ندازی⁩	86
⁧نمیشدی⁩	86
⁧نوشتنش⁩	86
⁧همی⁩	86
⁧والدینی⁩	86
⁧ورنا⁩	86
⁧ویدمور⁩	86
⁧پانگ⁩	86
⁧پرسته⁩	86
⁧پرسکات⁩	86
⁧پسرشه⁩	86
⁧پنیا⁩	86
⁧پوشانده⁩	86
⁧پولاتو⁩	86
⁧چسبیدی⁩	86
⁧چندصد⁩	86
⁧چیزهاست⁩	86
⁧کارهاتون⁩	86
⁧گارانتی⁩	86
⁧گرای⁩	86
⁧گوگولی⁩	86
⁧یوکیترو⁩	86
⁧آب؟⁩	85
⁧آدمخوار⁩	85
⁧آهنگش⁩	85
⁧آوازی⁩	85
⁧اجنه⁩	85
⁧احتمالن⁩	85
⁧احشام⁩	85
⁧اریک؟⁩	85
⁧اصطلاحه⁩	85
⁧الیزا⁩	85
⁧امانوئل⁩	85
⁧انضباطی⁩	85
⁧اوماها⁩	85
⁧ایمون⁩	85
⁧اینجایم⁩	85
⁧بابو⁩	85
⁧باحالترین⁩	85
⁧باربری⁩	85
⁧باشما⁩	85
⁧ببیننش⁩	85
⁧بترسونن⁩	85
⁧بخشیدی⁩	85
⁧بدستمون⁩	85
⁧برم؟⁩	85
⁧برنداشتی⁩	85
⁧برگشتنم⁩	85
⁧بریتنی⁩	85
⁧بسش⁩	85
⁧بقیشون⁩	85
⁧بنفشه⁩	85
⁧بنینگ⁩	85
⁧بپردازن⁩	85
⁧بیمارت⁩	85
⁧ترشیده⁩	85
⁧تفنگمو⁩	85
⁧توقفگاه⁩	85
⁧تکنسین⁩	85
⁧تگرگ⁩	85
⁧جدیدمه⁩	85
⁧حسابشونو⁩	85
⁧حسابهای⁩	85
⁧حوری⁩	85
⁧حکایت⁩	85
⁧خرگوشها⁩	85
⁧خنجری⁩	85
⁧خنگی⁩	85
⁧خوانندگان⁩	85
⁧خوردت⁩	85
⁧خوشگلش⁩	85
⁧دارکن⁩	85
⁧دراوردن⁩	85
⁧دراگو⁩	85
⁧درسش⁩	85
⁧دستامون⁩	85
⁧دلاریه⁩	85
⁧دمم⁩	85
⁧دموکراتیک⁩	85
⁧راشمن⁩	85
⁧رییس؟⁩	85
⁧زاغه⁩	85
⁧زانوهاش⁩	85
⁧ساکتش⁩	85
⁧سخنرانیت⁩	85
⁧سرزمینمون⁩	85
⁧سپاهی⁩	85
⁧شامو⁩	85
⁧شرکتها⁩	85
⁧شناسان⁩	85
⁧شناوره⁩	85
⁧شهرن⁩	85
⁧صباح⁩	85
⁧طبی⁩	85
⁧عباس⁩	85
⁧علائمش⁩	85
⁧غرورش⁩	85
⁧غولها⁩	85
⁧فالن⁩	85
⁧فرمایید⁩	85
⁧فورس⁩	85
⁧فکرتون⁩	85
⁧قانعت⁩	85
⁧قبلم⁩	85
⁧لایزا⁩	85
⁧لایف⁩	85
⁧لوسیوس⁩	85
⁧متهمش⁩	85
⁧مجرمی⁩	85
⁧مردمتون⁩	85
⁧مشتم⁩	85
⁧مطالبه⁩	85
⁧مقابلم⁩	85
⁧مقصرم⁩	85
⁧موفقه⁩	85
⁧میزاشتم⁩	85
⁧میفرستمت⁩	85
⁧میمونند⁩	85
⁧میمی⁩	85
⁧میکشتت⁩	85
⁧میکه⁩	85
⁧نارسیس⁩	85
⁧نمایشت⁩	85
⁧نمیگفتی⁩	85
⁧نوآ⁩	85
⁧نواده⁩	85
⁧نوبو⁩	85
⁧نگفتم؟⁩	85
⁧نیفتی⁩	85
⁧هاتسومومو⁩	85
⁧هارا⁩	85
⁧هاف⁩	85
⁧هشداره⁩	85
⁧همراش⁩	85
⁧همونجاییه⁩	85
⁧هچل⁩	85
⁧وارسی⁩	85
⁧وجب⁩	85
⁧پارتیزان⁩	85
⁧پرشیا⁩	85
⁧پروندت⁩	85
⁧پریز⁩	85
⁧پشتکار⁩	85
⁧چندروز⁩	85
⁧چهارمه⁩	85
⁧کاملن⁩	85
⁧کردنشه⁩	85
⁧کشتید⁩	85
⁧کشوندن⁩	85
⁧کفشام⁩	85
⁧کلاسترتورم⁩	85
⁧کلکش⁩	85
⁧کوئینز⁩	85
⁧کورالاین⁩	85
⁧کویینز⁩	85
⁧گائو⁩	85
⁧گلیمت⁩	85
⁧آخرسر⁩	84
⁧آشنات⁩	84
⁧آلارم⁩	84
⁧آهنگای⁩	84
⁧آگرا⁩	84
⁧ابرات⁩	84
⁧اتحادی⁩	84
⁧اثاث⁩	84
⁧ارزششون⁩	84
⁧استدعا⁩	84
⁧استعفاء⁩	84
⁧اطلاعاتو⁩	84
⁧اغوش⁩	84
⁧الترون⁩	84
⁧الفی⁩	84
⁧امیلیو⁩	84
⁧انتی⁩	84
⁧انگلی⁩	84
⁧اورگان⁩	84
⁧اونوری⁩	84
⁧بازیکنی⁩	84
⁧باغبان⁩	84
⁧برهوت⁩	84
⁧بمبهای⁩	84
⁧بندش⁩	84
⁧بهمان⁩	84
⁧بچسبم⁩	84
⁧بیپ⁩	84
⁧تاپاله⁩	84
⁧تجملی⁩	84
⁧تد؟⁩	84
⁧توقعی⁩	84
⁧تیربار⁩	84
⁧تیورینگ⁩	84
⁧ثروتمندی⁩	84
⁧جابرووکی⁩	84
⁧جایگزینش⁩	84
⁧جرت⁩	84
⁧جکه⁩	84
⁧حشاشیون⁩	84
⁧خبرو⁩	84
⁧خرخر⁩	84
⁧خسارتی⁩	84
⁧خواندم⁩	84
⁧خونیه⁩	84
⁧دارلا⁩	84
⁧داشتنه⁩	84
⁧دختراش⁩	84
⁧دندانپزشک⁩	84
⁧دوریان⁩	84
⁧دیدگی⁩	84
⁧راجادی⁩	84
⁧رسونی⁩	84
⁧رپر⁩	84
⁧ریلان⁩	84
⁧سالار⁩	84
⁧سباستیان⁩	84
⁧سفارتخانه⁩	84
⁧سلمونی⁩	84
⁧سوئیسی⁩	84
⁧سوالتون⁩	84
⁧سیاهپوش⁩	84
⁧سیاهچاله⁩	84
⁧شاهه⁩	84
⁧شاگردان⁩	84
⁧شدنتون⁩	84
⁧شریکیم⁩	84
⁧شفرد⁩	84
⁧شماهام⁩	84
⁧شیردل⁩	84
⁧صبحتون⁩	84
⁧صحبتت⁩	84
⁧عروسکم⁩	84
⁧عیاره⁩	84
⁧فراریش⁩	84
⁧قاسم⁩	84
⁧قاپ⁩	84
⁧قربانیه⁩	84
⁧قلمداد⁩	84
⁧لاته⁩	84
⁧لاهور⁩	84
⁧لاپوشونی⁩	84
⁧لبم⁩	84
⁧لژیون⁩	84
⁧لیسته⁩	84
⁧مارهای⁩	84
⁧ماوراءالطبیعه⁩	84
⁧مترجمان⁩	84
⁧متنوع⁩	84
⁧مردنت⁩	84
⁧مرغها⁩	84
⁧مرگمون⁩	84
⁧مشی⁩	84
⁧معاصر⁩	84
⁧معذب⁩	84
⁧معناش⁩	84
⁧ملاقاته⁩	84
⁧ملزم⁩	84
⁧مهربانانه⁩	84
⁧مومباسا⁩	84
⁧موهبته⁩	84
⁧میدو⁩	84
⁧مینداختی⁩	84
⁧میهو⁩	84
⁧میکنم،⁩	84
⁧ناوی⁩	84
⁧نتوانست⁩	84
⁧نجوم⁩	84
⁧نقاشیه⁩	84
⁧نمیخواهیم⁩	84
⁧نمیگید⁩	84
⁧نیازت⁩	84
⁧هارکین⁩	84
⁧هاکلی⁩	84
⁧هایا⁩	84
⁧هدایتگر⁩	84
⁧همراهمه⁩	84
⁧همونطوریه⁩	84
⁧وسایلشون⁩	84
⁧پروتون⁩	84
⁧پروندش⁩	84
⁧پنکه⁩	84
⁧پیس⁩	84
⁧ژیمناستیک⁩	84
⁧کاتالوگ⁩	84
⁧کاربری⁩	84
⁧کارشناسی⁩	84
⁧کامی⁩	84
⁧کلافه⁩	84
⁧کولسن⁩	84
⁧کونشو⁩	84
⁧کویت⁩	84
⁧کیارتان⁩	84
⁧گازدار⁩	84
⁧گرمسیری⁩	84
⁧گلدمن⁩	84
⁧گناهانی⁩	84
⁧گوانتانامو⁩	84
⁧گولدان⁩	84
⁧گولدور⁩	84
⁧یخبندان⁩	84
⁧یخچاله⁩	84
⁧یذره⁩	84
⁧یونکای⁩	84
⁧آسانسورها⁩	83
⁧آسایی⁩	83
⁧آنطرف⁩	83
⁧اروین⁩	83
⁧اشان⁩	83
⁧اطمینانی⁩	83
⁧اظهاریه⁩	83
⁧التماستون⁩	83
⁧المپیا⁩	83
⁧انعقاد⁩	83
⁧انوش⁩	83
⁧انکه⁩	83
⁧اهله⁩	83
⁧اونا؟⁩	83
⁧اوه،تو⁩	83
⁧اپرای⁩	83
⁧اینکارارو⁩	83
⁧بتهوون⁩	83
⁧بخشیدمت⁩	83
⁧بدانند⁩	83
⁧بدتون⁩	83
⁧برادرشه⁩	83
⁧برایمان⁩	83
⁧برتا⁩	83
⁧برنمیدارم⁩	83
⁧بریزین⁩	83
⁧بنکس⁩	83
⁧بچسبیم⁩	83
⁧بکشونی⁩	83
⁧بیاورم⁩	83
⁧تاتو⁩	83
⁧تصمیمو⁩	83
⁧تعرض⁩	83
⁧تماشات⁩	83
⁧تمرکزمون⁩	83
⁧توجیهی⁩	83
⁧توچی⁩	83
⁧توییم⁩	83
⁧تکس⁩	83
⁧تیروئید⁩	83
⁧جربزه⁩	83
⁧جونده⁩	83
⁧جونوری⁩	83
⁧خردش⁩	83
⁧خلافی⁩	83
⁧خوب،ما⁩	83
⁧خورشیده⁩	83
⁧داداشش⁩	83
⁧دریاهای⁩	83
⁧دندونپزشک⁩	83
⁧دیرینه⁩	83
⁧رانسون⁩	83
⁧راهبان⁩	83
⁧رعب⁩	83
⁧رفقام⁩	83
⁧رفیقی⁩	83
⁧رنگها⁩	83
⁧روتین⁩	83
⁧رونوشت⁩	83
⁧رویاهامون⁩	83
⁧ریورز⁩	83
⁧زندانیا⁩	83
⁧سراب⁩	83
⁧سربازخونه⁩	83
⁧سروران⁩	83
⁧سلولم⁩	83
⁧سپت⁩	83
⁧سیری⁩	83
⁧سیکلت⁩	83
⁧شرکتمون⁩	83
⁧شماهارو⁩	83
⁧شکونده⁩	83
⁧شیروانی⁩	83
⁧صربستان⁩	83
⁧عشقمو⁩	83
⁧فارنسوورث⁩	83
⁧فرست⁩	83
⁧فرستادید⁩	83
⁧فصلش⁩	83
⁧فوشان⁩	83
⁧فینلی⁩	83
⁧قاطعانه⁩	83
⁧لوئی⁩	83
⁧لوردس⁩	83
⁧ماتم⁩	83
⁧متصله⁩	83
⁧محافظم⁩	83
⁧مختلط⁩	83
⁧مرگان⁩	83
⁧مساعد⁩	83
⁧مسیرها⁩	83
⁧معجزست⁩	83
⁧ملیت⁩	83
⁧منبعت⁩	83
⁧مولا⁩	83
⁧میبخشم⁩	83
⁧ناامیدش⁩	83
⁧نخریدم⁩	83
⁧ندازم⁩	83
⁧نعناع⁩	83
⁧نمیخواهد⁩	83
⁧نمیفهمیم⁩	83
⁧نمیمونن⁩	83
⁧نگرانم⁩	83
⁧هایزنبرگ⁩	83
⁧هد⁩	83
⁧هش⁩	83
⁧هوادار⁩	83
⁧هولیس⁩	83
⁧هیستینگز⁩	83
⁧واقعیتو⁩	83
⁧والریا⁩	83
⁧پاشیدن⁩	83
⁧پالادیوم⁩	83
⁧پترزبورگ⁩	83
⁧پذیرفتم⁩	83
⁧پروژکتور⁩	83
⁧پیششه⁩	83
⁧پیلیت⁩	83
⁧پیپین⁩	83
⁧چسبیدن⁩	83
⁧کاریکه⁩	83
⁧کردار⁩	83
⁧کرولی⁩	83
⁧کشتیها⁩	83
⁧کوارک⁩	83
⁧کوس⁩	83
⁧کونشون⁩	83
⁧کوهل⁩	83
⁧کوچیکمون⁩	83
⁧گازهای⁩	83
⁧گانگستری⁩	83
⁧گذراندن⁩	83
⁧گودل⁩	83
⁧گودی⁩	83
⁧گوشاتو⁩	83
⁧آرزوهام⁩	82
⁧آره،و⁩	82
⁧آزادین⁩	82
⁧آلبوس⁩	82
⁧اخطاری⁩	82
⁧اراجیف⁩	82
⁧استخوانهای⁩	82
⁧اسکاندیناوی⁩	82
⁧اشفنی⁩	82
⁧اشکها⁩	82
⁧القاب⁩	82
⁧الکسی⁩	82
⁧امریس⁩	82
⁧انه⁩	82
⁧اهداکننده⁩	82
⁧اولشون⁩	82
⁧اوهارا⁩	82
⁧اژدهایی⁩	82
⁧بابایی؟⁩	82
⁧باشنش⁩	82
⁧بخوابونش⁩	82
⁧بخوابونم⁩	82
⁧بدردبخور⁩	82
⁧برکلی⁩	82
⁧بریمش⁩	82
⁧بسپارید⁩	82
⁧بهترینها⁩	82
⁧بوشون⁩	82
⁧بوکا⁩	82
⁧بگو؟⁩	82
⁧بیارمشون⁩	82
⁧تایلان⁩	82
⁧تراسک⁩	82
⁧تسلا⁩	82
⁧تصمیمتون⁩	82
⁧تمامشون⁩	82
⁧توانت⁩	82
⁧تولدتون⁩	82
⁧تولدی⁩	82
⁧تکالیفت⁩	82
⁧تکتون⁩	82
⁧جودیا⁩	82
⁧جوناه⁩	82
⁧حمد⁩	82
⁧حوروس⁩	82
⁧خائنین⁩	82
⁧خای⁩	82
⁧خرناس⁩	82
⁧خلیفه⁩	82
⁧خلیل⁩	82
⁧خواستت⁩	82
⁧خونشه⁩	82
⁧دزدگیر⁩	82
⁧دستبندها⁩	82
⁧دلهره⁩	82
⁧دوده⁩	82
⁧دورغ⁩	82
⁧ذائقه⁩	82
⁧ذخایر⁩	82
⁧راحتی؟⁩	82
⁧رنگشون⁩	82
⁧روته⁩	82
⁧رودریگز⁩	82
⁧روندا⁩	82
⁧ریدر⁩	82
⁧زندانیم⁩	82
⁧سربروس⁩	82
⁧سربلندی⁩	82
⁧سرنوشتشون⁩	82
⁧سعیتو⁩	82
⁧سمفونی⁩	82
⁧سینگانیا⁩	82
⁧شادیه⁩	82
⁧شبش⁩	82
⁧شجره⁩	82
⁧شرورانه⁩	82
⁧شمشیرزن⁩	82
⁧شمشیره⁩	82
⁧شوهرمو⁩	82
⁧طرفای⁩	82
⁧طلاییه⁩	82
⁧ظرفها⁩	82
⁧علاقمندی⁩	82
⁧علمیه⁩	82
⁧غنائم⁩	82
⁧فرصتمون⁩	82
⁧فرنکی⁩	82
⁧فریتز⁩	82
⁧فشفشه⁩	82
⁧فلو⁩	82
⁧فلیک⁩	82
⁧فنتون⁩	82
⁧قراردادش⁩	82
⁧قلبهای⁩	82
⁧قلبو⁩	82
⁧لادا⁩	82
⁧لاینس⁩	82
⁧لذتش⁩	82
⁧لردها⁩	82
⁧لیمویی⁩	82
⁧متوسطه⁩	82
⁧مدینه⁩	82
⁧معتبره⁩	82
⁧مقطع⁩	82
⁧مهرداد⁩	82
⁧موندگار⁩	82
⁧مچمو⁩	82
⁧میانسال⁩	82
⁧میبریمت⁩	82
⁧میدزدیم⁩	82
⁧مینوشیم⁩	82
⁧نبردن⁩	82
⁧نریخته⁩	82
⁧نزدیکای⁩	82
⁧نمایشم⁩	82
⁧نمیخوایی⁩	82
⁧نمیومدی⁩	82
⁧نکبتی⁩	82
⁧نگرانیه⁩	82
⁧نیارین⁩	82
⁧نیشگون⁩	82
⁧هاپس⁩	82
⁧هلال⁩	82
⁧همبازی⁩	82
⁧همگام⁩	82
⁧هندوها⁩	82
⁧واقعین⁩	82
⁧واو،⁩	82
⁧وتر⁩	82
⁧وجودمون⁩	82
⁧پستانداران⁩	82
⁧پماد⁩	82
⁧پوستها⁩	82
⁧چاوا⁩	82
⁧کارنی⁩	82
⁧کاسترو⁩	82
⁧کاغذبازی⁩	82
⁧کمری⁩	82
⁧کن،صبر⁩	82
⁧کینی⁩	82
⁧گاوهای⁩	82
⁧گریک⁩	82
⁧آدمام⁩	81
⁧آلبی⁩	81
⁧آپشن⁩	81
⁧آگاهم⁩	81
⁧استوایی⁩	81
⁧استینر⁩	81
⁧اسمای⁩	81
⁧اسونه⁩	81
⁧افرا⁩	81
⁧اقتدار⁩	81
⁧الماسی⁩	81
⁧انرژیه⁩	81
⁧انقدری⁩	81
⁧اولنا⁩	81
⁧اکتشافات⁩	81
⁧اگزوز⁩	81
⁧اینهارو⁩	81
⁧باتون⁩	81
⁧بازارهای⁩	81
⁧بالغه⁩	81
⁧بخندین⁩	81
⁧بدیمش⁩	81
⁧برمه⁩	81
⁧برمیگشتی⁩	81
⁧بهترینش⁩	81
⁧بودنتون⁩	81
⁧بیتی⁩	81
⁧بیشتراز⁩	81
⁧بیلو⁩	81
⁧تبلت⁩	81
⁧تحقیقاتش⁩	81
⁧تندیس⁩	81
⁧تنهاشون⁩	81
⁧تورات⁩	81
⁧توروالد⁩	81
⁧جاکوب⁩	81
⁧جریکو⁩	81
⁧جنگلبان⁩	81
⁧حساسیتی⁩	81
⁧خالم⁩	81
⁧خبریه⁩	81
⁧دامنت⁩	81
⁧دخترهات⁩	81
⁧درآمدی⁩	81
⁧دراورده⁩	81
⁧درمانگر⁩	81
⁧دریم⁩	81
⁧دستمزدت⁩	81
⁧دستیارش⁩	81
⁧دسیما⁩	81
⁧دق⁩	81
⁧دندوناتو⁩	81
⁧دورانت⁩	81
⁧دوستشم⁩	81
⁧دوستهام⁩	81
⁧راوند⁩	81
⁧رباها⁩	81
⁧روباتی⁩	81
⁧رونالدو⁩	81
⁧زانوهام⁩	81
⁧زبر⁩	81
⁧ساختمونو⁩	81
⁧سناتورها⁩	81
⁧سوالها⁩	81
⁧سک⁩	81
⁧سیج⁩	81
⁧سیلین⁩	81
⁧سیگارها⁩	81
⁧شبهه⁩	81
⁧شلوارمو⁩	81
⁧شیروونی⁩	81
⁧ص⁩	81
⁧طوره⁩	81
⁧عواطف⁩	81
⁧غمناک⁩	81
⁧فرفری⁩	81
⁧فروشن⁩	81
⁧فشارم⁩	81
⁧فوموفو⁩	81
⁧فیلیسیتی⁩	81
⁧قبلیمون⁩	81
⁧قلع⁩	81
⁧قلقلی⁩	81
⁧لاورا⁩	81
⁧لختش⁩	81
⁧لنفاوی⁩	81
⁧لیاح⁩	81
⁧ماریکو⁩	81
⁧متفاوتن⁩	81
⁧مجهول⁩	81
⁧مدهی⁩	81
⁧مذاب⁩	81
⁧مزاحمتی⁩	81
⁧مصلوب⁩	81
⁧معبده⁩	81
⁧معترض⁩	81
⁧مقاوت⁩	81
⁧منابعی⁩	81
⁧منحنی⁩	81
⁧میافتم⁩	81
⁧میزو⁩	81
⁧مینه⁩	81
⁧میچرخونه⁩	81
⁧میگرفته⁩	81
⁧ناتانیل⁩	81
⁧ناهارخوری⁩	81
⁧نرسم⁩	81
⁧نفهمیدن⁩	81
⁧نمونم⁩	81
⁧نمیتونی؟⁩	81
⁧نمیشناسمت⁩	81
⁧نوشتیم⁩	81
⁧نوشتین⁩	81
⁧هاینریش⁩	81
⁧همگرایی⁩	81
⁧وارو⁩	81
⁧وایستادن⁩	81
⁧وحشتی⁩	81
⁧وراج⁩	81
⁧وک⁩	81
⁧پرسیدیم⁩	81
⁧پشتوانه⁩	81
⁧پلیسو⁩	81
⁧پند⁩	81
⁧پیاپی⁩	81
⁧چراغهای⁩	81
⁧چیزهاییه⁩	81
⁧چین؟⁩	81
⁧ژنوم⁩	81
⁧کراون⁩	81
⁧کردین؟⁩	81
⁧کشمیر⁩	81
⁧کلایتس⁩	81
⁧کمار⁩	81
⁧کنیاک⁩	81
⁧کوز⁩	81
⁧کیکو⁩	81
⁧گذرونه⁩	81
⁧گردنشو⁩	81
⁧گرفتنشون⁩	81
⁧گوشمون⁩	81
⁧یاسمین⁩	81
⁧یخه⁩	81
⁧آشغالت⁩	80
⁧آهنه⁩	80
⁧اتوبوسی⁩	80
⁧استراتون⁩	80
⁧اسراری⁩	80
⁧اسپون⁩	80
⁧اسکندریه⁩	80
⁧اشتباست⁩	80
⁧افتادنش⁩	80
⁧اقبالی⁩	80
⁧الیمپوس⁩	80
⁧امری⁩	80
⁧انتخابشون⁩	80
⁧انداختنت⁩	80
⁧انگلیسیها⁩	80
⁧اوانز⁩	80
⁧اورجا⁩	80
⁧اوصاف⁩	80
⁧باخبرم⁩	80
⁧بازوکا⁩	80
⁧بازیکنای⁩	80
⁧بازیگرم⁩	80
⁧ببرتش⁩	80
⁧ببینی؟⁩	80
⁧ببینیمت⁩	80
⁧بخوانم⁩	80
⁧بدخلق⁩	80
⁧بدرستی⁩	80
⁧برداشتند⁩	80
⁧برنداشته⁩	80
⁧بسیج⁩	80
⁧بشکنید⁩	80
⁧بچسبه⁩	80
⁧تارات⁩	80
⁧تاوانشو⁩	80
⁧تحملم⁩	80
⁧تخصصش⁩	80
⁧تماسش⁩	80
⁧توییتر⁩	80
⁧جذابم⁩	80
⁧جند⁩	80
⁧جورائی⁩	80
⁧جیمسون⁩	80
⁧حرم⁩	80
⁧خاکه⁩	80
⁧خطریم⁩	80
⁧خنجرت⁩	80
⁧خوشتیپی⁩	80
⁧داستانمون⁩	80
⁧دقیقن⁩	80
⁧دوور⁩	80
⁧راحتیا⁩	80
⁧راهروها⁩	80
⁧روسپی⁩	80
⁧رومانو⁩	80
⁧سامانه⁩	80
⁧سانرا⁩	80
⁧سایزش⁩	80
⁧سوارها⁩	80
⁧سوسیالیست⁩	80
⁧سپید⁩	80
⁧سیمور⁩	80
⁧شانکار⁩	80
⁧شبکیه⁩	80
⁧شخصیتهای⁩	80
⁧شردر⁩	80
⁧شورشو⁩	80
⁧صادقی⁩	80
⁧طالب⁩	80
⁧طوفانه⁩	80
⁧غزه⁩	80
⁧فلفلی⁩	80
⁧فینیک⁩	80
⁧قرصی⁩	80
⁧قسمی⁩	80
⁧قشنگم⁩	80
⁧قلپ⁩	80
⁧لاتبروک⁩	80
⁧لاما⁩	80
⁧لمون⁩	80
⁧لوتز⁩	80
⁧مادرزاد⁩	80
⁧مامان،⁩	80
⁧ماورایی⁩	80
⁧مایلیم⁩	80
⁧متحدین⁩	80
⁧متعارف⁩	80
⁧محبوبه⁩	80
⁧مزخرفاتو⁩	80
⁧منتظرتن⁩	80
⁧مهاجرین⁩	80
⁧مهبل⁩	80
⁧موشا⁩	80
⁧میافتاد⁩	80
⁧میامد⁩	80
⁧میکروسکوپ⁩	80
⁧نادری⁩	80
⁧نخواستیم⁩	80
⁧ندیدیمش⁩	80
⁧نظافتچی⁩	80
⁧نورش⁩	80
⁧نوسازی⁩	80
⁧هایپریون⁩	80
⁧والکری⁩	80
⁧وزنشه⁩	80
⁧ولکان⁩	80
⁧ویلون⁩	80
⁧پادشاهتون⁩	80
⁧پرستانه⁩	80
⁧پسرهات⁩	80
⁧پهلوون⁩	80
⁧پیچش⁩	80
⁧چاقوها⁩	80
⁧چندتا؟⁩	80
⁧چنگمون⁩	80
⁧چپتون⁩	80
⁧چکشون⁩	80
⁧کاغذه⁩	80
⁧کامودوس⁩	80
⁧کثیفیه⁩	80
⁧کجاشو⁩	80
⁧کلاغه⁩	80
⁧کلسیم⁩	80
⁧کنج⁩	80
⁧کوانگ⁩	80
⁧کیفتون⁩	80
⁧گداها⁩	80
⁧گرداند⁩	80
⁧گرن⁩	80
⁧گشتین⁩	80
⁧گندست⁩	80
⁧گواتمالا⁩	80
⁧گوسفندها⁩	80
⁧یئون⁩	80
⁧یوان⁩	80
⁧یودا⁩	80
⁧،خب⁩	79
⁧آتوس⁩	79
⁧آخرای⁩	79
⁧آموزگار⁩	79
⁧آندال⁩	79
⁧آگی⁩	79
⁧ابهت⁩	79
⁧اتاقیم⁩	79
⁧اجراهای⁩	79
⁧اخلاقت⁩	79
⁧ارتعاش⁩	79
⁧اسلاگهورن⁩	79
⁧اسکوفیلد⁩	79
⁧اشتباهاتم⁩	79
⁧اعتبارم⁩	79
⁧افتادید⁩	79
⁧افتخاریه⁩	79
⁧اما؟⁩	79
⁧انبر⁩	79
⁧اوضات⁩	79
⁧اومالی⁩	79
⁧ایب⁩	79
⁧اینجات⁩	79
⁧بابابزرگم⁩	79
⁧بازپس⁩	79
⁧باوفا⁩	79
⁧ببرتت⁩	79
⁧بترکونی⁩	79
⁧بخندید⁩	79
⁧بدشانسیه⁩	79
⁧بدقت⁩	79
⁧برنن⁩	79
⁧بفرستیش⁩	79
⁧بندازند⁩	79
⁧بندگی⁩	79
⁧بینیمت⁩	79
⁧تاتاگلیا⁩	79
⁧تاریکیه⁩	79
⁧تالارهای⁩	79
⁧ترساندن⁩	79
⁧ترسند⁩	79
⁧تروریسته⁩	79
⁧تریبیانی⁩	79
⁧جزای⁩	79
⁧جوانب⁩	79
⁧حمومه⁩	79
⁧خریم⁩	79
⁧خشمی⁩	79
⁧خواهره⁩	79
⁧خوب،حالا⁩	79
⁧خیانته⁩	79
⁧دروید⁩	79
⁧دلبندم⁩	79
⁧دوستمی⁩	79
⁧دویدی⁩	79
⁧رآس⁩	79
⁧راندن⁩	79
⁧رمزه⁩	79
⁧روسری⁩	79
⁧رومه⁩	79
⁧ریشت⁩	79
⁧زاکربرگ⁩	79
⁧زبانت⁩	79
⁧ساکی⁩	79
⁧سبوس⁩	79
⁧سلامم⁩	79
⁧سوتو⁩	79
⁧سور⁩	79
⁧سولیوان⁩	79
⁧سیارات⁩	79
⁧شدس⁩	79
⁧شرابه⁩	79
⁧شغلمو⁩	79
⁧صدبار⁩	79
⁧صندلیش⁩	79
⁧عاجزانه⁩	79
⁧غایب⁩	79
⁧غیرمعمول⁩	79
⁧فابیو⁩	79
⁧فاخته⁩	79
⁧فرمانده؟⁩	79
⁧فنلاند⁩	79
⁧فیلمسازی⁩	79
⁧قایقت⁩	79
⁧قلوه⁩	79
⁧لبات⁩	79
⁧لطیفی⁩	79
⁧لورتا⁩	79
⁧لیستت⁩	79
⁧مابقی⁩	79
⁧مارلو⁩	79
⁧ماهیتابه⁩	79
⁧محرم⁩	79
⁧محقر⁩	79
⁧مدرنه⁩	79
⁧مرتبا⁩	79
⁧مرزه⁩	79
⁧مزخرفت⁩	79
⁧مسافری⁩	79
⁧مشتت⁩	79
⁧مشروبش⁩	79
⁧مقاربتی⁩	79
⁧ممنونت⁩	79
⁧مندل⁩	79
⁧منصفانست⁩	79
⁧موافقی؟⁩	79
⁧مولدر⁩	79
⁧موچ⁩	79
⁧مکنده⁩	79
⁧مگدا⁩	79
⁧میایید⁩	79
⁧میترسند⁩	79
⁧میترسیدی⁩	79
⁧میسوخت⁩	79
⁧میلا⁩	79
⁧ناگواری⁩	79
⁧نخل⁩	79
⁧نمیندازی⁩	79
⁧نورت⁩	79
⁧نگفتند⁩	79
⁧هاته⁩	79
⁧هارپی⁩	79
⁧هتلش⁩	79
⁧همر⁩	79
⁧همکارهای⁩	79
⁧واروو⁩	79
⁧والله⁩	79
⁧واگیر⁩	79
⁧واینسا⁩	79
⁧ورودیه⁩	79
⁧وودهاس⁩	79
⁧ویلیامسون⁩	79
⁧پخمه⁩	79
⁧پوزیدون⁩	79
⁧پیترو⁩	79
⁧پیچوندن⁩	79
⁧چیک⁩	79
⁧ژانت⁩	79
⁧ژوراسیک⁩	79
⁧کوب⁩	79
⁧کوشی⁩	79
⁧گابو⁩	79
⁧گراف⁩	79
⁧گرمم⁩	79
⁧گرچن⁩	79
⁧گودزیلا⁩	79
⁧گورتونو⁩	79
⁧گورش⁩	79
⁧گیتی⁩	79
⁧گیرا⁩	79
⁧یوحنا⁩	79
⁧آخرو⁩	78
⁧آدمش⁩	78
⁧آرایشی⁩	78
⁧آلفونسو⁩	78
⁧آلونزو⁩	78
⁧آمیخته⁩	78
⁧آنجلیکا⁩	78
⁧آنفولانزای⁩	78
⁧آیلا⁩	78
⁧آیوا⁩	78
⁧ادکلن⁩	78
⁧اسممون⁩	78
⁧اسپارکی⁩	78
⁧اسکول⁩	78
⁧السیر⁩	78
⁧المر⁩	78
⁧اورن⁩	78
⁧بارکش⁩	78
⁧باشک⁩	78
⁧ببخشش⁩	78
⁧بترسید⁩	78
⁧بدترن⁩	78
⁧بذارمت⁩	78
⁧بریتانیای⁩	78
⁧بسوزونن⁩	78
⁧بلندتره⁩	78
⁧بلندشون⁩	78
⁧بنه⁩	78
⁧بچرخونه⁩	78
⁧بکوبم⁩	78
⁧بگند⁩	78
⁧بیوکا⁩	78
⁧تحقیقاتمون⁩	78
⁧تدبیر⁩	78
⁧ترسبی⁩	78
⁧ترمل⁩	78
⁧تلنگر⁩	78
⁧توهه⁩	78
⁧جهیزیه⁩	78
⁧جوانمردانه⁩	78
⁧جیرجیرک⁩	78
⁧جیه⁩	78
⁧خریدیش⁩	78
⁧خواهرشه⁩	78
⁧خوردنم⁩	78
⁧خوشمزس⁩	78
⁧خویشاوندی⁩	78
⁧داجرز⁩	78
⁧داروئه⁩	78
⁧داکوتای⁩	78
⁧درشو⁩	78
⁧دستگاهه⁩	78
⁧دستگیریش⁩	78
⁧دعواتون⁩	78
⁧دلتنگی⁩	78
⁧دورتان⁩	78
⁧دونستند⁩	78
⁧دوون⁩	78
⁧دچارش⁩	78
⁧دکترت⁩	78
⁧راتر⁩	78
⁧رادیاتور⁩	78
⁧راستای⁩	78
⁧ربطه⁩	78
⁧زدنی⁩	78
⁧ساختاری⁩	78
⁧سالخورده⁩	78
⁧ساکشن⁩	78
⁧سلا⁩	78
⁧سوگ⁩	78
⁧سیرابی⁩	78
⁧سیمبا⁩	78
⁧شادمانی⁩	78
⁧شاغل⁩	78
⁧شمارمو⁩	78
⁧شیرینیه⁩	78
⁧شیکشا⁩	78
⁧صدد⁩	78
⁧صندلیم⁩	78
⁧صندوقدار⁩	78
⁧طنابو⁩	78
⁧عاشقشونم⁩	78
⁧عمار⁩	78
⁧عموتون⁩	78
⁧غزل⁩	78
⁧غورباقه⁩	78
⁧فارگو⁩	78
⁧قدرتو⁩	78
⁧قراردادها⁩	78
⁧قلبشه⁩	78
⁧لنون⁩	78
⁧لوت⁩	78
⁧ماچو⁩	78
⁧ماکیجا⁩	78
⁧مت؟⁩	78
⁧محضی⁩	78
⁧مدله⁩	78
⁧مدیرم⁩	78
⁧مراقبشم⁩	78
⁧مشتعل⁩	78
⁧مهندسین⁩	78
⁧میخواین؟⁩	78
⁧میریخت⁩	78
⁧میلت⁩	78
⁧میلته⁩	78
⁧میکرو⁩	78
⁧میکشد⁩	78
⁧ناامیدتون⁩	78
⁧ناراحتتون⁩	78
⁧نانوایی⁩	78
⁧نخواستن⁩	78
⁧نمیکشیم⁩	78
⁧نه،اما⁩	78
⁧نهان⁩	78
⁧نگامون⁩	78
⁧نیماه⁩	78
⁧هئیت⁩	78
⁧هراسی⁩	78
⁧همشهری⁩	78
⁧هوریک⁩	78
⁧هیچکس؟⁩	78
⁧وراثت⁩	78
⁧ویتویکی⁩	78
⁧ویستلر⁩	78
⁧پاکشون⁩	78
⁧پایینم⁩	78
⁧پستم⁩	78
⁧پناهندگی⁩	78
⁧پگوئنو⁩	78
⁧پیشنهاده⁩	78
⁧چکی⁩	78
⁧چیزیست⁩	78
⁧کارتن⁩	78
⁧کافمن⁩	78
⁧کاپیتان؟⁩	78
⁧کبک⁩	78
⁧کدکس⁩	78
⁧کرال⁩	78
⁧کرینکسس⁩	78
⁧کشتنه⁩	78
⁧کلنگ⁩	78
⁧کمدم⁩	78
⁧کمونیستی⁩	78
⁧کنترلشو⁩	78
⁧کوئینان⁩	78
⁧کواک⁩	78
⁧کونتا⁩	78
⁧کیدو⁩	78
⁧کیرتو⁩	78
⁧گرفتتش⁩	78
⁧گشوده⁩	78
⁧گفتمش⁩	78
⁧گوریه؟⁩	78
⁧آبیاری⁩	77
⁧آره،فکر⁩	77
⁧آرچ⁩	77
⁧آرگو⁩	77
⁧آزمایشگاهم⁩	77
⁧آغل⁩	77
⁧اتریشی⁩	77
⁧اختلاط⁩	77
⁧اخطاره⁩	77
⁧ارتفاعش⁩	77
⁧استیج⁩	77
⁧اسنپ⁩	77
⁧اسپارتانها⁩	77
⁧اسکورچ⁩	77
⁧الجزایر⁩	77
⁧المانی⁩	77
⁧امنه؟⁩	77
⁧اونجایین⁩	77
⁧اوین⁩	77
⁧اکتشافی⁩	77
⁧ایزوله⁩	77
⁧ایلینویز⁩	77
⁧اینقدرا⁩	77
⁧بازوها⁩	77
⁧بازوهات⁩	77
⁧بازوهای⁩	77
⁧بالگرد⁩	77
⁧باچا⁩	77
⁧بایستن⁩	77
⁧ببرهای⁩	77
⁧ببینتش⁩	77
⁧بدنشه⁩	77
⁧برادرهات⁩	77
⁧برایتون⁩	77
⁧براید⁩	77
⁧برایشان⁩	77
⁧برنمیگردن⁩	77
⁧بروس؟⁩	77
⁧بزارشون⁩	77
⁧بسنده⁩	77
⁧بلاگ⁩	77
⁧بنشینی⁩	77
⁧بپوشونی⁩	77
⁧بچرخید⁩	77
⁧بیب⁩	77
⁧بیمارا⁩	77
⁧بینانه⁩	77
⁧تئوکیلوس⁩	77
⁧تاراج⁩	77
⁧تخمش⁩	77
⁧تماسهای⁩	77
⁧جنسا⁩	77
⁧جنگلهای⁩	77
⁧جیگری⁩	77
⁧حا⁩	77
⁧حاشا⁩	77
⁧خجالتم⁩	77
⁧خدمتکاران⁩	77
⁧خروجه⁩	77
⁧خطاها⁩	77
⁧خواهرا⁩	77
⁧خویشاوند⁩	77
⁧خیری⁩	77
⁧خیلخب⁩	77
⁧دامین⁩	77
⁧داییم⁩	77
⁧درازیه⁩	77
⁧دراوردم⁩	77
⁧دش⁩	77
⁧دوتاست⁩	77
⁧ذکاوت⁩	77
⁧رئیس؟⁩	77
⁧رئیستون⁩	77
⁧راحتت⁩	77
⁧رادیولوژی⁩	77
⁧رامش⁩	77
⁧رفتنی⁩	77
⁧رگها⁩	77
⁧زندانیها⁩	77
⁧ساختون⁩	77
⁧ستسونا⁩	77
⁧سرش⁩	77
⁧سرشونو⁩	77
⁧سرطانه⁩	77
⁧سلاحش⁩	77
⁧سیاستمدارها⁩	77
⁧سیمس⁩	77
⁧شاداب⁩	77
⁧شرافتی⁩	77
⁧شورلت⁩	77
⁧شوری⁩	77
⁧شکارچیه⁩	77
⁧شکستیم⁩	77
⁧شکنم⁩	77
⁧عامیانه⁩	77
⁧عقلشون⁩	77
⁧علاقمنده⁩	77
⁧عملیش⁩	77
⁧غارنشین⁩	77
⁧فعالیتی⁩	77
⁧فوربس⁩	77
⁧فیل؟⁩	77
⁧قانعم⁩	77
⁧لنگلی⁩	77
⁧لورده⁩	77
⁧مالدر⁩	77
⁧مالکش⁩	77
⁧ماژول⁩	77
⁧مایونز⁩	77
⁧متیلامین⁩	77
⁧مرغوب⁩	77
⁧مشکوکم⁩	77
⁧معجزات⁩	77
⁧معطلی⁩	77
⁧منیکس⁩	77
⁧مهمونامون⁩	77
⁧مهمونم⁩	77
⁧موادش⁩	77
⁧میترکونه⁩	77
⁧میرتل⁩	77
⁧مینوشت⁩	77
⁧میپرسیم⁩	77
⁧میگردد⁩	77
⁧ناخوشاینده⁩	77
⁧ناچیزه⁩	77
⁧نماید⁩	77
⁧نمه⁩	77
⁧نمیشناسید⁩	77
⁧نمیگم؟⁩	77
⁧نن⁩	77
⁧نومریوس⁩	77
⁧نگرانتون⁩	77
⁧نیکوس⁩	77
⁧هانسن⁩	77
⁧هرکجا⁩	77
⁧هرکدوممون⁩	77
⁧همنوع⁩	77
⁧همونقدری⁩	77
⁧هوبرت⁩	77
⁧هی،من⁩	77
⁧هیدر⁩	77
⁧وارلگان⁩	77
⁧واقعآ؟⁩	77
⁧والد⁩	77
⁧ویگو⁩	77
⁧پارچ⁩	77
⁧پتک⁩	77
⁧پسرهایی⁩	77
⁧پلیسیه⁩	77
⁧پنجاب⁩	77
⁧پولامو⁩	77
⁧پیجر⁩	77
⁧پیشخون⁩	77
⁧پیشمه⁩	77
⁧کاتو⁩	77
⁧کارانه⁩	77
⁧کارمونه⁩	77
⁧کاپوآ⁩	77
⁧کتابتون⁩	77
⁧کریش⁩	77
⁧کلفته⁩	77
⁧کونمون⁩	77
⁧کوچیکتره⁩	77
⁧گردنتو⁩	77
⁧گروگانگیری⁩	77
⁧گوو⁩	77
⁧گیملی⁩	77
⁧یافتیم⁩	77
⁧یاوه⁩	77
⁧ینگ⁩	77
⁧یکروز⁩	77
⁧آسونش⁩	76
⁧آوردیش؟⁩	76
⁧آپدیت⁩	76
⁧اتاقا⁩	76
⁧اتهاماتی⁩	76
⁧اتوود⁩	76
⁧ادنا⁩	76
⁧ارزن⁩	76
⁧اروپاست⁩	76
⁧استنس⁩	76
⁧اسکایلارک⁩	76
⁧اشتراسر⁩	76
⁧اصلحه⁩	76
⁧اظهارنامه⁩	76
⁧افتادگی⁩	76
⁧افتضاحم⁩	76
⁧الماسها⁩	76
⁧امریکاست⁩	76
⁧اوضاعی⁩	76
⁧اکی⁩	76
⁧بادش⁩	76
⁧بارشون⁩	76
⁧بارهامز⁩	76
⁧باسه⁩	76
⁧بالابر⁩	76
⁧باهاما⁩	76
⁧ببین،⁩	76
⁧برروی⁩	76
⁧برسونمش⁩	76
⁧برمن⁩	76
⁧برندگان⁩	76
⁧برکستون⁩	76
⁧بزها⁩	76
⁧بستین⁩	76
⁧بلینی⁩	76
⁧بندرت⁩	76
⁧بنفس⁩	76
⁧بورزم⁩	76
⁧بپزی⁩	76
⁧ترایسی⁩	76
⁧تستش⁩	76
⁧جدیدن⁩	76
⁧جوونک⁩	76
⁧حضوری⁩	76
⁧خدماتت⁩	76
⁧خردمندانه⁩	76
⁧خطراتی⁩	76
⁧خطش⁩	76
⁧داخلم⁩	76
⁧درتو⁩	76
⁧درخشه⁩	76
⁧دردآور⁩	76
⁧دستمالی⁩	76
⁧دعوتمون⁩	76
⁧دفنت⁩	76
⁧دلینجر⁩	76
⁧دوربینم⁩	76
⁧دوستداران⁩	76
⁧ذلیل⁩	76
⁧راجه⁩	76
⁧راستگویی⁩	76
⁧رباینده⁩	76
⁧رستگار⁩	76
⁧رسونیم⁩	76
⁧رل⁩	76
⁧رودریک⁩	76
⁧ریپلی⁩	76
⁧زشتیه⁩	76
⁧زه⁩	76
⁧زویلا⁩	76
⁧سارمان⁩	76
⁧سازند⁩	76
⁧سالهایی⁩	76
⁧سرمشق⁩	76
⁧سفیدش⁩	76
⁧سوس⁩	76
⁧سونینا⁩	76
⁧سیث⁩	76
⁧شاهرخ⁩	76
⁧شهرتی⁩	76
⁧شکوهی⁩	76
⁧صراحتا⁩	76
⁧صندلیه⁩	76
⁧ضعیفن⁩	76
⁧طحال⁩	76
⁧طلبانه⁩	76
⁧ظاهرشون⁩	76
⁧عالیه،⁩	76
⁧عروقی⁩	76
⁧عقیم⁩	76
⁧فردریکسن⁩	76
⁧فلوری⁩	76
⁧فنجونی⁩	76
⁧فنستر⁩	76
⁧فون⁩	76
⁧فیلیپه⁩	76
⁧قاطیش⁩	76
⁧قبرها⁩	76
⁧قرصه⁩	76
⁧قیاس⁩	76
⁧لرزان⁩	76
⁧لودو⁩	76
⁧ماسئو⁩	76
⁧ماهان⁩	76
⁧مبدا⁩	76
⁧مرکوری⁩	76
⁧مضطربم⁩	76
⁧مطمعنی⁩	76
⁧مظهر⁩	76
⁧معترف⁩	76
⁧معقولانه⁩	76
⁧مقادیر⁩	76
⁧ملتی⁩	76
⁧ملحفه⁩	76
⁧مهارتش⁩	76
⁧موضوعش⁩	76
⁧موقعیته⁩	76
⁧موگلی⁩	76
⁧مکانهای⁩	76
⁧مگنوم⁩	76
⁧میبینیش؟⁩	76
⁧میت⁩	76
⁧میداشتی⁩	76
⁧میذارمت⁩	76
⁧میکنمت⁩	76
⁧ناسزا⁩	76
⁧نانوا⁩	76
⁧نتایجی⁩	76
⁧نتونید⁩	76
⁧نزنش⁩	76
⁧نمیجنگم⁩	76
⁧ننا⁩	76
⁧نیجر⁩	76
⁧هنلی⁩	76
⁧هواداران⁩	76
⁧واترگیت⁩	76
⁧وامی⁩	76
⁧وایسته⁩	76
⁧ولنتاینه⁩	76
⁧ویلمر⁩	76
⁧پاهامون⁩	76
⁧پرقدرت⁩	76
⁧پروازهای⁩	76
⁧پشتتم⁩	76
⁧پوشکین⁩	76
⁧پولدارا⁩	76
⁧پیروانش⁩	76
⁧پیچوند⁩	76
⁧چام⁩	76
⁧چرخشی⁩	76
⁧چرخوندن⁩	76
⁧چغندر⁩	76
⁧چینه⁩	76
⁧کاغذا⁩	76
⁧کاملت⁩	76
⁧کنارش⁩	76
⁧کوبیدن⁩	76
⁧کپیتال⁩	76
⁧کینگزلی⁩	76
⁧کینگزمن⁩	76
⁧گارلند⁩	76
⁧گرفتارم⁩	76
⁧گفتنه⁩	76
⁧گوون⁩	76
⁧یوهانسن⁩	76
⁧آرامشت⁩	75
⁧آریال⁩	75
⁧آسانی⁩	75
⁧آمو⁩	75
⁧ااا⁩	75
⁧ادرین⁩	75
⁧ارتباطشون⁩	75
⁧اسلو⁩	75
⁧افرادمو⁩	75
⁧افسرای⁩	75
⁧امانید⁩	75
⁧اندونزی⁩	75
⁧اونز⁩	75
⁧اپی⁩	75
⁧اکسیر⁩	75
⁧ایدی⁩	75
⁧ایستادین⁩	75
⁧ایلیش⁩	75
⁧اینکارش⁩	75
⁧اینیم⁩	75
⁧بازکردن⁩	75
⁧بالینی⁩	75
⁧باگزی⁩	75
⁧ببوسیم⁩	75
⁧بردمت⁩	75
⁧برساند⁩	75
⁧برگردد⁩	75
⁧برگردوندنش⁩	75
⁧بزرگتون⁩	75
⁧بزرگمه⁩	75
⁧بسم⁩	75
⁧بفهمونه⁩	75
⁧بوکسر⁩	75
⁧بچهها⁩	75
⁧بیانش⁩	75
⁧تاتا⁩	75
⁧تاره⁩	75
⁧تاوقتی⁩	75
⁧تدریجی⁩	75
⁧تراوش⁩	75
⁧تعقیبیم⁩	75
⁧توانسته⁩	75
⁧تولیدات⁩	75
⁧تولیدی⁩	75
⁧توماسه⁩	75
⁧تومن⁩	75
⁧توهینی⁩	75
⁧توپهای⁩	75
⁧جدیدیه⁩	75
⁧جرو⁩	75
⁧حتمیه⁩	75
⁧خارجیه⁩	75
⁧خواص⁩	75
⁧خوایید⁩	75
⁧خودخواهم⁩	75
⁧خوشگلترین⁩	75
⁧خوکچه⁩	75
⁧دارمشون⁩	75
⁧دخلی⁩	75
⁧ددشات⁩	75
⁧درکس⁩	75
⁧دستورم⁩	75
⁧دوساله⁩	75
⁧دیترسون⁩	75
⁧دیون⁩	75
⁧ردم⁩	75
⁧روبو⁩	75
⁧روشنفکر⁩	75
⁧زنشه⁩	75
⁧ساکرامنتو⁩	75
⁧سرشماری⁩	75
⁧سفیدها⁩	75
⁧سوارشون⁩	75
⁧سیگار؟⁩	75
⁧شامم⁩	75
⁧شرل⁩	75
⁧شمسی⁩	75
⁧شنیدمش⁩	75
⁧شهرش⁩	75
⁧شیلر⁩	75
⁧صبحش⁩	75
⁧عریان⁩	75
⁧غذامو⁩	75
⁧فازی⁩	75
⁧فروشیم⁩	75
⁧فعالسازی⁩	75
⁧فلسیتی⁩	75
⁧قضات⁩	75
⁧قلقلکم⁩	75
⁧لاستیکی⁩	75
⁧لایمن⁩	75
⁧لشتو⁩	75
⁧مادرانه⁩	75
⁧مادمازل⁩	75
⁧مبتدی⁩	75
⁧مجازاتم⁩	75
⁧مدنظر⁩	75
⁧مسرت⁩	75
⁧مسوولیت⁩	75
⁧مسیره⁩	75
⁧مصالح⁩	75
⁧مهاجمین⁩	75
⁧موندنم⁩	75
⁧میبردن⁩	75
⁧میبنی⁩	75
⁧میترسیم⁩	75
⁧میفرستادم⁩	75
⁧مینویسیم⁩	75
⁧نامعقول⁩	75
⁧ناپا⁩	75
⁧نای⁩	75
⁧نفرستادی⁩	75
⁧نمیفهمی؟⁩	75
⁧نمیکشن⁩	75
⁧نوشم⁩	75
⁧هاوی⁩	75
⁧همسان⁩	75
⁧همهی⁩	75
⁧همکارتون⁩	75
⁧هواپیمائی⁩	75
⁧واج⁩	75
⁧وانهدا⁩	75
⁧پاسور⁩	75
⁧پاسپورتم⁩	75
⁧پاوره⁩	75
⁧پایم⁩	75
⁧پدرتی⁩	75
⁧پرتشون⁩	75
⁧پرستارش⁩	75
⁧پیونده⁩	75
⁧پیکی⁩	75
⁧چسبیدم⁩	75
⁧چهرت⁩	75
⁧چیزهارو⁩	75
⁧کاتاپا⁩	75
⁧کرامر⁩	75
⁧کفشاش⁩	75
⁧کلیر؟⁩	75
⁧گرانشی⁩	75
⁧گسل⁩	75
⁧گلدار⁩	75
⁧گولمون⁩	75
⁧گیبونز⁩	75
⁧آگرون⁩	74
⁧آگنس⁩	74
⁧آیندت⁩	74
⁧اذهان⁩	74
⁧ارم⁩	74
⁧اریکسون⁩	74
⁧استورات⁩	74
⁧استیناف⁩	74
⁧اسپرت⁩	74
⁧اسکایپ⁩	74
⁧اسکمندر⁩	74
⁧الجثه⁩	74
⁧امنیته⁩	74
⁧اندازیم⁩	74
⁧اویدیوس⁩	74
⁧ایثان⁩	74
⁧اینقدری⁩	74
⁧ایگی⁩	74
⁧بازگشتت⁩	74
⁧بتیاتوس⁩	74
⁧برادراش⁩	74
⁧براو⁩	74
⁧بزنیمش⁩	74
⁧بسط⁩	74
⁧بنجن⁩	74
⁧بنیانگذار⁩	74
⁧بپرن⁩	74
⁧بیکران⁩	74
⁧تبهکاری⁩	74
⁧ترسوندم⁩	74
⁧ترکها⁩	74
⁧تعقیبی⁩	74
⁧تغییرپذیرها⁩	74
⁧توجیح⁩	74
⁧توهمی⁩	74
⁧تیله⁩	74
⁧تیگ⁩	74
⁧جاوید⁩	74
⁧جداگونه⁩	74
⁧جنجالی⁩	74
⁧جوشه⁩	74
⁧جوگر⁩	74
⁧حساسیه⁩	74
⁧حقیقت؟⁩	74
⁧حواسشو⁩	74
⁧خانوادتو⁩	74
⁧خروار⁩	74
⁧خطم⁩	74
⁧خلبانان⁩	74
⁧خودتونم⁩	74
⁧خویه⁩	74
⁧خی⁩	74
⁧خیابانها⁩	74
⁧دانستند⁩	74
⁧دخترشم⁩	74
⁧درمونگاه⁩	74
⁧دریافتی⁩	74
⁧دزدیدش⁩	74
⁧دلخوری⁩	74
⁧دوستیه⁩	74
⁧رحمه⁩	74
⁧روندی⁩	74
⁧روو⁩	74
⁧روکه⁩	74
⁧زارن⁩	74
⁧زندگیته⁩	74
⁧زولو⁩	74
⁧سئوالات⁩	74
⁧ساعتهای⁩	74
⁧سال؟⁩	74
⁧سالروز⁩	74
⁧سایلس⁩	74
⁧سختگیر⁩	74
⁧سناریوی⁩	74
⁧سیاحت⁩	74
⁧سیبی⁩	74
⁧سیستمهای⁩	74
⁧شانستون⁩	74
⁧شایرون⁩	74
⁧شغلمه⁩	74
⁧شفاهی⁩	74
⁧شهرتت⁩	74
⁧عذابی⁩	74
⁧عصرونه⁩	74
⁧غدا⁩	74
⁧غرایز⁩	74
⁧غیبشون⁩	74
⁧فایر⁩	74
⁧فرانچسکو⁩	74
⁧فردایی⁩	74
⁧فرستادنت⁩	74
⁧فروشش⁩	74
⁧فولکس⁩	74
⁧قایقه⁩	74
⁧قمری⁩	74
⁧قوسی⁩	74
⁧قول؟⁩	74
⁧قیمته⁩	74
⁧لازاروس⁩	74
⁧لباسیه⁩	74
⁧لفروی⁩	74
⁧مارماهی⁩	74
⁧ماشینیه⁩	74
⁧مالا⁩	74
⁧مخمل⁩	74
⁧مدارکت⁩	74
⁧مدرکت⁩	74
⁧مدیونیم⁩	74
⁧مراجع⁩	74
⁧مستلزم⁩	74
⁧مستمری⁩	74
⁧مشروبه⁩	74
⁧مظنونه⁩	74
⁧معشوقت⁩	74
⁧مقامت⁩	74
⁧مقصدش⁩	74
⁧منظورمون⁩	74
⁧موهبتی⁩	74
⁧مکاشفه⁩	74
⁧میخوایین⁩	74
⁧میسازند⁩	74
⁧میکشیدن⁩	74
⁧نزدیکیا⁩	74
⁧نفرستادن⁩	74
⁧نمیخاد⁩	74
⁧نه،فقط⁩	74
⁧نواری⁩	74
⁧نوشید⁩	74
⁧نیامد⁩	74
⁧نیسن⁩	74
⁧همند⁩	74
⁧هوه⁩	74
⁧هیدن⁩	74
⁧هیروشیما⁩	74
⁧واری⁩	74
⁧واقعیات⁩	74
⁧والدینمون⁩	74
⁧وایس⁩	74
⁧وصول⁩	74
⁧وضعیتمون⁩	74
⁧ویدت⁩	74
⁧ویکد⁩	74
⁧پادریک⁩	74
⁧پارکینسون⁩	74
⁧پاریسی⁩	74
⁧پرفروش⁩	74
⁧پستاندار⁩	74
⁧پشمک⁩	74
⁧پیترز⁩	74
⁧چرا،⁩	74
⁧چیکارت⁩	74
⁧کابلی⁩	74
⁧کامیلا⁩	74
⁧کاپیتانی⁩	74
⁧کتابفروشی⁩	74
⁧کرست⁩	74
⁧کریدنس⁩	74
⁧کلاهتو⁩	74
⁧کیتانا⁩	74
⁧کیهان⁩	74
⁧کیکه⁩	74
⁧گشایی⁩	74
⁧گشتند⁩	74
⁧گمانه⁩	74
⁧یافتگان⁩	74
⁧یاملا⁩	74
⁧یوکو⁩	74
⁧آئورت⁩	73
⁧آرواره⁩	73
⁧آستن⁩	73
⁧آسیای⁩	73
⁧آلگرا⁩	73
⁧آممم⁩	73
⁧آون⁩	73
⁧آکی⁩	73
⁧ااه⁩	73
⁧اختیارم⁩	73
⁧ارز⁩	73
⁧اشتاین⁩	73
⁧اشتراکی⁩	73
⁧اعتبارت⁩	73
⁧البداهه⁩	73
⁧الطاف⁩	73
⁧الم⁩	73
⁧امیده⁩	73
⁧امیلیان⁩	73
⁧اندریا⁩	73
⁧ایستی⁩	73
⁧بالفطره⁩	73
⁧ببازیم⁩	73
⁧ببریشون⁩	73
⁧بخوابند⁩	73
⁧بذارمشون⁩	73
⁧برادلی⁩	73
⁧برهان⁩	73
⁧برگشتنش⁩	73
⁧بشنومش⁩	73
⁧بلرزونمش⁩	73
⁧بکسون⁩	73
⁧بینیت⁩	73
⁧بیکارم⁩	73
⁧تالیس⁩	73
⁧تجاریه⁩	73
⁧تجدیدنظر⁩	73
⁧تراشیدن⁩	73
⁧تراکم⁩	73
⁧ترومپت⁩	73
⁧تقاصش⁩	73
⁧تلفنشو⁩	73
⁧تماشاچیان⁩	73
⁧تنمه⁩	73
⁧ثورن⁩	73
⁧جاب⁩	73
⁧جانوری⁩	73
⁧جغدها⁩	73
⁧جلوته⁩	73
⁧جیگره⁩	73
⁧حاظرم⁩	73
⁧حرکتو⁩	73
⁧حفظم⁩	73
⁧خانومت⁩	73
⁧خدایگان⁩	73
⁧خرسها⁩	73
⁧خمیده⁩	73
⁧خواربار⁩	73
⁧خودبخود⁩	73
⁧خونگیه⁩	73
⁧دادگاهه⁩	73
⁧دخترانه⁩	73
⁧درختای⁩	73
⁧درخشانه⁩	73
⁧درخواستتون⁩	73
⁧دلارت⁩	73
⁧دونستید⁩	73
⁧دیکته⁩	73
⁧رباتها⁩	73
⁧رسانده⁩	73
⁧رقصت⁩	73
⁧روحها⁩	73
⁧روزبه⁩	73
⁧ریوا⁩	73
⁧زوک⁩	73
⁧زیگفرید⁩	73
⁧سابقتون⁩	73
⁧سامن⁩	73
⁧سخاوتمندی⁩	73
⁧سرخپوستی⁩	73
⁧سردبیر⁩	73
⁧سرمقاله⁩	73
⁧سماجت⁩	73
⁧سیاهش⁩	73
⁧سیسیلی⁩	73
⁧شاشید⁩	73
⁧شرتت⁩	73
⁧شوکر⁩	73
⁧شیطونه⁩	73
⁧صندل⁩	73
⁧عبرتی⁩	73
⁧عنتر⁩	73
⁧عکسایی⁩	73
⁧غذاشو⁩	73
⁧غربه⁩	73
⁧غوله⁩	73
⁧فرهان⁩	73
⁧فضانوردی⁩	73
⁧فنر⁩	73
⁧فیبر⁩	73
⁧فینگرلینگ⁩	73
⁧قبولشون⁩	73
⁧قشنگتر⁩	73
⁧قلبها⁩	73
⁧قهرمانت⁩	73
⁧لرزیدن⁩	73
⁧لوبوس⁩	73
⁧لیانا⁩	73
⁧لیسانس⁩	73
⁧مادرهای⁩	73
⁧مالزی⁩	73
⁧متخصصان⁩	73
⁧متضاد⁩	73
⁧مدیریتی⁩	73
⁧مربای⁩	73
⁧مستعاره⁩	73
⁧مندار⁩	73
⁧مهمونها⁩	73
⁧موردعلاقه⁩	73
⁧موریارتی⁩	73
⁧موضعی⁩	73
⁧موچولو⁩	73
⁧میترسیدن⁩	73
⁧میتون⁩	73
⁧میپیچه⁩	73
⁧میکا⁩	73
⁧میگفتید⁩	73
⁧نادرسته⁩	73
⁧نامعلومه⁩	73
⁧ناپایداره⁩	73
⁧نذاشتیم⁩	73
⁧نمادین⁩	73
⁧نمیدادن⁩	73
⁧نهی⁩	73
⁧نوسترداموس⁩	73
⁧نیمن⁩	73
⁧نیویا⁩	73
⁧هانکوک⁩	73
⁧هدویگ⁩	73
⁧هرچقدرم⁩	73
⁧همسره⁩	73
⁧همیچین⁩	73
⁧هورد⁩	73
⁧هیلتون⁩	73
⁧هینز⁩	73
⁧ورودت⁩	73
⁧وولکان⁩	73
⁧پادری⁩	73
⁧پادشاهمون⁩	73
⁧پاستیل⁩	73
⁧پاپیون⁩	73
⁧پدرت؟⁩	73
⁧پدینگتون⁩	73
⁧پراز⁩	73
⁧پرداختن⁩	73
⁧پسرعموت⁩	73
⁧پشمالوی⁩	73
⁧چای؟⁩	73
⁧چیزمون⁩	73
⁧چیکار؟⁩	73
⁧کارگرای⁩	73
⁧کاس⁩	73
⁧کالوم⁩	73
⁧کایلی⁩	73
⁧کمونیستها⁩	73
⁧کمک؟⁩	73
⁧کنستانس⁩	73
⁧کنسله⁩	73
⁧کوئیل⁩	73
⁧کچله⁩	73
⁧کیمبرلی⁩	73
⁧گاگا⁩	73
⁧گرسنشه⁩	73
⁧گریف⁩	73
⁧گشنشه⁩	73
⁧گلوشو⁩	73
⁧گمبل⁩	73
⁧گیاهخوار⁩	73
⁧آااه⁩	72
⁧آبسولم⁩	72
⁧آسمانها⁩	72
⁧آشغالم⁩	72
⁧آنانیا⁩	72
⁧آورید⁩	72
⁧آگو⁩	72
⁧آیرین⁩	72
⁧آیندمون⁩	72
⁧ابزارهای⁩	72
⁧احترامت⁩	72
⁧ارزشن⁩	72
⁧استبداد⁩	72
⁧استرا⁩	72
⁧استنباط⁩	72
⁧اسنایدر⁩	72
⁧اصلاحش⁩	72
⁧اصلیمون⁩	72
⁧اعتراضات⁩	72
⁧الما⁩	72
⁧انبساط⁩	72
⁧انوی⁩	72
⁧اورسلا⁩	72
⁧اولمه⁩	72
⁧ایشالا⁩	72
⁧اینست⁩	72
⁧بارونه⁩	72
⁧بایبل⁩	72
⁧بایه⁩	72
⁧بدلی⁩	72
⁧بدنته⁩	72
⁧برفه⁩	72
⁧بروکز⁩	72
⁧برگشتش⁩	72
⁧بزاریش⁩	72
⁧بزرگترا⁩	72
⁧بلوری⁩	72
⁧بمانی⁩	72
⁧بپیچید⁩	72
⁧بکشونیم⁩	72
⁧بیدارتون⁩	72
⁧بیماریهای⁩	72
⁧بینمشون⁩	72
⁧تجربش⁩	72
⁧تحملت⁩	72
⁧تخصیص⁩	72
⁧تفاهمی⁩	72
⁧تفنگاتون⁩	72
⁧تقلبه⁩	72
⁧توفو⁩	72
⁧تیرش⁩	72
⁧جادوگرم⁩	72
⁧جاروی⁩	72
⁧جدیت⁩	72
⁧جذامی⁩	72
⁧جسپر⁩	72
⁧جهادی⁩	72
⁧جواد⁩	72
⁧حب⁩	72
⁧حرکتم⁩	72
⁧حسوده⁩	72
⁧خانمت⁩	72
⁧خواهرانم⁩	72
⁧خودارضایی⁩	72
⁧خونس⁩	72
⁧دانشمندها⁩	72
⁧داوران⁩	72
⁧درایمن⁩	72
⁧درمانم⁩	72
⁧دلچسب⁩	72
⁧دوستهات⁩	72
⁧دومینو⁩	72
⁧دیدنه⁩	72
⁧راستیتش⁩	72
⁧رایگانه⁩	72
⁧رفتارها⁩	72
⁧رهبرمون⁩	72
⁧ریان⁩	72
⁧زان⁩	72
⁧زورم⁩	72
⁧سالگردمون⁩	72
⁧سایمن⁩	72
⁧سدی⁩	72
⁧سراسری⁩	72
⁧سرحالی⁩	72
⁧سریه⁩	72
⁧سطحیه⁩	72
⁧سنسورهای⁩	72
⁧سوءظن⁩	72
⁧سوارم⁩	72
⁧سوج⁩	72
⁧سگای⁩	72
⁧سیخونک⁩	72
⁧سیدو⁩	72
⁧شغال⁩	72
⁧شغلتو⁩	72
⁧شهربازی⁩	72
⁧شینه⁩	72
⁧شیهان⁩	72
⁧ضعفت⁩	72
⁧عا⁩	72
⁧عصری⁩	72
⁧عطرش⁩	72
⁧عقبم⁩	72
⁧علیل⁩	72
⁧غرغرو⁩	72
⁧فراگیر⁩	72
⁧فروت⁩	72
⁧فلورنس⁩	72
⁧فکرمو⁩	72
⁧فکرمون⁩	72
⁧قطعن⁩	72
⁧قواره⁩	72
⁧قیف⁩	72
⁧قیمتت⁩	72
⁧لاخ⁩	72
⁧لامپرت⁩	72
⁧لبهات⁩	72
⁧لغتی⁩	72
⁧لوکرزیا⁩	72
⁧مادرت؟⁩	72
⁧مارول⁩	72
⁧مامانتم⁩	72
⁧مخلوطی⁩	72
⁧مسعود⁩	72
⁧منقبض⁩	72
⁧مواضب⁩	72
⁧موشهای⁩	72
⁧میافتی⁩	72
⁧میبردی⁩	72
⁧میخک⁩	72
⁧میشوید⁩	72
⁧میفرستند⁩	72
⁧مینداختم⁩	72
⁧مینو⁩	72
⁧نامزدها⁩	72
⁧نجاته⁩	72
⁧نهایتش⁩	72
⁧نهمین⁩	72
⁧نوشتید⁩	72
⁧نپخته⁩	72
⁧نکشیدی⁩	72
⁧نگرفتید⁩	72
⁧نگهتون⁩	72
⁧نیشش⁩	72
⁧نیفت⁩	72
⁧هرکدومتون⁩	72
⁧هیمالیا⁩	72
⁧والنتاین⁩	72
⁧وایگند⁩	72
⁧ویز⁩	72
⁧پاته⁩	72
⁧پارت⁩	72
⁧پارکمن⁩	72
⁧پانسیون⁩	72
⁧پاپریکا⁩	72
⁧پاپو⁩	72
⁧پرتره⁩	72
⁧پرودوم⁩	72
⁧پسراش⁩	72
⁧پسرشم⁩	72
⁧پونس⁩	72
⁧پیرها⁩	72
⁧چرون⁩	72
⁧چشمتو⁩	72
⁧ژوهانسبورگ⁩	72
⁧کالو⁩	72
⁧کاما⁩	72
⁧کاپوچینو⁩	72
⁧کراوس⁩	72
⁧کرش⁩	72
⁧کروکودیل⁩	72
⁧کشورو⁩	72
⁧کلب⁩	72
⁧کمدت⁩	72
⁧کمونیسم⁩	72
⁧کورسو⁩	72
⁧کورلئونه⁩	72
⁧کیهانی⁩	72
⁧گایتوند⁩	72
⁧گذشتت⁩	72
⁧گلوشون⁩	72
⁧گوشیتو⁩	72
⁧یاکوزا⁩	72
⁧یکهو⁩	72
⁧ییتس⁩	72
⁧آوردیمش⁩	71
⁧بردتش⁩	71
⁧خوندگی⁩	71
⁧خیارشور⁩	71
⁧درازا⁩	71
⁧رودر⁩	71
⁧میگین؟⁩	71
⁧هدلی⁩	71
⁧جیم؟⁩	70
⁧شدش؟⁩	70
⁧طوری؟⁩	70
⁧هنری؟⁩	70
⁧اینطور؟⁩	69
⁧بدویید⁩	69
⁧شنیدین؟⁩	69
⁧میافته؟⁩	69
⁧کین؟⁩	69
⁧برقصی؟⁩	68
⁧دلورس؟⁩	68
⁧والتر؟⁩	68
⁧کنه؟⁩	68
⁧اونه؟⁩	67
⁧مورد؟⁩	67
⁧وقت؟⁩	67
⁧وقته؟⁩	67
⁧چارلز؟⁩	67
⁧جانی؟⁩	66
⁧رسیدیم؟⁩	66
⁧امروز؟⁩	65
⁧ببین؟⁩	65
⁧بودیم؟⁩	65
⁧واقعیه؟⁩	65
⁧تنها؟⁩	64
⁧جرمی؟⁩	64
⁧دارم؟⁩	64
⁧داریش؟⁩	64
⁧مطمئنین؟⁩	64
⁧کدومشون؟⁩	64
⁧بیداری؟⁩	63
⁧عشق؟⁩	63
⁧پروفسور؟⁩	63
⁧چیزی؟⁩	63
⁧الینا؟⁩	62
⁧برادرت⁩	62
⁧دونه؟⁩	62
⁧رز؟⁩	62
⁧واضحه؟⁩	62
⁧کتاب؟⁩	62
⁧کلانتر؟⁩	62
⁧اینطوری؟⁩	61
⁧تمومه؟⁩	61
⁧خدا؟⁩	61
⁧خوبن؟⁩	61
⁧غلطا؟⁩	61
⁧فرستاده؟⁩	61
⁧نفرن؟⁩	61
⁧کوین؟⁩	61
⁧قبول؟⁩	60
⁧چند؟⁩	60
⁧ادوارد؟⁩	59
⁧بلا؟⁩	59
⁧جنی؟⁩	59
⁧نوشیدنی؟⁩	59
⁧چقدره؟⁩	59
⁧گشنته؟⁩	59
⁧توماس؟⁩	58
⁧جیمز؟⁩	58
⁧دونستی؟⁩	58
⁧مونی؟⁩	58
⁧نمیبینی؟⁩	58
⁧همه؟⁩	58
⁧اسکات؟⁩	57
⁧بانی؟⁩	57
⁧بیل؟⁩	57
⁧روزیه؟⁩	57
⁧زودی؟⁩	57
⁧سردته؟⁩	57
⁧باب؟⁩	56
⁧بالاست⁩	56
⁧ترس؟⁩	56
⁧جناب؟⁩	56
⁧داد؟⁩	56
⁧درست؟⁩	56
⁧مثلا؟⁩	56
⁧اشتباه؟⁩	55
⁧البته،⁩	55
⁧بده؟⁩	55
⁧دیدید؟⁩	55
⁧لین؟⁩	55
⁧همشون؟⁩	55
⁧پسرم؟⁩	55
⁧استیو؟⁩	54
⁧اندی؟⁩	54
⁧بدونی؟⁩	54
⁧بروبیرون⁩	54
⁧دختر،⁩	54
⁧دوستتدارم⁩	54
⁧شام؟⁩	54
⁧کافیه؟⁩	54
⁧استیفن؟⁩	53
⁧اید؟⁩	53
⁧ممممم⁩	53
⁧منو؟⁩	53
⁧کارل؟⁩	53
⁧آبجو؟⁩	52
⁧آرتور؟⁩	52
⁧بخیر،⁩	52
⁧بودم؟⁩	52
⁧بینین؟⁩	52
⁧چطورید؟⁩	52
⁧کارولاین؟⁩	52
⁧گذشت؟⁩	52
⁧ازدواج؟⁩	51
⁧اسمتون؟⁩	51
⁧بیای؟⁩	51
⁧خوشگله؟⁩	51
⁧شان؟⁩	51
⁧اینجوری؟⁩	50
⁧برادر؟⁩	50
⁧تایلر؟⁩	50
⁧تفنگ؟⁩	50
⁧جونم؟⁩	50
⁧صبحبخیر⁩	50
⁧میخوری؟⁩	50
⁧گرسنته؟⁩	50
⁧آلیس؟⁩	49
⁧بپرسم؟⁩	49
⁧جاست⁩	49
⁧جس؟⁩	49
⁧جیک؟⁩	49
⁧داشتی؟⁩	49
⁧سرهنگ؟⁩	49
⁧شکلیه؟⁩	49
⁧مادرش⁩	49
⁧مشکلی؟⁩	49
⁧ناموسا؟⁩	49
⁧وضعشه؟⁩	49
⁧پادشاه؟⁩	49
⁧پو؟⁩	49
⁧کشتی؟⁩	49
⁧اهوم⁩	48
⁧تکوننخور⁩	48
⁧درحالجستجو⁩	48
⁧دونم،⁩	48
⁧مشکل؟⁩	48
⁧میرید؟⁩	48
⁧میپرسی؟⁩	48
⁧چطوریه؟⁩	48
⁧انتقام؟⁩	47
⁧اه؟⁩	47
⁧اونوقت؟⁩	47
⁧خانواده؟⁩	47
⁧رودی؟⁩	47
⁧غذا؟⁩	47
⁧لی؟⁩	47
⁧مشروب؟⁩	47
⁧میکردی؟⁩	47
⁧هیو؟⁩	47
⁧کدومش؟⁩	47
⁧اوهخدایمن⁩	46
⁧بابی؟⁩	46
⁧بازم؟⁩	46
⁧بکشینشون⁩	46
⁧حرکتکن⁩	46
⁧روری؟⁩	46
⁧شارلوت؟⁩	46
⁧متاسفی؟⁩	46
⁧مریضی؟⁩	46
⁧معذرتمیخوام⁩	46
⁧منمهمینطور⁩	46
⁧هستیم؟⁩	46
⁧گوشم⁩	46
⁧صبرکن،⁩	45
⁧معامله؟⁩	45
⁧میخونی؟⁩	45
⁧کت؟⁩	45
⁧آدام؟⁩	44
⁧آنچهگذشت⁩	44
⁧بنظرم⁩	44
⁧جنگ؟⁩	44
⁧حالیته؟⁩	44
⁧شاید؟⁩	44
⁧مشکلیه؟⁩	44
⁧مواد؟⁩	44
⁧میگذره؟⁩	44
⁧پدرم؟⁩	44
⁧پرسی؟⁩	44
⁧کاب؟⁩	44
⁧ککا⁩	44
⁧کیوو⁩	44
⁧ازاینطرف⁩	43
⁧اسمش؟⁩	43
⁧اوه،پسر⁩	43
⁧بزنبریم⁩	43
⁧جرج؟⁩	43
⁧داشت؟⁩	43
⁧ربکا؟⁩	43
⁧زندان؟⁩	43
⁧شلوغه؟⁩	43
⁧پلیسی؟⁩	43
⁧آقایون؟⁩	42
⁧بسه،⁩	42
⁧بلدی؟⁩	42
⁧بیلی؟⁩	42
⁧تامی؟⁩	42
⁧خوبین؟⁩	42
⁧داخل؟⁩	42
⁧شش،⁩	42
⁧لوسی؟⁩	42
⁧هفت،⁩	42
⁧هنک؟⁩	42
⁧پنج،⁩	42
⁧کسی؟⁩	42
⁧که؟⁩	42
⁧،نه⁩	41
⁧آرررره⁩	41
⁧استاد؟⁩	41
⁧اسمت؟⁩	41
⁧الیزابت؟⁩	41
⁧تدی؟⁩	41
⁧تونم؟⁩	41
⁧حاضرین؟⁩	41
⁧خواهرت؟⁩	41
⁧ریک؟⁩	41
⁧شاهزاده؟⁩	41
⁧مارک؟⁩	41
⁧مجبورم؟⁩	41
⁧میدونی،⁩	41
⁧میشی؟⁩	41
⁧هستش؟⁩	41
⁧هوووو⁩	41
⁧هیچوقت؟⁩	41
⁧کارول؟⁩	41
⁧امی؟⁩	40
⁧اوهم⁩	40
⁧توست⁩	40
⁧جاش؟⁩	40
⁧جردن؟⁩	40
⁧خیلیخوبه⁩	40
⁧روووو⁩	40
⁧زن؟⁩	40
⁧سام؟⁩	40
⁧ستوان؟⁩	40
⁧شراب؟⁩	40
⁧شو؟⁩	40
⁧شکر؟⁩	40
⁧قراری؟⁩	40
⁧لیزا؟⁩	40
⁧مادرم؟⁩	40
⁧مامانی؟⁩	40
⁧نقشه؟⁩	40
⁧کاریه؟⁩	40
⁧کایل؟⁩	40
⁧کیو؟⁩	40
⁧،آره⁩	39
⁧آخیش⁩	39
⁧اوه،خدایا⁩	39
⁧بار؟⁩	39
⁧بزرگ؟⁩	39
⁧بهتری؟⁩	39
⁧بیاتو⁩	39
⁧تاتانکا⁩	39
⁧راس؟⁩	39
⁧سالی؟⁩	39
⁧شانس؟⁩	39
⁧شببخیر⁩	39
⁧شیطان؟⁩	39
⁧میشناسم؟⁩	39
⁧نشد؟⁩	39
⁧نمیدونستی؟⁩	39
⁧همسرت؟⁩	39
⁧پاول؟⁩	39
⁧گروهبان؟⁩	39
⁧آرره⁩	38
⁧امکاننداره⁩	38
⁧بفرمایید؟⁩	38
⁧بورن؟⁩	38
⁧بکشی؟⁩	38
⁧بینید؟⁩	38
⁧ترجمهازنیلوفرمهر⁩	38
⁧دخترا؟⁩	38
⁧سسکا⁩	38
⁧شدین؟⁩	38
⁧عجلهکن⁩	38
⁧عصبانی؟⁩	38
⁧مری؟⁩	38
⁧میکنید؟⁩	38
⁧نمیکنی؟⁩	38
⁧نمیگی؟⁩	38
⁧هرگز؟⁩	38
⁧چته⁩	38
⁧یا؟⁩	38
⁧آه؟⁩	37
⁧استرایدر⁩	37
⁧ام؟⁩	37
⁧باحاله،⁩	37
⁧بروکنار⁩	37
⁧جویی؟⁩	37
⁧خدایا،⁩	37
⁧خط؟⁩	37
⁧فرار؟⁩	37
⁧قرار؟⁩	37
⁧لورا؟⁩	37
⁧مارلی؟⁩	37
⁧پدرش⁩	37
⁧چهار؟⁩	37
⁧گاییدمش⁩	37
⁧اد؟⁩	36
⁧اسلحه؟⁩	36
⁧بازی؟⁩	36
⁧برت؟⁩	36
⁧حالی؟⁩	36
⁧دارم،چون⁩	36
⁧دنیل؟⁩	36
⁧دوری؟⁩	36
⁧راستش،⁩	36
⁧ریچارد؟⁩	36
⁧سروان؟⁩	36
⁧منخوبم⁩	36
⁧میخواست؟⁩	36
⁧میدونیچیه؟⁩	36
⁧نظر؟⁩	36
⁧همینطوره؟⁩	36
⁧هی،هی،هی⁩	36
⁧ولی؟⁩	36
⁧وگرنه؟⁩	36
⁧گرگ؟⁩	36
⁧گفتش؟⁩	36
⁧آآآه⁩	35
⁧بمونی؟⁩	35
⁧بمیری؟⁩	35
⁧خواهر؟⁩	35
⁧خوشحال؟⁩	35
⁧دستش⁩	35
⁧دیو؟⁩	35
⁧راب؟⁩	35
⁧شی؟⁩	35
⁧عجیب؟⁩	35
⁧عزیزم،⁩	35
⁧فایتینگ⁩	35
⁧لئونارد؟⁩	35
⁧ماری؟⁩	35
⁧مرد؟⁩	35
⁧مگان؟⁩	35
⁧میشل؟⁩	35
⁧نیکی؟⁩	35
⁧هستند؟⁩	35
⁧هیوجین⁩	35
⁧واقعن؟⁩	35
⁧ادی؟⁩	34
⁧اوهوی⁩	34
⁧اینجوریه؟⁩	34
⁧اینطوره؟⁩	34
⁧بودن؟⁩	34
⁧تمومشد⁩	34
⁧حقیقتی؟⁩	34
⁧خوبید؟⁩	34
⁧رقص؟⁩	34
⁧شهردار؟⁩	34
⁧شکلات؟⁩	34
⁧فرودو؟⁩	34
⁧مارکوس؟⁩	34
⁧مراقبباش⁩	34
⁧نام؟⁩	34
⁧ندیدیش؟⁩	34
⁧نیومد؟⁩	34
⁧ووووو⁩	34
⁧پنی؟⁩	34
⁧چیه،⁩	34
⁧آپریل؟⁩	33
⁧اووف⁩	33
⁧ایگریت⁩	33
⁧بذارببینم⁩	33
⁧بلیط؟⁩	33
⁧بگردش⁩	33
⁧جانمی⁩	33
⁧جسی؟⁩	33
⁧جی؟⁩	33
⁧خوندیش؟⁩	33
⁧داداش؟⁩	33
⁧داگ؟⁩	33
⁧دختره؟⁩	33
⁧درنیاد⁩	33
⁧دزد؟⁩	33
⁧دهلها،⁩	33
⁧دیزی؟⁩	33
⁧ردیفه؟⁩	33
⁧رفقا؟⁩	33
⁧صداتم⁩	33
⁧عجیبه،⁩	33
⁧عه؟⁩	33
⁧قسمتش؟⁩	33
⁧لیلی؟⁩	33
⁧متاسفم،⁩	33
⁧متوجهین؟⁩	33
⁧میخواید؟⁩	33
⁧میشنوین؟⁩	33
⁧هم،⁩	33
⁧پنج؟⁩	33
⁧گفتن؟⁩	33
⁧گلگونه⁩	33
⁧آره،همینطوره⁩	32
⁧بد؟⁩	32
⁧برمیاد؟⁩	32
⁧بزنینش⁩	32
⁧جیغش⁩	32
⁧جیکوب؟⁩	32
⁧خطرناکه؟⁩	32
⁧دوتا؟⁩	32
⁧دین؟⁩	32
⁧رادها،⁩	32
⁧رادهای⁩	32
⁧شدید؟⁩	32
⁧فکرته؟⁩	32
⁧لو؟⁩	32
⁧مارشال؟⁩	32
⁧نه،ممنون⁩	32
⁧نورمن؟⁩	32
⁧والت؟⁩	32
⁧وسلام⁩	32
⁧وودی؟⁩	32
⁧پاتیلم⁩	32
⁧پاکن⁩	32
⁧پپر؟⁩	32
⁧پیت؟⁩	32
⁧کاترین؟⁩	32
⁧کجایین؟⁩	32
⁧کول؟⁩	32
⁧الی؟⁩	31
⁧اوهوم؟⁩	31
⁧بابابزرگ؟⁩	31
⁧بارومیر⁩	31
⁧برین،⁩	31
⁧بشکنش⁩	31
⁧بعله؟⁩	31
⁧توئه؟⁩	31
⁧جالبه؟⁩	31
⁧جیسون؟⁩	31
⁧حاضر؟⁩	31
⁧خوری؟⁩	31
⁧دن؟⁩	31
⁧دنی؟⁩	31
⁧دیمن؟⁩	31
⁧سوارشو⁩	31
⁧سوزان؟⁩	31
⁧شیطونم⁩	31
⁧قیمتی؟⁩	31
⁧مستی؟⁩	31
⁧مگی؟⁩	31
⁧میبینید؟⁩	31
⁧میکشی؟⁩	31
⁧نرسیدیم؟⁩	31
⁧نمیدونم؟⁩	31
⁧پاریس؟⁩	31
⁧آاااه⁩	30
⁧آیدان⁩	30
⁧ارتش؟⁩	30
⁧الیس؟⁩	30
⁧اوممم⁩	30
⁧باشی؟⁩	30
⁧برایان؟⁩	30
⁧بله،البته⁩	30
⁧بودین؟⁩	30
⁧بیباک⁩	30
⁧بیرون؟⁩	30
⁧توشه؟⁩	30
⁧حرفم⁩	30
⁧داکیولا⁩	30
⁧درخشی⁩	30
⁧دونا؟⁩	30
⁧راهبهآینده⁩	30
⁧زواتانئو⁩	30
⁧ساتسو⁩	30
⁧شدم؟⁩	30
⁧شنیدید؟⁩	30
⁧شکار؟⁩	30
⁧عاشقشی؟⁩	30
⁧فارامیر⁩	30
⁧فهمید؟⁩	30
⁧قتل؟⁩	30
⁧مادربزرگ؟⁩	30
⁧ماریا؟⁩	30
⁧مرسی،⁩	30
⁧مرلین؟⁩	30
⁧مواظبباش⁩	30
⁧مینسک⁩	30
⁧نزدی؟⁩	30
⁧نمیخوای؟⁩	30
⁧هاروی؟⁩	30
⁧هفته؟⁩	30
⁧ویکتوریا؟⁩	30
⁧پاتس؟⁩	30
⁧پوشیدی؟⁩	30
⁧کشتیش؟⁩	30
⁧کمک،⁩	30
⁧گردنش⁩	30
⁧محمدی⁩	60
⁧حسینی⁩	60
⁧احمدی⁩	60
⁧رضائی⁩	60
⁧مرادی⁩	60
⁧حیدری⁩	60
⁧کریمی⁩	60
⁧موسوی⁩	60
⁧جعفری⁩	60
⁧قاسمی⁩	60
⁧عباسی⁩	60
⁧رحیمی⁩	60
⁧ابراهیمی⁩	60
⁧زارعی⁩	60
⁧محمودی⁩	60
⁧غلامی⁩	60
⁧اکبری⁩	60
⁧باقری⁩	60
⁧میرزائی⁩	60
⁧زارع⁩	60
⁧صالحی⁩	60
⁧امیری⁩	60
⁧اسدی⁩	60
⁧یوسفی⁩	60
⁧نوروزی⁩	60
⁧عزیزی⁩	60
⁧کرمی⁩	60
⁧کاظمی⁩	60
⁧هاشمی⁩	60
⁧رستمی⁩	60
⁧رحمانی⁩	60
⁧سلیمانی⁩	60
⁧نجفی⁩	60
⁧طاهری⁩	60
⁧امینی⁩	60
⁧صفری⁩	60
⁧رمضانی⁩	60
⁧خسروی⁩	60
⁧حسنی⁩	60
⁧بابائی⁩	60
⁧بهرامی⁩	60
⁧سلطانی⁩	60
⁧دهقانی⁩	60
⁧اسماعیلی⁩	60
⁧گودرزی⁩	60
⁧نصیری⁩	60
⁧عبدی⁩	60
⁧قنبری⁩	60
⁧رجبی⁩	60
⁧فتحی⁩	60
⁧سعیدی⁩	60
⁧منصوری⁩	60
⁧بیات⁩	60
⁧حسن‌زاده⁩	60
⁧رنجبر⁩	60
⁧سلیمی⁩	60
⁧شفیعی⁩	60
⁧خلیلی⁩	60
⁧محمدزاده⁩	60
⁧علیزاده⁩	60
⁧رسولی⁩	60
⁧اسکندری⁩	60
⁧حبیبی⁩	60
⁧دهقان⁩	60
⁧عسگری⁩	60
⁧قادری⁩	60
⁧رشیدی⁩	60
⁧غفاری⁩	60
⁧بختیاری⁩	60
⁧سالاری⁩	60
⁧توکلی⁩	60
⁧عابدی⁩	60
⁧شهبازی⁩	60
⁧شعبانی⁩	60
⁧نعمتی⁩	60
⁧یزدانی⁩	60
⁧اسمعیلی⁩	60
⁧انصاری⁩	60
⁧جمشیدی⁩	60
⁧جلالی⁩	60
⁧عبدالهی⁩	60
⁧فرجی⁩	60
⁧عسکری⁩	60
⁧همتی⁩	60
⁧داودی⁩	60
⁧جمالی⁩	60
⁧رفیعی⁩	60
⁧طالبی⁩	60
⁧تیموری⁩	60
⁧کیانی⁩	60
⁧حسن‌پور⁩	60
⁧مختاری⁩	60
⁧حاتمی⁩	60
⁧اصغری⁩	60
⁧خانی⁩	60
⁧یعقوبی⁩	60
⁧معصومی⁩	60
⁧آقائی⁩	60
⁧عبداللهی⁩	60
⁧حمیدی⁩	60
⁧فرهادی⁩	60
⁧محمدپور⁩	60
⁧سهرابی⁩	60
⁧رحمتی⁩	60
⁧کمالی⁩	60
⁧درویشی⁩	60
⁧ایزدی⁩	60
⁧شکری⁩	60
⁧محمدیان⁩	60
⁧جوکار⁩	60
⁧عبادی⁩	60
⁧مهدوی⁩	60
⁧خزائی⁩	60
⁧ترابی⁩	60
⁧براتی⁩	60
⁧محبی⁩	60
⁧مظفری⁩	60
⁧فتاحی⁩	60
⁧فلاح⁩	60
⁧ریگی⁩	60
⁧افشاری⁩	60
⁧شیخی⁩	60
⁧صمدی⁩	60
⁧جباری⁩	60
⁧امامی⁩	60
⁧محسنی⁩	60
⁧ذوالفقاری⁩	60
⁧برزگر⁩	60
⁧ناروئی⁩	60
⁧بهمنی⁩	60
⁧سیفی⁩	60
⁧پناهی⁩	60
⁧ملائی⁩	60
⁧چراغی⁩	60
⁧فلاحی⁩	60
⁧خادمی⁩	60
⁧صابری⁩	60
⁧خدادادی⁩	60
⁧سلمانی⁩	60
⁧مولائی⁩	60
⁧جهانگیری⁩	60
⁧مؤمنی⁩	60
⁧حاجی‌زاده⁩	60
⁧شاکری⁩	60
⁧صفائی⁩	60
⁧فیروزی⁩	60
⁧افشار⁩	60
⁧زاهدی⁩	60
⁧زنگنه⁩	60
⁧احمدیان⁩	60
⁧فراهانی⁩	60
⁧رضوی⁩	60
⁧اسفندیاری⁩	60
⁧شهریاری⁩	60
⁧ربیعی⁩	60
⁧ذاکری⁩	60
⁧عطائی⁩	60
⁧جلیلی⁩	60
⁧علوی⁩	60
⁧فیضی⁩	60
⁧احمدزاده⁩	60
⁧ویسی⁩	60
⁧عابدینی⁩	60
⁧تاجیک⁩	60
⁧دارابی⁩	60
⁧مجیدی⁩	60
⁧رضازاده⁩	60
⁧فاضلی⁩	60
⁧خدائی⁩	60
⁧صیادی⁩	60
⁧شرفی⁩	60
⁧یاوری⁩	60
⁧مسعودی⁩	60
⁧تقوی⁩	60
⁧سجادی⁩	60
⁧غفوری⁩	60
⁧دشتی⁩	60
⁧سبحانی⁩	60
⁧اصلانی⁩	60
⁧مهری⁩	60
⁧جعفرزاده⁩	60
⁧فرخی⁩	60
⁧بیگدلی⁩	60
⁧طباطبائی⁩	60
⁧نصرتی⁩	60
⁧عبدلی⁩	60
⁧سعادتی⁩	60
⁧بهادری⁩	60
⁧اشرفی⁩	60
⁧قبادی⁩	60
⁧خالقی⁩	60
⁧زندی⁩	60
⁧حدادی⁩	60
⁧ملاحی⁩	60
⁧یاراحمدی⁩	60
⁧مرتضوی⁩	60
⁧روستائی⁩	60
⁧شیرازی⁩	60
⁧احمدپور⁩	60
⁧فدائی⁩	60
⁧بلوچ⁩	60
⁧سارانی⁩	60
⁧جلیلیان⁩	60
⁧مرادیان⁩	60
⁧مقصودی⁩	60
⁧زینلی⁩	60
⁧شمس⁩	60
⁧کریمیان⁩	60
⁧بیرانوند⁩	60
⁧فرامرزی⁩	60
⁧رضوانی⁩	60
⁧پارسا⁩	60
⁧ترکاشوند⁩	60
⁧ابراهیم‌زاده⁩	60
⁧طیبی⁩	60
⁧ساعدی⁩	60
⁧عساکره⁩	60
⁧عامری⁩	60
⁧عزتی⁩	60
⁧وفائی⁩	60
⁧فریدونی⁩	60
⁧حیدریان⁩	60
⁧اکبرزاده⁩	60
⁧فاطمی⁩	60
⁧بیگی⁩	60
⁧بلوچی⁩	60
⁧ضیائی⁩	60
⁧عاشوری⁩	60
⁧نعیمی⁩	60
⁧هدایتی⁩	60
⁧خرمی⁩	60
⁧مهرابی⁩	60
⁧صحرائی⁩	60
⁧خراسانی⁩	60
⁧خضری⁩	60
⁧الیاسی⁩	60
⁧بیاتی⁩	60
⁧خالدی⁩	60
⁧مددی⁩	60
⁧نجاتی⁩	60
⁧بامری⁩	60
⁧سرلک⁩	60
⁧شهرکی⁩	60
⁧پرویزی⁩	60
⁧شریعتی⁩	60
⁧کاویانی⁩	60
⁧شبانی⁩	60
⁧صادقیان⁩	60
⁧نورمحمدی⁩	60
⁧قائدی⁩	60
⁧البوغبیش⁩	60
⁧افضلی⁩	60
⁧باوی⁩	60
⁧فضلی⁩	60
⁧شهابی⁩	60
⁧معینی⁩	60
⁧سلگی⁩	60
⁧قریشی⁩	60
⁧خدری⁩	60
⁧عباسیان⁩	80
⁧نیسی⁩	60
⁧آذری⁩	60
⁧بشیری⁩	60
⁧رضاپور⁩	60
⁧بهزادی⁩	60
⁧مصطفوی⁩	60
⁧آقاجانی⁩	60
⁧محمدنژاد⁩	60
⁧اسماعیل‌زاده⁩	60
⁧رجائی⁩	60
⁧باقرزاده⁩	60
⁧شاه‌محمدی⁩	60
⁧شهسواری⁩	60
⁧مظاهری⁩	60
⁧محمدخانی⁩	60
⁧رنجبری⁩	60
⁧فاتحی⁩	60
⁧رزاقی⁩	60
⁧قاسم‌زاده⁩	60
⁧مقیمی⁩	60
⁧مالکی⁩	60
⁧جابری⁩	60
⁧علیخانی⁩	60
⁧براهوئی⁩	60
⁧شیرمحمدی⁩	60
⁧عمرانی⁩	60
⁧علی‌آبادی⁩	60
⁧پاشائی⁩	60
⁧رضائیان⁩	60
⁧صدری⁩	60
⁧معتمدی⁩	60
⁧حیدرزاده⁩	60
⁧حشمتی⁩	60
⁧وزیری⁩	60
⁧احسانی⁩	60
⁧سمیعی⁩	60
⁧عبدالملکی⁩	60
⁧شکوری⁩	60
⁧توسلی⁩	60
⁧مسلمی⁩	60
⁧روزبهانی⁩	60
⁧حصاری⁩	60
⁧احمدوند⁩	60
⁧اژدری⁩	60
⁧میرحسینی⁩	60
⁧آقامحمدی⁩	60
⁧قدیری⁩	60
⁧پارسائی⁩	60
⁧عمادی⁩	60
⁧هادی⁩	60
⁧یونسی⁩	60
⁧دریس⁩	60
⁧مصطفائی⁩	60
⁧ستوده⁩	60
⁧حسنوند⁩	60
⁧آقازاده⁩	60
⁧کاوسی⁩	60
⁧یزدی⁩	60
⁧جوانمردی⁩	60
⁧ستاری⁩	60
⁧محمودیان⁩	60
⁧خدایاری⁩	60
⁧ملک‌زاده⁩	60
⁧بهروزی⁩	60
⁧مشایخی⁩	60
⁧حضرتی⁩	60
⁧ریحانی⁩	60
⁧ریاحی⁩	60
⁧آخوندی⁩	60
⁧کبیری⁩	60
⁧قنواتی⁩	60
⁧منوچهری⁩	60
⁧ارجمند⁩	60
⁧سنچولی⁩	60
⁧خدابخشی⁩	60
⁧بازیار⁩	60
⁧نخعی⁩	60
⁧چگینی⁩	60
⁧حق‌شناس⁩	60
⁧صیدی⁩	60
⁧زینالی⁩	60
⁧احدی⁩	60
⁧ذبیحی⁩	60
⁧یارمحمدی⁩	60
⁧اسدزاده⁩	60
⁧بوعذار⁩	60
⁧مرادپور⁩	60
⁧گلستانی⁩	60
⁧فرزانه⁩	60
⁧قلندری⁩	60
⁧جعفرپور⁩	60
⁧ایوبی⁩	60
⁧جعفریان⁩	60
⁧امیریان⁩	60
⁧محرمی⁩	60
⁧نجاری⁩	60
⁧حاجیان⁩	60
⁧درزاده⁩	60
⁧کرمانی⁩	60
⁧رهنما⁩	60
⁧ابوالحسنی⁩	60
⁧صفدری⁩	60
⁧گرجی⁩	60
⁧کولیوند⁩	60
⁧کوشکی⁩	60
⁧فروغی⁩	60
⁧غضنفری⁩	60
⁧محمودآبادی⁩	60
⁧شیبانی⁩	60
⁧خلج⁩	60
⁧نصری⁩	60
⁧نبوی⁩	60
⁧صفرزاده⁩	60
⁧محمدحسینی⁩	60
⁧قیصری⁩	60
⁧بابازاده⁩	60
⁧نریمانی⁩	60
⁧اسدپور⁩	60
⁧خاوری⁩	60
⁧علائی⁩	60
⁧اعظمی⁩	60
⁧سیاحی⁩	60
⁧منفرد⁩	60
⁧صوفی⁩	60
⁧محمودزاده⁩	60
⁧عیوضی⁩	60
⁧دانشور⁩	60
⁧کلهر⁩	60
⁧شاهمرادی⁩	60
⁧شهیدی⁩	60
⁧آشوری⁩	60
⁧نصراصفهانی⁩	60
⁧فرهمند⁩	60
⁧بذرافشان⁩	60
⁧قائمی⁩	60
⁧رضایی⁩	60
⁧چنانی⁩	60
⁧چوپانی⁩	60
⁧شهنوازی⁩	60
⁧باباخانی⁩	60
⁧زحمت‌کش⁩	60
⁧طاهریان⁩	60
⁧مشهدی⁩	60
⁧محرابی⁩	60
⁧خلجی⁩	60
⁧عیدی⁩	60
⁧ظفری⁩	60
⁧افراسیابی⁩	60
⁧میرجلیلی⁩	60
⁧غیاثی⁩	60
⁧دالوند⁩	60
⁧نوذری⁩	60
⁧اکرمی⁩	60
⁧نوربخش⁩	60
⁧اکبرپور⁩	60
⁧بحرینی⁩	60
⁧برومند⁩	60
⁧بصیری⁩	60
⁧جودکی⁩	60
⁧شیرزاد⁩	60
⁧وحیدی⁩	60
⁧فرمانی⁩	60
⁧میرشکاری⁩	60
⁧شیرزادی⁩	60
⁧فخری⁩	60
⁧نقوی⁩	60
⁧میرزاخانی⁩	60
⁧مافی⁩	60
⁧صفاری⁩	60
⁧صفرپور⁩	60
⁧برجی⁩	60
⁧مهاجری⁩	60
⁧نامداری⁩	60
⁧رجب‌زاده⁩	60
⁧بیرامی⁩	60
⁧کاکاوند⁩	60
⁧حکیمی⁩	60
⁧قرائی⁩	60
⁧کنعانی⁩	60
⁧حجتی⁩	60
⁧حجازی⁩	60
⁧پروین⁩	60
⁧دهقانیان⁩	60
⁧حسنلو⁩	60
⁧پورعلی⁩	60
⁧بیگلری⁩	60
⁧حافظی⁩	60
⁧گوهری⁩	60
⁧ناظری⁩	60
⁧نصرالهی⁩	60
⁧گراوند⁩	60
⁧ابوالفتحی⁩	60
⁧پورمحمد⁩	60
⁧سروری⁩	60
⁧جهاندیده⁩	60
⁧خدابنده⁩	60
⁧مبارکی⁩	60
⁧بردبار⁩	60
⁧سرگزی⁩	60
⁧خاکپور⁩	60
⁧ایزانلو⁩	60
⁧کیخا⁩	60
⁧خلفی⁩	60
⁧پهلوان⁩	60
⁧صفوی⁩	60
⁧مینائی⁩	60
⁧حامدی⁩	60
⁧خزاعی⁩	60
⁧مروتی⁩	60
⁧عادلی⁩	60
⁧کاوه⁩	60
⁧دودانگه⁩	60
⁧سعدی⁩	60
⁧رحیم‌پور⁩	60
⁧سپهری⁩	60
⁧حیدرپور⁩	60
⁧رحیمیان⁩	60
⁧حسینیان⁩	60
⁧نوبخت⁩	60
⁧مالمیر⁩	60
⁧ابوالقاسمی⁩	60
⁧فهیمی⁩	60
⁧صدقی⁩	60
⁧بیابانی⁩	60
⁧عقیلی⁩	60
⁧فخاری⁩	60
⁧راشدی⁩	60
⁧کاشانی⁩	60
⁧سهیلی⁩	60
⁧درویش⁩	60
⁧دادخواه⁩	60
⁧بهرامیان⁩	60
⁧ساجدی⁩	60
⁧خواجوی⁩	60
⁧دورقی⁩	60
⁧لشگری⁩	60
⁧یوسفیان⁩	60
⁧اسعدی⁩	60
⁧مولوی⁩	60
⁧لشکری⁩	60
⁧موسویان⁩	60
⁧جهانشاهی⁩	60
⁧ناظمی⁩	60
⁧اسدیان⁩	60
⁧ابراهیمیان⁩	60
⁧فتوحی⁩	60
⁧نیک‌بخت⁩	60
⁧نصاری⁩	60
⁧موحدی⁩	60
⁧صارمی⁩	60
⁧جوهری⁩	60
⁧فیاضی⁩	60
⁧اکبریان⁩	60
⁧سلطانیان⁩	60
⁧اسحاقی⁩	60
⁧نودهی⁩	60
⁧شریف‌زاده⁩	60
⁧پودینه⁩	60
⁧قیاسی⁩	60
⁧خاکسار⁩	60
⁧دهنوی⁩	60
⁧اصغرزاده⁩	60
⁧عزیزیان⁩	60
⁧غیبی⁩	60
⁧عنایتی⁩	60
⁧انوری⁩	60
⁧برهانی⁩	60
⁧واعظی⁩	60
⁧باقریان⁩	60
⁧صالح⁩	60
⁧سرداری⁩	60
⁧وطن‌دوست⁩	60
⁧سجادیان⁩	60
⁧خیرآبادی⁩	60
⁧فرح‌بخش⁩	60
⁧صانعی⁩	60
⁧متقی⁩	60
⁧امرائی⁩	60
⁧رخشانی⁩	60
⁧غبیشاوی⁩	60
⁧زنگی‌آبادی⁩	60
⁧پورمند⁩	60
⁧دادگر⁩	60
⁧لویمی⁩	60
⁧رحمانیان⁩	60
⁧شریفیان⁩	60
⁧صدیق⁩	60
⁧حسامی⁩	60
⁧علیرضائی⁩	60
⁧دارائی⁩	60
⁧قوامی⁩	60
⁧اصفهانی⁩	60
⁧قاسمیان⁩	60
⁧سنجری⁩	60
⁧خاتمی⁩	60
⁧مرادزاده⁩	60
⁧محمدرضائی⁩	60
⁧خسروانی⁩	60
⁧فلاحتی⁩	60
⁧سالاروند⁩	60
⁧خالدیان⁩	60
⁧ایزدپناه⁩	60
⁧آقابابائی⁩	60
⁧نادی⁩	60
⁧ظهیری⁩	60
⁧عزیزپور⁩	60
⁧محبوبی⁩	60
⁧هراتی⁩	60
⁧علیمرادی⁩	60
⁧نامور⁩	60
⁧زمانیان⁩	60
⁧کاظم‌زاده⁩	60
⁧مؤیدی⁩	60
⁧چهاردولی⁩	60
⁧مرزبان⁩	60
⁧سرحدی⁩	60
⁧باغبانی⁩	60
⁧وطن‌خواه⁩	60
⁧خجسته⁩	60
⁧اسماعیل‌پور⁩	60
⁧غلامیان⁩	60
⁧شفائی⁩	60
⁧نصراللهی⁩	60
⁧کدخدائی⁩	60
⁧صابر⁩	60
⁧مصطفی‌زاده⁩	60
⁧عارفی⁩	60
⁧پولادی⁩	60
⁧میرشکار⁩	60
⁧نیکنام⁩	60
⁧سیف⁩	60
⁧مهدیان⁩	60
⁧کلهری⁩	60
⁧شاهرخی⁩	60
⁧زندیه⁩	60
⁧امیرخانی⁩	60
⁧امجدیان⁩	60
⁧بحری⁩	60
⁧هاشمیان⁩	60
⁧باجلان⁩	60
⁧معظمی⁩	60
⁧چگنی⁩	60
⁧پهلوانی⁩	60
⁧پاکدل⁩	60
⁧اسداللهی⁩	60
⁧کامرانی⁩	60
⁧توکلیان⁩	60
⁧مرادخانی⁩	60
⁧جنتی⁩	60
⁧حداد⁩	60
⁧عبدالخانی⁩	60
⁧مظلومی⁩	60
⁧خیراندیش⁩	60
⁧ساداتی⁩	60
⁧مرشدی⁩	60
⁧مریدی⁩	60
⁧مولودی⁩	60
⁧دبیری⁩	60
⁧صباغی⁩	60
⁧امجدی⁩	60
⁧مرتضائی⁩	60
⁧بوستانی⁩	60
⁧هادیان⁩	60
⁧قلیزاده⁩	60
⁧خطیبی⁩	60
⁧کاکائی⁩	60
⁧مومنی⁩	60
⁧ذوالقدر⁩	60
⁧عبودی⁩	60
⁧نامدار⁩	60
⁧حمزهء⁩	60
⁧دلیری⁩	60
⁧زنگوئی⁩	60
⁧نوروزیان⁩	60
⁧طوسی⁩	60
⁧دیلمی⁩	60
⁧جاویدی⁩	60
⁧باقرپور⁩	60
⁧کوثری⁩	60
⁧محمدنیا⁩	60
⁧زبیدی⁩	60
⁧مطوری⁩	60
⁧ظهرابی⁩	60
⁧ناطقی⁩	60
⁧یحیائی⁩	60
⁧برخورداری⁩	60
⁧شکیبا⁩	60
⁧خدامرادی⁩	60
⁧گروسی⁩	60
⁧جهانیان⁩	60
⁧غلامرضائی⁩	60
⁧نکوئی⁩	60
⁧شقاقی⁩	60
⁧جلیلوند⁩	60
⁧خداپرست⁩	60
⁧بزی⁩	60
⁧داورپناه⁩	60
⁧نمازی⁩	60
⁧جلالوند⁩	60
⁧موسائی⁩	60
⁧ثقفی⁩	60
⁧کاظمیان⁩	60
⁧رزمجوئی⁩	60
⁧صلواتی⁩	60
⁧پقه⁩	60
⁧نظریان⁩	60
⁧نباتی⁩	60
⁧ورمزیار⁩	60
⁧اسدالهی⁩	60
⁧اخوان⁩	60
⁧توحیدی⁩	60
⁧زائری⁩	60
⁧بهروز⁩	60
⁧میرمحمدی⁩	60
⁧کرامتی⁩	60
⁧سرائی⁩	60
⁧صاحبی⁩	60
⁧کامیاب⁩	60
⁧حق‌پرست⁩	60
⁧قدسی⁩	60
⁧جدگال⁩	60
⁧شادمان⁩	60
⁧عزیززاده⁩	60
⁧میراحمدی⁩	60
⁧رستمیان⁩	60
⁧بهادر⁩	60
⁧ایروانی⁩	60
⁧شاملو⁩	60
⁧حزباوی⁩	60
⁧احمدنژاد⁩	60
⁧میرزاده⁩	60
⁧شیرخانی⁩	60
⁧چاوشی⁩	60
⁧خمر⁩	60
⁧قنبرزاده⁩	60
⁧مومیوند⁩	60
⁧بقائی⁩	60
⁧رسول‌زاده⁩	60
⁧رحمنی⁩	60
⁧غیاثوند⁩	60
⁧گریوانی⁩	60
⁧صلاحی⁩	60
⁧محمدلو⁩	60
⁧سعادتمند⁩	60
⁧ابوطالبی⁩	60
⁧نوریان⁩	60
⁧رنجبران⁩	60
⁧الوندی⁩	60
⁧امینیان⁩	60
⁧عموری⁩	60
⁧سیاوشی⁩	60
⁧میرزاپور⁩	60
⁧بانشی⁩	60
⁧آذریان⁩	60
⁧عالمی⁩	60
⁧مکوندی⁩	60
⁧توفیقی⁩	60
⁧هداوند⁩	60
⁧فقیهی⁩	60
⁧آقاخانی⁩	60
⁧بهلولی⁩	60
⁧شریفات⁩	60
⁧برزگری⁩	60
⁧اباذری⁩	60
⁧ارجمندی⁩	60
⁧جهان‌بخش⁩	60
⁧عبدالوند⁩	60
⁧برزوئی⁩	60
⁧ثابتی⁩	60
⁧مؤذنی⁩	60
⁧کشتکار⁩	60
⁧نامجو⁩	60
⁧دیناروند⁩	60
⁧ملکیان⁩	60
⁧شاکر⁩	60
⁧کهریزی⁩	60
⁧سبزواری⁩	60
⁧شاوردی⁩	60
⁧منصوریان⁩	60
⁧قویدل⁩	60
⁧وحدانی⁩	60
⁧ساسانی⁩	60
⁧بنائی⁩	60
⁧سپهوند⁩	60
⁧مزینانی⁩	60
⁧تجری⁩	60
⁧آقاپور⁩	60
⁧داودآبادی⁩	60
⁧محمودپور⁩	60
⁧پورمحمدی⁩	60
⁧نیک‌نام⁩	60
⁧نظرپور⁩	60
⁧جلالیان⁩	60
⁧شاهینی⁩	60
⁧عرفانی⁩	60
⁧فخرائی⁩	60
⁧اعرابی⁩	60
⁧مداح⁩	60
⁧قیطاسی⁩	60
⁧قراگوزلو⁩	60
⁧چمنی⁩	60
⁧رفعتی⁩	60
⁧جامعی⁩	60
⁧ممبینی⁩	60
⁧میرزازاده⁩	60
⁧پاینده⁩	60
⁧کیائی⁩	60
⁧آبیار⁩	60
⁧خداوردی⁩	60
⁧دهواری⁩	60
⁧نقیبی⁩	60
⁧صیاد⁩	60
⁧وثوقی⁩	60
⁧پرهیزکار⁩	60
⁧جنادله⁩	60
⁧اشراقی⁩	60
⁧صحراگرد⁩	60
⁧منافی⁩	60
⁧دانائی⁩	60
⁧یزدان‌پرست⁩	60
⁧آدینه⁩	60
⁧ترکمان⁩	60
⁧اینانلو⁩	60
⁧عبیات⁩	60
⁧فروزان⁩	60
⁧زرگانی⁩	60
⁧سراوانی⁩	60
⁧همایونی⁩	60
⁧بوالحسنی⁩	60
⁧قایدی⁩	60
⁧پیرهادی⁩	60
⁧طبسی⁩	60
⁧سلمانیان⁩	60
⁧شیرانی⁩	60
⁧محمدبیگی⁩	60
⁧چناری⁩	60
⁧گمشادزهی⁩	60
⁧زرگر⁩	60
⁧درودی⁩	60
⁧منجزی⁩	60
⁧لرستانی⁩	60
⁧علیجانی⁩	60
⁧خدامی⁩	60
⁧خسروجردی⁩	60
⁧ندیمی⁩	60
⁧همایون⁩	60
⁧عبیداوی⁩	60
⁧قرقانی⁩	60
⁧آزادبخت⁩	60
⁧محمدآبادی⁩	60
⁧قانعی⁩	60
⁧طارمی⁩	60
⁧نیکوئی⁩	60
⁧بغدادی⁩	60
⁧فردوسی⁩	60
⁧ایرانمنش⁩	60
⁧هوشمندی⁩	60
⁧مشکانی⁩	60
⁧نصرآبادی⁩	60
⁧حاجیلو⁩	60
⁧مرسلی⁩	60
⁧تمیمی⁩	60
⁧پرتوی⁩	60
⁧فرقانی⁩	60
⁧مزارعی⁩	60
⁧قشقائی⁩	60
⁧نیستانی⁩	60
⁧بیکی⁩	60
⁧فرزین⁩	60
⁧سلجوقی⁩	60
⁧گلزاری⁩	60
⁧خسروآبادی⁩	60
⁧بازگیر⁩	60
⁧بهارلو⁩	60
⁧اشتری⁩	60
⁧فرحانی⁩	60
⁧صحرانورد⁩	60
⁧نجمی⁩	60
⁧بهمئی⁩	60
⁧بازدار⁩	60
⁧معافی⁩	60
⁧استیری⁩	60
⁧مفاخری⁩	60
⁧خمسهء⁩	60
⁧ملازاده⁩	60
⁧حاصلی⁩	60
⁧صالحیان⁩	60
⁧طاوسی⁩	60
⁧پورحسن⁩	60
⁧اسحقی⁩	60
⁧علیمردانی⁩	60
⁧گرمابی⁩	60
⁧نجفیان⁩	60
⁧سادات⁩	60
⁧بوربور⁩	60
⁧فریدی⁩	60
⁧نصیرزاده⁩	60
⁧خدارحمی⁩	60
⁧سعیدیان⁩	60
⁧دادور⁩	60
⁧عموئی⁩	60
⁧خالصی⁩	60
⁧لکزائی⁩	60
⁧سلامات⁩	60
⁧پورحسین⁩	60
⁧قیم⁩	60
⁧مطهری⁩	60
⁧زلقی⁩	60
⁧خزلی⁩	60
⁧سرخه⁩	60
⁧سروش⁩	60
⁧بهنام⁩	60
⁧قلاوند⁩	60
⁧کیان⁩	60
⁧فصیحی⁩	60
⁧بروایه⁩	60
⁧محققی⁩	60
⁧بغلانی⁩	60
⁧مدرسی⁩	60
⁧نورائی⁩	60
⁧درزی⁩	60
⁧بذرافکن⁩	60
⁧مجدی⁩	60
⁧میرباقری⁩	60
⁧حردانی⁩	60
⁧کهن‌سال⁩	60
⁧رازقی⁩	60
⁧نودهء⁩	60
⁧برغمدی⁩	60
⁧افخمی⁩	60
⁧مصلحی⁩	60
⁧هارونی⁩	60
⁧سخائی⁩	60
⁧درگاهی⁩	60
⁧نیری⁩	60
⁧طالب‌زاده⁩	60
⁧نوشادی⁩	60
⁧اونق⁩	60
⁧احمدلو⁩	60
⁧ابطحی⁩	60
⁧شاهسونی⁩	60
⁧آقاجری⁩	60
⁧نیکخواه⁩	60
⁧حسینخانی⁩	60
⁧مسیبی⁩	60
⁧لشنی⁩	60
⁧احمدی‌نژاد⁩	60
⁧گلشنی⁩	60
⁧وهابی⁩	60
⁧قزلباش⁩	60
⁧رشوند⁩	60
⁧کمانی⁩	60
⁧الهائی⁩	60
⁧شادکام⁩	60
⁧نیک‌خواه⁩	60
⁧محمدیاری⁩	60
⁧ندائی⁩	60
⁧جمشیدیان⁩	60
⁧هرمزی⁩	60
⁧سنائی⁩	60
⁧میاحی⁩	60
⁧افروز⁩	60
⁧شجاعیان⁩	60
⁧سیدحسینی⁩	60
⁧ذوقی⁩	60
⁧شیراوند⁩	60
⁧پازوکی⁩	60
⁧دریکوند⁩	60
⁧گزمه⁩	60
⁧گیلانی⁩	60
⁧فقیه⁩	60
⁧ندری⁩	60
⁧اولیائی⁩	60
⁧تقوائی⁩	60
⁧خداکرمی⁩	60
⁧بیانی⁩	60
⁧دلشاد⁩	60
⁧مقدمی⁩	60
⁧گرگیچ⁩	60
⁧گلیج⁩	60
⁧طلوعی⁩	60
⁧رضانژاد⁩	60
⁧موحد⁩	60
⁧نوائی⁩	60
⁧اویسی⁩	60
⁧تدین⁩	60
⁧ارشدی⁩	60
⁧داورزنی⁩	60
⁧مداحی⁩	60
⁧هژبری⁩	60
⁧خدادوست⁩	60
⁧نورزهی⁩	60
⁧سرخوش⁩	60
⁧اردستانی⁩	60
⁧متولی⁩	60
⁧لنگری⁩	60
⁧ادیبی⁩	60
⁧براری⁩	60
⁧بدیعی⁩	60
⁧الهیاری⁩	60
⁧کوه‌کن⁩	60
⁧رادمهر⁩	60
⁧اسفندیار⁩	60
⁧ایرجی⁩	60
⁧میکائیلی⁩	60
⁧رئوفی⁩	60
⁧باصری⁩	60
⁧ملکان⁩	60
⁧عبدالحسینی⁩	60
⁧پورحسینی⁩	60
⁧مجدم⁩	60
⁧دربندی⁩	60
⁧باباپور⁩	60
⁧بشارتی⁩	60
⁧جهان‌بین⁩	60
⁧سلیمیان⁩	60
⁧وطنی⁩	60
⁧چاکری⁩	60
⁧ساعی⁩	60
⁧اردشیری⁩	60
⁧شبان⁩	60
⁧شکراللهی⁩	60
⁧خوشدل⁩	60
⁧بلالی⁩	60
⁧خانمحمدی⁩	60
⁧شاهوردی⁩	60
⁧مشتاقی⁩	60
⁧عجمی⁩	60
⁧صداقتی⁩	60
⁧پاشازاده⁩	60
⁧آصفی⁩	60
⁧کاشفی⁩	60
⁧روئین‌تن⁩	60
⁧زرینی⁩	60
⁧بیژنی⁩	60
⁧شیرعلی⁩	60
⁧جوزی⁩	60
⁧زرگری⁩	60
⁧گرشاسبی⁩	60
⁧جعفرنژاد⁩	60
⁧شوندی⁩	60
⁧افروغ⁩	60
⁧مرجانی⁩	60
⁧کمائی⁩	60
⁧مشایخ⁩	60
⁧حلفی⁩	60
⁧ترکمن⁩	60
⁧مظهری⁩	60
⁧دانشی⁩	60
⁧سرمدی⁩	60
⁧شامحمدی⁩	60
⁧نیکبخت⁩	60
⁧سرابی⁩	60
⁧صبری⁩	60
⁧گنجعلی⁩	60
⁧اعلائی⁩	60
⁧فغانی⁩	60
⁧پرنیان⁩	60
⁧سروی⁩	60
⁧علیپور⁩	60
⁧شاکرمی⁩	60
⁧رادمنش⁩	60
⁧غلامحسینی⁩	60
⁧ندرلو⁩	60
⁧زلفی⁩	60
⁧رشنو⁩	60
⁧خدابخش⁩	60
⁧صباحی⁩	60
⁧شهدادی⁩	60
⁧مهرجو⁩	60
⁧هنرور⁩	60
⁧رودباری⁩	60
⁧صمصامی⁩	60
⁧بایرامی⁩	60
⁧سیدآبادی⁩	60
⁧طاهرزاده⁩	60
⁧قنبریان⁩	60
⁧کرباسی⁩	60
⁧ترکمانی⁩	60
⁧بسطامی⁩	60
⁧خانجانی⁩	60
⁧راعی⁩	60
⁧دانیالی⁩	60
⁧پرهیزکاری⁩	60
⁧امیرزاده⁩	60
⁧شیرالی⁩	60
⁧سراجی⁩	60
⁧علیائی⁩	60
⁧قائدرحمتی⁩	60
⁧رشید⁩	60
⁧ادهمی⁩	60
⁧فهندژسعدی⁩	60
⁧کیوانی⁩	60
⁧زراعتی⁩	60
⁧پویا⁩	60
⁧ضرغامی⁩	60
⁧آقایاری⁩	60
⁧بیگدلو⁩	60
⁧آذر⁩	80
⁧مازندرانی⁩	60
⁧زنگانه⁩	60
⁧پوراحمدی⁩	60
⁧فیروزآبادی⁩	60
⁧زارعیان⁩	60
⁧پردل⁩	60
⁧شمسائی⁩	60
⁧عبدالمالکی⁩	60
⁧کوهکن⁩	60
⁧شیدائی⁩	60
⁧بذرگر⁩	60
⁧توکل⁩	60
⁧سلیمانیان⁩	60
⁧مؤمن⁩	60
⁧بداغی⁩	60
⁧پیرزاده⁩	60
⁧اختری⁩	60
⁧کامران⁩	60
⁧کماسی⁩	60
⁧نواصر⁩	60
⁧میرشاهی⁩	60
⁧زهرائی⁩	60
⁧ابدالی⁩	60
⁧جبلی⁩	60
⁧بهاروند⁩	60
⁧دماوندی⁩	60
⁧همتیان⁩	60
⁧محجوب⁩	60
⁧راه‌پیما⁩	60
⁧نسیمی⁩	60
⁧دامنی⁩	60
⁧نادعلی⁩	60
⁧محیاپورلری⁩	60
⁧نوراللهی⁩	60
⁧عزیزخانی⁩	60
⁧نصیرپور⁩	60
⁧دلفی⁩	60
⁧حدادیان⁩	60
⁧دغاغله⁩	60
⁧رازانی⁩	60
⁧احمدآبادی⁩	60
⁧سراج⁩	60
⁧گلشن⁩	60
⁧مهدیخانی⁩	60
⁧موسیوند⁩	60
⁧طالبیان⁩	60
⁧خوانساری⁩	60
⁧تبریزی⁩	60
⁧همدانی⁩	60
⁧قرنجیک⁩	60
⁧حمدی⁩	60
⁧شافعی⁩	60
⁧عطار⁩	60
⁧دیوسالار⁩	60
⁧دهانی⁩	60
⁧خلخالی⁩	60
⁧امیرپور⁩	60
⁧فرهنگیان⁩	60
⁧عطاری⁩	60
⁧بایزیدی⁩	60
⁧نویدی⁩	60
⁧حمیداوی⁩	60
⁧بازوند⁩	60
⁧نامنی⁩	60
⁧پاکزاد⁩	60
⁧خان‌زاده⁩	60
⁧جاهدی⁩	60
⁧شایان⁩	60
⁧رسائی⁩	60
⁧عصمتی⁩	60
⁧مصدق⁩	60
⁧رزمجو⁩	60
⁧فعله‌گری⁩	60
⁧نیکوکار⁩	60
⁧پیریائی⁩	60
⁧سورانی⁩	60
⁧مرادقلی⁩	60
⁧قاضی‌زاده⁩	60
⁧رئیسیان⁩	60
⁧خاکباز⁩	60
⁧خلیلیان⁩	60
⁧گودرزوندچگینی⁩	60
⁧سیاح⁩	60
⁧شوشتری⁩	60
⁧یارعلی⁩	60
⁧بلوکی⁩	60
⁧پسندیده⁩	60
⁧ادیب⁩	60
⁧اوجی⁩	60
⁧شوقی⁩	60
⁧ملازهی⁩	60
⁧زنده‌دل⁩	60
⁧شفیع‌زاده⁩	60
⁧آجورلو⁩	60
⁧دلدار⁩	60
⁧فولادوند⁩	60
⁧کلائی⁩	60
⁧سعیداوی⁩	60
⁧قنبرپور⁩	60
⁧رکنی⁩	60
⁧مهرانی⁩	60
⁧حمیدیان⁩	60
⁧می‌رانی⁩	60
⁧حمودی⁩	60
⁧زاهد⁩	60
⁧مسرور⁩	60
⁧چنارانی⁩	60
⁧هوشنگی⁩	60
⁧قمی⁩	60
⁧پورابراهیم⁩	60
⁧میرزائیان⁩	60
⁧مرندی⁩	60
⁧محمدقاسمی⁩	60
⁧شاطری⁩	60
⁧عروجی⁩	60
⁧قدیانی⁩	60
⁧احراری⁩	60
⁧عمارلو⁩	60
⁧رشیدیان⁩	60
⁧شنبدی⁩	60
⁧میرزاوند⁩	60
⁧خورسندی⁩	60
⁧ملاحسینی⁩	60
⁧جمال‌زاده⁩	60
⁧فروزنده⁩	60
⁧خمیسی⁩	60
⁧حنیفی⁩	60
⁧دلفانی⁩	60
⁧دستجردی⁩	60
⁧حمادی⁩	60
⁧بهبهانی⁩	60
⁧اسماعیلیان⁩	60
⁧مهرپور⁩	60
⁧مؤذن⁩	60
⁧مهرآبادی⁩	60
⁧چابک⁩	60
⁧دهقان‌زاده⁩	60
⁧کرانی⁩	60
⁧کعبی⁩	60
⁧کمیجانی⁩	60
⁧سقائی⁩	60
⁧کاتبی⁩	60
⁧رادفر⁩	60
⁧مهبودی⁩	60
⁧شعبان⁩	60
⁧قدوسی⁩	60
⁧کشانی⁩	60
⁧علمداری⁩	60
⁧برزنونی⁩	60
⁧پیرمحمدی⁩	60
⁧شربتی⁩	60
⁧پاکدامن⁩	60
⁧سواعدی⁩	60
⁧علیمحمدی⁩	60
⁧خداشناس⁩	60
⁧جامی⁩	60
⁧جاسمی⁩	60
⁧حیدرنژاد⁩	60
⁧ثنائی⁩	60
⁧جوادزاده⁩	60
⁧نظرزاده⁩	60
⁧نوروزپور⁩	60
⁧اردونی⁩	60
⁧زهیری⁩	60
⁧ضمیری⁩	60
⁧پژمان⁩	60
⁧کرمیان⁩	60
⁧جاهد⁩	60
⁧پیران⁩	60
⁧گائینی⁩	60
⁧پیرمرادی⁩	60
⁧سامانی⁩	60
⁧رمضانیان⁩	60
⁧ممبنی⁩	60
⁧روشنائی⁩	60
⁧جهانگیر⁩	60
⁧پرویز⁩	60
⁧چلداوی⁩	60
⁧جرجانی⁩	60
⁧دلبری⁩	60
⁧کمانگر⁩	60
⁧آرمند⁩	60
⁧الفتی⁩	60
⁧فاضل⁩	60
⁧یاقوتی⁩	60
⁧کیومرثی⁩	60
⁧برآهوئی⁩	60
⁧خوش‌بخت⁩	60
⁧شعاعی⁩	60
⁧افشین⁩	60
⁧زالی⁩	60
⁧علیدادی⁩	60
⁧قارلقی⁩	60
⁧معماریان⁩	60
⁧نورالدینی⁩	60
⁧خداداد⁩	60
⁧کردلو⁩	60
⁧فرخ⁩	60
⁧فلاح‌پور⁩	60
⁧کردزنگنه⁩	60
⁧گودینی⁩	60
⁧منیری⁩	60
⁧نهتانی⁩	60
⁧مکاری⁩	60
⁧مشیری⁩	60
⁧اوجاقی⁩	60
⁧خالوئی⁩	60
⁧هلالی⁩	60
⁧طولابی⁩	60
⁧عبدالمحمدی⁩	60
⁧زبردست⁩	60
⁧عفراوی⁩	60
⁧خورسند⁩	60
⁧صفریان⁩	60
⁧نصرآزادانی⁩	60
⁧افراز⁩	60
⁧ملکشاهی⁩	60
⁧بیدکی⁩	60
⁧اروجی⁩	60
⁧بدخشان⁩	60
⁧بربری⁩	60
⁧نقابی⁩	60
⁧وجدانی⁩	60
⁧قنبرزهی⁩	60
⁧طائی⁩	60
⁧معزی⁩	60
⁧اصغرپور⁩	60
⁧فنائی⁩	60
⁧بساطی⁩	60
⁧فاریابی⁩	60
⁧روشن‌ضمیر⁩	60
⁧آسترکی⁩	60
⁧علیشاهی⁩	60
⁧شریعت⁩	60
⁧دهداری⁩	60
⁧طاهرپور⁩	60
⁧بادپا⁩	60
⁧طاهرآبادی⁩	60
⁧تاتاری⁩	60
⁧ایازی⁩	60
⁧شاهسون⁩	60
⁧صولتی⁩	60
⁧کیخسروی⁩	60
⁧یدالهی⁩	60
⁧بابادی⁩	60
⁧روشندل⁩	60
⁧مختارزاده⁩	60
⁧سلحشوری⁩	60
⁧گندمی⁩	60
⁧جغتائی⁩	60
⁧مروی⁩	60
⁧یوسفوند⁩	60
⁧کدخدا⁩	60
⁧آئینی⁩	60
⁧امیدیان⁩	60
⁧غفاریان⁩	60
⁧بی‌باک⁩	60
⁧شهبازیان⁩	60
⁧شیاسی⁩	60
⁧بدرلو⁩	60
⁧اللهی⁩	60
⁧عباسلو⁩	60
⁧کوهساری⁩	60
⁧جوادیان⁩	60
⁧کشمیری⁩	60
⁧صافی⁩	60
⁧صفائیان⁩	60
⁧رباطی⁩	60
⁧نیک‌پی⁩	60
⁧ایرانشاهی⁩	60
⁧غفارزاده⁩	60
⁧کردبچه⁩	60
⁧کاردان⁩	60
⁧جبارزاده⁩	60
⁧ترابیان⁩	60
⁧پویان⁩	60
⁧عامریان⁩	60
⁧پولادوند⁩	60
⁧عربلو⁩	60
⁧کهزادی⁩	60
⁧وحدتی⁩	60
⁧رجبیان⁩	60
⁧آزادمنش⁩	60
⁧تیموریان⁩	60
⁧ابوترابی⁩	60
⁧لاجوردی⁩	60
⁧عبیری⁩	60
⁧وطن‌پرست⁩	60
⁧پوربافرانی⁩	60
⁧روان‌بخش⁩	60
⁧محمدامینی⁩	60
⁧شیرزاده⁩	60
⁧عجم⁩	60
⁧بهارلوئی⁩	60
⁧سمائی⁩	60
⁧زرقانی⁩	60
⁧فضلعلی⁩	60
⁧نیک‌روش⁩	60
⁧تسلیمی⁩	60
⁧نایبی⁩	60
⁧مزیدی⁩	60
⁧رخشان⁩	60
⁧استکی⁩	60
⁧فرهادیان⁩	60
⁧آبادیان⁩	60
⁧خوشرو⁩	60
⁧ارشادی⁩	60
⁧صمدزاده⁩	60
⁧فسنقری⁩	60
⁧جوادپور⁩	60
⁧شاه‌آبادی⁩	60
⁧خاکساری⁩	60
⁧فرخنده⁩	60
⁧پارسه⁩	60
⁧اصلاحی⁩	60
⁧آذرنیا⁩	60
⁧فدوی⁩	60
⁧آزموده⁩	60
⁧کرملاچعب⁩	60
⁧یاسینی⁩	60
⁧پایمرد⁩	60
⁧قدمگاهی⁩	60
⁧مهدویان⁩	60
⁧قزوینی⁩	60
⁧لرکی⁩	60
⁧امامقلی⁩	60
⁧سیدموسوی⁩	60
⁧حاجتی⁩	60
⁧افراشته⁩	60
⁧گرگیج⁩	60
⁧اسگندری⁩	60
⁧بحیرائی⁩	60
⁧پیرانی⁩	60
⁧پیراسته⁩	60
⁧سیلاوی⁩	60
⁧ممشلی⁩	60
⁧شایگان⁩	60
⁧اشرف⁩	60
⁧اکرامی⁩	60
⁧قاسملو⁩	60
⁧خوئینی⁩	60
⁧اصغریان⁩	60
⁧چنگیزی⁩	60
⁧میرهاشمی⁩	60
⁧خضرلو⁩	60
⁧اسفندی⁩	60
⁧ظریفی⁩	60
⁧اقتداری⁩	60
⁧اجاقی⁩	60
⁧سویزی⁩	60
⁧اسفندیارپور⁩	60
⁧بینا⁩	60
⁧بهمدی⁩	60
⁧پورعباس⁩	60
⁧مرشدلو⁩	60
⁧توانگر⁩	60
⁧عسکریان⁩	60
⁧یاسمی⁩	60
⁧بهزاد⁩	60
⁧مراقی⁩	60
⁧نورالهی⁩	60
⁧حق‌جو⁩	60
⁧دیانی⁩	60
⁧صفار⁩	60
⁧امیراحمدی⁩	60
⁧میرزایی⁩	60
⁧هاتفی⁩	60
⁧ساریخانی⁩	60
⁧فیروزبخت⁩	60
⁧قرشی⁩	60
⁧قندی⁩	60
⁧نوروززاده⁩	60
⁧هوتی⁩	60
⁧فیاض⁩	60
⁧کیانپور⁩	60
⁧نصیریان⁩	60
⁧مقیسهء⁩	60
⁧قدمیاری⁩	60
⁧پیرایش⁩	60
⁧قادرپور⁩	60
⁧مهرآور⁩	60
⁧حق‌دوست⁩	60
⁧نادریان⁩	60
⁧محتشمی⁩	60
⁧بختیار⁩	60
⁧گرزین⁩	60
⁧قندهاری⁩	60
⁧انصاریان⁩	60
⁧اورنگی⁩	60
⁧ابوعلی⁩	60
⁧بهره‌مند⁩	60
⁧ضیغمی⁩	60
⁧تکلو⁩	60
⁧سیاری⁩	60
⁧رودینی⁩	60
⁧عیدانی⁩	60
⁧ضرابی⁩	60
⁧استواری⁩	60
⁧گرگانی⁩	60
⁧جنامی⁩	60
⁧نبی⁩	60
⁧گمار⁩	60
⁧شیرافکن⁩	60
⁧رسولیان⁩	60
⁧خسرویان⁩	60
⁧هروی⁩	60
⁧دریاباری⁩	60
⁧اخلاصی⁩	60
⁧محبتی⁩	60
⁧قیاسوند⁩	60
⁧مکرمی⁩	60
⁧اکبرنژاد⁩	60
⁧میرزابیگی⁩	60
⁧باطنی⁩	60
⁧سگوند⁩	60
⁧عاملی⁩	60
⁧غفرانی⁩	60
⁧عبدالی⁩	60
⁧اردلان⁩	60
⁧بهداروند⁩	60
⁧حدیدی⁩	60
⁧قادریان⁩	60
⁧کفاش⁩	60
⁧شکیبائی⁩	60
⁧شهرآبادی⁩	60
⁧عابدیان⁩	60
⁧احمدخانی⁩	60
⁧کلوندی⁩	60
⁧اورنگ⁩	60
⁧آقامیری⁩	60
⁧کشاورزیان⁩	60
⁧طهرانی⁩	60
⁧علیاری⁩	60
⁧برزکار⁩	60
⁧عنبری⁩	60
⁧دولت‌خواه⁩	60
⁧البرزی⁩	60
⁧سرافراز⁩	60
⁧شیخلو⁩	60
⁧ملکوتی⁩	60
⁧حاجیانی⁩	60
⁧زنجانی⁩	60
⁧دیناری⁩	60
⁧خنفری⁩	60
⁧دیانت⁩	60
⁧شیبک⁩	60
⁧پارسائیان⁩	60
⁧نیک‌سرشت⁩	60
⁧روهنده⁩	60
⁧عبیدی⁩	60
⁧بیکدلی⁩	60
⁧بابالو⁩	60
⁧نیکدل⁩	60
⁧مقصودلو⁩	60
⁧زعفرانی⁩	60
⁧کرابی⁩	60
⁧گلزار⁩	60
⁧نوحی⁩	60
⁧رضی⁩	60
⁧دویران⁩	60
⁧آق⁩	60
⁧نجارزاده⁩	60
⁧شیرمحمدلی⁩	60
⁧عفتی⁩	60
⁧بازوبندی⁩	60
⁧واثقی⁩	60
⁧رفیع⁩	60
⁧سیدزاده⁩	60
⁧پیرزادی⁩	60
⁧ناصریان⁩	60
⁧یعقوبیان⁩	60
⁧شکرزاده⁩	60
⁧سرگلزائی⁩	60
⁧فلاحیان⁩	60
⁧رجبلو⁩	60
⁧خانزاده⁩	60
⁧تاج‌بخش⁩	60
⁧شهیکی⁩	60
⁧حسنخانی⁩	60
⁧سینائی⁩	60
⁧رعنائی⁩	60
⁧عبدیان⁩	60
⁧خرمالی⁩	60
⁧کیاء⁩	60
⁧شریفی‌نیا⁩	60
⁧نواصری⁩	60
⁧آذرگون⁩	60
⁧قشلاقی⁩	60
⁧پدرام⁩	60
⁧پاکروان⁩	60
⁧دریکوندی⁩	60
⁧نوبهار⁩	60
⁧رعیتی⁩	60
⁧عارفخانی⁩	60
⁧مزروعی⁩	60
⁧فیروز⁩	60
⁧تورانی⁩	60
⁧کامکار⁩	60
⁧نادرپور⁩	60
⁧میرکی⁩	60
⁧اعتصامی⁩	60
⁧بی‌نیاز⁩	60
⁧صیامی⁩	60
⁧عسگریان⁩	60
⁧بابائیان⁩	60
⁧باسره⁩	60
⁧احمدنیا⁩	60
⁧کیقبادی⁩	60
⁧ریوندی⁩	60
⁧جولائی⁩	60
⁧غزنوی⁩	60
⁧اسکندرزاده⁩	60
⁧خورشیدوند⁩	60
⁧علوانی⁩	60
⁧حمزوی⁩	60
⁧شعیبی⁩	60
⁧صمدیان⁩	60
⁧پروینی⁩	60
⁧صباغ⁩	60
⁧زیارتی⁩	60
⁧باشتنی⁩	60
⁧چعب⁩	60
⁧بالدی⁩	60
⁧امیرحسینی⁩	60
⁧عارف⁩	60
⁧فرهانی⁩	60
⁧فرهودی⁩	60
⁧پوریان⁩	60
⁧سوادکوهی⁩	60
⁧خاکشور⁩	60
⁧خوارزمی⁩	60
⁧نظیفی⁩	60
⁧قهاری⁩	60
⁧حبیبیان⁩	60
⁧فتحعلی⁩	60
⁧بیضائی⁩	60
⁧سلاجقه⁩	60
⁧صفاریان⁩	60
⁧فکوری⁩	60
⁧بوژمهرانی⁩	60
⁧عبدالرحیمی⁩	60
⁧برنا⁩	60
⁧مهدور⁩	60
⁧بلوردی⁩	60
⁧مغانلو⁩	60
⁧فیروزهء⁩	60
⁧اصانلو⁩	60
⁧جهان‌دیده⁩	60
⁧خدادادیان⁩	60
⁧عسکرزاده⁩	60
⁧سعیدپور⁩	60
⁧سبزعلی⁩	60
⁧دادفر⁩	60
⁧کشفی⁩	60
⁧زینی⁩	60
⁧نیک‌بین⁩	60
⁧پیرمرادیان⁩	60
⁧کسرائی⁩	60
⁧ایراندوست⁩	60
⁧نصر⁩	60
⁧افشون⁩	60
⁧کلاتهء⁩	60
⁧سیستانی⁩	60
⁧زیدی⁩	60
⁧جعفرآبادی⁩	60
⁧زابلی⁩	60
⁧دوکوهکی⁩	60
⁧خواجوئی⁩	60
⁧خرقانی⁩	60
⁧اردلانی⁩	60
⁧گندم‌کار⁩	60
⁧تشکری⁩	60
⁧محمدحسنی⁩	60
⁧سنجابی⁩	60
⁧گلچین⁩	60
⁧شیرمردی⁩	60
⁧مطور⁩	60
⁧ساعدموچشی⁩	60
⁧ایرانپور⁩	60
⁧گشتاسبی⁩	60
⁧دین‌محمدی⁩	60
⁧آژ⁩	60
⁧زندکریمی⁩	60
⁧پاشاپور⁩	60
⁧زینعلی⁩	60
⁧شاهسوند⁩	60
⁧یداللهی⁩	60
⁧مهدیزاده⁩	60
⁧شهبا⁩	60
⁧مصلح⁩	60
⁧کثیری⁩	60
⁧ثامری⁩	60
⁧بستانی⁩	60
⁧زیاری⁩	60
⁧شیرکوند⁩	60
⁧مبینی⁩	60
⁧بالائی⁩	60
⁧آقاسی⁩	60
⁧نیک‌فرجام⁩	60
⁧مرعشی⁩	60
⁧مباشری⁩	60
⁧صحرائیان⁩	60
⁧لیراوی⁩	60
⁧منصورزاده⁩	60
⁧افشارمنش⁩	60
⁧قادرزاده⁩	60
⁧شاکراردکانی⁩	60
⁧بخشیان⁩	60
⁧روزی‌طلب⁩	60
⁧کرامت⁩	60
⁧ایلخانی⁩	60
⁧سجودی⁩	60
⁧اعلمی⁩	60
⁧صباغیان⁩	60
⁧عنافجه⁩	60
⁧دیلم⁩	60
⁧پازکی⁩	60
⁧مجدمی⁩	60
⁧امیرآبادی⁩	60
⁧مهرپرور⁩	60
⁧فکور⁩	60
⁧افشاریان⁩	60
⁧هادوی⁩	60
⁧صدوقی⁩	60
⁧فخرآبادی⁩	60
⁧فرازمند⁩	60
⁧آذرشب⁩	60
⁧دمرچلی⁩	60
⁧برزو⁩	60
⁧خادمیان⁩	60
⁧جهانگرد⁩	60
⁧ناصحی⁩	60
⁧معصومیان⁩	60
⁧حوت⁩	60
⁧بازیاری⁩	60
⁧رضانیا⁩	60
⁧خدایار⁩	60
⁧آذرنوش⁩	60
⁧معبودی⁩	60
⁧سندگل⁩	60
⁧فندرسکی⁩	60
⁧معتمد⁩	60
⁧شاپوری⁩	60
⁧اللهیاری⁩	60
⁧کاویان⁩	60
⁧زردشت⁩	60
⁧یغمائی⁩	60
⁧مختاریان⁩	60
⁧حمیدزاده⁩	60
⁧راسخی⁩	60
⁧مطیعی⁩	60
⁧همت⁩	60
⁧فروزش⁩	60
⁧پرور⁩	60
⁧کمیزی⁩	60
⁧شوهانی⁩	60
⁧کرمعلی⁩	60
⁧حریری⁩	60
⁧کربلائی⁩	60
⁧فقیری⁩	60
⁧دشتبان⁩	60
⁧کدیور⁩	60
⁧اناری⁩	60
⁧علیان⁩	60
⁧خسروپور⁩	60
⁧مفتاحی⁩	60
⁧ذاکر⁩	60
⁧جندقی⁩	60
⁧الهامی⁩	60
⁧داودیان⁩	60
⁧اتابکی⁩	60
⁧یزدیان⁩	60
⁧شجری⁩	60
⁧مهرنیا⁩	60
⁧فراهی⁩	60
⁧بخشایش⁩	60
⁧کیخائی⁩	60
⁧خاقانی⁩	60
⁧موگوئی⁩	60
⁧رضاخانی⁩	60
⁧اوجاقلو⁩	60
⁧حلیمی⁩	60
⁧زرندی⁩	60
⁧کردانی⁩	60
⁧سهامی⁩	60
⁧افشارپور⁩	60
⁧استرکی⁩	60
⁧میهن‌دوست⁩	60
⁧پوررضا⁩	60
⁧قدس⁩	60
⁧طحان⁩	60
⁧تجلی⁩	60
⁧عباسپور⁩	60
⁧باغستانی⁩	60
⁧معاوی⁩	60
⁧کلته⁩	60
⁧نام‌آور⁩	60
⁧نانکلی⁩	60
⁧خوش‌اخلاق⁩	60
⁧بچاری⁩	60
⁧باقرنژاد⁩	60
⁧ثمری⁩	60
⁧جهانشاهلو⁩	60
⁧بزرگ‌زاده⁩	60
⁧شاهسواری⁩	60
⁧اسکندریان⁩	60
⁧قلخانی⁩	60
⁧دهمرده⁩	60
⁧رادمرد⁩	60
⁧درتومی⁩	60
⁧حلاجی⁩	60
⁧ساوری⁩	60
⁧شول⁩	60
⁧کیوان⁩	60
⁧علمدار⁩	60
⁧فیض⁩	60
⁧صابریان⁩	60
⁧فرهی⁩	60
⁧حقگو⁩	60
⁧ناصرپور⁩	60
⁧سرمستی⁩	60
⁧تنگستانی⁩	60
⁧شورگشتی⁩	60
⁧حسنیان⁩	60
⁧دمیرچی⁩	60
⁧شایق⁩	60
⁧هواسی⁩	60
⁧فرشاد⁩	60
⁧احتشامی⁩	60
⁧امدادی⁩	60
⁧بهمنش⁩	60
⁧هداوندمیرزائی⁩	60
⁧بیطرفان⁩	60
⁧تاران⁩	60
⁧طهماسی⁩	60
⁧رشیدزاده⁩	60
⁧میرزاعلی⁩	60
⁧قلندرزهی⁩	60
⁧جزایری⁩	60
⁧مخدومی⁩	60
⁧خاطری⁩	60
⁧میرشفیعی⁩	60
⁧ایرندگانی⁩	60
⁧میرزامحمدی⁩	60
⁧برومندی⁩	60
⁧مشعلی⁩	60
⁧عاشری⁩	60
⁧بتوئی⁩	60
⁧کاههء⁩	60
⁧برزین⁩	60
⁧تقیان⁩	60
⁧نعامی⁩	60
⁧مهرعلیان⁩	60
⁧رامشینی⁩	60
⁧خیراللهی⁩	60
⁧جهانبخش⁩	60
⁧صفدریان⁩	60
⁧نائینی⁩	60
⁧یزدان‌شناس⁩	60
⁧سرخی⁩	60
⁧عبدالکریمی⁩	60
⁧باباجانی⁩	60
⁧دهستانی⁩	60
⁧محمودنژاد⁩	60
⁧کرونی⁩	60
⁧رشیدپور⁩	60
⁧منگلی⁩	60
⁧شهمرادی⁩	60
⁧کامیابی⁩	60
⁧هدائی⁩	60
⁧عشوری⁩	60
⁧بهنیا⁩	60
⁧ساربانی⁩	60
⁧فرهمندیان⁩	60
⁧عابدزاده⁩	60
⁧میرابی⁩	60
⁧یزدانیان⁩	60
⁧بیدی⁩	60
⁧فتاحیان⁩	60
⁧احمدپورمبارکه⁩	60
⁧آبادی⁩	60
⁧ماندگاری⁩	60
⁧علیلو⁩	60
⁧قلیچی⁩	60
⁧رفیعیان⁩	60
⁧سحرخیز⁩	60
⁧ولایتی⁩	60
⁧بردستانی⁩	60
⁧مجتهدی⁩	60
⁧شهسوار⁩	60
⁧عنبرستانی⁩	60
⁧قربانپور⁩	60
⁧کزازی⁩	60
⁧مهاجرانی⁩	60
⁧منصورآبادی⁩	60
⁧محمدجانی⁩	60
⁧آذربایجانی⁩	60
⁧پاک‌نیت⁩	60
⁧روزبان⁩	60
⁧ولیزاده⁩	60
⁧پرهیزگار⁩	60
⁧مرزبانی⁩	60
⁧بهزادپور⁩	60
⁧آخوندزاده⁩	60
⁧میهمی⁩	60
⁧میرخوندچگینی⁩	60
⁧جرجندی⁩	60
⁧میرزاجانی⁩	60
⁧مسعودیان⁩	60
⁧محمدشریفی⁩	60
⁧انوشه⁩	60
⁧غلامزاده⁩	60
⁧گلمکانی⁩	60
⁧معمارزاده⁩	60
⁧صدرائی⁩	60
⁧میرکریمی⁩	60
⁧پاکباز⁩	60
⁧حاجیوند⁩	60
⁧کردستانی⁩	60
⁧غفوریان⁩	60
⁧منتشلو⁩	60
⁧خوشنود⁩	60
⁧کیماسی⁩	60
⁧فرجامی⁩	60
⁧عسکرپور⁩	60
⁧نهاوندی⁩	60
⁧جانقربان⁩	60
⁧عزیزمحمدی⁩	60
⁧اقائی⁩	60
⁧تفضلی⁩	60
⁧سروستانی⁩	60
⁧توماج⁩	60
⁧حنفی⁩	60
⁧منبری⁩	60
⁧فرحزادی⁩	60
⁧باغجری⁩	60
⁧اقدسی⁩	60
⁧ذوالقدری⁩	60
⁧تاری⁩	60
⁧شکوهیان⁩	60
⁧نثاری⁩	60
⁧نورزاده⁩	60
⁧دانشگر⁩	60
⁧سعدونی⁩	60
⁧سلطانپور⁩	60
⁧راجی⁩	60
⁧قجری⁩	60
⁧حاتمیان⁩	60
⁧دولتخواه⁩	60
⁧سالاریان⁩	60
⁧طالعی⁩	60
⁧بگلری⁩	60
⁧قاری⁩	60
⁧بهی⁩	60
⁧کارگرشورکی⁩	60
⁧اوسطی⁩	60
⁧بهلکه⁩	60
⁧محمدمرادی⁩	60
⁧شورابی⁩	60
⁧وحدت⁩	60
⁧حصارکی⁩	60
⁧اسکانی⁩	60
⁧بندانی⁩	60
⁧عیسائی⁩	60
⁧عزیزآبادی⁩	60
⁧شعبانیان⁩	60
⁧زکی⁩	60
⁧فرازی⁩	60
⁧مظفریان⁩	60
⁧دروگر⁩	60
⁧یخکشی⁩	60
⁧چهرقانی⁩	60
⁧رازقندی⁩	60
⁧سالکی⁩	60
⁧پسرکلو⁩	60
⁧شادمهر⁩	60
⁧آریافر⁩	60
⁧بشکار⁩	60
⁧جعفرنیا⁩	60
⁧دمیری⁩	60
⁧خبیری⁩	60
⁧ساعد⁩	60
⁧شهریور⁩	60
⁧کاوند⁩	60
⁧سعیدزاده⁩	60
⁧ابارشی⁩	60
⁧البوعلی⁩	60
⁧کاکی⁩	60
⁧آریامنش⁩	60
⁧خداویسی⁩	60
⁧مهرزاد⁩	60
⁧خوشخو⁩	60
⁧شوکتی⁩	60
⁧پهلوان‌زاده⁩	60
⁧پارسافر⁩	60
⁧عقیقی⁩	60
⁧حیرانی⁩	60
⁧زهدی⁩	60
⁧شکرالهی⁩	60
⁧امیرسالاری⁩	60
⁧قاینی⁩	60
⁧پوری⁩	60
⁧محمودوند⁩	60
⁧مجیدیان⁩	60
⁧طحانی⁩	60
⁧هداوندخانی⁩	60
⁧خرسندی⁩	60
⁧جمشیدپور⁩	60
⁧خارستانی⁩	60
⁧نظرخانی⁩	60
⁧شمسی‌پور⁩	60
⁧گلپایگانی⁩	60
⁧زمردی⁩	60
⁧طالقانی⁩	60
⁧وارسته⁩	60
⁧سیاه‌پوش⁩	60
⁧ولدی⁩	60
⁧زیدآبادی⁩	60
⁧ارژنگ⁩	60
⁧اشکانی⁩	60
⁧دلیریان⁩	60
⁧کدخدازاده⁩	60
⁧فلامرزی⁩	60
⁧بسحاق⁩	60
⁧قنبرلو⁩	60
⁧وطنخواه⁩	60
⁧حمیدپور⁩	60
⁧لهراسبی⁩	60
⁧زوار⁩	60
⁧چنانه⁩	60
⁧فتحیان⁩	60
⁧فرزان⁩	60
⁧لقمانی⁩	60
⁧توحیدلو⁩	60
⁧کلاهی⁩	60
⁧برمکی⁩	60
⁧جداوی⁩	60
⁧صبوحی⁩	60
⁧فرهادپور⁩	60
⁧رهنمافلاورجانی⁩	60
⁧سیادت⁩	60
⁧خندانی⁩	60
⁧خرسند⁩	60
⁧ساعدپناه⁩	60
⁧پیکانی⁩	60
⁧چهرازی⁩	60
⁧وصالی⁩	60
⁧کاکوئی⁩	60
⁧محمدعلی⁩	60
⁧فرحی⁩	60
⁧سرفراز⁩	60
⁧صائمی⁩	60
⁧گشانی⁩	60
⁧طاهر⁩	60
⁧جهانشیری⁩	60
⁧طاعتی⁩	60
⁧مسجدی⁩	60
⁧پورخسروانی⁩	60
⁧چعبی⁩	60
⁧صیفی⁩	60
⁧شهنازی⁩	60
⁧ضیاء⁩	60
⁧جهانبانی⁩	60
⁧جنانی⁩	60
⁧مدیری⁩	60
⁧تازیکی⁩	60
⁧هزاریان⁩	60
⁧کوکبی⁩	60
⁧کلانی⁩	60
⁧نداف⁩	60
⁧گرائی⁩	60
⁧کوتی⁩	60
⁧آهوئی⁩	60
⁧جرفی⁩	60
⁧دباغ⁩	60
⁧دلجو⁩	60
⁧گرایلی⁩	60
⁧وثوق⁩	60
⁧جهانبخشی⁩	60
⁧بیکدلو⁩	60
⁧رضویان⁩	60
⁧ترکان⁩	60
⁧فیوجی⁩	60
⁧محمدکریمی⁩	60
⁧پورقاسم⁩	60
⁧ادریسی⁩	60
⁧مارانی⁩	60
⁧سالک⁩	60
⁧پیرمردوندچگینی⁩	60
⁧عبدوس⁩	60
⁧قناعتی⁩	60
⁧گلستان⁩	60
⁧بداقی⁩	60
⁧مسگری⁩	60
⁧ملاشاهی⁩	60
⁧دهدار⁩	60
⁧خنافره⁩	60
⁧تاتار⁩	60
⁧نیکخو⁩	60
⁧دوراندیش⁩	60
⁧جبرائیلی⁩	60
⁧آزادیان⁩	60
⁧محمددوست⁩	60
⁧میرجعفری⁩	60
⁧اخگر⁩	60
⁧ترکانلو⁩	60
⁧مبشری⁩	60
⁧عندلیب⁩	60
⁧قزی⁩	60
⁧مسکنی⁩	60
⁧ساسانیان⁩	60
⁧سیدمحمدی⁩	60
⁧روشناس⁩	60
⁧کابوسی⁩	60
⁧ظهوری⁩	60
⁧پورعبداله⁩	60
⁧پیرحیاتی⁩	60
⁧ردائی⁩	60
⁧صفی⁩	60
⁧ترحمی⁩	60
⁧مهرپویا⁩	60
⁧زندوکیلی⁩	60
⁧سلمان⁩	60
⁧رادپور⁩	60
⁧سالارزهی⁩	60
⁧اثناعشری⁩	60
⁧غدیری⁩	60
⁧حسینعلی⁩	60
⁧مصباح⁩	60
⁧پاک‌نهاد⁩	60
⁧آرزومند⁩	60
⁧صفرخانی⁩	60
⁧پورمهدی⁩	60
⁧دهدشتی⁩	60
⁧جعفرخانی⁩	60
⁧اوتادی⁩	60
⁧محمودخانی⁩	60
⁧دادوند⁩	60
⁧جمشیدزهی⁩	60
⁧شاعری⁩	60
⁧بدرآبادی⁩	60
⁧نیکزاد⁩	60
⁧پورتقی⁩	60
⁧مختارپور⁩	60
⁧بلوچزهی⁩	60
⁧امیرخانلو⁩	60
⁧توتونچی⁩	60
⁧کشاورزافشار⁩	60
⁧گوزلی⁩	60
⁧هلیچی⁩	60
⁧فتوت⁩	60
⁧پیروتی⁩	60
⁧باریکزهی⁩	60
⁧جلمبادانی⁩	60
⁧سرابندی⁩	60
⁧فرجیان⁩	60
⁧کعب⁩	60
⁧حکمتی⁩	60
⁧پوراکبر⁩	60
⁧عبدولی⁩	60
⁧اسلامیان⁩	60
⁧دریجانی⁩	60
⁧ابوالفضلی⁩	60
⁧ناظریان⁩	60
⁧عبدالعلی‌زاده⁩	60
⁧غنیمتی⁩	60
⁧سماواتی⁩	60
⁧پیامنی⁩	60
⁧شاهوزهی⁩	60
⁧شفیعیان⁩	60
⁧اشرفیان⁩	60
⁧تلخابی⁩	60
⁧زردکوهی⁩	60
⁧رضاقلی⁩	60
⁧کامجو⁩	60
⁧پوراحمد⁩	60
⁧شکریان⁩	60
⁧زندسلیمی⁩	60
⁧ایزدیار⁩	60
⁧دنکوب⁩	60
⁧محیسنی⁩	60
⁧شاهرودی⁩	60
⁧کاوندی⁩	60
⁧سارلی⁩	60
⁧ونائی⁩	60
⁧سامنی⁩	60
⁧بهوندی⁩	60
⁧نکونام⁩	60
⁧افچنگی⁩	60
⁧فرزاد⁩	80
⁧نوفرستی⁩	60
⁧خلیقی⁩	60
⁧فیوج⁩	60
⁧صیدمحمدخانی⁩	60
⁧فیروزیان⁩	60
⁧میرزاحسینی⁩	60
⁧مارابی⁩	60
⁧آقابیگی⁩	60
⁧قجاوند⁩	60
⁧برقبانی⁩	60
⁧نیک‌اندیش⁩	60
⁧شهباز⁩	60
⁧فخار⁩	60
⁧کیانیان⁩	60
⁧درانی⁩	60
⁧مستوفی⁩	60
⁧نعمانی⁩	60
⁧پاک‌سرشت⁩	60
⁧میرقاسمی⁩	60
⁧مهران⁩	60
⁧حاجبی⁩	60
⁧البوخنفر⁩	60
⁧فرزام⁩	60
⁧عشایری⁩	60
⁧نجاریان⁩	60
⁧علمشاهی⁩	60
⁧مروج⁩	60
⁧باغانی⁩	60
⁧یزدخواستی⁩	60
⁧عصاری⁩	60
⁧دغلاوی⁩	60
⁧نورعلی⁩	60
⁧عنایت⁩	60
⁧نیلی⁩	60
⁧ایمری⁩	60
⁧صادقلو⁩	60
⁧شبیری⁩	60
⁧محمدباقری⁩	60
⁧خونساری⁩	60
⁧ابهری⁩	60
⁧خانبابائی⁩	60
⁧پاک‌روان⁩	60
⁧باغیشنی⁩	60
⁧توانائی⁩	60
⁧دهباشی⁩	60
⁧مهماندوست⁩	60
⁧معراجی⁩	60
⁧باغچقی⁩	60
⁧مولانی⁩	60
⁧جواهریان⁩	60
⁧جوکاری⁩	60
⁧گلمحمدی⁩	60
⁧باتمانی⁩	60
⁧کمندی⁩	60
⁧منادی⁩	60
⁧کمیلی⁩	60
⁧خانعلی⁩	60
⁧یازرلو⁩	60
⁧خداشاهی⁩	60
⁧خلقی⁩	60
⁧مرادنژاد⁩	60
⁧ایزدخواه⁩	60
⁧اسدنژاد⁩	60
⁧گیلکی⁩	60
⁧حق‌بین⁩	60
⁧تولائی⁩	60
⁧گراوندی⁩	60
⁧یکتا⁩	60
⁧بهجتی⁩	60
⁧محتشم⁩	60
⁧حفیظی⁩	60
⁧دیانتی⁩	60
⁧اکبرشاهی⁩	60
⁧حاجوی⁩	60
⁧محمدپناه⁩	60
⁧طبیبی⁩	60
⁧رومیانی⁩	60
⁧پیش‌آهنگ⁩	60
⁧مهرعلی⁩	60
⁧خوش‌بین⁩	60
⁧همائی⁩	60
⁧ماجدی⁩	60
⁧رویان⁩	60
⁧جمالیان⁩	60
⁧بلبلی⁩	60
⁧پورقاز⁩	60
⁧فرخ‌زاد⁩	60
⁧محمودجانلو⁩	60
⁧خضرپور⁩	60
⁧پاریاب⁩	60
⁧شهروئی⁩	60
⁧تاجیکی⁩	60
⁧ولیخانی⁩	60
⁧پوراسمعیل⁩	60
⁧مختومی⁩	60
⁧مکاریان⁩	60
⁧محمدخانلو⁩	60
⁧جادری⁩	60
⁧میلانی⁩	60
⁧نادمی⁩	60
⁧مجلسی⁩	60
⁧خوش‌رو⁩	60
⁧پالیزبان⁩	60
⁧عچرش⁩	60
⁧کوه‌پیما⁩	60
⁧رافعی⁩	60
⁧قاسم‌خانی⁩	60
⁧عیسوند⁩	60
⁧شفقی⁩	60
⁧دشتکی⁩	60
⁧شایانی⁩	60
⁧متقیان⁩	60
⁧آهنگران⁩	60
⁧باوندپور⁩	60
⁧صفرزائی⁩	60
⁧جمیلی⁩	60
⁧پورعباسی⁩	60
⁧البوشوکه⁩	60
⁧ورمزیاری⁩	60
⁧سیاهوشی⁩	60
⁧غفارپور⁩	60
⁧احیائی⁩	60
⁧وحید⁩	60
⁧خمسه⁩	60
⁧سابقی⁩	60
⁧عمیدی⁩	60
⁧مهدیون⁩	60
⁧بویری⁩	60
⁧بطحائی⁩	60
⁧تربتی⁩	60
⁧آقامیرزائی⁩	60
⁧معیری⁩	60
⁧مدرس⁩	60
⁧مخلصی⁩	60
⁧محلوجی⁩	60
⁧براتیان⁩	60
⁧پرکی⁩	60
⁧قجر⁩	60
⁧اشترک⁩	60
⁧شجیرات⁩	60
⁧فاروقی⁩	60
⁧بی‌غم⁩	60
⁧جبارپور⁩	60
⁧سیدین⁩	60
⁧آزادپور⁩	60
⁧انگوتی⁩	60
⁧زواری⁩	60
⁧جوانشیر⁩	60
⁧روشن‌دل⁩	60
⁧اجلالی⁩	60
⁧آبکار⁩	60
⁧محمودزهی⁩	60
⁧نفیسی⁩	60
⁧منوری⁩	60
⁧خاتونی⁩	60
⁧تهمتن⁩	60
⁧چراغیان⁩	60
⁧عفری⁩	60
⁧زحمتکش⁩	60
⁧پورموسوی⁩	60
⁧باهنر⁩	60
⁧دشتبانی⁩	60
⁧رحمتیان⁩	60
⁧مراونی⁩	60
⁧میرعالی⁩	60
⁧بخشائی⁩	60
⁧کهندانی⁩	60
⁧آیتی⁩	60
⁧کلوانی⁩	60
⁧بمپوری⁩	60
⁧دانش‌پژوه⁩	60
⁧ناظم⁩	60
⁧سرتیپی⁩	60
⁧مجیری⁩	60
⁧زیوری⁩	60
⁧شالی⁩	60
⁧دباغی⁩	60
⁧عابدپور⁩	60
⁧عیدیوندی⁩	60
⁧شیرخانلو⁩	60
⁧تاج‌الدین⁩	60
⁧عربخانی⁩	60
⁧حکیمیان⁩	60
⁧بدرخانی⁩	60
⁧صرخه⁩	60
⁧باباعلی⁩	60
⁧حیدربیگی⁩	60
⁧یامی⁩	60
⁧دارینی⁩	60
⁧ترشیزی⁩	60
⁧ولیان⁩	60
⁧آرخی⁩	60
⁧زال⁩	60
⁧محمدصالحی⁩	60
⁧زارعین⁩	60
⁧کلاته⁩	60
⁧عبداله⁩	60
⁧اسلمی⁩	60
⁧دادجو⁩	60
⁧بشارت⁩	60
⁧سعیدنیا⁩	60
⁧کشکولی⁩	60
⁧آذرباد⁩	60
⁧ابولی⁩	60
⁧خیرالهی⁩	60
⁧محمدزمانی⁩	60
⁧ولدخانی⁩	60
⁧ثابت‌قدم⁩	60
⁧دهش⁩	60
⁧کازرونی⁩	60
⁧بهدانی⁩	60
⁧ذوالعلی⁩	60
⁧رجبعلی⁩	60
⁧خدیوی⁩	60
⁧پورمرادی⁩	60
⁧امامیان⁩	60
⁧طاطاری⁩	60
⁧عطاپور⁩	60
⁧شکرانی⁩	60
⁧زاهدیان⁩	60
⁧خانلری⁩	60
⁧خدیر⁩	60
⁧معینیان⁩	60
⁧آریانژاد⁩	60
⁧بریهی⁩	60
⁧غلامشاهی⁩	60
⁧اسلام‌پناه⁩	60
⁧کیانفر⁩	60
⁧بزرگمهر⁩	60
⁧تیمورزاده⁩	60
⁧حیدرنیا⁩	60
⁧پورجعفری⁩	60
⁧رضوان⁩	60
⁧طبری⁩	60
⁧اداوی⁩	60
⁧طیب⁩	60
⁧کشیری⁩	60
⁧میقانی⁩	60
⁧مطاعی⁩	60
⁧ورزدار⁩	60
⁧مصیبی⁩	60
⁧آقاجانلو⁩	60
⁧مقتدری⁩	60
⁧انیسی⁩	60
⁧مهنانی⁩	60
⁧چهارمحالی⁩	60
⁧مستقیمی⁩	60
⁧لایقی⁩	60
⁧مروت⁩	60
⁧ناصح⁩	60
⁧برمشوری⁩	60
⁧سدیدی⁩	60
⁧رضالو⁩	60
⁧خضریان⁩	60
⁧درودیان⁩	60
⁧نسائی⁩	60
⁧فهیم⁩	60
⁧صفرلو⁩	60
⁧یلمه⁩	60
⁧رهائی⁩	60
⁧فصاحت⁩	60
⁧ورمقانی⁩	60
⁧لسانی⁩	60
⁧سپهر⁩	60
⁧چوگانی⁩	60
⁧خاندوزی⁩	60
⁧سرافرازی⁩	60
⁧شولی⁩	60
⁧کدوری⁩	60
⁧رونقی⁩	60
⁧ممیوند⁩	60
⁧دیوانی⁩	60
⁧سلوکی⁩	60
⁧کاکاوندی⁩	60
⁧ذکائی⁩	60
⁧خرمیان⁩	60
⁧قزاقی⁩	60
⁧صنوبری⁩	60
⁧محسنیان⁩	60
⁧کچوئی⁩	60
⁧عطری⁩	60
⁧اکبرآبادی⁩	60
⁧میثاقی⁩	60
⁧عظیمیان⁩	60
⁧آجرلو⁩	60
⁧قراباغی⁩	60
⁧احمدپناه⁩	60
⁧سامعی⁩	60
⁧جلینی⁩	60
⁧حشمتیان⁩	60
⁧آقارضائی⁩	60
⁧جلائی⁩	60
⁧یحیوی⁩	60
⁧عربشاهی⁩	60
⁧دهاقین⁩	60
⁧صیفوری⁩	60
⁧ماهینی⁩	60
⁧افشانی⁩	60
⁧خطیب⁩	60
⁧دولتشاهی⁩	60
⁧نوشاد⁩	60
⁧سیرجانی⁩	60
⁧بدراقی⁩	60
⁧حمامی⁩	60
⁧عطاردی⁩	60
⁧ژاله⁩	60
⁧کفایتی⁩	60
⁧عربیان⁩	60
⁧نیرآبادی⁩	60
⁧یوزباشی⁩	60
⁧گشول⁩	60
⁧عبیاوی⁩	60
⁧سرچاهی⁩	60
⁧حویزاوی⁩	60
⁧مهرورز⁩	60
⁧راهدار⁩	60
⁧مغانی⁩	60
⁧حیاوی⁩	60
⁧شهرستانی⁩	60
⁧یلقی⁩	60
⁧معمر⁩	60
⁧پرچمی⁩	60
⁧ابارقی⁩	60
⁧چهری⁩	60
⁧آرمون⁩	60
⁧مدانلوجویباری⁩	60
⁧عالیشاه⁩	60
⁧گورانی⁩	60
⁧محمدرحیمی⁩	60
⁧کهنوجی⁩	60
⁧کوشا⁩	60
⁧اداک⁩	60
⁧رنجکش⁩	60
⁧پورحیدری⁩	60
⁧اسودی⁩	60
⁧شادفر⁩	60
⁧پورقلی⁩	60
⁧خرازی⁩	60
⁧جاودانی⁩	60
⁧مرحمتی⁩	60
⁧شاکریان⁩	60
⁧مهرگان⁩	60
⁧منیعی⁩	60
⁧بیرجندی⁩	60
⁧جهانتیغ⁩	60
⁧عرفانیان⁩	60
⁧می‌دانی⁩	60
⁧چراغعلی⁩	60
⁧روح‌بخش⁩	60
⁧فخیمی⁩	60
⁧صائبی⁩	60
⁧ملایری⁩	60
⁧مشرفی⁩	60
⁧فرخیان⁩	60
⁧قیومی⁩	60
⁧جورابلو⁩	60
⁧دامغانی⁩	60
⁧تاجمیری⁩	60
⁧نوبری⁩	60
⁧نرگسی⁩	60
⁧گله‌داری⁩	60
⁧آذرپیرا⁩	60
⁧بیدخوری⁩	60
⁧غرقی⁩	60
⁧عابدین⁩	60
⁧تفرشی⁩	60
⁧مرادلو⁩	60
⁧راشکی⁩	60
⁧مهرابیان⁩	60
⁧آئین⁩	60
⁧ناصرزاده⁩	60
⁧باجی⁩	60
⁧پیله‌ور⁩	60
⁧پلنگی⁩	60
⁧خاکزاد⁩	60
⁧روزبهی⁩	60
⁧کمالیان⁩	60
⁧ذکریائی⁩	60
⁧مدبر⁩	60
⁧صمدپور⁩	60
⁧قوچی⁩	60
⁧چیت‌ساز⁩	60
⁧هنرجو⁩	60
⁧دیندار⁩	60
⁧لشکربلوکی⁩	60
⁧خمری⁩	60
⁧نرماشیری⁩	60
⁧دوگونچی⁩	60
⁧راحمی⁩	60
⁧کلبعلی⁩	60
⁧جعفرلو⁩	60
⁧خبازی⁩	60
⁧میردریکوند⁩	60
⁧خداوردیان⁩	60
⁧ارجی⁩	60
⁧کلامی⁩	60
⁧محمدشاهی⁩	60
⁧آروین⁩	60
⁧آذرکیش⁩	60
⁧شکیب⁩	60
⁧ولندیاری⁩	60
⁧حلاجیان⁩	60
⁧شیخعلی⁩	60
⁧اجلی⁩	60
⁧افرازه⁩	60
⁧نیشابوری⁩	60
⁧اطهری⁩	60
⁧دژکام⁩	60
⁧فریمانهء⁩	60
⁧رمضان⁩	60
⁧پارساپور⁩	60
⁧افلاکی⁩	60
⁧اسحاقیان⁩	60
⁧لامعی⁩	60
⁧ملاح⁩	60
⁧طرهانی⁩	60
⁧دائی⁩	60
⁧کردتمینی⁩	60
⁧ندافی⁩	60
⁧نائیجی⁩	60
⁧درفشی⁩	60
⁧افروزه⁩	60
⁧اسدآبادی⁩	60
⁧نورآبادی⁩	60
⁧پارسامهر⁩	60
⁧غیور⁩	60
⁧میرهادی⁩	60
⁧دیده‌بان⁩	60
⁧سهرابیان⁩	60
⁧گودرزیان⁩	60
⁧موحدیان⁩	60
⁧بهاءلوهوره⁩	60
⁧قاسمعلی⁩	60
⁧بابااحمدی⁩	60
⁧کرمانشاهی⁩	60
⁧میرشمسی⁩	60
⁧جنیدی⁩	60
⁧جبرئیلی⁩	60
⁧فریادرس⁩	60
⁧فرنیا⁩	60
⁧براجعه⁩	60
⁧کسلخه⁩	60
⁧پورهاشمی⁩	60
⁧خسرونژاد⁩	60
⁧رزقی⁩	60
⁧سالمیان⁩	60
⁧میرشکاران⁩	60
⁧پورجعفر⁩	60
⁧حسینلو⁩	60
⁧بهروزیان⁩	60
⁧درکی⁩	60
⁧سیدصالحی⁩	60
⁧سپیانی⁩	60
⁧حائری⁩	60
⁧پوررضائی⁩	60
⁧قربانلو⁩	60
⁧ترکیان⁩	60
⁧عطارزاده⁩	60
⁧بابانژاد⁩	60
⁧رامین⁩	60
⁧معرفت⁩	60
⁧سرخیل⁩	60
⁧فضائلی⁩	60
⁧انواری⁩	60
⁧نجفلو⁩	60
⁧جوشن⁩	60
⁧شوریابی⁩	60
⁧دلفان⁩	60
⁧رامی⁩	60
⁧نیکومنش⁩	60
⁧سوختانلو⁩	60
⁧ادهم⁩	60
⁧کاهه⁩	60
⁧شاهانی⁩	60
⁧رویتوندغیاثوند⁩	60
⁧رزم‌جو⁩	60
⁧میرصادقی⁩	60
⁧باغچیقی⁩	60
⁧زمندی⁩	60
⁧کلیائی⁩	60
⁧نبئی⁩	60
⁧زینتی⁩	60
⁧اورعی⁩	60
⁧ارفعی⁩	60
⁧طاهرنژاد⁩	60
⁧جمالپور⁩	60
⁧فروردین⁩	60
⁧میرزانیا⁩	60
⁧نهاردانی⁩	60
⁧بارگاهی⁩	60
⁧سوهانی⁩	60
⁧غزالی⁩	60
⁧فراتی⁩	60
⁧رهگذر⁩	60
⁧دیداری⁩	60
⁧استاجی⁩	60
⁧رازیانی⁩	60
⁧برزگربفروئی⁩	60
⁧آقاحسینی⁩	60
⁧فارسیجانی⁩	60
⁧کورانی⁩	60
⁧کونانی⁩	60
⁧اردکانی⁩	60
⁧خباز⁩	60
⁧نورپور⁩	60
⁧گورکانی⁩	60
⁧راهداری⁩	60
⁧افروزی⁩	60
⁧پیشداد⁩	60
⁧آقابراری⁩	60
⁧کولانی⁩	60
⁧روئین⁩	60
⁧گلستانه⁩	60
⁧اودک⁩	60
⁧نصوری⁩	60
⁧خسروانیان⁩	60
⁧واحدیان⁩	60
⁧زراعتکار⁩	60
⁧عدلی⁩	60
⁧جاویدنیا⁩	60
⁧خنیفر⁩	60
⁧غانمی⁩	60
⁧شیرپور⁩	60
⁧جوینده⁩	60
⁧خوئی⁩	60
⁧سالارپور⁩	60
⁧تابنده⁩	60
⁧براهیمی⁩	60
⁧سفاری⁩	60
⁧حلوائی⁩	60
⁧یمینی⁩	60
⁧شاهبازی⁩	60
⁧مصباحی⁩	60
⁧قربانعلی⁩	60
⁧محزون⁩	60
⁧حسینوند⁩	60
⁧محروقی⁩	60
⁧افراخته⁩	60
⁧رمرودی⁩	60
⁧زارعان⁩	60
⁧تورنگ⁩	60
⁧رهدار⁩	60
⁧خانکی⁩	60
⁧ایوانی⁩	60
⁧کمانکش⁩	60
⁧آذرپور⁩	60
⁧پیشکار⁩	60
⁧اکبرنیا⁩	60
⁧پاک‌زاد⁩	60
⁧آذرنگ⁩	60
⁧طیاری⁩	60
⁧میثمی⁩	60
⁧علی‌اکبر⁩	60
⁧خضیراوی⁩	60
⁧آهی⁩	60
⁧خداپناه⁩	60
⁧جوینی⁩	60
⁧اصحابی⁩	60
⁧پورفریدونی⁩	60
⁧ارژنگی⁩	60
⁧مجاهد⁩	60
⁧مشمول⁩	60
⁧عقبائی⁩	60
⁧ثانی⁩	60
⁧آتش‌بار⁩	60
⁧بهلول⁩	60
⁧مرزانی⁩	60
⁧سیدرضائی⁩	60
⁧صفرخانلو⁩	60
⁧اخوت⁩	60
⁧صفرنژاد⁩	60
⁧ولائی⁩	60
⁧احسنی⁩	60
⁧شاددل⁩	60
⁧بگدلی⁩	60
⁧درویشوند⁩	60
⁧ترکمنی⁩	60
⁧باقرلو⁩	60
⁧زین‌الدین⁩	60
⁧پیلتن⁩	60
⁧پورقربان⁩	60
⁧رهبان⁩	60
⁧میرنژاد⁩	60
⁧بروجردی⁩	60
⁧عقابی⁩	60
⁧شفیع⁩	60
⁧خوش‌اندام⁩	60
⁧دیبا⁩	60
⁧پرند⁩	60
⁧بائی⁩	60
⁧لطفیان⁩	60
⁧آسکانی⁩	60
⁧آزادگان⁩	60
⁧حمزه‌ای⁩	60
⁧فتاح⁩	60
⁧ملوندی⁩	60
⁧مروانی⁩	60
⁧فریور⁩	60
⁧بناوند⁩	60
⁧بینائی⁩	60
⁧نریمان⁩	60
⁧کبریائی⁩	60
⁧شیران⁩	60
⁧قوهستانی⁩	60
⁧قاهری⁩	60
⁧هاجری⁩	60
⁧نگراوی⁩	60
⁧میرکاظمی⁩	60
⁧بابامیرساطحی⁩	60
⁧کهدوئی⁩	60
⁧نصوحی⁩	60
⁧مرداسی⁩	60
⁧مهدیه⁩	60
⁧تاکی⁩	60
⁧کارخانهء⁩	60
⁧سرفرازی⁩	60
⁧خوجه⁩	60
⁧باغی⁩	60
⁧جلوداری⁩	60
⁧عاقبتی⁩	60
⁧دبستانی⁩	60
⁧منظری⁩	60
⁧خیامی⁩	60
⁧شیرزائی⁩	60
⁧جهانبازی⁩	60
⁧درخش⁩	60
⁧نبهانی⁩	60
⁧شهنواز⁩	60
⁧دوخائی⁩	60
⁧اصغرنژاد⁩	60
⁧میرسالاری⁩	60
⁧پروری⁩	60
⁧آذرمهر⁩	60
⁧جبارزارع⁩	60
⁧غرباوی⁩	60
⁧هراتیان⁩	60
⁧ثریا⁩	80
⁧آجودانی⁩	60
⁧باجلانی⁩	60
⁧صفاپور⁩	60
⁧روائی⁩	60
⁧گرگین⁩	60
⁧برهمند⁩	60
⁧حیدر⁩	60
⁧برآبادی⁩	60
⁧طریفی⁩	60
⁧نیک‌خو⁩	60
⁧عطاءاللهی⁩	60
⁧یلالی⁩	60
⁧بابکی⁩	60
⁧پورامینائی⁩	60
⁧ماروسی⁩	60
⁧مریمی⁩	60
⁧شعبانلو⁩	60
⁧تازیکه⁩	60
⁧شیرازیان⁩	60
⁧نقشبندی⁩	60
⁧یاسری⁩	60
⁧طغرلی⁩	60
⁧محرابیان⁩	60
⁧رجائیان⁩	60
⁧امراللهی⁩	60
⁧کلانتریان⁩	60
⁧چلبی⁩	60
⁧وحیدیان⁩	60
⁧حق‌گو⁩	60
⁧آذین⁩	60
⁧درازهی⁩	60
⁧خزایی⁩	60
⁧قراخانی⁩	60
⁧فرهمندی⁩	60
⁧رمضانپور⁩	60
⁧جهاندار⁩	60
⁧سرهنگی⁩	60
⁧حشمت⁩	60
⁧یدی⁩	60
⁧طالشی⁩	60
⁧محیسن⁩	60
⁧اروجلو⁩	60
⁧فرهمندنیا⁩	60
⁧داودزاده⁩	60
⁧طبائی⁩	60
⁧تقدسی⁩	60
⁧عطارد⁩	60
⁧زوری⁩	60
⁧آزادمهر⁩	60
⁧پیرزاد⁩	60
⁧عسگرزاده⁩	60
⁧نراقی⁩	60
⁧کیمیائی⁩	60
⁧مقدسیان⁩	60
⁧پیرعلی⁩	60
⁧پاکار⁩	60
⁧ذوالفقاریان⁩	60
⁧اجرائی⁩	60
⁧خودسیانی⁩	60
⁧طهوری⁩	60
⁧صدیقیان⁩	60
⁧زهانی⁩	60
⁧ماندنی⁩	60
⁧ناطق⁩	60
⁧پوریوسف⁩	60
⁧زندیان⁩	60
⁧غظنفری⁩	60
⁧گلشاهی⁩	60
⁧زمانپور⁩	60
⁧شکربیگی⁩	60
⁧هلاکوئی⁩	60
⁧دهبان⁩	60
⁧دربانی⁩	60
⁧حاجب⁩	60
⁧مجاهدی⁩	60
⁧هوت⁩	60
⁧سکاکی⁩	60
⁧پیربداقی⁩	60
⁧شهدادنژاد⁩	60
⁧چشک⁩	60
⁧عماری⁩	60
⁧عزیزنژاد⁩	60
⁧جوشقانی⁩	60
⁧علویان⁩	60
⁧احدزاده⁩	60
⁧ایلانلو⁩	60
⁧مؤید⁩	60
⁧دیهیم⁩	60
⁧پایاب⁩	60
⁧محدث⁩	60
⁧حمیدوند⁩	60
⁧منعمی⁩	60
⁧محبیان⁩	60
⁧ساجد⁩	60
⁧خلیفهء⁩	60
⁧قورچیان⁩	60
⁧چوبدار⁩	60
⁧مرادآبادی⁩	60
⁧دویستی⁩	60
⁧فروهر⁩	60
⁧داودپور⁩	60
⁧دیودل⁩	60
⁧پوراسماعیل⁩	60
⁧بازقندی⁩	60
⁧خاشعی⁩	60
⁧رخشا⁩	60
⁧مزرعاوی⁩	60
⁧ادوای⁩	60
⁧فنودی⁩	60
⁧خدیور⁩	60
⁧رودسرابی⁩	60
⁧لیموچی⁩	60
⁧دلقندی⁩	60
⁧بایگان⁩	60
⁧عنابستانی⁩	60
⁧قربانزاده⁩	60
⁧میریان⁩	60
⁧کارگربیده⁩	60
⁧کنشلو⁩	60
⁧زمانلو⁩	60
⁧درفکی⁩	60
⁧بیگلر⁩	60
⁧سنجرانی⁩	60
⁧وقاری⁩	60
⁧کردونی⁩	60
⁧پاهنگ⁩	60
⁧ضابطی⁩	60
⁧لقائی⁩	60
⁧محمدجعفری⁩	60
⁧صیدمحمدی⁩	60
⁧آشتیانی⁩	60
⁧نظارات⁩	60
⁧منتصری⁩	60
⁧بذرگری⁩	60
⁧آذریون⁩	60
⁧خواجهء⁩	60
⁧هلیلی⁩	60
⁧آتش‌افروز⁩	60
⁧تاجدینی⁩	60
⁧مردوخی⁩	60
⁧غنمی⁩	60
⁧مجنونی⁩	60
⁧زرگرانی⁩	60
⁧رفعت⁩	60
⁧عبدالهیان⁩	60
⁧منصور⁩	60
⁧نوروز⁩	60
⁧دستاران⁩	60
⁧آرمیده⁩	60
⁧لاهوتی⁩	60
⁧سمواتی⁩	60
⁧افشارنیا⁩	60
⁧ابرقوئی⁩	60
⁧صبا⁩	60
⁧شاهملکی⁩	60
⁧عریانی⁩	60
⁧عطاریان⁩	60
⁧دیواندری⁩	60
⁧باوقار⁩	60
⁧مهدیانی⁩	60
⁧بهاءالدینی⁩	60
⁧کاراندیش⁩	60
⁧مجد⁩	60
⁧نظافتی⁩	60
⁧عشیری⁩	60
⁧سرلکی⁩	60
⁧گلوانی⁩	60
⁧غروی⁩	60
⁧فریدنی⁩	60
⁧کندری⁩	60
⁧ایگدری⁩	60
⁧توغدری⁩	60
⁧کامیار⁩	60
⁧سعادتیان⁩	60
⁧خوشنودی⁩	60
⁧فرهانیان⁩	60
⁧صفویه⁩	60
⁧پشنگ⁩	60
⁧محبعلی⁩	60
⁧چهارلنگ⁩	60
⁧نصیرلو⁩	60
⁧شهرابی⁩	60
⁧کهوند⁩	60
⁧اولاد⁩	60
⁧حاجیلری⁩	60
⁧بسکابادی⁩	60
⁧جوانبخت⁩	60
⁧ایسپره⁩	60
⁧مرآتی⁩	60
⁧جهان‌آرا⁩	60
⁧روزدار⁩	60
⁧لعلی⁩	60
⁧خامسی⁩	60
⁧شیخانی⁩	60
⁧بهتوئی⁩	60
⁧جاور⁩	60
⁧بختی⁩	60
⁧واقفی⁩	60
⁧رهنمائی⁩	60
⁧هیبتی⁩	60
⁧صمدانی⁩	60
⁧زجاجی⁩	60
⁧پورکریمی⁩	60
⁧دانشفر⁩	60
⁧کوراوند⁩	60
⁧پیروندبوری⁩	60
⁧نجیمی⁩	60
⁧خوشنام⁩	60
⁧تات⁩	60
⁧کهرازهی⁩	60
⁧دریساوی⁩	60
⁧بیک⁩	60
⁧عضدی⁩	60
⁧گوهریان⁩	60
⁧مصفا⁩	60
⁧کفاشی⁩	60
⁧بزمی⁩	60
⁧مینوئی⁩	60
⁧آلبوغبیش⁩	60
⁧زایری⁩	60
⁧حلمی⁩	60
⁧صنیعی⁩	60
⁧میرلوحی⁩	60
⁧قزاق⁩	60
⁧مجیدزاده⁩	60
⁧پورکریم⁩	60
⁧حری⁩	60
⁧محمدطاهری⁩	60
⁧درینی⁩	60
⁧شادروان⁩	60
⁧معروفخانی⁩	60
⁧نورافکن⁩	60
⁧رضوانیان⁩	60
⁧اخگری⁩	60
⁧سقلی⁩	60
⁧عسگرپور⁩	60
⁧آرزومندی⁩	60
⁧رستمانی⁩	60
⁧قاصدی⁩	60
⁧قزلسفلی⁩	60
⁧مهجور⁩	60
⁧اتابک⁩	60
⁧خسروبیگی⁩	60
⁧گیوی⁩	60
⁧صفابخش⁩	60
⁧مرمزی⁩	60
⁧بریحی⁩	60
⁧فراشی⁩	60
⁧آران⁩	60
⁧نیک‌رو⁩	60
⁧باقرآبادی⁩	60
⁧کتولی⁩	60
⁧چیذری⁩	60
⁧منتی⁩	60
⁧مارامائی⁩	60
⁧پرمر⁩	60
⁧کردکتولی⁩	60
⁧شکفته⁩	60
⁧کوهساریان⁩	60
⁧رشیدآبادی⁩	60
⁧چوبداری⁩	60
⁧قباخلو⁩	60
⁧مهرآرا⁩	60
⁧منفردی⁩	60
⁧صحتی⁩	60
⁧آزادفلاح⁩	60
⁧میردار⁩	60
⁧مشفق⁩	60
⁧بهادران⁩	60
⁧مقدادی⁩	60
⁧خضرائی⁩	60
⁧نادرعلی⁩	60
⁧بهروش⁩	60
⁧ولدبیگی⁩	60
⁧کاهانی⁩	60
⁧کارچانی⁩	60
⁧رامیار⁩	60
⁧لونی⁩	60
⁧تقدیری⁩	60
⁧خضرزاده⁩	60
⁧بساک⁩	60
⁧ذهبی⁩	60
⁧غافلی⁩	60
⁧شیدا⁩	60
⁧اولادی⁩	60
⁧پارسامنش⁩	60
⁧سعدآبادی⁩	60
⁧تابعی⁩	60
⁧علامه⁩	60
⁧قناعت⁩	60
⁧زعیمی⁩	60
⁧پرواره⁩	60
⁧برجعلی⁩	60
⁧سودانی⁩	60
⁧صراف⁩	60
⁧عموزادمهدیرجی⁩	60
⁧بهزادنیا⁩	60
⁧شیخلر⁩	60
⁧فولادگر⁩	60
⁧کشاورزمؤیدی⁩	60
⁧جمشیدزاده⁩	60
⁧شفاعت⁩	60
⁧نصیبی⁩	60
⁧دلخوش⁩	60
⁧زورونی⁩	60
⁧آبرودی⁩	60
⁧بصیر⁩	60
⁧فرساد⁩	60
⁧رهیده⁩	60
⁧اسکندرپور⁩	60
⁧مهجوری⁩	60
⁧کیاشمشکی⁩	60
⁧تصدیقی⁩	60
⁧مهتابی⁩	60
⁧پناهیان⁩	60
⁧فخاریان⁩	60
⁧ملاحسنی⁩	60
⁧بهامین⁩	60
⁧نظیف⁩	60
⁧ناهیدی⁩	60
⁧منصورکیائی⁩	60
⁧طوماری⁩	60
⁧مقیسه⁩	60
⁧فرحناک⁩	60
⁧شبانکاره⁩	60
⁧چرکزی⁩	60
⁧قموشی⁩	60
⁧پالیزوان⁩	60
⁧راثی⁩	60
⁧حنیفه⁩	60
⁧حلاج⁩	60
⁧موثقی⁩	60
⁧صلح‌جو⁩	60
⁧سیروس⁩	60
⁧اسدخانی⁩	60
⁧دادار⁩	60
⁧زرافشان⁩	60
⁧راهزانی⁩	60
⁧فیروززاده⁩	60
⁧سلکی⁩	60
⁧پوراسد⁩	60
⁧میزانی⁩	60
⁧برقعی⁩	60
⁧استبرقی⁩	60
⁧شادان⁩	60
⁧روح‌پرور⁩	60
⁧پوررمضان⁩	60
⁧معارفی⁩	60
⁧انگزی⁩	60
⁧افکاری⁩	60
⁧قناتی⁩	60
⁧غزلاوی⁩	60
⁧قزلجه⁩	60
⁧سراقی⁩	60
⁧رضاعلی⁩	60
⁧آسیابی⁩	60
⁧لطیفیان⁩	60
⁧الباجی⁩	60
⁧درخواه⁩	60
⁧میرزابابائی⁩	60
⁧دینکانی⁩	60
⁧فرجاد⁩	60
⁧شصتی⁩	60
⁧دوانی⁩	60
⁧مجاوری⁩	60
⁧حبشی⁩	60
⁧نوبهاری⁩	60
⁧خوبانی⁩	60
⁧جوانمیری⁩	60
⁧کرماجانی⁩	60
⁧نجاتیان⁩	60
⁧آهنگریان⁩	60
⁧مجتبائی⁩	60
⁧قنادی⁩	60
⁧انصاریپور⁩	60
⁧سرایلو⁩	60
⁧صناعی⁩	60
⁧فرحمند⁩	60
⁧بابامرادی⁩	60
⁧تمجیدی⁩	60
⁧برازجانی⁩	60
⁧حیدرآبادی⁩	60
⁧باقرنیا⁩	60
⁧قضاوی⁩	60
⁧دامن‌افشان⁩	60
⁧آذرخوش⁩	60
⁧فریسات⁩	60
⁧زرگران⁩	60
⁧جباریان⁩	60
⁧روهینا⁩	60
⁧دالائی⁩	60
⁧متولیان⁩	60
⁧جانبازی⁩	60
⁧ارسلانی⁩	60
⁧بهجت⁩	60
⁧آخرتی⁩	60
⁧ظفرآبادی⁩	60
⁧پشمکی⁩	60
⁧احمدبیگی⁩	60
⁧سقر⁩	60
⁧جمشیدوند⁩	60
⁧بریسم⁩	60
⁧پورشمسی⁩	60
⁧امیرنژاد⁩	60
⁧پنق⁩	60
⁧دولابی⁩	60
⁧کلالی⁩	60
⁧قدیریان⁩	60
⁧آسیائی⁩	60
⁧پورقاسمی⁩	60
⁧دررودی⁩	60
⁧ایجادی⁩	60
⁧ورناصری⁩	60
⁧مخبری⁩	60
⁧پیرا⁩	60
⁧کسائیان⁩	60
⁧ده‌نمکی⁩	60
⁧ملامحمدی⁩	60
⁧آرمین⁩	60
⁧فرخاری⁩	60
⁧قیسوندی⁩	60
⁧تهوری⁩	60
⁧نورزاد⁩	60
⁧رضاسلطانی⁩	60
⁧سوداگر⁩	60
⁧کسکنی⁩	60
⁧سوقی⁩	60
⁧کریمخانی⁩	60
⁧سرمست⁩	60
⁧ملایجردی⁩	60
⁧میررضائی⁩	60
⁧آقاملائی⁩	60
⁧دورودیان⁩	60
⁧جنابی⁩	60
⁧پولادیان⁩	60
⁧هویدا⁩	60
⁧ابوچناری⁩	60
⁧جمور⁩	60
⁧بادپر⁩	60
⁧بهراد⁩	60
⁧زهری⁩	60
⁧مبین⁩	60
⁧تدینی⁩	60
⁧بادسار⁩	60
⁧آزادمنجیری⁩	60
⁧میرصالحی⁩	60
⁧میرحیدری⁩	60
⁧شفاعتی⁩	60
⁧جزینی⁩	60
⁧مرعی⁩	60
⁧رمضانخانی⁩	60
⁧ریماز⁩	60
⁧چوبینه⁩	60
⁧الطافی⁩	60
⁧حقیقت‌جو⁩	60
⁧اسدبیگی⁩	60
⁧بادفر⁩	60
⁧ایمانیان⁩	60
⁧رامشک⁩	60
⁧مشفقی⁩	60
⁧عتیقی⁩	60
⁧عربعامری⁩	60
⁧بنیانی⁩	60
⁧حقیری⁩	60
⁧رودکی⁩	60
⁧بهزادیان⁩	60
⁧ارازی⁩	60
⁧سرودی⁩	60
⁧ابوبکری⁩	60
⁧سپاسی⁩	60
⁧نگارستانی⁩	60
⁧اروانه⁩	60
⁧تلیکانی⁩	60
⁧آسیابانی⁩	60
⁧عالیشوندی⁩	60
⁧پیکری⁩	60
⁧فرشچی⁩	60
⁧سیداحمدی⁩	60
⁧پارسانیا⁩	60
⁧سوقندی⁩	60
⁧بشردوست⁩	60
⁧قنبرنژاد⁩	60
⁧اطیابی⁩	60
⁧عبائی⁩	60
⁧جلیزی⁩	60
⁧گشتیل⁩	60
⁧پورکاظمی⁩	60
⁧کارگرفرد⁩	60
⁧عارفیان⁩	60
⁧قلی⁩	60
⁧قندالی⁩	60
⁧تمری⁩	60
⁧پورولی⁩	60
⁧مسروری⁩	60
⁧زادمهر⁩	60
⁧سرکاری⁩	60
⁧مشکل‌گشا⁩	60
⁧صرامی⁩	60
⁧لموچی⁩	60
⁧قادرپناه⁩	60
⁧ساغری⁩	60
⁧پژوهنده⁩	60
⁧عبداللهیان⁩	60
⁧صفارزاده⁩	60
⁧میناخانی⁩	60
⁧خاوند⁩	60
⁧چاری⁩	60
⁧مختارآبادی⁩	60
⁧اعتمادیان⁩	60
⁧الفت⁩	60
⁧خسروزاده⁩	60
⁧کوه‌نشین⁩	60
⁧کرزبر⁩	60
⁧رفاهی⁩	60
⁧آقاعلی⁩	60
⁧طلاوری⁩	60
⁧جاویدپور⁩	60
⁧فقهی⁩	60
⁧تیمورپور⁩	60
⁧مهرور⁩	60
⁧دارابیان⁩	60
⁧بهاروندی⁩	60
⁧کهندل⁩	60
⁧عبادیان⁩	60
⁧آزرم⁩	60
⁧فولادیان⁩	60
⁧راستاد⁩	60
⁧طهمورثی⁩	60
⁧فیروزه⁩	60
⁧بوربوراژدری⁩	60
⁧سایری⁩	60
⁧شفیقی⁩	60
⁧علیزهی⁩	60
⁧مقبلی⁩	60
⁧قلعهء⁩	60
⁧ناظریه⁩	60
⁧محمدمیرزائی⁩	60
⁧رنود⁩	60
⁧دزفولی⁩	60
⁧بهزادفر⁩	60
⁧فخرپور⁩	60
⁧میردیلمی⁩	60
⁧شیخان⁩	60
⁧رزمخواه⁩	60
⁧افشارزاده⁩	60
⁧استخری⁩	60
⁧غمشادزهی⁩	60
⁧ادیبان⁩	60
⁧باختر⁩	60
⁧باصولی⁩	60
⁧پیرنیا⁩	60
⁧جزائری⁩	60
⁧بالازاده⁩	60
⁧ازبک⁩	60
⁧سیدنژاد⁩	60
⁧چابوک⁩	60
⁧انصافی⁩	60
⁧سمنانی⁩	60
⁧عفیفی⁩	60
⁧دوجی⁩	60
⁧عمرزهی⁩	60
⁧کریمان⁩	60
⁧محجوبی⁩	60
⁧بناری⁩	60
⁧خطیری⁩	60
⁧مانیانی⁩	60
⁧اشجعی⁩	60
⁧برزنگ⁩	60
⁧میرمعینی⁩	60
⁧نژادحسینی⁩	60
⁧وکیلیان⁩	60
⁧بیضاوی⁩	60
⁧قضائی⁩	60
⁧اشعری⁩	60
⁧دشتستانی⁩	60
⁧ضامنی⁩	60
⁧طاهرلو⁩	60
⁧دبیریان⁩	60
⁧قزوینهء⁩	60
⁧خوش‌سیما⁩	60
⁧شاهپوری⁩	60
⁧عموزادخلیلی⁩	60
⁧بکائیان⁩	60
⁧اکرادی⁩	60
⁧سمندری⁩	60
⁧کوشکباغی⁩	60
⁧نیاستی⁩	60
⁧صادقپور⁩	60
⁧مهرآئین⁩	60
⁧سلاق⁩	60
⁧بندار⁩	60
⁧رادان⁩	60
⁧قمبری⁩	60
⁧بیابان‌گرد⁩	60
⁧زعفرانیه⁩	60
⁧علیمی⁩	60
⁧دوامی⁩	60
⁧هوائی⁩	60
⁧میرعمادی⁩	60
⁧هلاکو⁩	60
⁧دروکی⁩	60
⁧فخرالدینی⁩	60
⁧بیرمی⁩	60
⁧بخشوده⁩	60
⁧فرطوسی⁩	60
⁧چعباوی⁩	60
⁧کارکن⁩	60
⁧مهدیلو⁩	60
⁧افروشه⁩	60
⁧زاکری⁩	60
⁧نکوئیان⁩	60
⁧آبورز⁩	60
⁧بنی‌هاشم⁩	60
⁧فروزانی⁩	60
⁧پارسانژاد⁩	60
⁧آسیابان⁩	60
⁧الوانی⁩	60
⁧عنافچه⁩	60
⁧سخاوتی⁩	60
⁧جهانگیرزاده⁩	60
⁧بنائیان⁩	60
⁧مصدقی⁩	60
⁧فشی⁩	60
⁧رودبارانی⁩	60
⁧نفرسفیددشتی⁩	60
⁧پنجی⁩	60
⁧پورقیومی⁩	60
⁧گماری⁩	60
⁧میرخانی⁩	60
⁧سپهریان⁩	60
⁧ریاضت⁩	60
⁧سکندری⁩	60
⁧فاخری⁩	60
⁧الوند⁩	60
⁧قراخانلو⁩	60
⁧مهربخش⁩	60
⁧میرغفاری⁩	60
⁧کایدی⁩	60
⁧آبرون⁩	60
⁧صدفی⁩	60
⁧کاردگر⁩	60
⁧خوبرو⁩	60
⁧مرادمند⁩	60
⁧ایاز⁩	60
⁧مهکی⁩	60
⁧سیامکی⁩	60
⁧بابلی⁩	60
⁧داودوندی⁩	60
⁧کشت‌گر⁩	60
⁧نیکان⁩	60
⁧مدبری⁩	60
⁧خوشنویسان⁩	60
⁧ثامنی⁩	60
⁧سخنور⁩	60
⁧عشرتی⁩	60
⁧شاملی⁩	60
⁧مروجی⁩	60
⁧میرنظامی⁩	60
⁧نژادکورکی⁩	60
⁧استوان⁩	60
⁧جان‌فزا⁩	60
⁧هژبر⁩	60
⁧بلوریان⁩	60
⁧نشاطی⁩	60
⁧داسار⁩	60
⁧بالاور⁩	60
⁧تجدد⁩	60
⁧رنجبریان⁩	60
⁧خسروشاهی⁩	60
⁧منصفی⁩	60
⁧بابامیر⁩	60
⁧حیدرپناه⁩	60
⁧مولایاری⁩	60
⁧احسان⁩	60
⁧دنیادیده⁩	60
⁧نیتی⁩	60
⁧یوسفلی⁩	60
⁧مشعشعی⁩	60
⁧خوشابی⁩	60
⁧بهداروندی⁩	60
⁧پورسعید⁩	60
⁧محمدخواه⁩	60
⁧رؤفی⁩	60
⁧درفش⁩	60
⁧صیاحی⁩	60
⁧محمدوند⁩	60
⁧شارعی⁩	60
⁧رختیانی⁩	60
⁧نقویان⁩	60
⁧جهانداری⁩	60
⁧غرابی⁩	60
⁧وجدی⁩	60
⁧امیدعلی⁩	60
⁧دراهکی⁩	60
⁧سلطانمحمدی⁩	60
⁧سیدالحسینی⁩	60
⁧دسومی⁩	60
⁧مسعودنیا⁩	60
⁧سیدابراهیمی⁩	60
⁧پوراکبری⁩	60
⁧بالارستاقی⁩	60
⁧افضل⁩	60
⁧پاکیزه⁩	60
⁧تهامی⁩	60
⁧تجویدی⁩	60
⁧بهرام⁩	60
⁧کرملو⁩	60
⁧می‌انجی⁩	60
⁧بابک⁩	60
⁧چقازردی⁩	60
⁧هزارجریبی⁩	60
⁧باسامی⁩	60
⁧روا⁩	60
⁧جعاوله⁩	60
⁧سالارزاده⁩	60
⁧دولتیاری⁩	60
⁧جاویدفر⁩	60
⁧بیدل⁩	60
⁧رامشگر⁩	60
⁧فواضلی⁩	60
⁧رسا⁩	60
⁧قصری⁩	60
⁧خلیق⁩	60
⁧خوبیاری⁩	60
⁧ایزدیان⁩	60
⁧القاصی⁩	60
⁧حجاری⁩	60
⁧قرائتی⁩	60
⁧لواسانی⁩	60
⁧شهباززاده⁩	60
⁧سیاسر⁩	60
⁧شحیطاط⁩	60
⁧اورکی⁩	60
⁧کمایستانی⁩	60
⁧شیریان⁩	60
⁧عبدالتاجدینی⁩	60
⁧بهفر⁩	60
⁧دستورانی⁩	60
⁧ازکات⁩	60
⁧آزادفر⁩	60
⁧معتضدیان⁩	60
⁧ابوالحسینی⁩	60
⁧محمدصادقی⁩	60
⁧مهمان‌نواز⁩	60
⁧نعمتیان⁩	60
⁧آریائی⁩	60
⁧میرعظیمی⁩	60
⁧شکور⁩	60
⁧نیساری⁩	60
⁧ربیع⁩	60
⁧اصفهانیان⁩	60
⁧کاوهء⁩	60
⁧نارکی⁩	60
⁧هادیلو⁩	60
⁧کوزه‌گر⁩	60
⁧میرقادری⁩	60
⁧پازیار⁩	60
⁧قلاوندی⁩	60
⁧میرحسنی⁩	60
⁧بالیده⁩	60
⁧نادرزاده⁩	60
⁧بهروان⁩	60
⁧تکبیری⁩	60
⁧ابویسانی⁩	60
⁧آقامرادی⁩	60
⁧گل‌افشان⁩	60
⁧پورمقدم⁩	60
⁧ساردوئی⁩	60
⁧اینانلومرانلو⁩	60
⁧محمودصالحی⁩	60
⁧مهرپویان⁩	60
⁧آقابزرگی⁩	60
⁧داعی⁩	60
⁧میرطاهری⁩	60
⁧واسعی⁩	60
⁧دلاکه⁩	60
⁧دیبائی⁩	60
⁧مالدار⁩	60
⁧پاسیار⁩	60
⁧فرامرزپور⁩	60
⁧خوش‌خلق⁩	60
⁧خداداده⁩	60
⁧برزگران⁩	60
⁧سبزعلیان⁩	60
⁧یارلو⁩	60
⁧تیمار⁩	60
⁧آزادی‌خواه⁩	60
⁧مساوات⁩	60
⁧پژوهان⁩	60
⁧میرکمالی⁩	60
⁧بروغنی⁩	60
⁧پیشه‌ور⁩	60
⁧اردبیلی⁩	60
⁧آخوند⁩	60
⁧عندلیبی⁩	60
⁧فشکی⁩	60
⁧آشناگر⁩	60
⁧نساجی⁩	60
⁧رزبان⁩	60
⁧پورصادق⁩	60
⁧بکتاش⁩	60
⁧کاظمینی⁩	60
⁧باطبی⁩	60
⁧شامرادی⁩	60
⁧عطاءالهی⁩	60
⁧سالارکریمی⁩	60
⁧میرزا⁩	60
⁧کاکولوند⁩	60
⁧کلهرچگینی⁩	60
⁧عیدان⁩	60
⁧شیشه‌گر⁩	60
⁧زورآبادی⁩	60
⁧شوروزی⁩	60
⁧کامگار⁩	60
⁧عیسوندزیبائی⁩	60
⁧پورحیدر⁩	60
⁧قرنی⁩	60
⁧علامی⁩	60
⁧برشان⁩	60
⁧قاضوی⁩	60
⁧خدادی⁩	60
⁧ابوئی⁩	60
⁧فارغی⁩	60
⁧آشتاب⁩	60
⁧شیخیانی⁩	60
⁧بالو⁩	60
⁧پژوهی⁩	60
⁧بوذری⁩	60
⁧امیدبخش⁩	60
⁧شکرپور⁩	60
⁧طاهائی⁩	60
⁧بوچانی⁩	60
⁧مارزی⁩	60
⁧پیروزمند⁩	60
⁧خلیفی⁩	60
⁧دلنواز⁩	60
⁧پورصفر⁩	60
⁧کلیدری⁩	60
⁧هاشملو⁩	60
⁧دشتیان⁩	60
⁧فزونی⁩	60
⁧خانمیرزائی⁩	60
⁧مظفر⁩	60
⁧مدانلو⁩	60
⁧بنکدار⁩	60
⁧فرشید⁩	60
⁧قناعت‌پیشه⁩	60
⁧مهنائی⁩	60
⁧جانباز⁩	60
⁧نمازیان⁩	60
⁧فخیره⁩	60
⁧امیرسلیمانی⁩	60
⁧زورمند⁩	60
⁧پوراصغر⁩	60
⁧طباطبائیان⁩	60
⁧شادلو⁩	60
⁧پورنجف⁩	60
⁧یسلیانی⁩	60
⁧خارا⁩	60
⁧ایزدپناهی⁩	60
⁧پاسالاری⁩	60
⁧افصحی⁩	60
⁧فخریان⁩	60
⁧عرشی⁩	60
⁧اخوندی⁩	60
⁧قنبرآبادی⁩	60
⁧سیمرغ⁩	60
⁧مقری⁩	60
⁧صیاداربابی⁩	60
⁧قهرمانلو⁩	60
⁧چوبین⁩	60
⁧اشتیاقی⁩	60
⁧رجنی⁩	60
⁧پرنلو⁩	60
⁧کهساری⁩	60
⁧نورزائی⁩	60
⁧شریعتمداری⁩	60
⁧خادملو⁩	60
⁧تحویلیان⁩	60
⁧فرامرزیان⁩	60
⁧پورحاجی⁩	60
⁧بهداد⁩	60
⁧کرباسیان⁩	60
⁧قیطانی⁩	60
⁧حریزاوی⁩	60
⁧هاشمزهی⁩	60
⁧مدهنی⁩	60
⁧نصرت⁩	60
⁧خلوصی⁩	60
⁧معرفاوی⁩	60
⁧حدادزاده⁩	60
⁧بیجنوند⁩	60
⁧تردست⁩	60
⁧مقربی⁩	60
⁧کارگرمحمدآبادی⁩	60
⁧پاسبانی⁩	60
⁧ارکیان⁩	60
⁧سادین⁩	60
⁧شادابی⁩	60
⁧یارقلی⁩	60
⁧بهشتیان⁩	60
⁧پلاشی⁩	60
⁧فرحناکی⁩	60
⁧سجاد⁩	60
⁧دباغیان⁩	60
⁧خداخواه⁩	60
⁧عطاران⁩	60
⁧جزی⁩	60
⁧قزوینیان⁩	60
⁧اخروی⁩	60
⁧ساسان⁩	60
⁧خوش‌رفتار⁩	60
⁧طبرسا⁩	60
⁧بکری⁩	60
⁧مهرآوران⁩	60
⁧پورابراهیمی⁩	60
⁧شاپورجانی⁩	60
⁧اظهری⁩	60
⁧گله‌دار⁩	60
⁧امیرسرداری⁩	60
⁧تنیده⁩	60
⁧ابوفاضلی⁩	60
⁧چالاک⁩	60
⁧قیطولی⁩	60
⁧فاخر⁩	60
⁧برخورداربرواتی⁩	60
⁧غضنفرپور⁩	60
⁧قوچانی⁩	60
⁧رنجبراسلاملو⁩	60
⁧عبادزاده⁩	60
⁧تارخ⁩	60
⁧کردجزی⁩	60
⁧تنگسیری⁩	60
⁧خلوتی⁩	60
⁧قیامی⁩	60
⁧عتابی⁩	60
⁧قادرنژاد⁩	60
⁧آچاک⁩	60
⁧چپرلی⁩	60
⁧هرندی⁩	60
⁧فدائیان⁩	60
⁧قارزی⁩	60
⁧کوگیرچگینی⁩	60
⁧میربابائی⁩	60
⁧مجتهدزاده⁩	60
⁧تبرائی⁩	60
⁧قناد⁩	60
⁧مریدزاده⁩	60
⁧اورجی⁩	60
⁧علاءالدینی⁩	60
⁧بزرافشان⁩	60
⁧گیلک⁩	60
⁧بیاتانی⁩	60
⁧صحنهء⁩	60
⁧بیرقی⁩	60
⁧ساورعلیا⁩	60
⁧پورهادی⁩	60
⁧داغستانی⁩	60
⁧پیشگر⁩	60
⁧عبدالرحمانی⁩	60
⁧رمیار⁩	60
⁧زاغیان⁩	60
⁧ایرانپورمبارکه⁩	60
⁧شکرگذار⁩	60
⁧زرنگار⁩	60
⁧رادی⁩	60
⁧میرجانی⁩	60
⁧حنیفهء⁩	60
⁧تاجمیرریاحی⁩	60
⁧گرانمایه⁩	60
⁧ستار⁩	60
⁧رضاوند⁩	60
⁧پشاآبادی⁩	60
⁧معارفوند⁩	60
⁧محمدظاهری⁩	60
⁧وحیدنیا⁩	60
⁧زره‌پوش⁩	60
⁧محمدیانی⁩	60
⁧جهانفر⁩	60
⁧باپیری⁩	60
⁧هاتف⁩	60
⁧رهی⁩	60
⁧کارآموزیان⁩	60
⁧صیدانلو⁩	60
⁧تهرانی⁩	60
⁧شفاعی⁩	60
⁧شهریار⁩	60
⁧فردین⁩	60
⁧سدنی⁩	60
⁧زهرابی⁩	60
⁧البرز⁩	60
⁧مسگر⁩	60
⁧نیکجو⁩	60
⁧سیادتی⁩	60
⁧اخترشناس⁩	60
⁧وظیفه‌شناس⁩	60
⁧مقتدائی⁩	60
⁧جانقلی⁩	60
⁧ارغوان⁩	60
⁧خاری⁩	60
⁧شمشادی⁩	60
⁧دهقانپور⁩	60
⁧ملیحی⁩	60
⁧کوه‌نورد⁩	60
⁧تیما⁩	60
⁧رنجبرکبوترخانی⁩	60
⁧صوری⁩	60
⁧بالوئی⁩	60
⁧اختر⁩	60
⁧سربندی⁩	60
⁧سلاقی⁩	60
⁧چناقچی⁩	60
⁧میرزانژاد⁩	60
⁧فلاحت⁩	60
⁧بلیده⁩	60
⁧قریبی⁩	60
⁧برکتی⁩	60
⁧ملانوروزی⁩	60
⁧آزور⁩	60
⁧برسلانی⁩	60
⁧درتاج⁩	60
⁧لکی⁩	60
⁧مهریزی⁩	60
⁧تناور⁩	60
⁧بوشهری⁩	60
⁧موجرلو⁩	60
⁧فرزادی⁩	60
⁧شیبانیان⁩	60
⁧حق‌طلب⁩	60
⁧میرآخورلی⁩	60
⁧ارسن⁩	60
⁧رادنیا⁩	60
⁧یاحقی⁩	60
⁧پروان⁩	60
⁧غلامعلی⁩	60
⁧شورچهء⁩	60
⁧اشجع⁩	60
⁧کهنسال⁩	60
⁧تراب⁩	60
⁧رونما⁩	60
⁧دادمهر⁩	60
⁧بافنده⁩	60
⁧قائینی⁩	60
⁧آقانژاد⁩	60
⁧یاراحمدزهی⁩	60
⁧مکری⁩	60
⁧ریواز⁩	60
⁧استادزاده⁩	60
⁧سرمیلی⁩	60
⁧سیجانی⁩	60
⁧آریاپور⁩	60
⁧بختیاریان⁩	60
⁧داوریان⁩	60
⁧شرکائی⁩	60
⁧حمدانی⁩	60
⁧صیادیان⁩	60
⁧پاسدار⁩	60
⁧پوریا⁩	60
⁧زواره⁩	60
⁧اقلیمی⁩	60
⁧خلیلاوی⁩	60
⁧محدثی⁩	60
⁧دلیجه⁩	60
⁧روزخوش⁩	60
⁧رشتیانی⁩	60
⁧خوبان⁩	60
⁧گوران⁩	60
⁧شیخیان⁩	60
⁧شیروی⁩	60
⁧پذیرا⁩	60
⁧میربلوچ⁩	60
⁧آزمند⁩	60
⁧مرمضی⁩	60
⁧شمخانی⁩	60
⁧شاهوزائی⁩	60
⁧نوبختی⁩	60
⁧سپهرنیا⁩	60
⁧ظفرمند⁩	60
⁧فریادی⁩	60
⁧صدرالدینی⁩	60
⁧فراستی⁩	60
⁧حاجلو⁩	60
⁧شریفان⁩	60
⁧صفاجو⁩	60
⁧آژیده⁩	60
⁧میرزادوستی⁩	60
⁧میرسعیدی⁩	60
⁧مشعوف⁩	60
⁧سلیمانپور⁩	60
⁧مرادویسی⁩	60
⁧خانیان⁩	60
⁧مدیرروستا⁩	60
⁧سالاریه⁩	60
⁧حملی⁩	60
⁧میردریکوندی⁩	60
⁧سجادپور⁩	60
⁧هجری⁩	60
⁧جان‌نثار⁩	60
⁧شهلائی⁩	60
⁧شمس‌الدین⁩	60
⁧برزیگر⁩	60
⁧عنصری⁩	60
⁧شکوهمند⁩	60
⁧بیدقی⁩	60
⁧صلاحیان⁩	60
⁧قشمی⁩	60
⁧پورموسی⁩	60
⁧کارگذار⁩	60
⁧نجدی⁩	60
⁧ملااحمدی⁩	60
⁧یارمحمدزهی⁩	60
⁧زرودی⁩	60
⁧فخر⁩	60
⁧معظم⁩	60
⁧زبرجد⁩	60
⁧شادمند⁩	60
⁧سهندی⁩	60
⁧هفتانی⁩	60
⁧بلیدهء⁩	60
⁧اردوخانی⁩	60
⁧روتیوندغیاثوند⁩	60
⁧کچلانلو⁩	60
⁧نصیر⁩	60
⁧میرزاآقائی⁩	60
⁧سمندر⁩	60
⁧مرادنیا⁩	60
⁧فیروزمند⁩	60
⁧پاک‌دل⁩	60
⁧بلاغی⁩	60
⁧چهاردانگی⁩	60
⁧ایلاتی⁩	60
⁧آذرمی⁩	60
⁧خازنی⁩	60
⁧موذنی⁩	60
⁧پورمحمود⁩	60
⁧دادخدائی⁩	60
⁧ملکزاده⁩	60
⁧دنیائی⁩	60
⁧ثروتی⁩	60
⁧خیبری⁩	60
⁧آرمات⁩	60
⁧روزگرد⁩	60
⁧سیروسی⁩	60
⁧توفیق⁩	60
⁧ارشاد⁩	60
⁧تراهی⁩	60
⁧گرمنجانی⁩	60
⁧رفائی⁩	60
⁧هجرتی⁩	60
⁧وردی⁩	60
⁧معدلی⁩	60
⁧غایبی⁩	60
⁧پریدار⁩	60
⁧مرادیانی⁩	60
⁧حسانی⁩	60
⁧سیدپور⁩	60
⁧میرعباسی⁩	60
⁧رنجبربافقی⁩	60
⁧فراقی⁩	60
⁧سحری⁩	60
⁧احمدپوری⁩	60
⁧پسندی⁩	60
⁧امیرتیموری⁩	60
⁧محمدعلیزاده⁩	60
⁧سرائیان⁩	60
⁧قدیانلو⁩	60
⁧فیروزنیا⁩	60
⁧مرادحاصلی⁩	60
⁧موصلی⁩	60
⁧فروزانفر⁩	60
⁧پیکار⁩	60
⁧ابراهمیان⁩	60
⁧امیرلو⁩	60
⁧جوام⁩	60
⁧دانشیار⁩	60
⁧تبریزیان⁩	60
⁧سعادتمندی⁩	60
⁧مغاری⁩	60
⁧زرقی⁩	60
⁧شیرنژاد⁩	60
⁧ممشلو⁩	60
⁧آبادهء⁩	60
⁧شانقی⁩	60
⁧حسنعلی⁩	60
⁧عسکرپورکبیر⁩	60
⁧رستاد⁩	60
⁧پرکان⁩	60
⁧نادربیگی⁩	60
⁧بکائی⁩	60
⁧هداوندی⁩	60
⁧عدالت‌خواه⁩	60
⁧فولادزاده⁩	60
⁧فرشادی⁩	60
⁧بستام⁩	60
⁧نساج⁩	60
⁧ورزنده⁩	60
⁧کلاتی⁩	60
⁧کیوانلو⁩	60
⁧وهاب⁩	60
⁧ذاکریان⁩	60
⁧ونکی⁩	60
⁧تقویان⁩	60
⁧قبادیان⁩	60
⁧سنگری⁩	60
⁧صبوریان⁩	60
⁧تیمورنژاد⁩	60
⁧رزم‌آرا⁩	60
⁧پژومان⁩	60
⁧رامشی⁩	60
⁧اجاقلو⁩	60
⁧برازش⁩	60
⁧جوکاردهوئی⁩	60
⁧زمزم⁩	60
⁧معتمدیان⁩	60
⁧برفرازی⁩	60
⁧احمری⁩	60
⁧مطرودی⁩	60
⁧تابان⁩	60
⁧ناصربخت⁩	60
⁧مشرقی⁩	60
⁧یلمهء⁩	60
⁧میرمهدی⁩	60
⁧نیک‌رفتار⁩	60
⁧خشنودی⁩	60
⁧زارعپور⁩	60
⁧شکروی⁩	60
⁧امیراصلانی⁩	60
⁧زادسر⁩	60
⁧روشنگر⁩	60
⁧امیرنیا⁩	60
⁧احسان‌بخش⁩	60
⁧یقینی⁩	60
⁧مستاجران⁩	60
⁧بذرکار⁩	60
⁧راوش⁩	60
⁧زکوی⁩	60
⁧میرآخوری⁩	60
⁧سبیلی⁩	60
⁧کاریزنوی⁩	60
⁧دادپور⁩	60
⁧مشرف⁩	60
⁧آزادنیا⁩	60
⁧قزلسفلو⁩	60
⁧دوزنده⁩	60
⁧ابوذری⁩	60
⁧احدیان⁩	60
⁧صائب⁩	60
⁧تامرادی⁩	60
⁧غلامپور⁩	60
⁧پرهوده⁩	60
⁧زمردیان⁩	60
⁧گوروئی⁩	60
⁧گلناری⁩	60
⁧ارخی⁩	60
⁧ترکمندی⁩	60
⁧خوش‌طینت⁩	60
⁧پرهیزی⁩	60
⁧بیستونی⁩	60
⁧مهرکی⁩	60
⁧یافتیان⁩	60
⁧شهبازپور⁩	60
⁧مردعلی⁩	60
⁧دسترنج⁩	60
⁧کریمدادی⁩	60
⁧یبلوئی⁩	60
⁧سردشتی⁩	60
⁧خداجو⁩	60
⁧میرحاج⁩	60
⁧شهپری⁩	60
⁧پاریاد⁩	60
⁧زیودار⁩	60
⁧خاجی⁩	60
⁧مانیان⁩	60
⁧سکینی⁩	60
⁧میرصانع⁩	60
⁧فردوسیان⁩	60
⁧مزارزهی⁩	60
⁧اسکندرنژاد⁩	60
⁧ویسمرادی⁩	60
⁧ریزوندی⁩	60
⁧پارساء⁩	60
⁧داننده⁩	60
⁧حدادپور⁩	60
⁧اژدهاکش⁩	60
⁧مشکوری⁩	60
⁧اسدبگی⁩	60
⁧حسامپور⁩	60
⁧طریقت⁩	60
⁧خبیر⁩	60
⁧وصال⁩	60
⁧عمادآبادی⁩	60
⁧بوذرجمهری⁩	60
⁧لگزیان⁩	60
⁧داراب⁩	60
⁧عشاقی⁩	60
⁧محمودنیا⁩	60
⁧روشن‌روان⁩	60
⁧سامع⁩	60
⁧کرمشاهی⁩	60
⁧نیکونژاد⁩	60
⁧بیجاری⁩	60
⁧رمضانلو⁩	60
⁧بهادیوندچگینی⁩	60
⁧زبیری⁩	60
⁧مهمدی⁩	60
⁧مددخانی⁩	60
⁧تسبیحی⁩	60
⁧شاقوزائی⁩	60
⁧آزادواری⁩	60
⁧دعائی⁩	60
⁧اسمعلی⁩	60
⁧دکالی⁩	60
⁧چاروسائی⁩	60
⁧باغیانی⁩	60
⁧سوسرائی⁩	60
⁧درگی⁩	60
⁧افرند⁩	60
⁧طرزی⁩	60
⁧آبتین⁩	60
⁧میرمحمدصادقی⁩	60
⁧خزاعل⁩	60
⁧جمشیدنژاد⁩	60
⁧مرزوقی⁩	60
⁧دادگستر⁩	60
⁧مستعلی⁩	60
⁧انوشا⁩	60
⁧اسیری⁩	60
⁧منصورپور⁩	60
⁧سوسنی⁩	60
⁧بایمانی⁩	60
⁧طاهرنیا⁩	60
⁧سیلانی⁩	60
⁧بهرمن⁩	60
⁧منتظمی⁩	60
⁧منصورنژاد⁩	60
⁧خلفیان⁩	60
⁧بابالوئی⁩	60
⁧شلالوند⁩	60
⁧نامجوباغینی⁩	60
⁧اسپنانی⁩	60
⁧گنابادی⁩	60
⁧جهرمی⁩	60
⁧رستاقی⁩	60
⁧درودگر⁩	60
⁧شاویسی⁩	60
⁧مغربی⁩	60
⁧سبزیان⁩	60
⁧روح‌الامین⁩	60
⁧میردامادی⁩	60
⁧فارسیان⁩	60
⁧کثیرلو⁩	60
⁧سخدری⁩	60
⁧دحیماوی⁩	60
⁧رستمخانی⁩	60
⁧ضرونی⁩	60
⁧روکی⁩	60
⁧بادلی⁩	60
⁧طزری⁩	60
⁧یساقی⁩	60
⁧کلاسنگیانی⁩	60
⁧خوشکام⁩	60
⁧بابامحمدی⁩	60
⁧بالنده⁩	60
⁧ملاکی⁩	60
⁧فرخوند⁩	60
⁧فرزامی⁩	60
⁧محمدقلی⁩	60
⁧فرهادزاده⁩	60
⁧ندیری⁩	60
⁧پورباقری⁩	60
⁧قربانخانی⁩	60
⁧طیار⁩	60
⁧نادرخانی⁩	60
⁧دولتشاه⁩	60
⁧نوریانی⁩	60
⁧آقازیارتی⁩	60
⁧ثالثی⁩	60
⁧شمسعلی⁩	60
⁧آریانا⁩	60
⁧صف‌شکن⁩	60
⁧امیرحاجلو⁩	60
⁧یزدانفر⁩	60
⁧زندلشنی⁩	60
⁧قلمی⁩	60
⁧شراهی⁩	60
⁧رازگردانی⁩	60
⁧سعیدفر⁩	60
⁧سمیع⁩	60
⁧عینعلی⁩	60
⁧خلعتبری⁩	60
⁧مجیدپور⁩	60
⁧یکانی⁩	60
⁧ایزد⁩	60
⁧عبادپور⁩	60
⁧فرهمندپور⁩	60
⁧توسلیان⁩	60
⁧پرویزیان⁩	60
⁧کیادلیری⁩	60
⁧بدخش⁩	60
⁧اینانلویغمورلو⁩	60
⁧مهتدی⁩	60
⁧شانظری⁩	60
⁧دلارامی⁩	60
⁧پورسعیدی⁩	60
⁧بحرکاظمی⁩	60
⁧طغرائی⁩	60
⁧توتونچیان⁩	60
⁧چمن‌آرا⁩	60
⁧راموز⁩	60
⁧عبدیزدان⁩	60
⁧مباشرامینی⁩	60
⁧میرشکارپور⁩	60
⁧ارجونی⁩	60
⁧رابحی⁩	60
⁧اعتضادی⁩	60
⁧پشوتن⁩	60
⁧اوحدی⁩	60
⁧حامدیان⁩	60
⁧میرموسوی⁩	60
⁧گرایلو⁩	60
⁧بورقی⁩	60
⁧پرهام⁩	60
⁧غزلی⁩	60
⁧کهوری⁩	60
⁧دوستکام⁩	60
⁧شموسی⁩	60
⁧محب⁩	60
⁧گچلو⁩	60
⁧بی‌پروا⁩	60
⁧مدملی⁩	60
⁧سخاوی⁩	60
⁧زنبوری⁩	60
⁧دیندارلو⁩	60
⁧کریملو⁩	60
⁧سلطانمرادی⁩	60
⁧پورغلام⁩	60
⁧دلفاردی⁩	60
⁧کردآبادی⁩	60
⁧باخدا⁩	60
⁧شهدادزهی⁩	60
⁧برهمن⁩	60
⁧طایفه⁩	60
⁧عزیزنیا⁩	60
⁧زرگرزاده⁩	60
⁧دیزجی⁩	60
⁧قلخانباز⁩	60
⁧انتظامی⁩	60
⁧اثباتی⁩	60
⁧آبشاری⁩	60
⁧کارگرجهرمی⁩	60
⁧پیغمبری⁩	60
⁧رنجبرزاده⁩	60
⁧چابکی⁩	60
⁧مرتضی⁩	60
⁧خیراتی⁩	60
⁧خوش‌بیان⁩	60
⁧نجم‌آبادی⁩	60
⁧چوکان⁩	60
⁧جانمحمدی⁩	60
⁧اقبالیان⁩	60
⁧هلالات⁩	60
⁧خوش‌سیرت⁩	60
⁧سمیاری⁩	60
⁧جاوری⁩	60
⁧احتشام⁩	60
⁧شهرجردی⁩	60
⁧رمضی⁩	60
⁧عبادتی⁩	60
⁧ماسوری⁩	60
⁧فخارزاده⁩	60
⁧هیزجی⁩	60
⁧شفیق⁩	60
⁧جوزدانی⁩	60
⁧رضیئی⁩	60
⁧خبازیان⁩	60
⁧میرعلائی⁩	60
⁧صاحبدل⁩	60
⁧سرآبادانی⁩	60
⁧شادمهری⁩	60
⁧لباف⁩	60
⁧سیدیان⁩	60
⁧جدائی⁩	60
⁧بذری⁩	60
⁧کراری⁩	60
⁧ادیم⁩	60
⁧یارمحمودی⁩	60
⁧عمرزاده⁩	60
⁧قیداری⁩	60
⁧بادپیما⁩	60
⁧بیطرف⁩	60
⁧سلطانعلی⁩	60
⁧زبرجدی⁩	60
⁧مهردوست⁩	60
⁧ساریجلو⁩	60
⁧آذربهرام⁩	60
⁧درفشان⁩	60
⁧فرنام⁩	60
⁧رزازان⁩	60
⁧شیربندی⁩	60
⁧حسونی⁩	60
⁧پورسلطانی⁩	60
⁧عبدپور⁩	60
⁧دریابر⁩	60
⁧خوشاب⁩	60
⁧کاشانیان⁩	60
⁧لاریجانی⁩	60
⁧جوزری⁩	60
⁧بادپروا⁩	60
⁧نودهانی⁩	60
⁧باوقارزعیمی⁩	60
⁧مرادبیگی⁩	60
⁧کشته‌گر⁩	60
⁧شاهنده⁩	60
⁧گلکار⁩	60
⁧اقدمی⁩	60
⁧منیعات⁩	60
⁧رضامند⁩	60
⁧کفیلی⁩	60
⁧رضادوست⁩	60
⁧بیدگلی⁩	60
⁧سلماسی⁩	60
⁧الماسیان⁩	60
⁧فقانی⁩	60
⁧بادامی⁩	60
⁧دریادل⁩	60
⁧سامقانی⁩	60
⁧ناعمی⁩	60
⁧بهمیاری⁩	60
⁧منوچهر⁩	60
⁧سردارآبادی⁩	60
⁧روانان⁩	60
⁧خالوندی⁩	60
⁧مونسان⁩	60
⁧اسفندانی⁩	60
⁧نامداریان⁩	60
⁧غزی⁩	60
⁧تارم⁩	60
⁧تمدنی⁩	60
⁧تاشک⁩	60
⁧حاجتمند⁩	60
⁧قلیان⁩	60
⁧فرشیدی⁩	60
⁧محمدعلیخانی⁩	60
⁧پرندوش⁩	60
⁧تراکمه⁩	60
⁧بیاتلو⁩	60
⁧فغفوری⁩	60
⁧اجتهادی⁩	60
⁧مشتاقیان⁩	60
⁧شبستانی⁩	60
⁧قلوزی⁩	60
⁧قهرمانیان⁩	60
⁧مرنگی⁩	60
⁧رزانی⁩	60
⁧جلایری⁩	60
⁧میراسماعیلی⁩	60
⁧آذربار⁩	60
⁧نورافشان⁩	60
⁧نورآذر⁩	60
⁧بنویدی⁩	60
⁧اسیوند⁩	60
⁧مرادزهی⁩	60
⁧پورباقر⁩	60
⁧پریزاد⁩	60
⁧وحیددستجردی⁩	60
⁧اعزازی⁩	60
⁧خیرخواهان⁩	60
⁧ملازینل⁩	60
⁧نیکپور⁩	60
⁧کروشاوی⁩	60
⁧حجت⁩	60
⁧پندار⁩	60
⁧مقدری⁩	60
⁧نیازیان⁩	60
⁧رحیم⁩	60
⁧حمیدنژاد⁩	60
⁧پورجم⁩	60
⁧افشارونگینی⁩	60
⁧آباریان⁩	60
⁧نقدعلی⁩	60
⁧ارجمندنیا⁩	60
⁧شفق⁩	60
⁧پورصادقی⁩	60
⁧شاهیوندی⁩	60
⁧صابونی⁩	60
⁧صامتی⁩	60
⁧دارمی⁩	60
⁧کاوئی⁩	60
⁧کبودوند⁩	60
⁧گنجهء⁩	60
⁧نافعی⁩	60
⁧خوران⁩	60
⁧شماخی⁩	60
⁧جمالوند⁩	60
⁧میمندی⁩	60
⁧الیکائی⁩	60
⁧معانی⁩	60
⁧درخشیده⁩	60
⁧ساسولی⁩	60
⁧نجاران⁩	60
⁧هردان⁩	60
⁧بهنامی⁩	60
⁧لازمی⁩	60
⁧کارگربرزی⁩	60
⁧مهرشاد⁩	60
⁧سروریان⁩	60
⁧جماعتی⁩	60
⁧افتخاریان⁩	60
⁧خانگاه⁩	60
⁧فرازنده⁩	60
⁧قنادیان⁩	60
⁧میرآبادی⁩	60
⁧جانجان⁩	60
⁧سورنی⁩	60
⁧محمدپوری⁩	60
⁧باوندی⁩	60
⁧رکابی⁩	60
⁧حکیم⁩	60
⁧انباز⁩	60
⁧ازوجی⁩	60
⁧شمسیان⁩	60
⁧باستی⁩	60
⁧بیگوند⁩	60
⁧اکاتی⁩	60
⁧شرفیان⁩	60
⁧نقیب⁩	60
⁧پژوم⁩	60
⁧توحیدیان⁩	60
⁧آذرآئین⁩	60
⁧تفکری⁩	60
⁧پورمعصومی⁩	60
⁧وفائیان⁩	60
⁧خوشنواز⁩	60
⁧بلادی⁩	60
⁧ترامشلو⁩	60
⁧شکرریز⁩	60
⁧کفائی⁩	60
⁧صفیاری⁩	60
⁧تاجداری⁩	60
⁧برمک⁩	60
⁧تبیانیان⁩	60
⁧پورمراد⁩	60
⁧وندائی⁩	60
⁧ذکری⁩	60
⁧رشادی⁩	60
⁧سبحانیان⁩	60
⁧پوردهقان⁩	60
⁧ستاریان⁩	60
⁧پورعسکری⁩	60
⁧میروکیلی⁩	60
⁧مولازاده⁩	60
⁧مبصری⁩	60
⁧شاه‌پرست⁩	60
⁧دلشادی⁩	60
⁧صدخروی⁩	60
⁧عظمتی⁩	60
⁧نجارپور⁩	60
⁧چنگائی⁩	60
⁧ولیدی⁩	60
⁧دوستوندی⁩	60
⁧میردادی⁩	60
⁧طبیبیان⁩	60
⁧جریده⁩	60
⁧اسکو⁩	60
⁧ثباتی⁩	60
⁧امیدزاده⁩	60
⁧امانیان⁩	60
⁧هنردوست⁩	60
⁧آین⁩	60
⁧ذوالفقار⁩	60
⁧دامیار⁩	60
⁧رنج‌کش⁩	60
⁧شایقی⁩	60
⁧شکیبی⁩	60
⁧انجیدنی⁩	60
⁧پیروزفر⁩	60
⁧مصلائی⁩	60
⁧زلیکانی⁩	60
⁧پورصالحی⁩	60
⁧منیدری⁩	60
⁧نیکوفر⁩	60
⁧پویافر⁩	60
⁧بلندنظر⁩	60
⁧زاهری⁩	60
⁧مقنی⁩	60
⁧گرجیان⁩	60
⁧حاجیلوئی⁩	60
⁧ذبیحیان⁩	60
⁧آذربرزین⁩	60
⁧خورشیدسوار⁩	60
⁧زرگریان⁩	60
⁧معدندار⁩	60
⁧پروندی⁩	60
⁧حمزئی⁩	60
⁧پرنا⁩	60
⁧سیمائی⁩	60
⁧ویزواری⁩	60
⁧کروبی⁩	60
⁧نوزری⁩	60
⁧حنائی⁩	60
⁧مهریار⁩	60
⁧صادقزاده⁩	60
⁧باوندپوری⁩	60
⁧پورسلیمانی⁩	60
⁧شامانی⁩	60
⁧عبدالرضائی⁩	60
⁧پرناک⁩	60
⁧اوژند⁩	60
⁧عبدوی⁩	60
⁧پورمیرزائی⁩	60
⁧نمدی⁩	60
⁧مکرم⁩	60
⁧محمدابراهیمی⁩	60
⁧برفر⁩	60
⁧ارمی⁩	60
⁧منیعاوی⁩	60
⁧عودی⁩	60
⁧پورجعفرآبادی⁩	60
⁧دالوندی⁩	60
⁧دریابار⁩	60
⁧ترقی‌خواه⁩	60
⁧کلکلی⁩	60
⁧میرابراهیمی⁩	60
⁧فرمان‌بر⁩	60
⁧قیدی⁩	60
⁧سهولی⁩	60
⁧خواجوند⁩	60
⁧شیردلی⁩	60
⁧نوباغی⁩	60
⁧محبوبیان⁩	60
⁧صفرنیا⁩	60
⁧بیرانوندی⁩	60
⁧مهنی⁩	60
⁧کنانی⁩	60
⁧شباب⁩	60
⁧پرنون⁩	60
⁧سیدهاشمی⁩	60
⁧مهرافروز⁩	60
⁧گمشادزائی⁩	60
⁧عذیری⁩	60
⁧خدیو⁩	60
⁧خاشی⁩	60
⁧پایا⁩	60
⁧سنجیده⁩	60
⁧رست⁩	60
⁧کاکلی⁩	60
⁧درخوش⁩	60
⁧مهدلو⁩	60
⁧سلطانلو⁩	60
⁧خوش‌خو⁩	60
⁧پوررجب⁩	60
⁧آرامون⁩	60
⁧شهرآئینی⁩	60
⁧مودت⁩	60
⁧قنواتیان⁩	60
⁧پورصالح⁩	60
⁧اردمهء⁩	60
⁧چراغچی⁩	60
⁧پورامیری⁩	60
⁧جمالو⁩	60
⁧درویشیان⁩	60
⁧قلجائی⁩	60
⁧اکوان⁩	60
⁧بهمهء⁩	60
⁧شماعی⁩	60
⁧خالقیان⁩	60
⁧تکلوبیغش⁩	60
⁧شهمیری⁩	60
⁧ارمشی⁩	60
⁧مزاری⁩	60
⁧فضیلت⁩	60
⁧آسال⁩	60
⁧زین‌العابدین⁩	60
⁧آردی⁩	60
⁧حاجیلوقزلباش⁩	60
⁧بمبویانی⁩	60
⁧ربیعه⁩	60
⁧حاتم⁩	60
⁧مقیمیان⁩	60
⁧آشیان⁩	60
⁧جعفربگلو⁩	60
⁧خودستان⁩	60
⁧پایه‌دار⁩	60
⁧میرفندرسکی⁩	60
⁧صیادزاده⁩	60
⁧بوجاری⁩	60
⁧مزرعی⁩	60
⁧پرورده⁩	60
⁧مؤذن‌زاده⁩	60
⁧خدادادزاده⁩	60
⁧سماوات⁩	60
⁧بارکزهی⁩	60
⁧رسولخانی⁩	60
⁧قادرمزی⁩	60
⁧امارلو⁩	60
⁧لوائی⁩	60
⁧دادآفرین⁩	60
⁧شکرائی⁩	60
⁧غیوری⁩	60
⁧فیضیان⁩	60
⁧مهوری⁩	60
⁧ملاصالحی⁩	60
⁧قیدر⁩	60
⁧علومی⁩	60
⁧فیوضی⁩	60
⁧آئینه⁩	60
⁧داغری⁩	60
⁧صالحان⁩	60
⁧کمالوند⁩	60
⁧کامروا⁩	60
⁧عطایی⁩	60
⁧مقصودیان⁩	60
⁧خورانی⁩	60
⁧بهادرانی⁩	60
⁧چهکندی⁩	60
⁧پیرویسی⁩	60
⁧بنار⁩	60
⁧فهامی⁩	60
⁧زبید⁩	60
⁧مهیاری⁩	60
⁧کشیر⁩	60
⁧میرآئیز⁩	60
⁧ساویز⁩	60
⁧مرتمی⁩	60
⁧دلاویز⁩	60
⁧جربان⁩	60
⁧واله⁩	60
⁧نظرنژاد⁩	60
⁧مقیم⁩	60
⁧تافته⁩	60
⁧کباری⁩	60
⁧مسکینی⁩	60
⁧ولیئی⁩	60
⁧بریموندی⁩	60
⁧یانپی⁩	60
⁧مهراد⁩	60
⁧تفاخ⁩	60
⁧سجیراتی⁩	60
⁧قرقچیان⁩	60
⁧شاهسوار⁩	60
⁧خوش‌قدم⁩	60
⁧میربزرگی⁩	60
⁧توتازهی⁩	60
⁧گرمابدری⁩	60
⁧روزرخ⁩	60
⁧عدنانی⁩	60
⁧هزارخانی⁩	60
⁧محمدحسن⁩	60
⁧طایفی⁩	60
⁧حلاف⁩	60
⁧برزمینی⁩	60
⁧موقر⁩	60
⁧باتوانی⁩	60
⁧عیوضلو⁩	60
⁧گلباز⁩	60
⁧چوبینی⁩	60
⁧فارابی⁩	60
⁧اقتداربختیاری⁩	60
⁧آهنج⁩	60
⁧چاجی⁩	60
⁧فتوتی⁩	60
⁧حجری⁩	60
⁧مهتری⁩	60
⁧زاهدپور⁩	60
⁧جبالبارزی⁩	60
⁧قوانلو⁩	60
⁧مهرآسا⁩	60
⁧ابوالوردی⁩	60
⁧شکیبافر⁩	60
⁧زرعی⁩	60
⁧معاونی⁩	60
⁧مشکینی⁩	60
⁧یارمحمدتوسکی⁩	60
⁧افلاطونی⁩	60
⁧اسرافیلی⁩	60
⁧انتصاری⁩	60
⁧ابوالقاسم⁩	60
⁧زرنگاری⁩	60
⁧پرموز⁩	60
⁧معزز⁩	60
⁧پورغلامی⁩	60
⁧سیمیاری⁩	60
⁧فطری⁩	60
⁧قارونی⁩	60
⁧ارقند⁩	60
⁧مشکاتی⁩	60
⁧وفاخواه⁩	60
⁧لیاقی⁩	60
⁧جلایر⁩	60
⁧حیدریه⁩	60
⁧الوستانی⁩	60
⁧منظمی⁩	60
⁧میرفخرائی⁩	60
⁧عبدزاده⁩	60
⁧طافی⁩	60
⁧یارویسی⁩	60
⁧لاوی⁩	60
⁧فرشادفر⁩	60
⁧جویا⁩	60
⁧برامکی⁩	60
⁧جعفرپیشه⁩	60
⁧اوصالی⁩	60
⁧منصورلکورج⁩	60
⁧رنگانی⁩	60
⁧مومن⁩	60
⁧ایجی⁩	60
⁧رستگارمقدم⁩	60
⁧حمداللهی⁩	60
⁧شادپور⁩	60
⁧پیغان⁩	60
⁧نصراله⁩	60
⁧لطفعلیان⁩	60
⁧دریانی⁩	60
⁧مرامی⁩	60
⁧مهرزاده⁩	60
⁧بزرگیان⁩	60
⁧بستان⁩	60
⁧دانشیان⁩	60
⁧گندمکار⁩	60
⁧پاسالار⁩	60
⁧پورنصیر⁩	60
⁧دهشیری⁩	60
⁧کردوانی⁩	60
⁧پژوه⁩	60
⁧تواضعی⁩	60
⁧کایدخورده⁩	60
⁧آمانی⁩	60
⁧یاریان⁩	60
⁧شکرانه⁩	60
⁧پرکار⁩	60
⁧عدلو⁩	60
⁧مریوانی⁩	60
⁧سورگی⁩	60
⁧پالیزدار⁩	60
⁧آذرپیکان⁩	60
⁧پیروزنیا⁩	60
⁧عشریه⁩	60
⁧میرحبیبی⁩	60
⁧ارجمندپور⁩	60
⁧منتظریان⁩	60
⁧فرودی⁩	60
⁧میردورقی⁩	60
⁧آبائی⁩	60
⁧اسکندرلو⁩	60
⁧عزیزاللهی⁩	60
⁧سوداگری⁩	60
⁧ممندی⁩	60
⁧شیرگیر⁩	60
⁧جلولی⁩	60
⁧نساروند⁩	60
⁧حسینجانی⁩	60
⁧تمرتاش⁩	60
⁧ارجمندمزیدی⁩	60
⁧بامدی⁩	60
⁧نظامیوندچگینی⁩	60
⁧کثیر⁩	60
⁧طیوری⁩	60
⁧جانکی⁩	60
⁧شفیعیون⁩	60
⁧پورامینی⁩	60
⁧کجوری⁩	60
⁧جوذری⁩	60
⁧دونوقزلباش⁩	60
⁧یاور⁩	60
⁧منابی⁩	60
⁧خداویردی⁩	60
⁧کهربائی⁩	60
⁧عطائیان⁩	60
⁧قهری⁩	60
⁧آروند⁩	60
⁧پودات⁩	60
⁧دلیخون⁩	60
⁧فیروزفر⁩	60
⁧سرخابی⁩	60
⁧کچرانلوئی⁩	60
⁧تازیک⁩	60
⁧فیصلی⁩	60
⁧فسائی⁩	60
⁧رنجبرکلیبی⁩	60
⁧تاجدار⁩	60
⁧دردمند⁩	60
⁧سعیدنژاد⁩	60
⁧تائبی⁩	60
⁧طالاری⁩	60
⁧جنگ‌جو⁩	60
⁧یاسی⁩	60
⁧وائلی⁩	60
⁧زردادخانی⁩	60
⁧صبائی⁩	60
⁧یگانی⁩	60
⁧وحیدپور⁩	60
⁧ایزدجو⁩	60
⁧متدین⁩	60
⁧طاهرنژادجوزم⁩	60
⁧میرلو⁩	60
⁧دهرویه⁩	60
⁧شیرکول⁩	60
⁧سازور⁩	60
⁧روحانیان⁩	60
⁧زربخش⁩	60
⁧کبیریان⁩	60
⁧شکرزهی⁩	60
⁧کهرازهء⁩	60
⁧خواجوندسریوی⁩	60
⁧عمرملی⁩	60
⁧گیلوری⁩	60
⁧عشائری⁩	60
⁧نیکوبخت⁩	60
⁧کهراری⁩	60
⁧نمرودی⁩	60
⁧پوینده⁩	60
⁧فرهمندفر⁩	60
⁧گوگونانی⁩	60
⁧اردانه⁩	60
⁧مبشر⁩	60
⁧برزگرزاده⁩	60
⁧نجم⁩	60
⁧پردلی⁩	60
⁧باغشاهی⁩	60
⁧کیارستمی⁩	60
⁧ایگدر⁩	60
⁧شیهکی⁩	60
⁧ورسهء⁩	60
⁧خائف⁩	60
⁧بهروزه⁩	60
⁧مژدکانلو⁩	60
⁧جاجرمی⁩	60
⁧معادی⁩	60
⁧کنجوری⁩	60
⁧قربی⁩	60
⁧بوداغی⁩	60
⁧سامانیان⁩	60
⁧اوجانی⁩	60
⁧آقانوری⁩	60
⁧فربود⁩	60
⁧فتحعلیان⁩	60
⁧کنگانی⁩	60
⁧احدپور⁩	60
⁧بهاوری⁩	60
⁧یوسفلو⁩	60
⁧معمری⁩	60
⁧قزلو⁩	60
⁧موحدنیا⁩	60
⁧ورامینی⁩	60
⁧بحرکانی⁩	60
⁧رخشنده⁩	60
⁧بایندر⁩	60
⁧محامدی⁩	60
⁧طغیانی⁩	60
⁧خانپور⁩	60
⁧امیدپور⁩	60
⁧آذرسا⁩	60
⁧حیدرعلی⁩	60
⁧چزگی⁩	60
⁧قپانوری⁩	60
⁧نبگان⁩	60
⁧محرری⁩	60
⁧سالارزائی⁩	60
⁧حقایقی⁩	60
⁧بستامی⁩	60
⁧پورمیرزا⁩	60
⁧محلاتی⁩	60
⁧جدیدالاسلامی⁩	60
⁧رشتی⁩	60
⁧قدمنان⁩	60
⁧کشتگر⁩	60
⁧خورشیدیان⁩	60
⁧سفیدگر⁩	60
⁧قراچه⁩	60
⁧اکار⁩	60
⁧پری‌زاده⁩	60
⁧رزاززاده⁩	60
⁧پورسینا⁩	60
⁧بحرپیما⁩	60
⁧شاهدوست⁩	60
⁧خانلو⁩	60
⁧اسمعیلیان⁩	60
⁧دنیوی⁩	60
⁧اسلانی⁩	60
⁧جورکش⁩	60
⁧روزپیکر⁩	60
⁧اقامحمدی⁩	60
⁧شفقتی⁩	60
⁧نوکندی⁩	60
⁧سابکی⁩	60
⁧موالی⁩	60
⁧دیناروندی⁩	60
⁧جلالوندی⁩	60
⁧مهدیخانلو⁩	60
⁧تیزرو⁩	60
⁧میرزالو⁩	60
⁧فرشی⁩	60
⁧روانشاد⁩	60
⁧چروی⁩	60
⁧صفامنش⁩	60
⁧سخی⁩	60
⁧پارسازاده⁩	60
⁧بساکی⁩	60
⁧اسکوئی⁩	60
⁧راستا⁩	60
⁧مطلوبی⁩	60
⁧سالارپورغربا⁩	60
⁧سعدیان⁩	60
⁧ناظمیان⁩	60
⁧پوستین‌دوز⁩	60
⁧قیصریان⁩	60
⁧کوثر⁩	60
⁧کاروانی⁩	60
⁧رسته⁩	60
⁧قائلی⁩	60
⁧عظمی⁩	60
⁧دهنوئی⁩	60
⁧زویدات⁩	60
⁧عدل⁩	60
⁧پرآور⁩	60
⁧فامرینی⁩	60
⁧پرندین⁩	60
⁧حربی⁩	60
⁧فراشیانی⁩	60
⁧دخیلی⁩	60
⁧ماکوئی⁩	60
⁧پارسافرد⁩	60
⁧مریدپور⁩	60
⁧میرشریفی⁩	60
⁧کتیرائی⁩	60
⁧پورزارع⁩	60
⁧حصیری⁩	60
⁧تدو⁩	60
⁧مقاتلی⁩	60
⁧بریمانی⁩	60
⁧قاجاری⁩	60
⁧قرامحمدی⁩	60
⁧بشیرزاده⁩	60
⁧ژیان⁩	60
⁧مالداری⁩	60
⁧ذوالفقارزاده⁩	60
⁧فیلو⁩	60
⁧حریمی⁩	60
⁧الهیان⁩	60
⁧کارجو⁩	60
⁧کوهستانیان⁩	60
⁧پرون⁩	60
⁧دادمحمدی⁩	60
⁧دلیران⁩	60
⁧خردمندی⁩	60
⁧بلانیان⁩	60
⁧عسگرخانی⁩	60
⁧روشن‌بین⁩	60
⁧بهادریان⁩	60
⁧نوچمنی⁩	60
⁧شامخی⁩	60
⁧حقدادی⁩	60
⁧تنکابنی⁩	60
⁧امیرزادگانی⁩	60
⁧کریمزاده⁩	60
⁧بویراتی⁩	60
⁧ارگی⁩	60
⁧بیاتیان⁩	60
⁧پزشکیان⁩	60
⁧منجمی⁩	60
⁧عصار⁩	60
⁧تاراسی⁩	60
⁧مستمند⁩	60
⁧مراونه⁩	60
⁧مزنگی⁩	60
⁧بیدرام⁩	60
⁧کیامرثی⁩	60
⁧بهرآبادی⁩	60
⁧بهدادفر⁩	60
⁧عمرائی⁩	60
⁧بی‌ریا⁩	60
⁧تقدیسی⁩	60
⁧موچانی⁩	60
⁧نژادعلی⁩	60
⁧البوعبادی⁩	60
⁧باغگلی⁩	60
⁧قورچائی⁩	60
⁧قاسمپور⁩	60
⁧عماد⁩	60
⁧باشنده⁩	60
⁧ایزددوست⁩	60
⁧احقاقی⁩	60
⁧کوخائی⁩	60
⁧احسانیان⁩	60
⁧جوشنی⁩	60
⁧قاجار⁩	60
⁧چالاکی⁩	60
⁧بادبرین⁩	60
⁧پوررستمی⁩	60
⁧میهن‌خواه⁩	60
⁧داج⁩	60
⁧رحمان⁩	60
⁧رازمند⁩	60
⁧گنجیان⁩	60
⁧یانق⁩	60
⁧کیامهر⁩	60
⁧عطازاده⁩	60
⁧پسنده⁩	60
⁧دمساز⁩	60
⁧اجورلو⁩	60
⁧حیدرخانی⁩	60
⁧میرسلیمانی⁩	60
⁧احمدیانی⁩	60
⁧شرفخانی⁩	60
⁧کاریزی⁩	60
⁧میرعابدینی⁩	60
⁧روح‌افزا⁩	60
⁧لبافی⁩	60
⁧دانش‌دوست⁩	60
⁧بداوی⁩	60
⁧فیروزکوهی⁩	60
⁧شورکی⁩	60
⁧زهرونی⁩	60
⁧کلباسی⁩	60
⁧باریکانی⁩	60
⁧یادگارصالحی⁩	60
⁧طربی⁩	60
⁧بوئینی⁩	60
⁧داغله⁩	60
⁧پوررحیمی⁩	60
⁧بخارائی⁩	60
⁧آجیلی⁩	60
⁧بی‌آزار⁩	60
⁧سکوتی⁩	60
⁧سارائی⁩	60
⁧جودت⁩	60
⁧نیکرو⁩	60
⁧یراقی⁩	60
⁧ساربان⁩	60
⁧ممتحن⁩	60
⁧بصائری⁩	60
⁧همدمی⁩	60
⁧ابونصری⁩	60
⁧صوفیانی⁩	60
⁧خاکدان⁩	60
⁧خوشناموند⁩	60
⁧سیدنظری⁩	60
⁧تنومند⁩	60
⁧آرمیون⁩	60
⁧غالبی⁩	60
⁧سمرقندی⁩	60
⁧صراطی⁩	60
⁧حجی⁩	60
⁧کیاکجوری⁩	60
⁧کلاگر⁩	60
⁧میرآبی⁩	60
⁧دیباجی⁩	60
⁧ملاعلی⁩	60
⁧چمیده⁩	60
⁧تباشیر⁩	60
⁧میرشجاعی⁩	60
⁧یلوهء⁩	60
⁧ناوکی⁩	60
⁧خویشوند⁩	60
⁧بنان⁩	60
⁧کتال⁩	60
⁧بیلری⁩	60
⁧کوشکستانی⁩	60
⁧الیاسیان⁩	60
⁧الحسینی⁩	60
⁧ضرغام⁩	60
⁧فاطمیان⁩	60
⁧زیدونی⁩	60
⁧شهدوستی⁩	60
⁧عزیزالهی⁩	60
⁧اقاجانی⁩	60
⁧رودمشکی⁩	60
⁧سازمند⁩	60
⁧صابونچی⁩	60
⁧رجالی⁩	60
⁧خشتی⁩	60
⁧اقتدارنژاد⁩	60
⁧دزیانی⁩	60
⁧مردیها⁩	60
⁧میرسلیمی⁩	60
⁧کمندانی⁩	60
⁧برگی⁩	60
⁧روشن‌فکر⁩	60
⁧یاسائی⁩	60
⁧خوشقدم⁩	60
⁧عطوفی⁩	60
⁧انارکی⁩	60
⁧خرسان⁩	60
⁧وروائی⁩	60
⁧حمیدنیا⁩	60
⁧مناجاتی⁩	60
⁧قبادپور⁩	60
⁧محمدهاشمی⁩	60
⁧حیران⁩	60
⁧محمدزکی⁩	60
⁧اولادشنبه⁩	60
⁧میرافضلی⁩	60
⁧منانی⁩	60
⁧داودوند⁩	60
⁧البوبالد⁩	60
⁧شهروی⁩	60
⁧اخلی⁩	60
⁧احمدیوسفی⁩	60
⁧زروندی⁩	60
⁧مددیان⁩	60
⁧کیانژادتجنکی⁩	60
⁧ربی⁩	60
⁧دغاقله⁩	60
⁧کردعلیوند⁩	60
⁧زوارهء⁩	60
⁧بولاغ⁩	60
⁧نورنژاد⁩	60
⁧متینی⁩	60
⁧صحابی⁩	60
⁧قائنی⁩	60
⁧لطافت⁩	60
⁧گلریز⁩	60
⁧دریانوش⁩	60
⁧صیرفی⁩	60
⁧قائدشرفی⁩	60
⁧دستوار⁩	60
⁧محققیان⁩	60
⁧شبرنگ⁩	60
⁧جمالزهی⁩	60
⁧کشاورزترک⁩	60
⁧مردانیان⁩	60
⁧صهبا⁩	60
⁧صولت⁩	60
⁧عیسوی⁩	60
⁧نجیب‌زاده⁩	60
⁧بزله⁩	60
⁧پالیز⁩	60
⁧مکارمی⁩	60
⁧ایلانی⁩	60
⁧بلباسی⁩	60
⁧تقیلو⁩	60
⁧بادروج⁩	60
⁧بناکار⁩	60
⁧علیمیرزائی⁩	60
⁧خسروپناه⁩	60
⁧افقهی⁩	60
⁧خضرنژاد⁩	60
⁧نوشیروانی⁩	60
⁧ادراکی⁩	60
⁧نبگانی⁩	60
⁧بختیاروند⁩	60
⁧قوام⁩	60
⁧زاغی⁩	60
⁧دهفولی⁩	60
⁧منتظرالقائم⁩	60
⁧آذرم⁩	60
⁧حجار⁩	60
⁧پوررستم⁩	60
⁧باژیان⁩	60
⁧نیک‌دل⁩	60
⁧رامک⁩	60
⁧پورپیرعلی⁩	60
⁧صرافی⁩	60
⁧پرن⁩	60
⁧باروئی⁩	60
⁧قسیمی⁩	60
⁧برومندفر⁩	60
⁧پرمو⁩	60
⁧آقاکثیری⁩	60
⁧حسیبی⁩	60
⁧احمدفخرالدین⁩	60
⁧خودکامه⁩	60
⁧پورطاهری⁩	60
⁧کتابچی⁩	60
⁧ابرکار⁩	60
⁧رزاقیان⁩	60
⁧اسدسنگابی⁩	60
⁧داوند⁩	60
⁧رودگر⁩	60
⁧رستگارنیا⁩	60
⁧محرمخانی⁩	60
⁧زاغری⁩	60
⁧بیرالوند⁩	60
⁧ازغ⁩	60
⁧خشنو⁩	60
⁧فراحی⁩	60
⁧قلندر⁩	60
⁧شورمیج⁩	60
⁧فروغیان⁩	60
⁧سرزهی⁩	60
⁧سالارکیا⁩	60
⁧قرنجیگ⁩	60
⁧ساروخانی⁩	60
⁧زرجینی⁩	60
⁧بهروج⁩	60
⁧عبدالعظیمی⁩	60
⁧پورنقی⁩	60
⁧اولیاء⁩	60
⁧یعقوبلو⁩	60
⁧کلینی⁩	60
⁧پادیاب⁩	60
⁧شمیرانی⁩	60
⁧ودودی⁩	60
⁧پورحسنی⁩	60
⁧قناعتیان⁩	60
⁧پرمون⁩	60
⁧اشکاران⁩	60
⁧کبوتری⁩	60
⁧حبی⁩	60
⁧بالاگر⁩	60
⁧کشوردوست⁩	60
⁧پیشوائی⁩	60
⁧غیاثیان⁩	60
⁧فرح‌زاد⁩	60
⁧خوشه‌چین⁩	60
⁧ایلکا⁩	60
⁧اینانلوشویکلو⁩	60
⁧دادو⁩	60
⁧یونسیان⁩	60
⁧رهروان⁩	60
⁧رسام⁩	60
⁧ممدوحی⁩	60
⁧آشناور⁩	60
⁧کائید⁩	60
⁧کشاورزمحمدیان⁩	60
⁧شاهرضائی⁩	60
⁧یاوریان⁩	60
⁧حجابی⁩	60
⁧ملاپور⁩	60
⁧تولی⁩	60
⁧چهارلنگی⁩	60
⁧زیدانی⁩	60
⁧صدرزاده⁩	60
⁧برهانزهی⁩	60
⁧سیرغانی⁩	60
⁧روانگرد⁩	60
⁧بیدشکی⁩	60
⁧اسگندرزاده⁩	60
⁧اخدر⁩	60
⁧نادعلیان⁩	60
⁧خوینی⁩	60
⁧سیدان⁩	60
⁧توللی⁩	60
⁧بلیوند⁩	60
⁧حریبی⁩	60
⁧کیکاوسی⁩	60
⁧هامونی⁩	60
⁧رستگاررامشه⁩	60
⁧نورسته⁩	60
⁧کهراریان⁩	60
⁧آریانی⁩	60
⁧آستانی⁩	60
⁧بارخدا⁩	60
⁧مختارنژاد⁩	60
⁧ناهید⁩	60
⁧اسلوب⁩	60
⁧دیوبند⁩	60
⁧ذلقی⁩	60
⁧دستیارحقیقی⁩	60
⁧یارالهی⁩	60
⁧علیرضالو⁩	60
⁧عاصمی⁩	60
⁧باقر⁩	60
⁧تیرگر⁩	60
⁧صیدمرادی⁩	60
⁧خواجه‌ای⁩	60
⁧بلارک⁩	60
⁧رنجبرهمقاوندی⁩	60
⁧سالارحسینی⁩	60
⁧خسروبگی⁩	60
⁧صدوق⁩	60
⁧صرفی⁩	60
⁧فرهمندراد⁩	60
⁧بهنود⁩	60
⁧دژبان⁩	60
⁧رکابدار⁩	60
⁧ساروقی⁩	60
⁧کنگری⁩	60
⁧ورزیده⁩	60
⁧زعفری⁩	60
⁧آوخ⁩	60
⁧گل‌کاری⁩	60
⁧پالوج⁩	60
⁧قلیچ⁩	60
⁧وفاجو⁩	60
⁧کحالی⁩	60
⁧بینقی⁩	60
⁧فیروزپور⁩	60
⁧ارمند⁩	60
⁧پژهان⁩	60
⁧تاتلاری⁩	60
⁧بدیع⁩	60
⁧پروار⁩	60
⁧خانزادی⁩	60
⁧میرمعصومی⁩	60
⁧چمبری⁩	60
⁧آزادوار⁩	60
⁧آرامیده⁩	60
⁧منعم⁩	60
⁧حموله⁩	60
⁧براتلو⁩	60
⁧پاک‌دامن⁩	60
⁧دهناد⁩	60
⁧بنافی⁩	60
⁧طهماسیان⁩	60
⁧قیدرلو⁩	60
⁧اطاعتی⁩	60
⁧معمارپور⁩	60
⁧رادمند⁩	60
⁧رستملو⁩	60
⁧بوستان⁩	60
⁧آبین⁩	60
⁧جاپلقی⁩	60
⁧مهینی⁩	60
⁧برزه⁩	60
⁧بدره⁩	60
⁧مفتاح⁩	60
⁧امرالهی⁩	60
⁧کرمانیان⁩	60
⁧صابرماهانی⁩	60
⁧صانع⁩	60
⁧دانشوری⁩	60
⁧منصورنیا⁩	60
⁧رازبان⁩	60
⁧شاهسوندی⁩	60
⁧درویشان⁩	60
⁧روشان⁩	60
⁧سعیدآبادی⁩	60
⁧دهقاندار⁩	60
⁧آبافت⁩	60
⁧شعبانپور⁩	60
⁧شاچری⁩	60
⁧بهمرد⁩	60
⁧برزی⁩	60
⁧خوروش⁩	60
⁧شجیراتی⁩	60
⁧ورقائی⁩	60
⁧براجعی⁩	60
⁧آرسته⁩	60
⁧پورنجفی⁩	60
⁧کاتب⁩	60
⁧بشار⁩	60
⁧چترزرین⁩	60
⁧دودانگی⁩	60
⁧جیریائی⁩	60
⁧خوش‌منظر⁩	60
⁧دلفیه⁩	60
⁧لیریائی⁩	60
⁧آغال⁩	60
⁧بزازی⁩	60
⁧فرح⁩	60
⁧کیادربندسری⁩	60
⁧جاویدمهر⁩	60
⁧چمانی⁩	60
⁧باباخانلو⁩	60
⁧قامتی⁩	60
⁧چقائی⁩	60
⁧کرجی⁩	60
⁧حشمدار⁩	60
⁧گودآسیائی⁩	60
⁧منزه⁩	60
⁧جعفریانی⁩	60
⁧مهیمنی⁩	60
⁧بهروزفر⁩	60
⁧زرگوش⁩	60
⁧کرانیان⁩	60
⁧ترشابی⁩	60
⁧ایشانی⁩	60
⁧نورمحمد⁩	60
⁧خدرزاده⁩	60
⁧زیتونلی⁩	60
⁧سلطانزاده⁩	60
⁧چوبانی⁩	60
⁧محفوظی⁩	60
⁧افشارنژاد⁩	60
⁧فشخورانی⁩	60
⁧ایمانلو⁩	60
⁧الموسوی⁩	60
⁧پوربهی⁩	60
⁧لطفعلی⁩	60
⁧پورشریف⁩	60
⁧لاچینی⁩	60
⁧پوریانی⁩	60
⁧جهانگیریان⁩	60
⁧ترک‌زبان⁩	60
⁧پازدار⁩	60
⁧معتمدنیا⁩	60
⁧گردانی⁩	60
⁧پگاه⁩	60
⁧چنگلوائی⁩	60
⁧جدیدیان⁩	60
⁧گلمرادی⁩	60
⁧کیهانیان⁩	60
⁧پرندوار⁩	60
⁧مزارزئی⁩	60
⁧بهارمست⁩	60
⁧دکامئی⁩	60
⁧اسکینی⁩	60
⁧دستگردی⁩	60
⁧عموشاهی⁩	60
⁧شرفیه⁩	60
⁧قاسمخانی⁩	60
⁧داورنیا⁩	60
⁧اردانی⁩	60
⁧بادامکی⁩	60
⁧ریحانیان⁩	60
⁧عیدزاده⁩	60
⁧پایروند⁩	60
⁧سرچمی⁩	60
⁧طبرزدی⁩	60
⁧خواجه‌نوری⁩	60
⁧شهمیرزادی⁩	60
⁧پاکاری⁩	60
⁧سیدعلیخانی⁩	60
⁧عباسعلی⁩	60
⁧عاشورزاده⁩	60
⁧عیوضخانی⁩	60
⁧شاهیوند⁩	60
⁧بخشایشی⁩	60
⁧پورنظری⁩	60
⁧وحیدزاده⁩	60
⁧زرکش⁩	60
⁧نکاحی⁩	60
⁧پاریزی⁩	60
⁧شاهوزی⁩	60
⁧بخشیانی⁩	60
⁧مقرب⁩	60
⁧ناوشکی⁩	60
⁧پیرای⁩	60
⁧همایونفر⁩	60
⁧اکبرلو⁩	60
⁧علینقی⁩	60
⁧نهانی⁩	60
⁧داودنیا⁩	60
⁧جندقیان⁩	60
⁧جفائی⁩	60
⁧گمرکی⁩	60
⁧یوزی⁩	60
⁧محمدآلق⁩	60
⁧سرجوقیان⁩	60
⁧پورکرمی⁩	60
⁧ذوالفعلی⁩	60
⁧ابوحمزه⁩	60
⁧چشمهء⁩	60
⁧یارمطاقلو⁩	60
⁧جوهریان⁩	60
⁧آذربو⁩	60
⁧کیوانداریان⁩	60
⁧تشیعی⁩	60
⁧طحانیان⁩	60
⁧لکزیان⁩	60
⁧جوربنیان⁩	60
⁧خوش‌اقبال⁩	60
⁧عبدالعلی⁩	60
⁧امیرماهانی⁩	60
⁧اندیشمند⁩	60
⁧ناسوتی⁩	60
⁧پوردشت⁩	60
⁧حق‌خواه⁩	60
⁧مجابی⁩	60
⁧راشد⁩	60
⁧جورسرا⁩	60
⁧گونجی⁩	60
⁧نورمحمدیان⁩	60
⁧پورعزیزی⁩	60
⁧اشکواری⁩	60
⁧داستار⁩	60
⁧سلیمانزاده⁩	60
⁧افرنگ⁩	60
⁧باژن⁩	60
⁧روح‌نواز⁩	60
⁧عصائی⁩	60
⁧پاباغی⁩	60
⁧جعفرآقائی⁩	60
⁧باختری⁩	60
⁧اندایش⁩	60
⁧لندرانی⁩	60
⁧توسن⁩	60
⁧قدیرزاده⁩	60
⁧آقاشیری⁩	60
⁧میرعزیزی⁩	60
⁧امانلو⁩	60
⁧خیرمندپاریزی⁩	60
⁧جهاندارلاشکی⁩	60
⁧محمدولی⁩	60
⁧بومری⁩	60
⁧علی‌محمد⁩	60
⁧اشوری⁩	60
⁧کوسلی⁩	60
⁧اشکبوس⁩	60
⁧شورچه⁩	60
⁧اللهمرادی⁩	60
⁧خدنگ⁩	60
⁧خرمائی⁩	60
⁧توانگرریزی⁩	60
⁧فخرالدین⁩	60
⁧پرهون⁩	60
⁧آئیریا⁩	40
⁧آئیل⁩	40
⁧آبادان⁩	40
⁧آبادیس⁩	40
⁧آبار⁩	40
⁧آباریس⁩	40
⁧آباغان⁩	40
⁧آباقا⁩	40
⁧آبامه⁩	40
⁧آبان⁩	40
⁧آبانا⁩	40
⁧آبانداد⁩	40
⁧آباندان⁩	40
⁧آبانه⁩	40
⁧آبانوز⁩	40
⁧آبانک⁩	40
⁧آباگران⁩	40
⁧آبای⁩	40
⁧آبتاب⁩	40
⁧آبث⁩	40
⁧آبد⁩	40
⁧آبدست⁩	40
⁧آبدوس⁩	40
⁧آبدیس⁩	40
⁧آبدین⁩	40
⁧آبرام⁩	40
⁧آبراما⁩	40
⁧آبرخ⁩	40
⁧آبرلی⁩	40
⁧آبرنگ⁩	40
⁧آبرود⁩	40
⁧آبروشن⁩	40
⁧آبسال⁩	40
⁧آبسالان⁩	40
⁧آبستا⁩	40
⁧آبشن⁩	40
⁧آبلاتکا⁩	40
⁧آبلوج⁩	40
⁧آبناز⁩	40
⁧آبنوس⁩	40
⁧آبنوش⁩	40
⁧آبگل⁩	40
⁧آبگون⁩	40
⁧آبگین⁩	40
⁧آبگینه⁩	40
⁧آبیق⁩	40
⁧آبیقان⁩	40
⁧آبینه⁩	40
⁧آبینچ⁩	40
⁧آبیژ⁩	40
⁧آتا⁩	40
⁧آتاباللی⁩	40
⁧آتابای⁩	40
⁧آتابلی⁩	40
⁧آتابیک⁩	40
⁧آتابیگ⁩	40
⁧آتاسای⁩	40
⁧آتاش⁩	40
⁧آتاشا⁩	40
⁧آتاقلیچ⁩	40
⁧آتالان⁩	40
⁧آتامان⁩	40
⁧آتامعلی⁩	40
⁧آتامکین⁩	40
⁧آتان⁩	40
⁧آتاکان⁩	40
⁧آتاگلدی⁩	40
⁧آتای⁩	40
⁧آتایار⁩	40
⁧آتبین⁩	40
⁧آتجان⁩	40
⁧آتحان⁩	40
⁧آتر⁩	40
⁧آترا⁩	40
⁧آترابان⁩	40
⁧آتربان⁩	40
⁧آتردین⁩	40
⁧آترس⁩	40
⁧آتروان⁩	40
⁧آتروسا⁩	40
⁧آترون⁩	40
⁧آتروپات⁩	40
⁧آتری⁩	40
⁧آتریا⁩	40
⁧آتریداد⁩	40
⁧آتریسا⁩	40
⁧آترین⁩	40
⁧آترینا⁩	40
⁧آترینه⁩	40
⁧آتسا⁩	40
⁧آتسز⁩	40
⁧آتشبان⁩	40
⁧آتشبند⁩	40
⁧آتشدخت⁩	40
⁧آتشزاد⁩	40
⁧آتشفام⁩	40
⁧آتشپاره⁩	40
⁧آتشک⁩	40
⁧آتشکار⁩	40
⁧آتشگون⁩	40
⁧آتشیزه⁩	40
⁧آتلاز⁩	40
⁧آتلان⁩	40
⁧آتلی⁩	40
⁧آتمان⁩	40
⁧آتمش⁩	40
⁧آتمین⁩	40
⁧آتنایا⁩	40
⁧آتنه⁩	40
⁧آتنی⁩	40
⁧آتهینا⁩	40
⁧آتور⁩	40
⁧آتورپات⁩	40
⁧آتورینا⁩	40
⁧آتوسا⁩	40
⁧آتوشه⁩	40
⁧آتون⁩	40
⁧آتیال⁩	40
⁧آتیتی⁩	40
⁧آتیجی⁩	40
⁧آتیس⁩	40
⁧آتیسا⁩	40
⁧آتیق⁩	40
⁧آتیلا⁩	40
⁧آتین⁩	40
⁧آتینا⁩	40
⁧آتیه⁩	40
⁧آثحه⁩	40
⁧آثویه⁩	40
⁧آجار⁩	40
⁧آجارمان⁩	40
⁧آجلان⁩	40
⁧آجیر⁩	40
⁧آجیکه⁩	40
⁧آختعلی⁩	40
⁧آخش⁩	40
⁧آخشام⁩	40
⁧آخشیج⁩	40
⁧آخشین⁩	40
⁧آداد⁩	40
⁧آدار⁩	40
⁧آدارایل⁩	40
⁧آداش⁩	40
⁧آداق⁩	40
⁧آدال⁩	40
⁧آدالان⁩	40
⁧آدان⁩	40
⁧آداک⁩	40
⁧آدای⁩	40
⁧آدبهاوا⁩	40
⁧آدخ⁩	40
⁧آدخت⁩	40
⁧آدرا⁩	40
⁧آدریا⁩	40
⁧آدریانا⁩	40
⁧آدریانوس⁩	40
⁧آدریل⁩	40
⁧آدرینا⁩	40
⁧آدسای⁩	40
⁧آدشرین⁩	40
⁧آدشیرین⁩	40
⁧آدلی⁩	40
⁧آدلیا⁩	40
⁧آدمیرال⁩	40
⁧آدنا⁩	40
⁧آدنیس⁩	40
⁧آدهاوا⁩	40
⁧آدور⁩	40
⁧آدورا⁩	40
⁧آدورینا⁩	40
⁧آدونیس⁩	40
⁧آدوین⁩	40
⁧آدی⁩	40
⁧آدیا⁩	40
⁧آدیش⁩	40
⁧آدیشا⁩	40
⁧آدیشه⁩	40
⁧آدین⁩	40
⁧آدینا⁩	40
⁧آدینگ⁩	40
⁧آدیگوزل⁩	40
⁧آذار⁩	40
⁧آذرآباد⁩	40
⁧آذرافروز⁩	40
⁧آذرافزا⁩	40
⁧آذران⁩	40
⁧آذراوغلی⁩	40
⁧آذربان⁩	40
⁧آذربانو⁩	40
⁧آذربد⁩	40
⁧آذربه⁩	40
⁧آذربود⁩	40
⁧آذربویه⁩	40
⁧آذرجهان⁩	40
⁧آذرخاتون⁩	40
⁧آذرخانم⁩	40
⁧آذرخت⁩	40
⁧آذردوخت⁩	40
⁧آذردیس⁩	40
⁧آذررخ⁩	40
⁧آذرشسب⁩	40
⁧آذرشست⁩	40
⁧آذرشن⁩	40
⁧آذرفر⁩	40
⁧آذرفرنبغ⁩	40
⁧آذرفروز⁩	40
⁧آذرفزا⁩	40
⁧آذرماهان⁩	40
⁧آذرمیدخت⁩	40
⁧آذرمینا⁩	40
⁧آذرنرسی⁩	40
⁧آذروان⁩	40
⁧آذروش⁩	40
⁧آذرپناه⁩	40
⁧آذرپژوه⁩	40
⁧آذرک⁩	40
⁧آذرکار⁩	40
⁧آذرگشسب⁩	40
⁧آذرگشسپ⁩	40
⁧آذرین⁩	40
⁧آذیندخت⁩	40
⁧آراء⁩	40
⁧آرات⁩	40
⁧آراج⁩	40
⁧آراد⁩	40
⁧آراده⁩	40
⁧آرارات⁩	40
⁧آراز⁩	40
⁧آرازبیدی⁩	40
⁧آرازش⁩	40
⁧آراس⁩	40
⁧آراسب⁩	40
⁧آراستی⁩	40
⁧آراسپ⁩	40
⁧آراشید⁩	40
⁧آرال⁩	40
⁧آرالیا⁩	40
⁧آرامه⁩	40
⁧آرامیان⁩	40
⁧آراکو⁩	40
⁧آراگل⁩	40
⁧آرای⁩	40
⁧آرایلی⁩	40
⁧آرایه⁩	40
⁧آربی⁩	40
⁧آرتا⁩	40
⁧آرتابان⁩	40
⁧آرتاریا⁩	40
⁧آرتاش⁩	40
⁧آرتام⁩	40
⁧آرتامهر⁩	40
⁧آرتامیس⁩	40
⁧آرتان⁩	40
⁧آرتانا⁩	40
⁧آرتمن⁩	40
⁧آرتمیز⁩	40
⁧آرتمیس⁩	40
⁧آرتن⁩	40
⁧آرتنوس⁩	40
⁧آرتوان⁩	40
⁧آرتوش⁩	40
⁧آرتوم⁩	40
⁧آرتون⁩	40
⁧آرتونیس⁩	40
⁧آرتیا⁩	40
⁧آرتیان⁩	40
⁧آرتیستون⁩	40
⁧آرتیما⁩	40
⁧آرتیمان⁩	40
⁧آرتیمس⁩	40
⁧آرتیمیس⁩	40
⁧آرتین⁩	40
⁧آرتینا⁩	40
⁧آرتینه⁩	40
⁧آرتیکا⁩	40
⁧آرتیکاس⁩	40
⁧آرخ⁩	40
⁧آرخا⁩	40
⁧آردا⁩	40
⁧آردیسیا⁩	40
⁧آردین⁩	40
⁧آرزش⁩	40
⁧آرزم⁩	40
⁧آرزوگل⁩	40
⁧آرزیتا⁩	40
⁧آرسا⁩	40
⁧آرسام⁩	40
⁧آرسامس⁩	40
⁧آرسامن⁩	40
⁧آرسان⁩	40
⁧آرسانا⁩	40
⁧آرسس⁩	40
⁧آرسن⁩	40
⁧آرسو⁩	40
⁧آرسیس⁩	40
⁧آرسین⁩	40
⁧آرسینا⁩	40
⁧آرسینه⁩	40
⁧آرشا⁩	40
⁧آرشام⁩	40
⁧آرشامه⁩	40
⁧آرشان⁩	40
⁧آرشاویر⁩	40
⁧آرشاوین⁩	40
⁧آرشاک⁩	40
⁧آرشن⁩	40
⁧آرشیا⁩	40
⁧آرشیت⁩	40
⁧آرشیدا⁩	40
⁧آرشین⁩	40
⁧آرشینا⁩	40
⁧آرشینه⁩	40
⁧آرف⁩	40
⁧آرق⁩	40
⁧آرقون⁩	40
⁧آرلد⁩	40
⁧آرمانا⁩	40
⁧آرماند⁩	40
⁧آرماندا⁩	40
⁧آرماندیس⁩	40
⁧آرمتی⁩	40
⁧آرمن⁩	40
⁧آرمناک⁩	40
⁧آرمه⁩	40
⁧آرمهر⁩	40
⁧آرمودیان⁩	40
⁧آرمیا⁩	40
⁧آرمیتا⁩	40
⁧آرمیتان⁩	40
⁧آرمیتاژ⁩	40
⁧آرمیتی⁩	40
⁧آرمیس⁩	40
⁧آرمیلا⁩	40
⁧آرمینا⁩	40
⁧آرمیندخت⁩	40
⁧آرمینه⁩	40
⁧آرمینی⁩	40
⁧آرمیین⁩	40
⁧آرنام⁩	40
⁧آرنوش⁩	40
⁧آرنوشا⁩	40
⁧آرنگ⁩	40
⁧آرنیا⁩	40
⁧آرنیک⁩	40
⁧آرنیکا⁩	40
⁧آرهان⁩	40
⁧آروا⁩	40
⁧آروان⁩	40
⁧آروز⁩	40
⁧آروشا⁩	40
⁧آروق⁩	40
⁧آرونا⁩	40
⁧آروکو⁩	40
⁧آرویج⁩	40
⁧آروید⁩	40
⁧آرویشه⁩	40
⁧آروینا⁩	40
⁧آرپان⁩	40
⁧آرژان⁩	40
⁧آرژین⁩	40
⁧آرکا⁩	40
⁧آرکان⁩	40
⁧آرکیا⁩	40
⁧آرگش⁩	40
⁧آرگون⁩	40
⁧آریابان⁩	40
⁧آریابد⁩	40
⁧آریابرز⁩	40
⁧آریاداد⁩	40
⁧آریادخت⁩	40
⁧آریاراد⁩	40
⁧آریارمن⁩	40
⁧آریارمنه⁩	40
⁧آریاز⁩	40
⁧آریاس⁩	40
⁧آریاسب⁩	40
⁧آریاسپ⁩	40
⁧آریام⁩	40
⁧آریامن⁩	40
⁧آریامهر⁩	40
⁧آریاناز⁩	40
⁧آریانه⁩	40
⁧آریانوش⁩	40
⁧آریانیک⁩	40
⁧آریاوا⁩	40
⁧آریاوش⁩	40
⁧آریاک⁩	40
⁧آریاگیو⁩	40
⁧آریتا⁩	40
⁧آریتما⁩	40
⁧آریز⁩	40
⁧آریسا⁩	40
⁧آریسان⁩	40
⁧آریستا⁩	40
⁧آریسته⁩	40
⁧آریشا⁩	40
⁧آریشن⁩	40
⁧آریشیدا⁩	40
⁧آریل⁩	40
⁧آریم⁩	40
⁧آرینا⁩	40
⁧آریندخت⁩	40
⁧آرینود⁩	40
⁧آریه⁩	40
⁧آریو⁩	40
⁧آریوان⁩	40
⁧آریوبرزن⁩	40
⁧آریوبرزین⁩	40
⁧آریوداد⁩	40
⁧آریوراد⁩	40
⁧آریوسام⁩	40
⁧آریوند⁩	40
⁧آریژه⁩	40
⁧آر‌ام⁩	40
⁧آزا⁩	40
⁧آزات⁩	40
⁧آزادبه⁩	40
⁧آزادسرو⁩	40
⁧آزادفروز⁩	40
⁧آزاله⁩	40
⁧آزالیا⁩	40
⁧آزر⁩	40
⁧آزران⁩	40
⁧آزرمان⁩	40
⁧آزرمدخت⁩	40
⁧آزرمگان⁩	40
⁧آزرمیدخت⁩	40
⁧آزرمین⁩	40
⁧آزرو⁩	40
⁧آزریتا⁩	40
⁧آزش⁩	40
⁧آزما⁩	40
⁧آزو⁩	40
⁧آزیا⁩	40
⁧آزیتا⁩	40
⁧آزین⁩	40
⁧آزینا⁩	40
⁧آزینه⁩	40
⁧آساد⁩	40
⁧آساره⁩	40
⁧آسام⁩	40
⁧آسانا⁩	40
⁧آساهیر⁩	40
⁧آستارام⁩	40
⁧آستاره⁩	40
⁧آسترید⁩	40
⁧آستقیک⁩	40
⁧آستیاژ⁩	40
⁧آستیاک⁩	40
⁧آستیاگ⁩	40
⁧آسدین⁩	40
⁧آسف⁩	40
⁧آسلان⁩	40
⁧آسمانه⁩	40
⁧آسمانهور⁩	40
⁧آسمر⁩	40
⁧آسمه⁩	40
⁧آسمیتا⁩	40
⁧آسمین⁩	40
⁧آسن⁩	40
⁧آسنا⁩	40
⁧آسنات⁩	40
⁧آسه⁩	40
⁧آسو⁩	40
⁧آسودا⁩	40
⁧آسپاداس⁩	40
⁧آسپیان⁩	40
⁧آسکه⁩	40
⁧آسکی⁩	40
⁧آسیدات⁩	40
⁧آسیم⁩	40
⁧آسیمن⁩	40
⁧آسیمه⁩	40
⁧آسیه⁩	40
⁧آشا⁩	40
⁧آشار⁩	40
⁧آشر⁩	40
⁧آشرمحمد⁩	40
⁧آشناس⁩	40
⁧آشورینا⁩	40
⁧آشوک⁩	40
⁧آشکین⁩	40
⁧آشینا⁩	40
⁧آصف⁩	40
⁧آصفه⁩	40
⁧آطوسا⁩	40
⁧آغاجان⁩	40
⁧آغاخانم⁩	40
⁧آغار⁩	40
⁧آغازاده⁩	40
⁧آغاسی⁩	40
⁧آغامادر⁩	40
⁧آغامیر⁩	40
⁧آغاپری⁩	40
⁧آغایار⁩	40
⁧آغنده⁩	40
⁧آغگل⁩	40
⁧آفاق⁩	40
⁧آفتابدخت⁩	40
⁧آفرت⁩	40
⁧آفرتاج⁩	40
⁧آفرنگ⁩	40
⁧آفریدون⁩	40
⁧آفریندخت⁩	40
⁧آفسانه⁩	40
⁧آفشید⁩	40
⁧آفناب⁩	40
⁧آفیه⁩	40
⁧آلاء⁩	40
⁧آلاتان⁩	40
⁧آلار⁩	40
⁧آلاز⁩	40
⁧آلاله⁩	40
⁧آلاوه⁩	40
⁧آلب⁩	40
⁧آلبا⁩	40
⁧آلتای⁩	40
⁧آلتنای⁩	40
⁧آلتین⁩	40
⁧آلدین⁩	40
⁧آلقان⁩	40
⁧آلقین⁩	40
⁧آلمارا⁩	40
⁧آلماز⁩	40
⁧آلنام⁩	40
⁧آلند⁩	40
⁧آلندا⁩	40
⁧آلنوش⁩	40
⁧آلوم⁩	40
⁧آلوگونه⁩	40
⁧آلوینا⁩	40
⁧آلپار⁩	40
⁧آلپای⁩	40
⁧آلپر⁩	40
⁧آلپمان⁩	40
⁧آلکا⁩	40
⁧آلکسی⁩	40
⁧آلکو⁩	40
⁧آلگون⁩	40
⁧آلیا⁩	40
⁧آلیسا⁩	40
⁧آلیش⁩	40
⁧آلیشان⁩	40
⁧آلین⁩	40
⁧آلینا⁩	40
⁧آلیک⁩	40
⁧آماتیا⁩	40
⁧آماتیس⁩	40
⁧آماستریس⁩	40
⁧آمال⁩	40
⁧آمانج⁩	40
⁧آماندانا⁩	40
⁧آمانوییل⁩	40
⁧آمتیس⁩	40
⁧آمستریدا⁩	40
⁧آمستریس⁩	40
⁧آمن⁩	40
⁧آمنا⁩	40
⁧آمنه⁩	80
⁧آمنید⁩	40
⁧آموتیا⁩	40
⁧آمونج⁩	40
⁧آموی⁩	40
⁧آمیار⁩	40
⁧آمیتا⁩	40
⁧آمیتریس⁩	40
⁧آمیتیدا⁩	40
⁧آمیتیس⁩	40
⁧آمینه⁩	40
⁧آنائل⁩	40
⁧آنابیتا⁩	40
⁧آناتا⁩	40
⁧آناخانم⁩	40
⁧آناددی⁩	40
⁧آنادل⁩	40
⁧آنار⁩	40
⁧آناش⁩	40
⁧آناشید⁩	40
⁧آنالی⁩	40
⁧آنام⁩	40
⁧آنامهر⁩	40
⁧آنامولام⁩	40
⁧آناناز⁩	40
⁧آناهل⁩	40
⁧آناهیت⁩	40
⁧آناهیتا⁩	40
⁧آناهید⁩	40
⁧آناپلاد⁩	40
⁧آناک⁩	40
⁧آناگ⁩	40
⁧آناگلدی⁩	40
⁧آنایاش⁩	40
⁧آنتا⁩	40
⁧آنتیس⁩	40
⁧آنتیگون⁩	40
⁧آندروش⁩	40
⁧آندیا⁩	40
⁧آنس⁩	40
⁧آنسه⁩	40
⁧آنلار⁩	40
⁧آنلی⁩	40
⁧آنو⁩	40
⁧آنوش⁩	40
⁧آنوشا⁩	40
⁧آنوشه⁩	40
⁧آنوهه⁩	40
⁧آنیت⁩	40
⁧آنید⁩	40
⁧آنیدا⁩	40
⁧آنیس⁩	40
⁧آنیسا⁩	40
⁧آنیشا⁩	40
⁧آنیل⁩	40
⁧آنیلا⁩	40
⁧آنیلار⁩	40
⁧آنیما⁩	40
⁧آنیه⁩	40
⁧آنیو⁩	40
⁧آنیک⁩	40
⁧آنیکا⁩	40
⁧آهار⁩	40
⁧آهنعلی⁩	40
⁧آهید⁩	40
⁧آهیر⁩	40
⁧آهیل⁩	40
⁧آهیه⁩	40
⁧آوا⁩	80
⁧آوات⁩	40
⁧آواد⁩	40
⁧آوادان⁩	40
⁧آوادخت⁩	40
⁧آوادیس⁩	40
⁧آوام⁩	40
⁧آوان⁩	40
⁧آوانا⁩	40
⁧آواناز⁩	40
⁧آوانوش⁩	40
⁧آوختی⁩	40
⁧آورین⁩	40
⁧آوش⁩	40
⁧آوشن⁩	40
⁧آوند⁩	40
⁧آونگ⁩	40
⁧آوگان⁩	40
⁧آوید⁩	40
⁧آویده⁩	40
⁧آویر⁩	40
⁧آویزند⁩	40
⁧آویزه⁩	40
⁧آویسا⁩	40
⁧آویشا⁩	40
⁧آویشار⁩	40
⁧آویشن⁩	40
⁧آویشه⁩	40
⁧آوین⁩	40
⁧آوینا⁩	40
⁧آوینه⁩	40
⁧آویژه⁩	40
⁧آپادا⁩	40
⁧آپاداش⁩	40
⁧آپادانا⁩	40
⁧آپادیپا⁩	40
⁧آپاسای⁩	40
⁧آپام⁩	40
⁧آپاما⁩	40
⁧آپامنه⁩	40
⁧آپامه⁩	40
⁧آپتین⁩	40
⁧آپرانیک⁩	40
⁧آپنیتا⁩	40
⁧آپگیا⁩	40
⁧آپگیتی⁩	40
⁧آپیشن⁩	40
⁧آچیق⁩	40
⁧آچیم⁩	40
⁧آژمان⁩	40
⁧آژن⁩	40
⁧آژند⁩	40
⁧آژنگ⁩	40
⁧آژو⁩	40
⁧آژوان⁩	40
⁧آژیار⁩	40
⁧آژینه⁩	40
⁧آکاشا⁩	40
⁧آکام⁩	40
⁧آکای⁩	40
⁧آکو⁩	40
⁧آکوان⁩	40
⁧آگا⁩	40
⁧آگاس⁩	40
⁧آگاهدخت⁩	40
⁧آگری⁩	40
⁧آگرین⁩	40
⁧آیات⁩	40
⁧آیاز⁩	40
⁧آیاش⁩	40
⁧آیان⁩	40
⁧آیت⁩	40
⁧آیتا⁩	40
⁧آیتاله⁩	40
⁧آیتای⁩	40
⁧آیتعلی⁩	40
⁧آیتغمش⁩	40
⁧آیتن⁩	40
⁧آیتونا⁩	40
⁧آیتک⁩	40
⁧آیتکین⁩	40
⁧آیت‌الله⁩	40
⁧آیجان⁩	40
⁧آیجمال⁩	40
⁧آیحان⁩	40
⁧آیخان⁩	40
⁧آیدانا⁩	40
⁧آیدغدی⁩	40
⁧آیدل⁩	40
⁧آیدن⁩	40
⁧آیدنگ⁩	40
⁧آیدک⁩	40
⁧آیدیس⁩	40
⁧آیدین⁩	40
⁧آیدینا⁩	40
⁧آیراد⁩	40
⁧آیرال⁩	40
⁧آیرانا⁩	40
⁧آیرخ⁩	40
⁧آیریا⁩	40
⁧آیریانا⁩	40
⁧آیریک⁩	40
⁧آیزا⁩	40
⁧آیسا⁩	40
⁧آیسان⁩	40
⁧آیسای⁩	40
⁧آیسل⁩	40
⁧آیسن⁩	40
⁧آیسو⁩	40
⁧آیسوده⁩	40
⁧آیسونا⁩	40
⁧آیسین⁩	40
⁧آیشید⁩	40
⁧آیشیل⁩	40
⁧آیقان⁩	40
⁧آیقین⁩	40
⁧آیلار⁩	40
⁧آیلان⁩	40
⁧آیلر⁩	40
⁧آیلما⁩	40
⁧آیلی⁩	40
⁧آیما⁩	40
⁧آیماه⁩	40
⁧آینا⁩	40
⁧آیناز⁩	40
⁧آینور⁩	40
⁧آیهان⁩	40
⁧آیوالله⁩	40
⁧آیکال⁩	40
⁧آیکان⁩	40
⁧آیکون⁩	40
⁧آیگل⁩	40
⁧آیگوزل⁩	40
⁧آیگون⁩	40
⁧آیگین⁩	40
⁧آیید⁩	40
⁧آییش⁩	40
⁧آیینگشسب⁩	40
⁧آییژ⁩	40
⁧ؤهرا⁩	40
⁧ائلآی⁩	40
⁧ائلمان⁩	40
⁧ائلوین⁩	40
⁧ائیریا⁩	40
⁧ابا⁩	40
⁧ابابکر⁩	40
⁧ابات⁩	40
⁧ابادر⁩	40
⁧اباذر⁩	40
⁧اباز⁩	40
⁧ابازر⁩	40
⁧اباس⁩	40
⁧اباسط⁩	40
⁧اباسعد⁩	40
⁧اباسل⁩	40
⁧اباسلت⁩	40
⁧اباسلط⁩	40
⁧اباسلک⁩	40
⁧اباصت⁩	40
⁧اباصل⁩	40
⁧اباصلت⁩	40
⁧اباصلط⁩	40
⁧ابالفتح⁩	40
⁧ابالفضل⁩	40
⁧اباهیم⁩	40
⁧ابتاج⁩	40
⁧ابتسام⁩	40
⁧ابتسلم⁩	40
⁧ابتصام⁩	40
⁧ابتهاج⁩	40
⁧ابتهاش⁩	40
⁧ابتهال⁩	40
⁧ابتین⁩	40
⁧ابجد⁩	40
⁧ابحش⁩	40
⁧ابخش⁩	40
⁧ابدال⁩	40
⁧ابدالحسن⁩	40
⁧ابدالرضا⁩	40
⁧ابدالفضل⁩	40
⁧ابدالمجید⁩	40
⁧ابدالوصیل⁩	40
⁧ابدقدی⁩	40
⁧ابده⁩	40
⁧ابذر⁩	40
⁧ابرا⁩	40
⁧ابرار⁩	40
⁧ابرارها⁩	40
⁧ابراسیم⁩	40
⁧ابران⁩	40
⁧ابراهیمعلی⁩	40
⁧ابراهیمک⁩	40
⁧ابرش⁩	40
⁧ابرنیق⁩	40
⁧ابره⁩	40
⁧ابرههیم⁩	40
⁧ابریجان⁩	40
⁧ابریزه⁩	40
⁧ابریس⁩	40
⁧ابس⁩	40
⁧ابستا⁩	40
⁧ابصلت⁩	40
⁧ابفضل⁩	40
⁧ابلراهیم⁩	40
⁧ابلفرز⁩	40
⁧ابلفضل⁩	40
⁧ابلقاسم⁩	40
⁧ابمانعلی⁩	40
⁧ابمن⁩	40
⁧ابناس⁩	40
⁧ابواتفضل⁩	40
⁧ابواتلفضل⁩	40
⁧ابواصلت⁩	40
⁧ابوافضل⁩	40
⁧ابوالب⁩	40
⁧ابوالبشر⁩	40
⁧ابوالثتح⁩	40
⁧ابوالحجن⁩	40
⁧ابوالحد⁩	40
⁧ابوالحسن⁩	40
⁧ابوالرحیم⁩	40
⁧ابوالشمس⁩	40
⁧ابوالضل⁩	40
⁧ابوالعباس⁩	40
⁧ابوالفاسم⁩	40
⁧ابوالفتح⁩	40
⁧ابوالفح⁩	40
⁧ابوالفصل⁩	40
⁧ابوالفض⁩	40
⁧ابوالفضل⁩	40
⁧ابوالفظل⁩	40
⁧ابوالففضل⁩	40
⁧ابوالقالسم⁩	40
⁧ابوالقیس⁩	40
⁧ابواللفضل⁩	40
⁧ابوالمحمد⁩	40
⁧ابوالهاشم⁩	40
⁧ابوب⁩	40
⁧ابوبفضل⁩	40
⁧ابوبک⁩	40
⁧ابوتافضل⁩	40
⁧ابوجهاد⁩	40
⁧ابوریحان⁩	40
⁧ابوسعید⁩	40
⁧ابوصالح⁩	40
⁧ابوطاب⁩	40
⁧ابوفاضل⁩	40
⁧ابوفضل⁩	40
⁧ابول⁩	40
⁧ابولحسن⁩	40
⁧ابولفتح⁩	40
⁧ابولفرضل⁩	40
⁧ابولفضل⁩	40
⁧ابولقاسم⁩	40
⁧ابولقاسمی⁩	40
⁧ابولقالقاسم⁩	40
⁧ابوللفضل⁩	40
⁧ابوکر⁩	40
⁧ابویکر⁩	40
⁧ابک⁩	40
⁧ابکار⁩	40
⁧ابیدالله⁩	40
⁧ابیش⁩	40
⁧ابیلفضل⁩	40
⁧ابیله⁩	40
⁧ابی‌الحسن⁩	40
⁧ابی‌الفضل⁩	40
⁧اتالوالله⁩	40
⁧اتبوالفضل⁩	40
⁧اتبک⁩	40
⁧اتجان⁩	40
⁧اتحمد⁩	40
⁧اتحیا⁩	40
⁧اترس⁩	40
⁧اترک⁩	40
⁧اترین⁩	40
⁧اتسام⁩	40
⁧اتصام⁩	40
⁧اتضار⁩	40
⁧اتنه⁩	40
⁧اتهره⁩	40
⁧اتک⁩	40
⁧اتکه⁩	40
⁧اتیا⁩	40
⁧اتیلا⁩	40
⁧اتیه⁩	40
⁧اثامه⁩	40
⁧اثمر⁩	40
⁧اثنایی⁩	40
⁧اثیر⁩	40
⁧اجر⁩	40
⁧اجراراه⁩	40
⁧اجلال⁩	40
⁧اجمل⁩	40
⁧اجو⁩	40
⁧اجور⁩	40
⁧اجکه⁩	40
⁧احباب⁩	40
⁧احتارم⁩	40
⁧احتام⁩	40
⁧احتسام⁩	40
⁧احثاق⁩	40
⁧احد⁩	40
⁧احدالله⁩	40
⁧احداله⁩	40
⁧احدرضا⁩	40
⁧احدله⁩	40
⁧احدیه⁩	40
⁧احر⁩	40
⁧احراب⁩	40
⁧احرار⁩	40
⁧احرام⁩	40
⁧احساء⁩	40
⁧احسام⁩	40
⁧احسانالله⁩	40
⁧احسانعلی⁩	40
⁧احسانه⁩	40
⁧احسین⁩	40
⁧احصا⁩	40
⁧احلام⁩	40
⁧احمداله⁩	40
⁧احمدحسن⁩	40
⁧احمدحسین⁩	40
⁧احمدرضا⁩	40
⁧احمدشاه⁩	40
⁧احمدصادق⁩	40
⁧احمدضیا⁩	40
⁧احمدضیاء⁩	40
⁧احمدطاهااحمدطه⁩	40
⁧احمدعلی⁩	40
⁧احمدعی⁩	40
⁧احمدقلی⁩	40
⁧احمدمراد⁩	40
⁧احمده⁩	40
⁧احمدهادی⁩	40
⁧احمدپاشا⁩	40
⁧احمدگل⁩	40
⁧احمدیاسین⁩	40
⁧احمذد⁩	40
⁧احمر⁩	40
⁧احمی⁩	40
⁧احمید⁩	40
⁧احند⁩	40
⁧احنف⁩	40
⁧احود⁩	40
⁧احور⁩	40
⁧احیاء⁩	40
⁧احیاه⁩	40
⁧احیاگل⁩	40
⁧احیای⁩	40
⁧احید⁩	40
⁧اختای⁩	40
⁧اخترال⁩	40
⁧اخترام⁩	40
⁧اخترعلی⁩	40
⁧اخترمحمد⁩	40
⁧اخذر⁩	40
⁧اخسان⁩	40
⁧اخشاد⁩	40
⁧اخشید⁩	40
⁧اخضر⁩	40
⁧اخطر⁩	40
⁧اخلاص⁩	40
⁧اخمد⁩	40
⁧ادحم⁩	40
⁧ادرک⁩	40
⁧ادریس⁩	40
⁧ادرینا⁩	40
⁧ادشیر⁩	40
⁧ادق⁩	40
⁧ادله⁩	40
⁧ادلیا⁩	40
⁧ادمیر⁩	40
⁧ادنان⁩	40
⁧ادهام⁩	40
⁧ادهمه⁩	40
⁧ادونیا⁩	40
⁧ادوین⁩	40
⁧ادیاس⁩	40
⁧ادیان⁩	40
⁧ادیبه⁩	40
⁧ادیمه⁩	40
⁧ادینا⁩	40
⁧ادیک⁩	40
⁧ادیگوزل⁩	40
⁧اذت⁩	40
⁧اذز⁩	40
⁧اذمره⁩	40
⁧اذنالله⁩	40
⁧اذنعلی⁩	40
⁧اذیتا⁩	40
⁧اذینه⁩	40
⁧ارا⁩	40
⁧اراد⁩	40
⁧اراز⁩	40
⁧ارازبخت⁩	40
⁧ارازبردی⁩	40
⁧ارازتاج⁩	40
⁧ارازجان⁩	40
⁧ارازحمد⁩	40
⁧ارازدردی⁩	40
⁧ارازدری⁩	40
⁧ارازدوردی⁩	40
⁧ارازسلطان⁩	40
⁧ارازطواق⁩	40
⁧ارازقلی⁩	40
⁧ارازمحمد⁩	40
⁧ارازمراد⁩	40
⁧ارازگل⁩	40
⁧ارازگلدی⁩	40
⁧ارازگلی⁩	40
⁧ارازیبی⁩	40
⁧اراسب⁩	40
⁧اراسته⁩	40
⁧اراسپ⁩	40
⁧اراش⁩	40
⁧ارال⁩	40
⁧اران⁩	40
⁧ارانوس⁩	40
⁧ارانوش⁩	40
⁧ارایش⁩	40
⁧ارباد⁩	40
⁧ارباس⁩	40
⁧اربیل⁩	40
⁧اربین⁩	40
⁧ارتا⁩	40
⁧ارتادخت⁩	40
⁧ارتاریا⁩	40
⁧ارتاش⁩	40
⁧ارتافرین⁩	40
⁧ارتان⁩	40
⁧ارتق⁩	40
⁧ارتمن⁩	40
⁧ارتمیس⁩	40
⁧ارتنگ⁩	40
⁧ارتوگل⁩	40
⁧ارتگین⁩	40
⁧ارتیان⁩	40
⁧ارتین⁩	40
⁧ارج⁩	40
⁧ارجا⁩	40
⁧ارجاسب⁩	40
⁧ارجاسپ⁩	40
⁧ارجان⁩	40
⁧ارجب⁩	40
⁧ارجع⁩	40
⁧ارجعلی⁩	40
⁧ارجلی⁩	40
⁧ارحام⁩	40
⁧ارخشا⁩	40
⁧ارد⁩	40
⁧اردا⁩	40
⁧ارداک⁩	40
⁧اردر⁩	40
⁧اردشام⁩	40
⁧اردشیر⁩	40
⁧اردم⁩	40
⁧اردوان⁩	40
⁧اردویسور⁩	40
⁧اردکام⁩	40
⁧اردکان⁩	40
⁧اردی⁩	40
⁧اردیان⁩	40
⁧اردیبهشت⁩	40
⁧اردین⁩	40
⁧ارزت⁩	40
⁧ارزنده⁩	40
⁧ارزوم⁩	40
⁧ارزین⁩	40
⁧ارزینه⁩	40
⁧ارس⁩	40
⁧ارسا⁩	40
⁧ارسالان⁩	40
⁧ارسام⁩	40
⁧ارسان⁩	40
⁧ارسای⁩	40
⁧ارستو⁩	40
⁧ارسطو⁩	40
⁧ارسل⁩	40
⁧ارسلان⁩	40
⁧ارسمان⁩	40
⁧ارسوی⁩	40
⁧ارسیا⁩	40
⁧ارسیما⁩	40
⁧ارش⁩	40
⁧ارشا⁩	40
⁧ارشاسب⁩	40
⁧ارشام⁩	40
⁧ارشاما⁩	40
⁧ارشامه⁩	40
⁧ارشاویر⁩	40
⁧ارشاک⁩	40
⁧ارشدعلی⁩	40
⁧ارشدقلی⁩	40
⁧ارشز⁩	40
⁧ارشمیدس⁩	40
⁧ارشن⁩	40
⁧ارشنوش⁩	40
⁧ارشویر⁩	40
⁧ارشک⁩	40
⁧ارشکان⁩	40
⁧ارشیا⁩	40
⁧ارشیت⁩	40
⁧ارشیدا⁩	40
⁧ارشیر⁩	40
⁧ارشیز⁩	40
⁧ارشین⁩	40
⁧ارصلان⁩	40
⁧ارضیه⁩	40
⁧ارغان⁩	40
⁧ارغش⁩	40
⁧ارغند⁩	40
⁧ارغنون⁩	40
⁧ارغوا⁩	40
⁧ارغون⁩	40
⁧ارفان⁩	40
⁧ارفش⁩	40
⁧ارفع⁩	40
⁧ارفعال⁩	40
⁧ارلمین⁩	40
⁧ارما⁩	40
⁧ارماسب⁩	40
⁧ارمانک⁩	40
⁧ارمایل⁩	40
⁧ارمزد⁩	40
⁧ارمس⁩	40
⁧ارمکان⁩	40
⁧ارمیا⁩	40
⁧ارناز⁩	40
⁧ارناک⁩	40
⁧ارنواز⁩	40
⁧ارنوش⁩	40
⁧ارنیا⁩	40
⁧ارنیکا⁩	40
⁧ارهام⁩	40
⁧ارواد⁩	40
⁧اروتدنر⁩	40
⁧اروج⁩	40
⁧اروجعلی⁩	40
⁧اروزو⁩	40
⁧اروس⁩	40
⁧اروشا⁩	40
⁧اروشه⁩	40
⁧ارونا⁩	40
⁧اروند⁩	40
⁧ارویین⁩	40
⁧ارژن⁩	40
⁧ارکاز⁩	40
⁧ارکان⁩	40
⁧ارکم⁩	40
⁧ارکیا⁩	40
⁧ارکیده⁩	40
⁧ارکین⁩	40
⁧ارکیناز⁩	40
⁧اریا⁩	40
⁧اریار⁩	40
⁧اریاسب⁩	40
⁧اریامن⁩	40
⁧اریان⁩	40
⁧اریاک⁩	40
⁧اریحا⁩	40
⁧اریدیس⁩	40
⁧اریسا⁩	40
⁧ارینا⁩	40
⁧ارینب⁩	40
⁧اریوبرزن⁩	40
⁧اریوش⁩	40
⁧ازادخان⁩	40
⁧ازادعلی⁩	40
⁧ازال⁩	40
⁧ازاوه⁩	40
⁧ازبر⁩	40
⁧ازبرعلی⁩	40
⁧ازبو⁩	40
⁧ازبیده⁩	40
⁧ازدا⁩	40
⁧ازدر⁩	40
⁧ازده⁩	40
⁧ازرع⁩	40
⁧ازل⁩	40
⁧ازلان⁩	40
⁧ازلم⁩	40
⁧ازمری⁩	40
⁧ازنعلی⁩	40
⁧ازنوش⁩	40
⁧ازهار⁩	40
⁧ازهر⁩	40
⁧ازور⁩	40
⁧ازگل⁩	40
⁧ازیتات⁩	40
⁧اسا⁩	40
⁧اساعیل⁩	40
⁧اسالی⁩	40
⁧اسام⁩	40
⁧اسامه⁩	40
⁧اسانا⁩	40
⁧اسانه⁩	40
⁧اسای⁩	40
⁧اسبر⁩	40
⁧استاتیرا⁩	40
⁧استاسیس⁩	40
⁧استانس⁩	40
⁧استانه⁩	40
⁧استبرق⁩	40
⁧استحق⁩	40
⁧استفاء⁩	40
⁧استک⁩	40
⁧استی⁩	40
⁧استیاک⁩	40
⁧استیر⁩	40
⁧استیره⁩	40
⁧استیفا⁩	40
⁧اسجد⁩	40
⁧اسحا⁩	40
⁧اسحر⁩	40
⁧اسحق⁩	40
⁧اسدال⁩	40
⁧اسدالاه⁩	40
⁧اسدالدین⁩	40
⁧اسدالله⁩	40
⁧اسداله⁩	40
⁧اسددالله⁩	40
⁧اسدعلی⁩	40
⁧اسدلله⁩	40
⁧اسدله⁩	40
⁧اسرا⁩	40
⁧اسراء⁩	40
⁧اسرافیل⁩	40
⁧اسرفیل⁩	40
⁧اسری⁩	40
⁧اسرین⁩	40
⁧اسعاد⁩	40
⁧اسعد⁩	40
⁧اسعدالدین⁩	40
⁧اسعداله⁩	40
⁧اسعمیل⁩	40
⁧اسعیل⁩	40
⁧اسغر⁩	40
⁧اسفار⁩	40
⁧اسفدیار⁩	40
⁧اسفر⁩	40
⁧اسفند⁩	40
⁧اسفنددیار⁩	40
⁧اسفندریار⁩	40
⁧اسفندیلر⁩	40
⁧اسفنیار⁩	40
⁧اسفنیدیار⁩	40
⁧اسلاله⁩	40
⁧اسلامعلی⁩	40
⁧اسلامقلی⁩	40
⁧اسلاموو⁩	40
⁧اسلان⁩	40
⁧اسلم⁩	40
⁧اسلن⁩	40
⁧اسماء⁩	40
⁧اسمر⁩	40
⁧اسنا⁩	40
⁧اسندیار⁩	40
⁧اسنفدیار⁩	40
⁧اسنکدر⁩	40
⁧اسهاق⁩	40
⁧اسهق⁩	40
⁧اسهل⁩	40
⁧اسوار⁩	40
⁧اسود⁩	40
⁧اسوه⁩	40
⁧اسپاتنا⁩	40
⁧اسپاد⁩	40
⁧اسپانتا⁩	40
⁧اسپاندا⁩	40
⁧اسپانو⁩	40
⁧اسپاکو⁩	40
⁧اسپنتا⁩	40
⁧اسپنتمان⁩	40
⁧اسپندیاد⁩	40
⁧اسپندیار⁩	40
⁧اسپنوی⁩	40
⁧اسپهبد⁩	40
⁧اسپیتامن⁩	40
⁧اسپیتمان⁩	40
⁧اسپیتمن⁩	40
⁧اسکتدر⁩	40
⁧اسکری⁩	40
⁧اسگندر⁩	40
⁧اسی⁩	40
⁧اسیان⁩	40
⁧اسین⁩	40
⁧اسیونا⁩	40
⁧اشا⁩	40
⁧اشااونی⁩	40
⁧اشاداد⁩	40
⁧اشار⁩	40
⁧اشتاد⁩	40
⁧اشتار⁩	40
⁧اشتر⁩	40
⁧اشجان⁩	40
⁧اشدبانو⁩	40
⁧اشراق⁩	40
⁧اشراقیه⁩	40
⁧اشرت⁩	40
⁧اشرس⁩	40
⁧اشرفعلی⁩	40
⁧اشعیا⁩	40
⁧اشمل⁩	40
⁧اشناس⁩	40
⁧اشهن⁩	40
⁧اشواق⁩	40
⁧اشوان⁩	40
⁧اشوداد⁩	40
⁧اشودخت⁩	40
⁧اشوروی⁩	40
⁧اشوزاد⁩	40
⁧اشوفروهر⁩	40
⁧اشومهر⁩	40
⁧اشوچهر⁩	40
⁧اشکار⁩	40
⁧اشکان⁩	40
⁧اشکش⁩	40
⁧اشکی⁩	40
⁧اشکین⁩	40
⁧اشگان⁩	40
⁧اشیر⁩	40
⁧اشیل⁩	40
⁧اشین⁩	40
⁧اشیه⁩	40
⁧اصبرعلی⁩	40
⁧اصحاب⁩	40
⁧اصحابعلی⁩	40
⁧اصحاق⁩	40
⁧اصداله⁩	40
⁧اصر⁩	40
⁧اصرافیل⁩	40
⁧اصضر⁩	40
⁧اصطفا⁩	40
⁧اصعر⁩	40
⁧اصغ⁩	40
⁧اصغر⁩	40
⁧اصفر⁩	40
⁧اصلان⁩	40
⁧اصمت⁩	40
⁧اصمعلی⁩	40
⁧اصور⁩	40
⁧اصپلی⁩	40
⁧اصیلا⁩	40
⁧اصیله⁩	40
⁧اضر⁩	40
⁧اضعر⁩	40
⁧اضغر⁩	40
⁧اضل⁩	40
⁧اطرا⁩	40
⁧اطفه⁩	40
⁧اطلسی⁩	40
⁧اطمه⁩	40
⁧اطهر⁩	40
⁧اطهره⁩	40
⁧اظم⁩	40
⁧اظهر⁩	40
⁧اعتصام⁩	40
⁧اعجاز⁩	40
⁧اعراف⁩	40
⁧اعطم⁩	40
⁧اعظمه⁩	40
⁧اعظن⁩	40
⁧اعظیم⁩	40
⁧اععظم⁩	40
⁧اعقول⁩	40
⁧اعلا⁩	40
⁧اعلاء⁩	40
⁧اعیا⁩	40
⁧اغابی⁩	40
⁧اغالی⁩	40
⁧اغجه⁩	40
⁧اغدس⁩	40
⁧اغریرث⁩	40
⁧اغطم⁩	40
⁧اغلتقان⁩	40
⁧اغولتاج⁩	40
⁧اغچه⁩	40
⁧افاب⁩	40
⁧افاد⁩	40
⁧افاغ⁩	40
⁧افاق⁩	40
⁧افاقعلی⁩	40
⁧افتاج⁩	40
⁧افتحاج⁩	40
⁧افتخارال⁩	40
⁧افتخارالدین⁩	40
⁧افتر⁩	40
⁧افتهاج⁩	40
⁧افخم⁩	40
⁧افدس⁩	40
⁧افدم⁩	40
⁧افراح⁩	40
⁧افراسیاب⁩	40
⁧افران⁩	40
⁧افراهیم⁩	40
⁧افرزانه⁩	40
⁧افرو⁩	40
⁧افروخته⁩	40
⁧افرود⁩	40
⁧افروزان⁩	40
⁧افروزپری⁩	40
⁧افری⁩	40
⁧افریده⁩	40
⁧افریدون⁩	40
⁧افرینا⁩	40
⁧افرینش⁩	40
⁧افزون⁩	40
⁧افسان⁩	40
⁧افسرال⁩	40
⁧افسربانو⁩	40
⁧افسرخانم⁩	40
⁧افسل⁩	40
⁧افسین⁩	40
⁧افشاد⁩	40
⁧افشان⁩	40
⁧افشانه⁩	40
⁧افشبن⁩	40
⁧افشن⁩	40
⁧افشنده⁩	40
⁧افشنگ⁩	40
⁧افشید⁩	40
⁧افشینه⁩	40
⁧افصانه⁩	40
⁧افصح⁩	40
⁧افضلالدین⁩	40
⁧افقر⁩	40
⁧افلاطون⁩	40
⁧افنان⁩	40
⁧افندی⁩	40
⁧افیش⁩	40
⁧افین⁩	40
⁧افیک⁩	40
⁧اقاقیا⁩	40
⁧اقباله⁩	40
⁧اقتای⁩	40
⁧اقدان⁩	40
⁧اقدس⁩	40
⁧اقدسه⁩	40
⁧اقدم⁩	40
⁧اقذس⁩	40
⁧اقرلی⁩	40
⁧اقسام⁩	40
⁧اقسانه⁩	40
⁧اقشین⁩	40
⁧اقلمه⁩	40
⁧اقلیما⁩	40
⁧اقلیماه⁩	40
⁧اقلیمه⁩	40
⁧اقلیمیا⁩	40
⁧اقلیه⁩	40
⁧اقمراد⁩	40
⁧اقوشجان⁩	40
⁧اقون⁩	40
⁧اقچه⁩	40
⁧اقی⁩	40
⁧اقیل⁩	40
⁧الآی⁩	40
⁧الارا⁩	40
⁧الارز⁩	40
⁧الاروس⁩	40
⁧الاله⁩	40
⁧الالیا⁩	40
⁧الانا⁩	40
⁧الاهه⁩	40
⁧الاهیه⁩	40
⁧الای⁩	40
⁧الایار⁩	40
⁧البتگین⁩	40
⁧البوالحسن⁩	40
⁧التافت⁩	40
⁧التجا⁩	40
⁧التفات⁩	40
⁧التفاد⁩	40
⁧التفاط⁩	40
⁧التنا⁩	40
⁧التنای⁩	40
⁧التی⁩	40
⁧التینای⁩	40
⁧الحان⁩	40
⁧الحترام⁩	40
⁧الحداد⁩	40
⁧الحقلی⁩	40
⁧الخام⁩	40
⁧الدنیز⁩	40
⁧الدوز⁩	40
⁧الدوزه⁩	40
⁧الراهیم⁩	40
⁧الرحمان⁩	40
⁧الرحمن⁩	40
⁧الزا⁩	40
⁧الساء⁩	40
⁧الساس⁩	40
⁧السان⁩	40
⁧السانا⁩	40
⁧السای⁩	40
⁧الشاد⁩	40
⁧الشان⁩	40
⁧الشن⁩	40
⁧الشنه⁩	40
⁧الطفات⁩	40
⁧العام⁩	40
⁧العباس⁩	40
⁧العظیم⁩	40
⁧الفات⁩	40
⁧الفرد⁩	40
⁧الفیه⁩	40
⁧القاس⁩	40
⁧اللر⁩	40
⁧اللهشکر⁩	40
⁧اللهقلی⁩	40
⁧اللهه⁩	40
⁧اللهوردی⁩	40
⁧اللهویدی⁩	40
⁧اللهویردی⁩	40
⁧اللهیار⁩	40
⁧المار⁩	40
⁧الماز⁩	40
⁧الملس⁩	40
⁧المیرا⁩	40
⁧المیزرا⁩	40
⁧المیس⁩	40
⁧المینا⁩	40
⁧المیناز⁩	40
⁧الناره⁩	40
⁧الناز⁩	40
⁧النازال⁩	40
⁧الناس⁩	40
⁧النقی⁩	40
⁧الها⁩	40
⁧الهامال⁩	40
⁧الهامه⁩	40
⁧الهتم⁩	40
⁧الهداد⁩	40
⁧الهردی⁩	40
⁧الهشکر⁩	40
⁧الهقلی⁩	40
⁧الهلم⁩	40
⁧الهم⁩	40
⁧الهمراد⁩	40
⁧الهورد⁩	40
⁧الهورن⁩	40
⁧الهیار⁩	40
⁧الهیه⁩	40
⁧الوا⁩	40
⁧الوان⁩	40
⁧الویرا⁩	40
⁧الوینا⁩	40
⁧الویه⁩	40
⁧الپر⁩	40
⁧الچین⁩	40
⁧الکا⁩	40
⁧الکوس⁩	40
⁧الگا⁩	40
⁧الگار⁩	40
⁧الیاء⁩	40
⁧الیاث⁩	40
⁧الیاد⁩	40
⁧الیار⁩	40
⁧الیاسین⁩	40
⁧الیان⁩	40
⁧الیانا⁩	40
⁧الیتا⁩	40
⁧الیخانی⁩	40
⁧الیرا⁩	40
⁧الیز⁩	40
⁧الیستر⁩	40
⁧الیشان⁩	40
⁧الیقان⁩	40
⁧الیلس⁩	40
⁧الیما⁩	40
⁧الیناز⁩	40
⁧الیه⁩	40
⁧الیکا⁩	40
⁧ال‌ام⁩	40
⁧اماش⁩	40
⁧اماقلی⁩	40
⁧امالبنی⁩	40
⁧امالبنین⁩	40
⁧امامه⁩	40
⁧اماناله⁩	40
⁧امانبای⁩	40
⁧اماندردی⁩	40
⁧امانقلی⁩	40
⁧امانمحمد⁩	40
⁧امانگل⁩	40
⁧امان‌الله⁩	40
⁧امایتا⁩	40
⁧امایین⁩	40
⁧امبن⁩	40
⁧امبیز⁩	40
⁧امتیس⁩	40
⁧امجاد⁩	40
⁧امجد⁩	40
⁧امرا⁩	40
⁧امراح⁩	40
⁧امراد⁩	40
⁧امرالدین⁩	40
⁧امرالله⁩	40
⁧امراله⁩	40
⁧امراه⁩	40
⁧امرتاج⁩	40
⁧امرحسین⁩	40
⁧امرداد⁩	40
⁧امردین⁩	40
⁧امرسان⁩	40
⁧امرضیه⁩	40
⁧امرعلی⁩	40
⁧امرلا⁩	40
⁧امرلله⁩	40
⁧امرله⁩	40
⁧امرم⁩	40
⁧امریضا⁩	40
⁧امستریس⁩	40
⁧امعلی⁩	40
⁧امل⁩	40
⁧املبنین⁩	40
⁧املیا⁩	40
⁧اممده⁩	40
⁧اممید⁩	40
⁧اممیر⁩	40
⁧امناله⁩	40
⁧امنقلی⁩	40
⁧امنیه⁩	40
⁧امهانی⁩	40
⁧اموار⁩	40
⁧امواله⁩	40
⁧امیا⁩	40
⁧امیبن⁩	40
⁧امیت⁩	40
⁧امیتیس⁩	40
⁧امیداله⁩	40
⁧امیدجان⁩	40
⁧امیدحسین⁩	40
⁧امیدرضا⁩	40
⁧امیدمحمد⁩	40
⁧امیدمهدی⁩	40
⁧امیدیداله⁩	40
⁧امیرآراد⁩	40
⁧امیرآرتا⁩	40
⁧امیرآرش⁩	40
⁧امیرآرشام⁩	40
⁧امیرآرمن⁩	40
⁧امیرآرمین⁩	40
⁧امیرآریا⁩	40
⁧امیرآریان⁩	40
⁧امیرا⁩	40
⁧امیرابراهیم⁩	40
⁧امیرابوالفضل⁩	40
⁧امیراتابک⁩	40
⁧امیراترک⁩	40
⁧امیراحتشام⁩	40
⁧امیراحسان⁩	40
⁧امیراحمد⁩	40
⁧امیراردلان⁩	40
⁧امیراردوان⁩	40
⁧امیرارسام⁩	40
⁧امیرارسلان⁩	40
⁧امیرارشا⁩	40
⁧امیرارشان⁩	40
⁧امیرارشد⁩	40
⁧امیرارشیا⁩	40
⁧امیراسد⁩	40
⁧امیراسعد⁩	40
⁧امیراسماعیل⁩	40
⁧امیراسکندر⁩	40
⁧امیراشکان⁩	40
⁧امیراصلان⁩	40
⁧امیراعلا⁩	40
⁧امیرافراز⁩	40
⁧امیرافشین⁩	40
⁧امیراقبال⁩	40
⁧امیرال⁩	40
⁧امیرالدین⁩	40
⁧امیرالله⁩	40
⁧امیراله⁩	40
⁧امیران⁩	40
⁧امیراهوشنگ⁩	40
⁧امیراکبر⁩	40
⁧امیراکرم⁩	40
⁧امیرایوب⁩	40
⁧امیربابک⁩	40
⁧امیرباربد⁩	40
⁧امیرباقر⁩	40
⁧امیربردیا⁩	40
⁧امیربرنا⁩	40
⁧امیربهادر⁩	40
⁧امیربهامین⁩	40
⁧امیربهتاش⁩	40
⁧امیربهراد⁩	40
⁧امیربهرام⁩	40
⁧امیربهزاد⁩	40
⁧امیربهمن⁩	40
⁧امیربهنام⁩	40
⁧امیربهنود⁩	40
⁧امیرتارخ⁩	40
⁧امیرتوهان⁩	40
⁧امیرثامن⁩	40
⁧امیرجان⁩	40
⁧امیرجاودان⁩	40
⁧امیرجاوید⁩	40
⁧امیرجعفر⁩	40
⁧امیرجمال⁩	40
⁧امیرجمشید⁩	40
⁧امیرجهاد⁩	40
⁧امیرجواد⁩	40
⁧امیرحافظ⁩	40
⁧امیرحامد⁩	40
⁧امیرحامی⁩	40
⁧امیرحجت⁩	40
⁧امیرحسام⁩	40
⁧امیرحسان⁩	40
⁧امیرحسبن⁩	40
⁧امیرحسن⁩	40
⁧امیرحسین⁩	40
⁧امیرحشمت⁩	40
⁧امیرحمزه⁩	40
⁧امیرحیان⁩	40
⁧امیرحیدر⁩	40
⁧امیرخسرو⁩	40
⁧امیرخشایار⁩	40
⁧امیردارا⁩	40
⁧امیردانش⁩	40
⁧امیرداوود⁩	40
⁧امیردخت⁩	40
⁧امیرذوالفقار⁩	40
⁧امیرراد⁩	40
⁧امیررادین⁩	40
⁧امیررحمت⁩	40
⁧امیررسا⁩	40
⁧امیررسام⁩	40
⁧امیررسول⁩	40
⁧امیررشید⁩	40
⁧امیررضا⁩	40
⁧امیررهام⁩	40
⁧امیرساسان⁩	40
⁧امیرسالار⁩	40
⁧امیرسام⁩	40
⁧امیرسامان⁩	40
⁧امیرسبحان⁩	40
⁧امیرستار⁩	40
⁧امیرسجاد⁩	40
⁧امیرسراج⁩	40
⁧امیرسرمد⁩	40
⁧امیرسعدی⁩	40
⁧امیرسعید⁩	40
⁧امیرسلیمان⁩	40
⁧امیرسهیل⁩	40
⁧امیرسپهر⁩	40
⁧امیرسیاوش⁩	40
⁧امیرسینا⁩	40
⁧امیرشاه⁩	40
⁧امیرشاهین⁩	40
⁧امیرشایان⁩	40
⁧امیرشریف⁩	40
⁧امیرشهاب⁩	40
⁧امیرشهریار⁩	40
⁧امیرشکور⁩	40
⁧امیرصابر⁩	40
⁧امیرصادق⁩	40
⁧امیرصالح⁩	40
⁧امیرصدرا⁩	40
⁧امیرصدرالدین⁩	40
⁧امیرصیام⁩	40
⁧امیرضا⁩	40
⁧امیرضیاءالدین⁩	40
⁧امیرطارق⁩	40
⁧امیرطالب⁩	40
⁧امیرطاها⁩	40
⁧امیرطاهاامیرطه⁩	40
⁧امیرطاهر⁩	40
⁧امیرعابد⁩	40
⁧امیرعادل⁩	40
⁧امیرعارف⁩	40
⁧امیرعباس⁩	40
⁧امیرعبدالله⁩	40
⁧امیرعبداله⁩	40
⁧امیرعدنان⁩	40
⁧امیرعرشیا⁩	40
⁧امیرعرفان⁩	40
⁧امیرعطا⁩	40
⁧امیرعظیم⁩	40
⁧امیرعلا⁩	40
⁧امیرعلی⁩	40
⁧امیرعماد⁩	40
⁧امیرفؤاد⁩	40
⁧امیرفاضل⁩	40
⁧امیرفخر⁩	40
⁧امیرفراز⁩	40
⁧امیرفرامرز⁩	40
⁧امیرفربد⁩	40
⁧امیرفرحان⁩	40
⁧امیرفرخ⁩	40
⁧امیرفرداد⁩	40
⁧امیرفرزاد⁩	40
⁧امیرفرزام⁩	40
⁧امیرفرزین⁩	40
⁧امیرفرشاد⁩	40
⁧امیرفرشید⁩	40
⁧امیرفرنام⁩	40
⁧امیرفرهام⁩	40
⁧امیرفرهنگ⁩	40
⁧امیرفریبرز⁩	40
⁧امیرفضلالله⁩	40
⁧امیرفواد⁩	40
⁧امیرفیاض⁩	40
⁧امیرقادر⁩	40
⁧امیرقاسم⁩	40
⁧امیرقلی⁩	40
⁧امیرمؤمن⁩	40
⁧امیرمالک⁩	40
⁧امیرماکان⁩	40
⁧امیرمتین⁩	40
⁧امیرمجتبی⁩	40
⁧امیرمجید⁩	40
⁧امیرمحتشم⁩	40
⁧امیرمحراب⁩	40
⁧امیرمحسن⁩	40
⁧امیرمحمد⁩	40
⁧امیرمحمود⁩	40
⁧امیرمختار⁩	40
⁧امیرمرتضی⁩	40
⁧امیرمردان⁩	40
⁧امیرمرصاد⁩	40
⁧امیرمسعود⁩	40
⁧امیرمسلم⁩	40
⁧امیرمشهود⁩	40
⁧امیرمصطفی⁩	40
⁧امیرمظفر⁩	40
⁧امیرمعراج⁩	40
⁧امیرمعز⁩	40
⁧امیرمعین⁩	40
⁧امیرمنصور⁩	40
⁧امیرمهبد⁩	40
⁧امیرمهدی⁩	40
⁧امیرمهراد⁩	40
⁧امیرمهراس⁩	40
⁧امیرمهرداد⁩	40
⁧امیرمهرگان⁩	40
⁧امیرمهیار⁩	40
⁧امیرمیعاد⁩	40
⁧امیرمیکائیل⁩	40
⁧امیرناصر⁩	40
⁧امیرنصرت⁩	40
⁧امیرنظام⁩	40
⁧امیرنوید⁩	40
⁧امیرنیما⁩	40
⁧امیرنیکان⁩	40
⁧امیره⁩	40
⁧امیرهاتف⁩	40
⁧امیرهادی⁩	40
⁧امیرهاشم⁩	40
⁧امیرهانی⁩	40
⁧امیرهدایت⁩	40
⁧امیرهمایون⁩	40
⁧امیرهمت⁩	40
⁧امیرهوراد⁩	40
⁧امیرهوشنگ⁩	40
⁧امیرهوشیار⁩	40
⁧امیرهومان⁩	40
⁧امیرهومن⁩	40
⁧امیرهژبر⁩	40
⁧امیروالا⁩	40
⁧امیروحید⁩	40
⁧امیروصال⁩	40
⁧امیروفا⁩	40
⁧امیروهاب⁩	40
⁧امیرپارسا⁩	40
⁧امیرپاشا⁩	40
⁧امیرپدرام⁩	40
⁧امیرپرهام⁩	40
⁧امیرپرویز⁩	40
⁧امیرپوریا⁩	40
⁧امیرپویا⁩	40
⁧امیرپویان⁩	40
⁧امیرک⁩	40
⁧امیرکارن⁩	40
⁧امیرکاظم⁩	40
⁧امیرکامیار⁩	40
⁧امیرکاوه⁩	40
⁧امیرکبیر⁩	40
⁧امیرکرار⁩	40
⁧امیرکسری⁩	40
⁧امیرکنعان⁩	40
⁧امیرکوشا⁩	40
⁧امیرکوشان⁩	40
⁧امیرکیا⁩	40
⁧امیرکیارش⁩	40
⁧امیرکیان⁩	40
⁧امیرکیانوش⁩	40
⁧امیرکیهان⁩	40
⁧امیرکیوان⁩	40
⁧امیریارا⁩	40
⁧امیریاسین⁩	40
⁧امیریحیی⁩	40
⁧امیریدالله⁩	40
⁧امیریزدان⁩	40
⁧امیریعقوب⁩	40
⁧امیریل⁩	40
⁧امیریه⁩	40
⁧امیریوسف⁩	40
⁧امیسا⁩	40
⁧امیله⁩	40
⁧امیلیا⁩	40
⁧امیمه⁩	40
⁧امینا⁩	40
⁧امینابراهیم⁩	40
⁧امیناحمد⁩	40
⁧امینالدین⁩	40
⁧امینالله⁩	40
⁧امیناله⁩	40
⁧امینحسین⁩	40
⁧امینرضا⁩	40
⁧امینسالار⁩	40
⁧امینسجاد⁩	40
⁧امینصدرا⁩	40
⁧امینطاهاامینطه⁩	40
⁧امینعلی⁩	40
⁧امینمحمد⁩	40
⁧امینمهدی⁩	40
⁧امینه⁩	40
⁧امینپارسا⁩	40
⁧امین‌الله⁩	40
⁧ام‌البنین⁩	40
⁧انااراز⁩	40
⁧انابخت⁩	40
⁧انابل⁩	40
⁧انابیرام⁩	40
⁧اناتاج⁩	40
⁧انادردی⁩	40
⁧انادوردی⁩	40
⁧انار⁩	40
⁧انارام⁩	40
⁧انارگل⁩	40
⁧اناصحت⁩	40
⁧اناقلی⁩	40
⁧اناقلیچ⁩	40
⁧انالی⁩	40
⁧انام⁩	40
⁧انامحمد⁩	40
⁧انامراد⁩	40
⁧انامقلی⁩	40
⁧اناهیتا⁩	40
⁧اناهید⁩	40
⁧اناپولاد⁩	40
⁧انتصار⁩	40
⁧انجان⁩	40
⁧انجه⁩	40
⁧اندرانیک⁩	40
⁧اندریمان⁩	40
⁧اندمان⁩	40
⁧اندیان⁩	40
⁧اندیش⁩	40
⁧انزلیه⁩	40
⁧انسه⁩	40
⁧انسی⁩	40
⁧انسیه⁩	40
⁧انشان⁩	40
⁧انصار⁩	40
⁧انصافعلی⁩	40
⁧انعامعلی⁩	40
⁧انفال⁩	40
⁧انمید⁩	40
⁧انهار⁩	40
⁧انوار⁩	40
⁧انورال⁩	40
⁧انورالملوک⁩	40
⁧انوس⁩	40
⁧انوشروان⁩	40
⁧انوشک⁩	40
⁧انوشکا⁩	40
⁧انوشکزاد⁩	40
⁧انوشیراوان⁩	40
⁧انوشیروان⁩	40
⁧انژیلا⁩	40
⁧انگاره⁩	40
⁧انگبین⁩	40
⁧انیاز⁩	40
⁧انیبا⁩	40
⁧انیران⁩	40
⁧انیسا⁩	40
⁧انیسه⁩	40
⁧انیسون⁩	40
⁧انیفه⁩	40
⁧انیم⁩	40
⁧انیژ⁩	40
⁧انیکه⁩	40
⁧اهام⁩	40
⁧اهترام⁩	40
⁧اهد⁩	40
⁧اهدیه⁩	40
⁧اهر⁩	40
⁧اهراب⁩	40
⁧اهرن⁩	40
⁧اهسان⁩	40
⁧اهسته⁩	40
⁧اهلام⁩	40
⁧اهلیه⁩	40
⁧اهنود⁩	40
⁧اهنوس⁩	40
⁧اهنگریان⁩	40
⁧اهوات⁩	40
⁧اهوجان⁩	40
⁧اهورا⁩	40
⁧اهوراداد⁩	40
⁧اهورامزد⁩	40
⁧اهون⁩	40
⁧اهونور⁩	40
⁧اهیجان⁩	40
⁧اهید⁩	40
⁧اهین⁩	40
⁧اوات⁩	40
⁧اواط⁩	40
⁧اوالفضل⁩	40
⁧اوتانا⁩	40
⁧اوتکیرجان⁩	40
⁧اوجاق⁩	40
⁧اوجان⁩	40
⁧اوحد⁩	40
⁧اوحدالدین⁩	40
⁧اوخان⁩	40
⁧اوختای⁩	40
⁧اوخشیا⁩	40
⁧اود⁩	40
⁧اودت⁩	40
⁧اوراز⁩	40
⁧اوراش⁩	40
⁧اوراشی⁩	40
⁧اورال⁩	40
⁧اورامان⁩	40
⁧اورامن⁩	40
⁧اوران⁩	40
⁧اورانوس⁩	40
⁧اورانوش⁩	40
⁧اوراکیم⁩	40
⁧اورج⁩	40
⁧اورجع⁩	40
⁧اورجعلی⁩	40
⁧اورخان⁩	40
⁧اورداد⁩	40
⁧اورمان⁩	40
⁧اورمزد⁩	40
⁧اورمزدیار⁩	40
⁧اورند⁩	40
⁧اورنیب⁩	40
⁧اورنینا⁩	40
⁧اورهان⁩	40
⁧اوروج⁩	40
⁧اوروجعلی⁩	40
⁧اوروی⁩	40
⁧اورکت⁩	40
⁧اوریا⁩	40
⁧اوریاد⁩	40
⁧اوریس⁩	40
⁧اوریسا⁩	40
⁧اورینا⁩	40
⁧اورینب⁩	40
⁧اوزان⁩	40
⁧اوس⁩	40
⁧اوستا⁩	40
⁧اوستانه⁩	40
⁧اوسط⁩	40
⁧اوش⁩	40
⁧اوشنگ⁩	40
⁧اوشه⁩	40
⁧اوشهنگ⁩	40
⁧اوشیدر⁩	40
⁧اوغولور⁩	40
⁧اوفیا⁩	40
⁧اولجایتو⁩	40
⁧اولدوز⁩	40
⁧اونیک⁩	40
⁧اوپیک⁩	40
⁧اوچار⁩	40
⁧اوژن⁩	40
⁧اوکتای⁩	40
⁧اویان⁩	40
⁧اویتا⁩	40
⁧اویس⁩	40
⁧اویسا⁩	40
⁧اوینار⁩	40
⁧اپرنگ⁩	40
⁧اپروند⁩	40
⁧اپرویز⁩	40
⁧اپرویژ⁩	40
⁧اپرین⁩	40
⁧اپیوه⁩	40
⁧اچل⁩	40
⁧اچمد⁩	40
⁧اژدرعلی⁩	40
⁧اژنگ⁩	40
⁧اژیکا⁩	40
⁧اکبای⁩	40
⁧اکبررضا⁩	40
⁧اکبرعلی⁩	40
⁧اکتای⁩	40
⁧اکدش⁩	40
⁧اکر⁩	40
⁧اکرام⁩	40
⁧اکرم⁩	40
⁧اکرمال⁩	40
⁧اکرمعلی⁩	40
⁧اکرمه⁩	40
⁧اکرنم⁩	40
⁧اکرو⁩	40
⁧اکرک⁩	40
⁧اکسانا⁩	40
⁧اکلیا⁩	40
⁧اکلیل⁩	40
⁧اکیبر⁩	40
⁧اکیر⁩	40
⁧اکیرم⁩	40
⁧اکیه⁩	40
⁧اگتای⁩	40
⁧اگرین⁩	40
⁧اگله⁩	40
⁧اگومان⁩	40
⁧ایات⁩	40
⁧ایاد⁩	40
⁧ایاذ⁩	40
⁧ایار⁩	40
⁧ایبک⁩	40
⁧ایتا⁩	40
⁧ایتاج⁩	40
⁧ایتالله⁩	40
⁧ایتوک⁩	40
⁧ایتک⁩	40
⁧ایتکین⁩	40
⁧ایثار⁩	40
⁧ایجاز⁩	40
⁧ایجان⁩	40
⁧ایدا⁩	40
⁧ایداله⁩	40
⁧ایدان⁩	40
⁧ایدانا⁩	40
⁧ایدب⁩	40
⁧ایدر⁩	40
⁧ایدرس⁩	40
⁧ایدقدی⁩	40
⁧ایدون⁩	40
⁧ایدین⁩	40
⁧ایدینگ⁩	40
⁧ایراث⁩	40
⁧ایراج⁩	40
⁧ایرامان⁩	40
⁧ایرانا⁩	40
⁧ایرانتاج⁩	40
⁧ایراندخت⁩	40
⁧ایراندوخت⁩	40
⁧ایرانشاه⁩	40
⁧ایرانشید⁩	40
⁧ایرانه⁩	40
⁧ایرانو⁩	40
⁧ایرانیار⁩	40
⁧ایراهیم⁩	40
⁧ایراچ⁩	40
⁧ایرتا⁩	40
⁧ایرج⁩	40
⁧ایرجعلی⁩	40
⁧ایرسا⁩	40
⁧ایرما⁩	40
⁧ایرمان⁩	40
⁧ایرمن⁩	40
⁧ایرن⁩	40
⁧ایرنا⁩	40
⁧ایرنیا⁩	40
⁧ایروان⁩	40
⁧ایرچ⁩	40
⁧ایریانا⁩	40
⁧ایریس⁩	40
⁧ایرین⁩	40
⁧ایریک⁩	40
⁧ایزا⁩	40
⁧ایزداله⁩	40
⁧ایزدبد⁩	40
⁧ایزدداد⁩	40
⁧ایزدوند⁩	40
⁧ایزدگشسپ⁩	40
⁧ایزه⁩	40
⁧ایسا⁩	40
⁧ایساتیس⁩	40
⁧ایساق⁩	40
⁧ایسال⁩	40
⁧ایسام⁩	40
⁧ایسانا⁩	40
⁧ایسدواستر⁩	40
⁧ایسیه⁩	40
⁧ایشا⁩	40
⁧ایشاع⁩	40
⁧ایشالله⁩	40
⁧ایشاله⁩	40
⁧ایشانقلی⁩	40
⁧ایشانگل⁩	40
⁧ایشتار⁩	40
⁧ایشتوویگو⁩	40
⁧ایشه⁩	40
⁧ایضاگل⁩	40
⁧ایفاد⁩	40
⁧ایقان⁩	40
⁧ایلار⁩	40
⁧ایلاف⁩	40
⁧ایلامان⁩	40
⁧ایلانا⁩	40
⁧ایلایدا⁩	40
⁧ایلبرا⁩	40
⁧ایلتای⁩	40
⁧ایلحان⁩	40
⁧ایلخان⁩	40
⁧ایلدا⁩	40
⁧ایلدار⁩	40
⁧ایلدرم⁩	40
⁧ایلدنیز⁩	40
⁧ایلدیر⁩	40
⁧ایلدیریم⁩	40
⁧ایلرای⁩	40
⁧ایلروند⁩	40
⁧ایلسا⁩	40
⁧ایلسانا⁩	40
⁧ایلشاد⁩	40
⁧ایلشن⁩	40
⁧ایلقار⁩	40
⁧ایللار⁩	40
⁧ایلما⁩	40
⁧ایلماز⁩	40
⁧ایلمان⁩	40
⁧ایلناز⁩	40
⁧ایلهان⁩	40
⁧ایلوش⁩	40
⁧ایلپیا⁩	40
⁧ایلچین⁩	40
⁧ایلکان⁩	40
⁧ایلکای⁩	40
⁧ایلکین⁩	40
⁧ایلگار⁩	40
⁧ایلی⁩	40
⁧ایلیاد⁩	40
⁧ایلیار⁩	40
⁧ایلیاس⁩	40
⁧ایلیان⁩	40
⁧ایلیانا⁩	40
⁧ایلیم⁩	40
⁧ایلیکا⁩	40
⁧ایلیگان⁩	40
⁧ایما⁩	40
⁧ایماء⁩	40
⁧ایماان⁩	40
⁧ایماز⁩	40
⁧ایمامعلی⁩	40
⁧ایمانا⁩	40
⁧ایمانعلی⁩	40
⁧ایمانفر⁩	40
⁧ایمانقلی⁩	40
⁧ایمانه⁩	40
⁧ایمانوردی⁩	40
⁧ایمنعلی⁩	40
⁧ایمنه⁩	40
⁧ایمه⁩	40
⁧ایمور⁩	40
⁧ایناز⁩	40
⁧ایناس⁩	40
⁧اینانا⁩	40
⁧اینس⁩	40
⁧اینمان⁩	40
⁧ایهاب⁩	40
⁧ایواز⁩	40
⁧ایوالحسن⁩	40
⁧ایوالفضل⁩	40
⁧ایوب⁩	40
⁧ایوبعلی⁩	40
⁧ایوز⁩	40
⁧ایوض⁩	40
⁧ایومه⁩	40
⁧ایونا⁩	40
⁧ایویب⁩	40
⁧ایپک⁩	40
⁧ایپکناز⁩	40
⁧ایپگ⁩	40
⁧ایکن⁩	40
⁧اییب⁩	40
⁧اییتا⁩	40
⁧باباجان⁩	40
⁧باباخان⁩	40
⁧باباخون⁩	40
⁧باباسارق⁩	40
⁧بابامحمد⁩	40
⁧بابامراد⁩	40
⁧بابان⁩	40
⁧بابانظر⁩	40
⁧باباک⁩	40
⁧باباکرم⁩	40
⁧باباگل⁩	40
⁧بابایا⁩	40
⁧بابایار⁩	40
⁧بابر⁩	40
⁧بابعلی⁩	40
⁧بابه⁩	40
⁧بابوس⁩	40
⁧بابوی⁩	40
⁧بابکر⁩	40
⁧بابکن⁩	40
⁧بابیلان⁩	40
⁧بابیک⁩	40
⁧باتمان⁩	40
⁧باتوف⁩	40
⁧باتیس⁩	40
⁧باتینوک⁩	40
⁧باتینک⁩	40
⁧بادامک⁩	40
⁧بادان⁩	40
⁧بادر⁩	40
⁧بادرام⁩	40
⁧بادعلی⁩	40
⁧بادلیس⁩	40
⁧بادینان⁩	40
⁧باذان⁩	40
⁧بارات⁩	40
⁧باراد⁩	40
⁧بارانا⁩	40
⁧بارانه⁩	40
⁧بارانک⁩	40
⁧باراک⁩	40
⁧باربد⁩	40
⁧بارزان⁩	40
⁧بارسین⁩	40
⁧بارش⁩	40
⁧بارشین⁩	40
⁧بارقه⁩	40
⁧بارلی⁩	40
⁧بارمان⁩	40
⁧بارنک⁩	40
⁧بارنگ⁩	40
⁧باروشه⁩	40
⁧باریا⁩	40
⁧باریام⁩	40
⁧باریتا⁩	40
⁧باریز⁩	40
⁧باریزان⁩	40
⁧باریسان⁩	40
⁧باریش⁩	40
⁧بارین⁩	40
⁧بارینگل⁩	40
⁧باریکان⁩	40
⁧بازان⁩	40
⁧بازبان⁩	40
⁧بازمحمد⁩	40
⁧بازنه⁩	40
⁧بازور⁩	40
⁧بازیان⁩	40
⁧بازید⁩	40
⁧بازیده⁩	40
⁧باسام⁩	40
⁧باساک⁩	40
⁧باستیان⁩	40
⁧باستین⁩	40
⁧باستینگ⁩	40
⁧باسط⁩	40
⁧باسل⁩	40
⁧باسم⁩	40
⁧باسمه⁩	40
⁧باسکار⁩	40
⁧باسین⁩	40
⁧باشار⁩	40
⁧باشو⁩	40
⁧باشوان⁩	40
⁧باشور⁩	40
⁧باشوک⁩	40
⁧باشیلا⁩	40
⁧باغان⁩	40
⁧باغداگل⁩	40
⁧بافرین⁩	40
⁧باقیه⁩	40
⁧بالااوغلان⁩	40
⁧بالاباجی⁩	40
⁧بالابگیم⁩	40
⁧بالاجه⁩	40
⁧بالاخان⁩	40
⁧بالاخانم⁩	40
⁧بالامحمد⁩	40
⁧بالاناز⁩	40
⁧بالانسا⁩	40
⁧بالانساء⁩	40
⁧بالاوردی⁩	40
⁧بالاکش⁩	40
⁧بالاگل⁩	40
⁧بالاگلدی⁩	40
⁧بالاییس⁩	40
⁧بالبان⁩	40
⁧بالصی⁩	40
⁧بالعلی⁩	40
⁧بالقز⁩	40
⁧بالوتا⁩	40
⁧بالوی⁩	40
⁧بالویز⁩	40
⁧بالک⁩	40
⁧بالیمریم⁩	40
⁧بامسلمه⁩	40
⁧بامشاد⁩	40
⁧بامک⁩	40
⁧بامی⁩	40
⁧بامین⁩	40
⁧بامیک⁩	40
⁧بامیکا⁩	40
⁧بانته⁩	40
⁧بانری⁩	40
⁧بانل⁩	40
⁧بانواز⁩	40
⁧بانورام⁩	40
⁧بانوفرخ⁩	40
⁧بانونساد⁩	40
⁧بانوکا⁩	40
⁧بانوگشسب⁩	40
⁧بانکناز⁩	40
⁧بانیه⁩	40
⁧بانیپال⁩	40
⁧باهر⁩	40
⁧باهرام⁩	40
⁧باهره⁩	40
⁧باهله⁩	40
⁧باهوز⁩	40
⁧باهک⁩	40
⁧باوا⁩	40
⁧باوان⁩	40
⁧باوشین⁩	40
⁧باوند⁩	40
⁧باونعلی⁩	40
⁧باویل⁩	40
⁧باوین⁩	40
⁧باپوک⁩	40
⁧باپیر⁩	40
⁧باپیو⁩	40
⁧باژه⁩	40
⁧باژوران⁩	40
⁧باژیر⁩	40
⁧باکزر⁩	40
⁧باکوت⁩	40
⁧باکور⁩	40
⁧باگرو⁩	40
⁧باگه⁩	40
⁧بایا⁩	40
⁧بایار⁩	40
⁧بایام⁩	40
⁧بایتگین⁩	40
⁧بایخ⁩	40
⁧بایراامعلی⁩	40
⁧بایرام⁩	40
⁧بایرامعلی⁩	40
⁧بایرامقلی⁩	40
⁧بایرامگل⁩	40
⁧بایران⁩	40
⁧بایرمعلی⁩	40
⁧بایری⁩	40
⁧بایز⁩	40
⁧بایزدید⁩	40
⁧بایزی⁩	40
⁧بایض⁩	40
⁧بایف⁩	40
⁧باینام⁩	40
⁧بایندور⁩	40
⁧بایک⁩	40
⁧ببراز⁩	40
⁧ببهبود⁩	40
⁧ببک⁩	40
⁧ببیر⁩	40
⁧ببیش⁩	40
⁧بتام⁩	40
⁧بتاو⁩	40
⁧بتسابه⁩	40
⁧بتمان⁩	40
⁧بتول⁩	40
⁧بتیا⁩	40
⁧بتیس⁩	40
⁧بتیسا⁩	40
⁧بتیل⁩	40
⁧بتین⁩	40
⁧بتینا⁩	40
⁧بتیه⁩	40
⁧بثینه⁩	40
⁧بجان⁩	40
⁧بجرگ⁩	40
⁧بحانی⁩	40
⁧بحجت⁩	40
⁧بحر⁩	40
⁧بحریه⁩	40
⁧بحزاد⁩	40
⁧بحیرا⁩	40
⁧بختاور⁩	40
⁧بختوان⁩	40
⁧بختور⁩	40
⁧بخشا⁩	40
⁧بخشان⁩	40
⁧بخشدار⁩	40
⁧بخشعلی⁩	40
⁧بخشین⁩	40
⁧بخشینر⁩	40
⁧بخیت⁩	40
⁧بدارم⁩	40
⁧بداقعلی⁩	40
⁧بدالرضا⁩	40
⁧بدالله⁩	40
⁧بداله⁩	40
⁧بدراق⁩	40
⁧بدرالجمال⁩	40
⁧بدرالزمان⁩	40
⁧بدرالملوک⁩	40
⁧بدرام⁩	40
⁧بدران⁩	40
⁧بدریه⁩	40
⁧بدیر⁩	40
⁧بدیره⁩	40
⁧بدیعالزمان⁩	40
⁧بدیعه⁩	40
⁧بدیل⁩	40
⁧براتاله⁩	40
⁧براتعلی⁩	40
⁧براتقلی⁩	40
⁧براخاس⁩	40
⁧براخاصت⁩	40
⁧براخان⁩	40
⁧برار⁩	40
⁧برارجان⁩	40
⁧برارعلی⁩	40
⁧براز⁩	40
⁧برازا⁩	40
⁧برازان⁩	40
⁧برازک⁩	40
⁧براعزیز⁩	40
⁧براعلی⁩	40
⁧برافاص⁩	40
⁧برانازار⁩	40
⁧برانوش⁩	40
⁧براهام⁩	40
⁧براهیم⁩	40
⁧براگجر⁩	40
⁧برایکا⁩	40
⁧برتاو⁩	40
⁧برتن⁩	40
⁧برته⁩	40
⁧برداش⁩	40
⁧بردان⁩	40
⁧بردل⁩	40
⁧بردیا⁩	40
⁧بردیس⁩	40
⁧برز⁩	40
⁧برزآذر⁩	40
⁧برزآفرید⁩	40
⁧برزام⁩	40
⁧برزان⁩	40
⁧برزاو⁩	40
⁧برزفر⁩	40
⁧برزفری⁩	40
⁧برزما⁩	40
⁧برزمند⁩	40
⁧برزن⁩	40
⁧برزهم⁩	40
⁧برزویه⁩	40
⁧برزیه⁩	40
⁧برسا⁩	40
⁧برسابا⁩	40
⁧برسام⁩	40
⁧برسان⁩	40
⁧برساوش⁩	40
⁧برسومه⁩	40
⁧برسیان⁩	40
⁧برسیل⁩	40
⁧برشام⁩	40
⁧برشنا⁩	40
⁧برشنوم⁩	40
⁧برشید⁩	40
⁧برشیو⁩	40
⁧برصیصا⁩	40
⁧برفا⁩	40
⁧برفاب⁩	40
⁧برفین⁩	40
⁧برلیان⁩	40
⁧برمال⁩	40
⁧برمایون⁩	40
⁧برنوش⁩	40
⁧برنگ⁩	40
⁧برنیان⁩	40
⁧برهاد⁩	40
⁧برهانالدین⁩	40
⁧برهون⁩	40
⁧بروا⁩	40
⁧بروار⁩	40
⁧بروانه⁩	40
⁧بروجعلی⁩	40
⁧بروزیه⁩	40
⁧بروسکه⁩	40
⁧بروفه⁩	40
⁧برویز⁩	40
⁧بروین⁩	40
⁧برپرس⁩	40
⁧برچاو⁩	40
⁧برژان⁩	40
⁧برژانگ⁩	40
⁧برژنگ⁩	40
⁧برژول⁩	40
⁧برکان⁩	40
⁧برکاو⁩	40
⁧برکای⁩	40
⁧برکو⁩	40
⁧برکیارق⁩	40
⁧برگام⁩	40
⁧برگش⁩	40
⁧برگعلی⁩	40
⁧برگین⁩	40
⁧بریا⁩	40
⁧بریار⁩	40
⁧بریتان⁩	40
⁧بریحه⁩	40
⁧بریر⁩	40
⁧بریسا⁩	40
⁧بریسکه⁩	40
⁧بریندار⁩	40
⁧برینداره⁩	40
⁧بریوان⁩	40
⁧بریوش⁩	40
⁧بریکار⁩	40
⁧بزات⁩	40
⁧بزاد⁩	40
⁧بزان⁩	40
⁧بزرگعلی⁩	40
⁧بزمان⁩	40
⁧بزوتنوه⁩	40
⁧بزوین⁩	40
⁧بزک⁩	40
⁧بزین⁩	40
⁧بسارنگ⁩	40
⁧بساطعلی⁩	40
⁧بسامه⁩	40
⁧بستا⁩	40
⁧بستانعلی⁩	40
⁧بستانه⁩	40
⁧بستور⁩	40
⁧بستک⁩	40
⁧بستیر⁩	40
⁧بسریم⁩	40
⁧بسرین⁩	40
⁧بسطام⁩	40
⁧بسعاد⁩	40
⁧بسنح⁩	40
⁧بسنه⁩	40
⁧بسود⁩	40
⁧بسیرا⁩	40
⁧بسیم⁩	40
⁧بسیمه⁩	40
⁧بسین⁩	40
⁧بسیه⁩	40
⁧بسیهی⁩	40
⁧بشاعر⁩	40
⁧بشتار⁩	40
⁧بشتاسب⁩	40
⁧بشدار⁩	40
⁧بشرا⁩	40
⁧بشره⁩	40
⁧بشوتن⁩	40
⁧بشکو⁩	40
⁧بشیر⁩	40
⁧بشیره⁩	40
⁧بصام⁩	40
⁧بصرا⁩	40
⁧بصره⁩	40
⁧بصرین⁩	40
⁧بصریه⁩	40
⁧بصزی⁩	40
⁧بصیرا⁩	40
⁧بصیرالله⁩	40
⁧بصیراله⁩	40
⁧بصیره⁩	40
⁧بطول⁩	40
⁧بعثت⁩	40
⁧بعزاد⁩	40
⁧بعقوب⁩	40
⁧بغرا⁩	40
⁧بفران⁩	40
⁧بفرانبار⁩	40
⁧بفراو⁩	40
⁧بفرین⁩	40
⁧بقراط⁩	40
⁧بلار⁩	40
⁧بلاش⁩	40
⁧بلاشان⁩	40
⁧بلاغعلی⁩	40
⁧بلاقت⁩	40
⁧بلالوک⁩	40
⁧بلباس⁩	40
⁧بلغیث⁩	40
⁧بلغیس⁩	40
⁧بلقبس⁩	40
⁧بلقر⁩	40
⁧بلقیا⁩	40
⁧بلقیث⁩	40
⁧بلقیس⁩	40
⁧بلقیص⁩	40
⁧بلقییس⁩	40
⁧بلمسلم⁩	40
⁧بلن⁩	40
⁧بلنجه⁩	40
⁧بلواژ⁩	40
⁧بلوت⁩	40
⁧بلود⁩	40
⁧بلور⁩	40
⁧بلوران⁩	40
⁧بلورین⁩	40
⁧بلویر⁩	40
⁧بلکا⁩	40
⁧بلیان⁩	40
⁧بلیزید⁩	40
⁧بلیسه⁩	40
⁧بلیقس⁩	40
⁧بلیل⁩	40
⁧بلیمت⁩	40
⁧بلیندا⁩	40
⁧بمانعلی⁩	40
⁧بمانمعلی⁩	40
⁧بمنام⁩	40
⁧بمهرداد⁩	40
⁧بنات⁩	40
⁧بناز⁩	40
⁧بناقلی⁩	40
⁧بنامین⁩	40
⁧بناو⁩	40
⁧بناوان⁩	40
⁧بنتا⁩	40
⁧بنتالحسنی⁩	40
⁧بنتالهدی⁩	40
⁧بندوی⁩	40
⁧بنرخ⁩	40
⁧بنسان⁩	40
⁧بنشاد⁩	40
⁧بنن⁩	40
⁧بنهور⁩	40
⁧بنگین⁩	40
⁧بنیا⁩	40
⁧بنیام⁩	40
⁧بنیامن⁩	40
⁧بنیتا⁩	40
⁧بنین⁩	40
⁧بنیه⁩	40
⁧بهآیین⁩	40
⁧بها،⁩	40
⁧بهاء⁩	40
⁧بهاءالدین⁩	40
⁧بهادره⁩	40
⁧بهادور⁩	40
⁧بهارآفرین⁩	40
⁧بهارا⁩	40
⁧بهارام⁩	40
⁧بهاران⁩	40
⁧بهاردالدین⁩	40
⁧بهارزهرا⁩	40
⁧بهارعلی⁩	40
⁧بهارفاطمه⁩	40
⁧بهارناز⁩	40
⁧بهارک⁩	40
⁧بهارین⁩	40
⁧بهاریه⁩	40
⁧بهالدین⁩	40
⁧بهامد⁩	40
⁧بهان⁩	40
⁧بهانی⁩	40
⁧بهاور⁩	40
⁧بهاوند⁩	40
⁧بهباز⁩	40
⁧بهبمن⁩	40
⁧بهبهان⁩	40
⁧بهبودعلی⁩	40
⁧بهتا⁩	40
⁧بهتاب⁩	40
⁧بهتاج⁩	40
⁧بهتاش⁩	40
⁧بهتام⁩	40
⁧بهتدر⁩	40
⁧بهتیس⁩	40
⁧بهتین⁩	40
⁧بهداور⁩	40
⁧بهدر⁩	40
⁧بهدوخت⁩	40
⁧بهدیس⁩	40
⁧بهدین⁩	40
⁧بهرا⁩	40
⁧بهراب⁩	40
⁧بهراز⁩	40
⁧بهرامشاه⁩	40
⁧بهرامعلی⁩	40
⁧بهرامن⁩	40
⁧بهرامه⁩	40
⁧بهرانه⁩	40
⁧بهرتگ⁩	40
⁧بهردر⁩	40
⁧بهرزو⁩	40
⁧بهرعلی⁩	40
⁧بهرمان⁩	40
⁧بهرنگ⁩	40
⁧بهرهمند⁩	40
⁧بهرهور⁩	40
⁧بهروخ⁩	40
⁧بهرود⁩	40
⁧بهرور⁩	40
⁧بهروزان⁩	40
⁧بهروی⁩	40
⁧بهریش⁩	40
⁧بهزادان⁩	40
⁧بهزادرضا⁩	40
⁧بهسا⁩	40
⁧بهسام⁩	40
⁧بهسان⁩	40
⁧بهستان⁩	40
⁧بهستون⁩	40
⁧بهسود⁩	40
⁧بهسودان⁩	40
⁧بهشاد⁩	40
⁧بهشار⁩	40
⁧بهشنه⁩	40
⁧بهشید⁩	40
⁧بهفام⁩	40
⁧بهلرک⁩	40
⁧بهلور⁩	40
⁧بهمتن⁩	40
⁧بهمنام⁩	40
⁧بهمنداد⁩	40
⁧بهمنزاد⁩	40
⁧بهمنعلی⁩	40
⁧بهمنیار⁩	40
⁧بهمکن⁩	40
⁧بهمیار⁩	40
⁧بهناد⁩	40
⁧بهنه⁩	40
⁧بهنو⁩	40
⁧بهنواز⁩	40
⁧بهنورا⁩	40
⁧بهنوش⁩	40
⁧بهوران⁩	40
⁧بهوند⁩	40
⁧بهپور⁩	40
⁧بهچت⁩	40
⁧بهک⁩	40
⁧بهکام⁩	40
⁧بهکامه⁩	40
⁧بهگام⁩	40
⁧بهگل⁩	40
⁧بهیاد⁩	40
⁧بهیان⁩	40
⁧بهیرخ⁩	40
⁧بهیره⁩	40
⁧بهیز⁩	40
⁧بهین⁩	40
⁧بهینا⁩	40
⁧بهینه⁩	40
⁧بهیه⁩	40
⁧بواجعلی⁩	40
⁧بوار⁩	40
⁧بوالحسن⁩	40
⁧بوالفضل⁩	40
⁧بوبار⁩	40
⁧بوبان⁩	40
⁧بوبک⁩	40
⁧بوتان⁩	40
⁧بوتمان⁩	40
⁧بوتیمار⁩	40
⁧بوجه⁩	40
⁧بوختار⁩	40
⁧بوخشا⁩	40
⁧بودیان⁩	40
⁧بوذر⁩	40
⁧بوذرجمهر⁩	40
⁧بوراب⁩	40
⁧بورابک⁩	40
⁧بوران⁩	40
⁧بوراک⁩	40
⁧بورباش⁩	40
⁧بورزور⁩	40
⁧بورلا⁩	40
⁧بورمند⁩	40
⁧بورنگ⁩	40
⁧بورهان⁩	40
⁧بورژک⁩	40
⁧بورژین⁩	40
⁧بوریا⁩	40
⁧بوریر⁩	40
⁧بوزرجمهر⁩	40
⁧بوزلی⁩	40
⁧بوزو⁩	40
⁧بوستانه⁩	40
⁧بوسیان⁩	40
⁧بوعلی⁩	40
⁧بولفضل⁩	40
⁧بولود⁩	40
⁧بومان⁩	40
⁧بومانعلی⁩	40
⁧بومانی⁩	40
⁧بونخوش⁩	40
⁧بوندار⁩	40
⁧بونم⁩	40
⁧بوپار⁩	40
⁧بوچان⁩	40
⁧بوژان⁩	40
⁧بوژانه⁩	40
⁧بوژنه⁩	40
⁧بوکان⁩	40
⁧بوکبویانی⁩	40
⁧بوگه⁩	40
⁧بویا⁩	40
⁧بویار⁩	40
⁧بویان⁩	40
⁧بوین⁩	40
⁧بویه⁩	40
⁧بچکول⁩	40
⁧بژار⁩	40
⁧بژدار⁩	40
⁧بژن⁩	40
⁧بژنا⁩	40
⁧بژوار⁩	40
⁧بژول⁩	40
⁧بژوین⁩	40
⁧بژین⁩	40
⁧بژیو⁩	40
⁧بکاء⁩	40
⁧بکاه⁩	40
⁧بکره⁩	40
⁧بکشاد⁩	40
⁧بکعلی⁩	40
⁧بکیاش⁩	40
⁧بگاداد⁩	40
⁧بگاش⁩	40
⁧بگزاده⁩	40
⁧بگشیر⁩	40
⁧بگعلی⁩	40
⁧بگلر⁩	40
⁧بگمراد⁩	40
⁧بگنج⁩	40
⁧بیؤن⁩	40
⁧بیاز⁩	40
⁧بیازید⁩	40
⁧بیاض⁩	40
⁧بیاضعلی⁩	40
⁧بیامن⁩	40
⁧بیانعلی⁩	40
⁧بیبون⁩	40
⁧بی‌بی⁩	40
⁧بیتا⁩	40
⁧بیتادخت⁩	40
⁧بیتاوان⁩	40
⁧بیتخش⁩	40
⁧بیتوک⁩	40
⁧بیتک⁩	40
⁧بیت‌الله⁩	40
⁧بیدا⁩	40
⁧بیدالله⁩	40
⁧بیداله⁩	40
⁧بیدخت⁩	40
⁧بیدگل⁩	40
⁧بیرام⁩	40
⁧بیرامعلی⁩	40
⁧بیربخش⁩	40
⁧بیرشاد⁩	40
⁧بیرمعلی⁩	40
⁧بیرور⁩	40
⁧بیروز⁩	40
⁧بیرگا⁩	40
⁧بیری⁩	40
⁧بیریفان⁩	40
⁧بیریوان⁩	40
⁧بیزن⁩	40
⁧بیسان⁩	40
⁧بیستان⁩	40
⁧بیستون⁩	40
⁧بیسو⁩	40
⁧بیسی⁩	40
⁧بیشو⁩	40
⁧بیلاش⁩	40
⁧بیلت⁩	40
⁧بیمان⁩	40
⁧بیمت⁩	40
⁧بیمن⁩	40
⁧بینادخت⁩	40
⁧بینر⁩	40
⁧بینور⁩	40
⁧بینیار⁩	40
⁧بیهن⁩	40
⁧بیور⁩	40
⁧بیورد⁩	40
⁧بیورزاد⁩	40
⁧بیوک⁩	40
⁧بیوکخانم⁩	40
⁧بیوکخانوم⁩	40
⁧بیوکعلی⁩	40
⁧بیوگ⁩	40
⁧بیوی⁩	40
⁧بیچم⁩	40
⁧بیژن⁩	40
⁧بیژنگ⁩	40
⁧بیژه⁩	40
⁧بیکس⁩	40
⁧بیکژ⁩	40
⁧بیگد⁩	40
⁧بیگرد⁩	40
⁧بیگزاده⁩	40
⁧بیگل⁩	40
⁧بیگم⁩	40
⁧بیگمجان⁩	40
⁧تائب⁩	40
⁧تابا⁩	40
⁧تابال⁩	40
⁧تاباندخت⁩	40
⁧تابانروی⁩	40
⁧تابانمهر⁩	40
⁧تابانچهر⁩	40
⁧تابدوق⁩	40
⁧تابس⁩	40
⁧تابست⁩	40
⁧تابناک⁩	40
⁧تابیتا⁩	40
⁧تابیه⁩	40
⁧تاتیانا⁩	40
⁧تاتینا⁩	40
⁧تاجالدین⁩	40
⁧تاجبخش⁩	40
⁧تاجدردی⁩	40
⁧تاجدولت⁩	40
⁧تاجقلی⁩	40
⁧تاجما⁩	40
⁧تاجماه⁩	40
⁧تاجملوک⁩	40
⁧تاجمه⁩	40
⁧تاجه⁩	40
⁧تاجور⁩	40
⁧تاجولی⁩	40
⁧تاجگل⁩	40
⁧تاجیبهلولی⁩	40
⁧تاجیه⁩	40
⁧تادر⁩	40
⁧تارادخت⁩	40
⁧تارادیس⁩	40
⁧تاراز⁩	40
⁧تارح⁩	40
⁧تارلا⁩	40
⁧تارملا⁩	40
⁧تارمیتا⁩	40
⁧تارودی⁩	40
⁧تاروردی⁩	40
⁧تاروولگی⁩	40
⁧تارویردی⁩	40
⁧تارگلی⁩	40
⁧تاریوردی⁩	40
⁧تاریویردی⁩	40
⁧تازگل⁩	40
⁧تاشان⁩	40
⁧تاشجان⁩	40
⁧تاشلی⁩	40
⁧تاشکین⁩	40
⁧تاشین⁩	40
⁧تافه⁩	40
⁧تافگه⁩	40
⁧تالای⁩	40
⁧تالح⁩	40
⁧تالوردی⁩	40
⁧تالیا⁩	40
⁧تالین⁩	40
⁧تالیه⁩	40
⁧تامان⁩	40
⁧تامانج⁩	40
⁧تامای⁩	40
⁧تامر⁩	40
⁧تامیار⁩	40
⁧تامیلا⁩	40
⁧تامیما⁩	40
⁧تامینه⁩	40
⁧تانای⁩	40
⁧تانریا⁩	40
⁧تانریلا⁩	40
⁧تانسو⁩	40
⁧تانقروردی⁩	40
⁧تانیش⁩	40
⁧تانیل⁩	40
⁧تاهمه⁩	40
⁧تاهمینه⁩	40
⁧تاهید⁩	40
⁧تاویار⁩	40
⁧تاپدوح⁩	40
⁧تاپدوق⁩	40
⁧تاپیک⁩	40
⁧تاچارا⁩	40
⁧تاژ⁩	40
⁧تایار⁩	40
⁧تایان⁩	40
⁧تایب⁩	40
⁧تایجان⁩	40
⁧تایماد⁩	40
⁧تایماز⁩	40
⁧تایماه⁩	40
⁧تبارک⁩	40
⁧تبارکه⁩	40
⁧تباک⁩	40
⁧تبتل⁩	40
⁧تبرک⁩	40
⁧تبریز⁩	40
⁧تبسم⁩	40
⁧تتسگل⁩	40
⁧تتمان⁩	40
⁧تجیبه⁩	40
⁧تحسان⁩	40
⁧تحفه⁩	40
⁧تحمد⁩	40
⁧تحید⁩	40
⁧تخار⁩	40
⁧تخرسین⁩	40
⁧تخشا⁩	40
⁧تخشک⁩	40
⁧تخواره⁩	40
⁧تداعی⁩	40
⁧تذرو⁩	40
⁧ترابعلی⁩	40
⁧تراج⁩	40
⁧تراوت⁩	40
⁧ترب⁩	40
⁧ترحیم⁩	40
⁧ترخان⁩	40
⁧ترزیا⁩	40
⁧ترلان⁩	40
⁧ترمه⁩	40
⁧ترنج⁩	40
⁧ترنم⁩	40
⁧ترنه⁩	40
⁧ترنگ⁩	40
⁧ترنیان⁩	40
⁧تروسکه⁩	40
⁧تروند⁩	40
⁧ترکل⁩	40
⁧ترگس⁩	40
⁧ترگل⁩	40
⁧تریتا⁩	40
⁧تریتی⁩	40
⁧تریفه⁩	40
⁧تریمان⁩	40
⁧تریکه⁩	40
⁧تزه⁩	40
⁧تسبیه⁩	40
⁧تسترن⁩	40
⁧تسرین⁩	40
⁧تسنیم⁩	40
⁧تسو⁩	40
⁧تشتر⁩	40
⁧تشهن⁩	40
⁧تعارفعلی⁩	40
⁧تعرفه⁩	40
⁧تعظم⁩	40
⁧تعقی⁩	40
⁧تعمینه⁩	40
⁧تعید⁩	40
⁧تعیم⁩	40
⁧تفانقلیچ⁩	40
⁧تفانگل⁩	40
⁧تفی⁩	40
⁧تقان⁩	40
⁧تقاندردی⁩	40
⁧تقاندری⁩	40
⁧تقانقلی⁩	40
⁧تقانقلیچ⁩	40
⁧تقدیرعلی⁩	40
⁧تقوا⁩	40
⁧تقی⁩	40
⁧تقیه⁩	40
⁧تلاطم⁩	40
⁧تلاله⁩	40
⁧تلاونگ⁩	40
⁧تلم⁩	40
⁧تلما⁩	40
⁧تلمان⁩	40
⁧تلناز⁩	40
⁧تلکا⁩	40
⁧تلی⁩	40
⁧تلیمان⁩	40
⁧تلین⁩	40
⁧تلینا⁩	40
⁧تماج⁩	40
⁧تمحمد⁩	40
⁧تموفیق⁩	40
⁧تموچین⁩	40
⁧تمک⁩	40
⁧تمیم⁩	40
⁧تمیمه⁩	40
⁧تناز⁩	40
⁧تنبور⁩	40
⁧تنسر⁩	40
⁧تنوتاس⁩	40
⁧تنوجا⁩	40
⁧تهامه⁩	40
⁧تهانی⁩	40
⁧تهراب⁩	40
⁧تهرانه⁩	40
⁧تهرت⁩	40
⁧تهم⁩	40
⁧تهماسب⁩	40
⁧تهمان⁩	40
⁧تهمورث⁩	40
⁧تهمورس⁩	40
⁧تهمین⁩	40
⁧تهمیندخت⁩	40
⁧تهنیا⁩	40
⁧توار⁩	40
⁧تواقلیچ⁩	40
⁧توبا⁩	40
⁧توتک⁩	40
⁧توتیا⁩	40
⁧توحدی⁩	40
⁧توحید⁩	40
⁧توحیدا⁩	40
⁧توحیدقلی⁩	40
⁧توحیده⁩	40
⁧توخید⁩	40
⁧توراب⁩	40
⁧تورال⁩	40
⁧تورالله⁩	40
⁧توران⁩	40
⁧تورانبانو⁩	40
⁧توراندخت⁩	40
⁧توراکینا⁩	40
⁧تورج⁩	40
⁧تورسن⁩	40
⁧توره⁩	40
⁧تورک⁩	40
⁧تورکای⁩	40
⁧توریا⁩	40
⁧توریه⁩	40
⁧توسا⁩	40
⁧توسل⁩	40
⁧توسکا⁩	40
⁧توشار⁩	40
⁧توشنامئیتی⁩	40
⁧توشیار⁩	40
⁧تول⁩	40
⁧تولا⁩	40
⁧توما⁩	40
⁧توماژ⁩	40
⁧تونیا⁩	40
⁧توهان⁩	40
⁧توهفه⁩	40
⁧توهید⁩	40
⁧تووشیار⁩	40
⁧توکا⁩	40
⁧توکان⁩	40
⁧توکتم⁩	40
⁧توکتمه⁩	40
⁧توکز⁩	40
⁧توگل⁩	40
⁧توید⁩	40
⁧تویقعلی⁩	40
⁧تویقلی⁩	40
⁧تژاو⁩	40
⁧تکاو⁩	40
⁧تکاپو⁩	40
⁧تکتا⁩	40
⁧تکتم⁩	40
⁧تکتک⁩	40
⁧تکتکم⁩	40
⁧تکذبان⁩	40
⁧تکز⁩	40
⁧تکش⁩	40
⁧تکناز⁩	40
⁧تکین⁩	40
⁧تگین⁩	40
⁧تیاتر⁩	40
⁧تیادا⁩	40
⁧تیار⁩	40
⁧تیارا⁩	40
⁧تیارام⁩	40
⁧تیام⁩	40
⁧تیاما⁩	40
⁧تیامهر⁩	40
⁧تیامو⁩	40
⁧تیامیس⁩	40
⁧تیامین⁩	40
⁧تیانا⁩	40
⁧تیبا⁩	40
⁧تیبه⁩	40
⁧تیتا⁩	40
⁧تیتک⁩	40
⁧تیدآ⁩	40
⁧تیدا⁩	40
⁧تیرا⁩	40
⁧تیران⁩	40
⁧تیراژه⁩	40
⁧تیربد⁩	40
⁧تیرج⁩	40
⁧تیرداد⁩	40
⁧تیرشاه⁩	40
⁧تیرماه⁩	40
⁧تیروژ⁩	40
⁧تیرگان⁩	40
⁧تیریژ⁩	40
⁧تیس⁩	40
⁧تیسا⁩	40
⁧تیسان⁩	40
⁧تیساناز⁩	40
⁧تیساگل⁩	40
⁧تیشتر⁩	40
⁧تیشکه⁩	40
⁧تیشکو⁩	40
⁧تیغلی⁩	40
⁧تیلاو⁩	40
⁧تیلکو⁩	40
⁧تیماس⁩	40
⁧تیمن⁩	40
⁧تیمور⁩	40
⁧تیمورتاش⁩	40
⁧تیناب⁩	40
⁧تینو⁩	40
⁧تینوش⁩	40
⁧تیهو⁩	40
⁧تیوا⁩	40
⁧تیوان⁩	40
⁧تیوانا⁩	40
⁧تیوپیلو⁩	40
⁧تیکا⁩	40
⁧تیکال⁩	40
⁧تیکل⁩	40
⁧تیگران⁩	40
⁧ثابر⁩	40
⁧ثادق⁩	40
⁧ثارالله⁩	40
⁧ثاراله⁩	40
⁧ثاره⁩	40
⁧ثاقب⁩	40
⁧ثام⁩	40
⁧ثامت⁩	40
⁧ثامر⁩	40
⁧ثامره⁩	40
⁧ثامن⁩	40
⁧ثریاد⁩	40
⁧ثریه⁩	40
⁧ثرییا⁩	40
⁧ثلاله⁩	40
⁧ثمانه⁩	40
⁧ثمد⁩	40
⁧ثمرخ⁩	40
⁧ثمرقند⁩	40
⁧ثمره⁩	40
⁧ثمن⁩	40
⁧ثمیره⁩	40
⁧ثمیلا⁩	40
⁧ثمیله⁩	40
⁧ثمین⁩	40
⁧ثمینا⁩	40
⁧ثمینه⁩	40
⁧ثمیه⁩	40
⁧ثنا⁩	40
⁧ثناء⁩	40
⁧ثناءالله⁩	40
⁧ثناس⁩	40
⁧ثناله⁩	40
⁧ثناگو⁩	40
⁧ثنای⁩	40
⁧ثنایا⁩	40
⁧ثنایه⁩	40
⁧ثنم⁩	40
⁧ثواب⁩	40
⁧ثوبا⁩	40
⁧ثوبان⁩	40
⁧ثوبیه⁩	40
⁧ثوره⁩	40
⁧ثوری⁩	40
⁧ثویبه⁩	40
⁧ثویده⁩	40
⁧ثوییبه⁩	40
⁧ثکینه⁩	40
⁧جابان⁩	40
⁧جابر⁩	40
⁧جابرچ⁩	40
⁧جابیر⁩	40
⁧جاتعلی⁩	40
⁧جاثیه⁩	40
⁧جادر⁩	40
⁧جادی⁩	40
⁧جارالل⁩	40
⁧جارالله⁩	40
⁧جاریه⁩	40
⁧جازیه⁩	40
⁧جاسب⁩	40
⁧جاسم⁩	40
⁧جاسمیه⁩	40
⁧جافر⁩	40
⁧جافربگ⁩	40
⁧جالی⁩	40
⁧جالینوس⁩	40
⁧جاماس⁩	40
⁧جاماسب⁩	40
⁧جاماسپ⁩	40
⁧جامشید⁩	40
⁧جانا⁩	40
⁧جانام⁩	40
⁧جانان⁩	40
⁧جانبانو⁩	40
⁧جاندل⁩	40
⁧جانسو⁩	40
⁧جانعتی⁩	40
⁧جانعلی⁩	40
⁧جانعی⁩	40
⁧جانلی⁩	40
⁧جانمراد⁩	40
⁧جانمیرزا⁩	40
⁧جانوسیار⁩	40
⁧جانوشیار⁩	40
⁧جانک⁩	40
⁧جانیار⁩	40
⁧جاهده⁩	40
⁧جاواد⁩	40
⁧جایر⁩	40
⁧جایق⁩	40
⁧جباربردی⁩	40
⁧جبرئیل⁩	40
⁧جبراءیل⁩	40
⁧جبرائیل⁩	40
⁧جبراعیل⁩	40
⁧جبرایل⁩	40
⁧جبراییل⁩	40
⁧جبریل⁩	40
⁧جبریه⁩	40
⁧جبرییل⁩	40
⁧جبیب⁩	40
⁧جبین⁩	40
⁧جتبی⁩	40
⁧جحفر⁩	40
⁧جداری⁩	40
⁧جدنا⁩	40
⁧جده⁩	40
⁧جدیجه⁩	40
⁧جرجیس⁩	40
⁧جرل⁩	40
⁧جره⁩	40
⁧جریر⁩	40
⁧جریره⁩	40
⁧جریه⁩	40
⁧جستان⁩	40
⁧جسته⁩	40
⁧جستیم⁩	40
⁧جسمه⁩	40
⁧جسن⁩	40
⁧جسیم⁩	40
⁧جشید⁩	40
⁧جعغر⁩	40
⁧جعفرصادق⁩	40
⁧جعفرقلی⁩	40
⁧جعفعر⁩	40
⁧جعقر⁩	40
⁧جغعفر⁩	40
⁧جغفر⁩	40
⁧جفا⁩	40
⁧جفان⁩	40
⁧جفر⁩	40
⁧جلالالدین⁩	40
⁧جلالت⁩	40
⁧جلالدین⁩	40
⁧جلاله⁩	40
⁧جلبال⁩	40
⁧جلبل⁩	40
⁧جلبله⁩	40
⁧جلیل⁩	40
⁧جلیلالدین⁩	40
⁧جلیله⁩	40
⁧جلییل⁩	40
⁧جمات⁩	40
⁧جماعیل⁩	40
⁧جمالالدین⁩	40
⁧جمالدین⁩	40
⁧جمالر⁩	40
⁧جماله⁩	40
⁧جمالیه⁩	40
⁧جمانه⁩	40
⁧جماور⁩	40
⁧جماییل⁩	40
⁧جمدخت⁩	40
⁧جمزاد⁩	40
⁧جمشاد⁩	40
⁧جمشبد⁩	40
⁧جمشی⁩	40
⁧جمشید⁩	40
⁧جمشیده⁩	40
⁧جمعلی⁩	40
⁧جمقلی⁩	40
⁧جمل⁩	40
⁧جملی⁩	40
⁧جملیه⁩	40
⁧جمیاد⁩	40
⁧جمیار⁩	40
⁧جمیاه⁩	40
⁧جمید⁩	40
⁧جمیران⁩	40
⁧جمیشد⁩	40
⁧جمیل⁩	40
⁧جمیلا⁩	40
⁧جمیله⁩	40
⁧جمیلهی⁩	40
⁧جمین⁩	40
⁧جمینه⁩	40
⁧جنات⁩	40
⁧جناده⁩	40
⁧جنان⁩	40
⁧جندل⁩	40
⁧جندیل⁩	40
⁧جنگعلی⁩	40
⁧جنگیان⁩	40
⁧جنید⁩	40
⁧جنیف⁩	40
⁧جهانبان⁩	40
⁧جهانبخت⁩	40
⁧جهانبین⁩	40
⁧جهانتاب⁩	40
⁧جهانتاج⁩	40
⁧جهانداد⁩	40
⁧جهاندخت⁩	40
⁧جهانریز⁩	40
⁧جهانزیر⁩	40
⁧جهانسوز⁩	40
⁧جهانشاد⁩	40
⁧جهانشاه⁩	40
⁧جهانشید⁩	40
⁧جهانشیر⁩	40
⁧جهانمیر⁩	40
⁧جهانور⁩	40
⁧جهانکیر⁩	40
⁧جهانگجیر⁩	40
⁧جهانگشای⁩	40
⁧جهانیار⁩	40
⁧جهان‌آفرین⁩	40
⁧جهرا⁩	40
⁧جهلنگیر⁩	40
⁧جهن⁩	40
⁧جهنگیر⁩	40
⁧جوادرضا⁩	40
⁧جواده⁩	40
⁧جوار⁩	40
⁧جوانوی⁩	40
⁧جواهربیگم⁩	40
⁧جوتد⁩	40
⁧جوتیار⁩	40
⁧جوریت⁩	40
⁧جوزعلی⁩	40
⁧جوفیل⁩	40
⁧جولداش⁩	40
⁧جومی⁩	40
⁧جونعلی⁩	40
⁧جونمراد⁩	40
⁧جونید⁩	40
⁧جوواد⁩	40
⁧جیاکو⁩	40
⁧جیبه⁩	40
⁧جیحون⁩	40
⁧جیدا⁩	40
⁧جیران⁩	40
⁧جیراییل⁩	40
⁧جیرلن⁩	40
⁧جیلا⁩	40
⁧جیلان⁩	40
⁧جیلانی⁩	40
⁧جیلی⁩	40
⁧جیلیل⁩	40
⁧جیمن⁩	40
⁧جینگو⁩	40
⁧جیهان⁩	40
⁧حابر⁩	40
⁧حاتف⁩	40
⁧حاتمعلی⁩	40
⁧حاتمه⁩	40
⁧حاجات⁩	40
⁧حاجت⁩	40
⁧حاجر⁩	40
⁧حاجیحسین⁩	40
⁧حاجیقلی⁩	40
⁧حاجیمراد⁩	40
⁧حاجیه⁩	40
⁧حاجیگل⁩	40
⁧حاجییه⁩	40
⁧حادی⁩	40
⁧حادید⁩	40
⁧حاذق⁩	40
⁧حارث⁩	40
⁧حارثه⁩	40
⁧حارس⁩	40
⁧حازم⁩	40
⁧حافضعلی⁩	40
⁧حاقظعلی⁩	40
⁧حالتقلی⁩	40
⁧حالوب⁩	40
⁧حامداله⁩	40
⁧حامدحسین⁩	40
⁧حامدرضا⁩	40
⁧حامدعلی⁩	40
⁧حامده⁩	40
⁧حامه⁩	40
⁧حامید⁩	40
⁧حامیل⁩	40
⁧حامیم⁩	40
⁧حامین⁩	40
⁧حامیه⁩	40
⁧حانا⁩	40
⁧حانان⁩	40
⁧حاند⁩	40
⁧حانقلی⁩	40
⁧حانون⁩	40
⁧حانی⁩	40
⁧حانیه⁩	40
⁧حاود⁩	40
⁧حاکمه⁩	40
⁧حایری⁩	40
⁧حایمه⁩	40
⁧حبابه⁩	40
⁧حبار⁩	40
⁧حبان⁩	40
⁧حببیب⁩	40
⁧حببیه⁩	40
⁧حبدالستار⁩	40
⁧حبدل⁩	40
⁧حبه⁩	40
⁧حبیب⁩	40
⁧حبیبالاه⁩	40
⁧حبیبالله⁩	40
⁧حبیباله⁩	40
⁧حبیبه⁩	40
⁧حبیبهخ⁩	40
⁧حبیبیه⁩	40
⁧حبیب‌الله⁩	40
⁧حبینب⁩	40
⁧حبییب⁩	40
⁧حبییبه⁩	40
⁧حثنیه⁩	40
⁧حجاز⁩	40
⁧حجبر⁩	40
⁧حجتالله⁩	40
⁧حجتاله⁩	40
⁧حجتعلی⁩	40
⁧حجر⁩	40
⁧حجسن⁩	40
⁧حجعفر⁩	40
⁧حجیر⁩	40
⁧حجیه⁩	40
⁧ححامد⁩	40
⁧حخبیب⁩	40
⁧حخسن⁩	40
⁧حداء⁩	40
⁧حدالواحد⁩	40
⁧حداوردی⁩	40
⁧حدبث⁩	40
⁧حدثه⁩	40
⁧حدثیه⁩	40
⁧حدر⁩	40
⁧حدهن⁩	40
⁧حدولی⁩	40
⁧حدیبه⁩	40
⁧حدیته⁩	40
⁧حدیث⁩	40
⁧حدیثا⁩	40
⁧حدیثه⁩	40
⁧حدیجه⁩	40
⁧حدید⁩	40
⁧حدیده⁩	40
⁧حدیر⁩	40
⁧حدیقه⁩	40
⁧حدیه⁩	40
⁧حدیپ⁩	40
⁧حربیه⁩	40
⁧حردان⁩	40
⁧حرعلی⁩	40
⁧حرمن⁩	40
⁧حره⁩	40
⁧حروت⁩	40
⁧حریبه⁩	40
⁧حریر⁩	40
⁧حریره⁩	40
⁧حریه⁩	40
⁧حزب‌الله⁩	40
⁧حزین⁩	40
⁧حساء⁩	40
⁧حسامالدین⁩	40
⁧حسامالله⁩	40
⁧حساملدین⁩	40
⁧حسان⁩	40
⁧حسانه⁩	40
⁧حسبن⁩	40
⁧حسبیه⁩	40
⁧حستن⁩	40
⁧حسسین⁩	40
⁧حسل⁩	40
⁧حسمه⁩	40
⁧حسنا⁩	40
⁧حسناء⁩	40
⁧حسناحسنی⁩	40
⁧حسنالسادت⁩	40
⁧حسنجان⁩	40
⁧حسنض⁩	40
⁧حسنقلی⁩	40
⁧حسنمراد⁩	40
⁧حسنه⁩	40
⁧حسنیه⁩	40
⁧حسون⁩	40
⁧حسیب⁩	40
⁧حسیبا⁩	40
⁧حسیبه⁩	40
⁧حسیتعلی⁩	40
⁧حسیم⁩	40
⁧حسیمن⁩	40
⁧حسینا⁩	40
⁧حسینت⁩	40
⁧حسینجان⁩	40
⁧حسینغلی⁩	40
⁧حسینقلی⁩	40
⁧حسینم⁩	40
⁧حسینمهدی⁩	40
⁧حسینه⁩	40
⁧حسینگل⁩	40
⁧حسینیه⁩	40
⁧حسیین⁩	40
⁧حشام⁩	40
⁧حشمتالله⁩	40
⁧حشمتاله⁩	40
⁧حشمته⁩	40
⁧حشمت‌الله⁩	40
⁧حصان⁩	40
⁧حصفه⁩	40
⁧حصل⁩	40
⁧حصمت⁩	40
⁧حصنا⁩	40
⁧حصه⁩	40
⁧حصیبه⁩	40
⁧حصیر⁩	40
⁧حصیل⁩	40
⁧حصین⁩	40
⁧حضراله⁩	40
⁧حضرتقلی⁩	40
⁧حظیم⁩	40
⁧حعفر⁩	40
⁧حفصه⁩	40
⁧حفیض⁩	40
⁧حفیظ⁩	40
⁧حفیظالله⁩	40
⁧حفیظه⁩	40
⁧حقدار⁩	40
⁧حقعلی⁩	40
⁧حقمراد⁩	40
⁧حقوردی⁩	40
⁧حقویردی⁩	40
⁧حقیقه⁩	40
⁧حلاد⁩	40
⁧حلاله⁩	40
⁧حلاوت⁩	40
⁧حلاوه⁩	40
⁧حلفظ⁩	40
⁧حلما⁩	40
⁧حلمد⁩	40
⁧حلمیه⁩	40
⁧حلوه⁩	40
⁧حلیا⁩	40
⁧حلیسمه⁩	40
⁧حلیفه⁩	40
⁧حلیل⁩	40
⁧حلیم⁩	40
⁧حلیما⁩	40
⁧حلیمه⁩	40
⁧حلیه⁩	40
⁧حماد⁩	40
⁧حماس⁩	40
⁧حمامه⁩	40
⁧حمان⁩	40
⁧حمایل⁩	40
⁧حمبد⁩	40
⁧حمبدرضا⁩	40
⁧حمت⁩	40
⁧حمدالاه⁩	40
⁧حمدالدین⁩	40
⁧حمدالله⁩	40
⁧حمداله⁩	40
⁧حمدجواد⁩	40
⁧حمدرضا⁩	40
⁧حمدلله⁩	40
⁧حمدله⁩	40
⁧حمده⁩	40
⁧حمدیه⁩	40
⁧حمرا⁩	40
⁧حمراء⁩	40
⁧حمراه⁩	40
⁧حمزء⁩	40
⁧حمزعلی⁩	40
⁧حمشت⁩	40
⁧حممید⁩	40
⁧حمنید⁩	40
⁧حمود⁩	40
⁧حمی⁩	40
⁧حمیدا⁩	40
⁧حمیدالدین⁩	40
⁧حمیدالله⁩	40
⁧حمیداله⁩	40
⁧حمیدحسین⁩	40
⁧حمیدد⁩	40
⁧حمیدذه⁩	40
⁧حمیدرض⁩	40
⁧حمیدرضا⁩	40
⁧حمیدصالح⁩	40
⁧حمیدعلی⁩	40
⁧حمیدمراد⁩	40
⁧حمیده⁩	40
⁧حمیدگل⁩	40
⁧حمیرا⁩	40
⁧حمیراء⁩	40
⁧حمیرات⁩	40
⁧حمیری⁩	40
⁧حمیزه⁩	40
⁧حمیل⁩	40
⁧حمیلجان⁩	40
⁧حمیم⁩	40
⁧حمینه⁩	40
⁧حمیید⁩	40
⁧حمییدرضا⁩	40
⁧حن⁩	40
⁧حناء⁩	40
⁧حناره⁩	40
⁧حنان⁩	40
⁧حنانه⁩	40
⁧حنطه⁩	40
⁧حنظله⁩	40
⁧حنون⁩	40
⁧حنیسه⁩	40
⁧حنیف⁩	40
⁧حنیفا⁩	40
⁧حنین⁩	40
⁧حواء⁩	40
⁧حوابیگم⁩	40
⁧حواخاتون⁩	40
⁧حواد⁩	40
⁧حوار⁩	40
⁧حواسعلی⁩	40
⁧حواص⁩	40
⁧حوایج⁩	40
⁧حور⁩	40
⁧حورآسا⁩	40
⁧حورآفرین⁩	40
⁧حورا⁩	40
⁧حوراسا⁩	40
⁧حورالجمال⁩	40
⁧حورالعین⁩	40
⁧حوراماه⁩	40
⁧حوران⁩	40
⁧حورجهان⁩	40
⁧حوردیس⁩	40
⁧حوررخ⁩	40
⁧حورزاد⁩	40
⁧حورسا⁩	40
⁧حورسان⁩	40
⁧حورشید⁩	40
⁧حوروش⁩	40
⁧حوریا⁩	40
⁧حوریسا⁩	40
⁧حوریه⁩	40
⁧حوزیه⁩	40
⁧حوصت⁩	40
⁧حولیر⁩	40
⁧حوی⁩	40
⁧حژیر⁩	40
⁧حکمعلی⁩	40
⁧حکمیه⁩	40
⁧حکیمعلی⁩	40
⁧حکیمه⁩	40
⁧حکیمیه⁩	40
⁧حی⁩	40
⁧حیاتعلی⁩	40
⁧حیاتقلی⁩	40
⁧حیاته⁩	40
⁧حیام⁩	40
⁧حیان⁩	40
⁧حیبا⁩	40
⁧حیبن⁩	40
⁧حیبه⁩	40
⁧حید⁩	40
⁧حیدرشه⁩	40
⁧حیدرضا⁩	40
⁧حیدرغلی⁩	40
⁧حیدرقلی⁩	40
⁧حیدز⁩	40
⁧حیس⁩	40
⁧حیسام⁩	40
⁧حیسنعلی⁩	40
⁧حیفا⁩	40
⁧حیم⁩	40
⁧حیمد⁩	40
⁧حیمرا⁩	40
⁧حیکم⁩	40
⁧حییر⁩	40
⁧خابان⁩	40
⁧خاتلید⁩	40
⁧خاتم⁩	40
⁧خاتوزین⁩	40
⁧خاتون⁩	40
⁧خاتونجان⁩	40
⁧خاتونه⁩	40
⁧خاتونک⁩	40
⁧خادر⁩	40
⁧خادی⁩	40
⁧خاره⁩	40
⁧خاروردی⁩	40
⁧خاروس⁩	40
⁧خارک⁩	40
⁧خاشعه⁩	40
⁧خاصعلی⁩	40
⁧خاطرآسا⁩	40
⁧خاطرافروز⁩	40
⁧خاطردهپناه⁩	40
⁧خاطرنواز⁩	40
⁧خافیه⁩	40
⁧خالدار⁩	40
⁧خالده⁩	40
⁧خالدین⁩	40
⁧خالدیه⁩	40
⁧خالقداد⁩	40
⁧خالقه⁩	40
⁧خالقویردی⁩	40
⁧خالمراد⁩	40
⁧خالند⁩	40
⁧خالواش⁩	40
⁧خالید⁩	40
⁧خالیده⁩	40
⁧خامعلی⁩	40
⁧خاممل⁩	40
⁧خانحسین⁩	40
⁧خاندینی⁩	40
⁧خانزاد⁩	40
⁧خانقلا⁩	40
⁧خانقلی⁩	40
⁧خانقوله⁩	40
⁧خانلار⁩	40
⁧خانلر⁩	40
⁧خانمتاج⁩	40
⁧خانمجان⁩	40
⁧خانمناز⁩	40
⁧خانمگل⁩	40
⁧خانمیر⁩	40
⁧خانکشی⁩	40
⁧خانگلدی⁩	40
⁧خاوین⁩	40
⁧خاژاک⁩	40
⁧خبات⁩	40
⁧خباد⁩	40
⁧خباس⁩	40
⁧خباط⁩	40
⁧خبیب⁩	40
⁧ختا⁩	40
⁧ختمی⁩	40
⁧ختن⁩	40
⁧ختیمه⁩	40
⁧ختیه⁩	40
⁧خجت⁩	40
⁧خجستهلقا⁩	40
⁧خجه⁩	40
⁧خجوردی⁩	40
⁧خجیج⁩	40
⁧خداآفرید⁩	40
⁧خدابت⁩	40
⁧خدابردی⁩	40
⁧خدابس⁩	40
⁧خداخواست⁩	40
⁧خداد⁩	40
⁧خدادا⁩	40
⁧خداسلیم⁩	40
⁧خداطلب⁩	40
⁧خدافراست⁩	40
⁧خداقلی⁩	40
⁧خداقلیش⁩	40
⁧خدامدد⁩	40
⁧خدامعلی⁩	40
⁧خداموردی⁩	40
⁧خدانظر⁩	40
⁧خدانور⁩	40
⁧خداورد⁩	40
⁧خداویروی⁩	40
⁧خداویس⁩	40
⁧خداکرم⁩	40
⁧خدایاد⁩	40
⁧خدایبردی⁩	40
⁧خدایردی⁩	40
⁧خدبات⁩	40
⁧خدبجه⁩	40
⁧خدر⁩	40
⁧خدمتعلی⁩	40
⁧خدیجه⁩	40
⁧خدیجه‌ی⁩	40
⁧خدیخه⁩	40
⁧خدیچه⁩	40
⁧خذر⁩	40
⁧خذیجه⁩	40
⁧خراد⁩	40
⁧خراس⁩	40
⁧خراسان⁩	40
⁧خرالی⁩	40
⁧خرام⁩	40
⁧خرامان⁩	40
⁧خرداد⁩	40
⁧خردادبرزین⁩	40
⁧خرزاد⁩	40
⁧خرزانه⁩	40
⁧خرشا⁩	40
⁧خرشاد⁩	40
⁧خرشید⁩	40
⁧خرقالله⁩	40
⁧خرمان⁩	40
⁧خرمدخت⁩	40
⁧خرمدل⁩	40
⁧خرمشاد⁩	40
⁧خرمعلی⁩	40
⁧خرمن⁩	40
⁧خرمناز⁩	40
⁧خرمه⁩	40
⁧خرمچهر⁩	40
⁧خرند⁩	40
⁧خرو⁩	40
⁧خروش⁩	40
⁧خروشان⁩	40
⁧خزال⁩	40
⁧خزاله⁩	40
⁧خزان⁩	40
⁧خزر⁩	40
⁧خزرالله⁩	40
⁧خزران⁩	40
⁧خزرعلی⁩	40
⁧خزرناز⁩	40
⁧خزعل⁩	40
⁧خزیان⁩	40
⁧خستو⁩	40
⁧خسرو⁩	40
⁧خسروان⁩	40
⁧خسروشاد⁩	40
⁧خسروپرویز⁩	40
⁧خسریو⁩	40
⁧خسین⁩	40
⁧خشاریا⁩	40
⁧خشاش⁩	40
⁧خشاشه⁩	40
⁧خشروزه⁩	40
⁧خشنواز⁩	40
⁧خشیار⁩	40
⁧خصرو⁩	40
⁧خضر⁩	40
⁧خضرا⁩	40
⁧خضرالله⁩	40
⁧خضراله⁩	40
⁧خضران⁩	40
⁧خضرلله⁩	40
⁧خضیر⁩	40
⁧خطیبه⁩	40
⁧خطیمه⁩	40
⁧خعفر⁩	40
⁧خلاتعلی⁩	40
⁧خلامرضا⁩	40
⁧خلد⁩	40
⁧خلف⁩	40
⁧خلود⁩	40
⁧خلیلالرحمان⁩	40
⁧خلیلالله⁩	40
⁧خلیلمحمد⁩	40
⁧خلیله⁩	40
⁧خمات⁩	40
⁧خمت⁩	40
⁧خمسعلی⁩	40
⁧خمید⁩	40
⁧خمیرا⁩	40
⁧خمیس⁩	40
⁧خمیسه⁩	40
⁧خنا⁩	40
⁧خنانه⁩	40
⁧خناو⁩	40
⁧خناوه⁩	40
⁧خنجست⁩	40
⁧خنعلی⁩	40
⁧خنقلی⁩	40
⁧خواتون⁩	40
⁧خواجهنفیس⁩	40
⁧خوارزم⁩	40
⁧خوبانه⁩	40
⁧خوبروی⁩	40
⁧خوبعلی⁩	40
⁧خوبیار⁩	40
⁧خوتکا⁩	40
⁧خوجم⁩	40
⁧خوردخت⁩	40
⁧خوردیس⁩	40
⁧خورزاد⁩	40
⁧خورسان⁩	40
⁧خورشاد⁩	40
⁧خورشیدبانو⁩	40
⁧خورشیددخت⁩	40
⁧خورشیدرخ⁩	40
⁧خورشیدفر⁩	40
⁧خورشیدمهر⁩	40
⁧خورشیدکلاه⁩	40
⁧خورنیا⁩	40
⁧خورگلدی⁩	40
⁧خوریه⁩	40
⁧خوزان⁩	40
⁧خوشابه⁩	40
⁧خوشبوی⁩	40
⁧خوشدم⁩	40
⁧خوشروان⁩	40
⁧خوشروی⁩	40
⁧خوشناز⁩	40
⁧خوشناو⁩	40
⁧خوشگام⁩	40
⁧خوشگو⁩	40
⁧خوشید⁩	40
⁧خوشین⁩	40
⁧خوناس⁩	40
⁧خونیرث⁩	40
⁧خویبار⁩	40
⁧خیاطه⁩	40
⁧خیام⁩	40
⁧خیبر⁩	40
⁧خیجه⁩	40
⁧خیدان⁩	40
⁧خیراداد⁩	40
⁧خیرال⁩	40
⁧خیرالاه⁩	40
⁧خیرالله⁩	40
⁧خیرالنسا⁩	40
⁧خیرالنساء⁩	40
⁧خیرالنیسا⁩	40
⁧خیراله⁩	40
⁧خیران⁩	40
⁧خیرانسا⁩	40
⁧خیرانساء⁩	40
⁧خیرانسای⁩	40
⁧خیربه⁩	40
⁧خیرعلی⁩	40
⁧خیرمحمد⁩	40
⁧خیرنسا⁩	40
⁧خیزران⁩	40
⁧خیضران⁩	40
⁧خیلیل⁩	40
⁧دائمه⁩	40
⁧داتام⁩	40
⁧داتامیس⁩	40
⁧داتان⁩	40
⁧داتیس⁩	40
⁧دادآفرید⁩	40
⁧داداخدا⁩	40
⁧داداشقلی⁩	40
⁧دادالله⁩	40
⁧داداله⁩	40
⁧دادبان⁩	40
⁧دادبرزین⁩	40
⁧دادخدا⁩	40
⁧دادران⁩	40
⁧دادشاه⁩	40
⁧دادعباس⁩	40
⁧دادعلی⁩	40
⁧دادفرخ⁩	40
⁧دادفروز⁩	40
⁧دادفرین⁩	40
⁧دادمراد⁩	40
⁧دادمولا⁩	40
⁧دادنام⁩	40
⁧دادود⁩	40
⁧دادوود⁩	40
⁧دادویه⁩	40
⁧دادپویه⁩	40
⁧دادکار⁩	40
⁧دادکریم⁩	40
⁧دادیار⁩	40
⁧دارانا⁩	40
⁧دارس⁩	40
⁧دارمان⁩	40
⁧دارنوش⁩	40
⁧دارنیا⁩	40
⁧دارود⁩	40
⁧داروش⁩	40
⁧دارویوش⁩	40
⁧داریا⁩	40
⁧داریان⁩	40
⁧داریاو⁩	40
⁧داریس⁩	40
⁧دارینا⁩	40
⁧دارینه⁩	40
⁧دارینوش⁩	40
⁧داریون⁩	40
⁧داشاب⁩	40
⁧داشاد⁩	40
⁧داشقلی⁩	40
⁧داشی⁩	40
⁧دالغا⁩	40
⁧داماسپیا⁩	40
⁧دامان⁩	40
⁧داملا⁩	40
⁧دامور⁩	40
⁧دامون⁩	40
⁧دامونا⁩	40
⁧دامینه⁩	40
⁧دانادخت⁩	40
⁧دانادل⁩	40
⁧داناک⁩	40
⁧دانبال⁩	40
⁧دانقطار⁩	40
⁧دانو⁩	40
⁧دانوش⁩	40
⁧دانژه⁩	40
⁧دانیا⁩	40
⁧دانیار⁩	40
⁧دانیال⁩	40
⁧دانیس⁩	40
⁧داهیه⁩	40
⁧داو⁩	40
⁧داواد⁩	40
⁧داوار⁩	40
⁧داود⁩	40
⁧داودبخش⁩	40
⁧داودرضا⁩	40
⁧داورا⁩	40
⁧داوودرضا⁩	40
⁧داوید⁩	40
⁧داوین⁩	40
⁧داژو⁩	40
⁧داژیار⁩	40
⁧دایا⁩	40
⁧دایار⁩	40
⁧دایانج⁩	40
⁧دایانچ⁩	40
⁧دایراک⁩	40
⁧دبهزاد⁩	40
⁧دجله⁩	40
⁧دحیم⁩	40
⁧دخت⁩	40
⁧دختربس⁩	40
⁧دخشید⁩	40
⁧دخمل⁩	40
⁧دخیلاله⁩	40
⁧دراج⁩	40
⁧دراس⁩	40
⁧دران⁩	40
⁧درایوش⁩	40
⁧درتا⁩	40
⁧درثمین⁩	40
⁧درجان⁩	40
⁧درخاتون⁩	40
⁧درخشا⁩	40
⁧درریز⁩	40
⁧درزاد⁩	40
⁧درسا⁩	40
⁧درسان⁩	40
⁧درسین⁩	40
⁧درشته⁩	40
⁧درملک⁩	40
⁧درمنه⁩	40
⁧درنا⁩	40
⁧درنال⁩	40
⁧درنه⁩	40
⁧درنیان⁩	40
⁧دروار⁩	40
⁧دروش⁩	40
⁧درویشعلی⁩	40
⁧درچال⁩	40
⁧درچک⁩	40
⁧درچیدا⁩	40
⁧دریادیس⁩	40
⁧دریاس⁩	40
⁧دریافرین⁩	40
⁧دریاقلی⁩	40
⁧دریامهر⁩	40
⁧دریانا⁩	40
⁧دریاناز⁩	40
⁧دریانه⁩	40
⁧دریتا⁩	40
⁧دریز⁩	40
⁧درین⁩	40
⁧درینا⁩	40
⁧دریه⁩	40
⁧دزیره⁩	40
⁧دستنبو⁩	40
⁧دسم⁩	40
⁧دسول⁩	40
⁧دسپینا⁩	40
⁧دسیم⁩	40
⁧دشاد⁩	40
⁧دشمه⁩	40
⁧دضا⁩	40
⁧دعبل⁩	40
⁧دعنا⁩	40
⁧دعیر⁩	40
⁧دغدو⁩	40
⁧دفیل⁩	40
⁧دلارا⁩	40
⁧دلارام⁩	40
⁧دلارم⁩	40
⁧دلاریس⁩	40
⁧دلان⁩	40
⁧دلانا⁩	40
⁧دلاوا⁩	40
⁧دلاوین⁩	40
⁧دلایت⁩	40
⁧دلبان⁩	40
⁧دلبانو⁩	40
⁧دلبرناز⁩	40
⁧دلبین⁩	40
⁧دلجان⁩	40
⁧دلربای⁩	40
⁧دلرخ⁩	40
⁧دلرفین⁩	40
⁧دلریوش⁩	40
⁧دلزار⁩	40
⁧دلسا⁩	40
⁧دلسان⁩	40
⁧دلستان⁩	40
⁧دلسو⁩	40
⁧دلفا⁩	40
⁧دلماه⁩	40
⁧دلمراد⁩	40
⁧دلمراز⁩	40
⁧دلمیا⁩	40
⁧دلنوش⁩	40
⁧دلنیا⁩	40
⁧دلنیال⁩	40
⁧دلنیکا⁩	40
⁧دلها⁩	40
⁧دلهان⁩	40
⁧دلوار⁩	40
⁧دلوان⁩	40
⁧دلوسه⁩	40
⁧دلوش⁩	40
⁧دلوفان⁩	40
⁧دلووان⁩	40
⁧دلوین⁩	40
⁧دلپرور⁩	40
⁧دلپسند⁩	40
⁧دلژین⁩	40
⁧دلکس⁩	40
⁧دلکش⁩	40
⁧دلکو⁩	40
⁧دلگون⁩	40
⁧دلیا⁩	40
⁧دلیاد⁩	40
⁧دلیار⁩	40
⁧دلیب⁩	40
⁧دلیقان⁩	40
⁧دلیلا⁩	40
⁧دلین⁩	40
⁧دلینا⁩	40
⁧دل‌افروز⁩	40
⁧دل‌انگیز⁩	40
⁧دماوند⁩	40
⁧دمن⁩	40
⁧دمور⁩	40
⁧دمیر⁩	40
⁧دنا⁩	40
⁧دنبره⁩	40
⁧دنیامعلی⁩	40
⁧دنیز⁩	40
⁧دها⁩	40
⁧دهخدا⁩	40
⁧دهس⁩	40
⁧دهلول⁩	40
⁧دهما⁩	40
⁧دهنز⁩	40
⁧دهین⁩	40
⁧دهیه⁩	40
⁧دواود⁩	40
⁧دوردی⁩	40
⁧دورسین⁩	40
⁧دورنا⁩	40
⁧دوزیه⁩	40
⁧دوستار⁩	40
⁧دوستعلی⁩	40
⁧دوستمراد⁩	40
⁧دوستک⁩	40
⁧دولتیار⁩	40
⁧دوله⁩	40
⁧دولی⁩	40
⁧دومارینا⁩	40
⁧دومان⁩	40
⁧دوندی⁩	40
⁧دوود⁩	40
⁧دوکا⁩	40
⁧دویغو⁩	40
⁧دژار⁩	40
⁧دژان⁩	40
⁧دگرانوهی⁩	40
⁧دیااکو⁩	40
⁧دیاب⁩	40
⁧دیار⁩	40
⁧دیارا⁩	40
⁧دیاری⁩	40
⁧دیالو⁩	40
⁧دیانوش⁩	40
⁧دیاکو⁩	40
⁧دیباج⁩	40
⁧دیبادخت⁩	40
⁧دیبارخ⁩	40
⁧دیباچهر⁩	40
⁧دیبرگ⁩	40
⁧دیروان⁩	40
⁧دیلا⁩	40
⁧دیلک⁩	40
⁧دیما⁩	40
⁧دیماه⁩	40
⁧دیمه⁩	40
⁧دیناز⁩	40
⁧دینامعلی⁩	40
⁧دینعلی⁩	40
⁧دینه⁩	40
⁧دینور⁩	40
⁧دینوند⁩	40
⁧دینیار⁩	40
⁧دیوانعلی⁩	40
⁧دیکران⁩	40
⁧ذاریوش⁩	40
⁧ذالفغار⁩	40
⁧ذالفقار⁩	40
⁧ذاود⁩	40
⁧ذاوذ⁩	40
⁧ذاکره⁩	40
⁧ذاکرین⁩	40
⁧ذبیح⁩	40
⁧ذبیحه⁩	40
⁧ذبیح‌الله⁩	40
⁧ذبیده⁩	40
⁧ذبیر⁩	40
⁧ذبیع⁩	40
⁧ذرا⁩	40
⁧ذرغام⁩	40
⁧ذری⁩	40
⁧ذرینه⁩	40
⁧ذریه⁩	40
⁧ذلفا⁩	40
⁧ذلفعلی⁩	40
⁧ذلفقار⁩	40
⁧ذلفناز⁩	40
⁧ذلفی⁩	40
⁧ذلگی⁩	40
⁧ذلیجا⁩	40
⁧ذلیخاه⁩	40
⁧ذمضان⁩	40
⁧ذمضانعلی⁩	40
⁧ذهاب⁩	40
⁧ذهب⁩	40
⁧ذهره⁩	40
⁧ذهیب⁩	40
⁧ذهیبه⁩	40
⁧ذهید⁩	40
⁧ذهین⁩	40
⁧ذوالفضل⁩	40
⁧ذوالفغار⁩	40
⁧ذوالنور⁩	40
⁧ذوالنون⁩	40
⁧ذوغعلی⁩	40
⁧ذوقعلی⁩	40
⁧ذولفعلی⁩	40
⁧ذولفقار⁩	40
⁧ذولیخاه⁩	40
⁧ذکا⁩	40
⁧ذکرالاه⁩	40
⁧ذکرالله⁩	40
⁧ذکراله⁩	40
⁧ذکرعلی⁩	40
⁧ذکریا⁩	40
⁧ذکریاقلی⁩	40
⁧ذکی⁩	40
⁧ذکیه⁩	40
⁧ذیاب⁩	40
⁧ذیداله⁩	40
⁧ذینت⁩	40
⁧ربابه⁩	40
⁧رخساره⁩	40
⁧رقیه⁩	40
⁧رأفت⁩	40
⁧رأفتالله⁩	40
⁧رئو⁩	40
⁧رئوفه⁩	40
⁧رائف⁩	40
⁧رائین⁩	40
⁧رائیک⁩	40
⁧رائیکا⁩	40
⁧رابح⁩	40
⁧رابحه⁩	40
⁧رابر⁩	40
⁧رابعه⁩	40
⁧رابغه⁩	40
⁧رابو⁩	40
⁧رابون⁩	40
⁧رابونا⁩	40
⁧رابیا⁩	40
⁧رابیعه⁩	40
⁧رابیه⁩	40
⁧راتا⁩	40
⁧راتین⁩	40
⁧راتینا⁩	40
⁧راثین⁩	40
⁧راحاه⁩	40
⁧راحب⁩	40
⁧راحل⁩	40
⁧راحلخه⁩	40
⁧راحله⁩	40
⁧راحم⁩	40
⁧راحمه⁩	40
⁧راحیل⁩	40
⁧راحیله⁩	40
⁧راحین⁩	40
⁧راخدا⁩	40
⁧رادبد⁩	40
⁧رادبرزین⁩	40
⁧رادبه⁩	40
⁧راددخت⁩	40
⁧رادریس⁩	40
⁧رادسام⁩	40
⁧رادعلی⁩	40
⁧رادف⁩	40
⁧رادفرخ⁩	40
⁧رادمان⁩	40
⁧رادمن⁩	40
⁧رادمین⁩	40
⁧رادن⁩	40
⁧رادنوش⁩	40
⁧رادنیک⁩	40
⁧رادوین⁩	40
⁧رادیان⁩	40
⁧رادین⁩	40
⁧رازان⁩	40
⁧رازانه⁩	40
⁧رازاوه⁩	40
⁧رازق⁩	40
⁧رازقیه⁩	40
⁧رازمحمد⁩	40
⁧رازمیک⁩	40
⁧رازک⁩	40
⁧رازیانه⁩	40
⁧رازیل⁩	40
⁧رازیما⁩	40
⁧رازین⁩	40
⁧رازیه⁩	40
⁧راسان⁩	40
⁧راسجاد⁩	40
⁧راسطو⁩	40
⁧راسم⁩	40
⁧راسن⁩	40
⁧راسپینا⁩	40
⁧راسین⁩	40
⁧راشا⁩	40
⁧راشده⁩	40
⁧راشر⁩	40
⁧راشن⁩	40
⁧راشنو⁩	40
⁧راشوند⁩	40
⁧راشید⁩	40
⁧راشین⁩	40
⁧راصیه⁩	40
⁧راضا⁩	40
⁧راضه⁩	40
⁧راضییه⁩	40
⁧راظیه⁩	40
⁧راعلی⁩	40
⁧راغب⁩	40
⁧راغبه⁩	40
⁧راغده⁩	40
⁧رافاییل⁩	40
⁧رافت⁩	40
⁧رافد⁩	40
⁧رافده⁩	40
⁧رافع⁩	40
⁧رافعه⁩	40
⁧رافق⁩	40
⁧رافه⁩	40
⁧رافونه⁩	40
⁧رافیق⁩	40
⁧رافیک⁩	40
⁧راقیل⁩	40
⁧رامان⁩	40
⁧رامانا⁩	40
⁧رامبد⁩	40
⁧رامبود⁩	40
⁧رامتن⁩	40
⁧رامتین⁩	40
⁧رامتینا⁩	40
⁧رامثن⁩	40
⁧رامح⁩	40
⁧رامز⁩	40
⁧رامس⁩	40
⁧رامسین⁩	40
⁧رامسینا⁩	40
⁧رامشاد⁩	40
⁧رامشدخت⁩	40
⁧رامشین⁩	40
⁧رامفر⁩	40
⁧رامن⁩	40
⁧رامند⁩	40
⁧رامنه⁩	40
⁧رامه⁩	40
⁧رامیا⁩	40
⁧رامیاد⁩	40
⁧رامیتا⁩	40
⁧رامیتن⁩	40
⁧رامیتین⁩	40
⁧رامیز⁩	40
⁧رامیسا⁩	40
⁧رامیلا⁩	40
⁧رامینا⁩	40
⁧رامیندخت⁩	40
⁧رامینه⁩	40
⁧رامیه⁩	40
⁧رانا⁩	40
⁧رانیا⁩	40
⁧رانیه⁩	40
⁧راهبر⁩	40
⁧راهله⁩	40
⁧راهوم⁩	40
⁧راهید⁩	40
⁧راهیل⁩	40
⁧راهیلا⁩	40
⁧راهیله⁩	40
⁧راهین⁩	40
⁧راوک⁩	40
⁧راویز⁩	40
⁧راویس⁩	40
⁧راوین⁩	40
⁧راویه⁩	40
⁧راویژ⁩	40
⁧راژان⁩	40
⁧راژانه⁩	40
⁧راژور⁩	40
⁧راژیس⁩	40
⁧راکان⁩	40
⁧راکع⁩	40
⁧راکعه⁩	40
⁧راکویل⁩	40
⁧رایا⁩	40
⁧رایب⁩	40
⁧رایبد⁩	40
⁧راید⁩	40
⁧رایسا⁩	40
⁧رایشن⁩	40
⁧رایمن⁩	40
⁧رایمند⁩	40
⁧رایمون⁩	40
⁧رایموند⁩	40
⁧راینیک⁩	40
⁧رایهن⁩	40
⁧رایوب⁩	40
⁧رایومند⁩	40
⁧رایکا⁩	40
⁧رایین⁩	40
⁧راییکا⁩	40
⁧رباب⁩	40
⁧رباباه⁩	40
⁧ربانعلی⁩	40
⁧ربضا⁩	40
⁧ربعلی⁩	40
⁧ربن⁩	40
⁧ربیده⁩	40
⁧ربیعذ⁩	40
⁧ربیعلی⁩	40
⁧ربین⁩	40
⁧ربیه⁩	40
⁧ربیوار⁩	40
⁧رتاج⁩	40
⁧رتضی⁩	40
⁧رتمین⁩	40
⁧رتیا⁩	40
⁧رجا⁩	40
⁧رجاء⁩	40
⁧رجاع⁩	40
⁧رجای⁩	40
⁧رجبقلی⁩	40
⁧رجعبعلی⁩	40
⁧رجعبلی⁩	40
⁧رجعلی⁩	40
⁧رجمن⁩	40
⁧رجیب⁩	40
⁧رجیعلی⁩	40
⁧رجیقلی⁩	40
⁧رجیم⁩	40
⁧رحاب⁩	40
⁧رحام⁩	40
⁧رحد⁩	40
⁧رحله⁩	40
⁧رحمانعلی⁩	40
⁧رحمانقلی⁩	40
⁧رحمتالله⁩	40
⁧رحمتاله⁩	40
⁧رحمتعلی⁩	40
⁧رحمتقلی⁩	40
⁧رحمت‌الله⁩	40
⁧رحمدین⁩	40
⁧رحمعلی⁩	40
⁧رحمن⁩	40
⁧رحمنقلی⁩	40
⁧رحمیه⁩	40
⁧رحیل⁩	40
⁧رحیله⁩	40
⁧رحیمعلی⁩	40
⁧رحیمه⁩	40
⁧رحینم⁩	40
⁧رحیک⁩	40
⁧رخام⁩	40
⁧رخامین⁩	40
⁧رختانه⁩	40
⁧رخسار⁩	40
⁧رخسان⁩	40
⁧رخسانا⁩	40
⁧رخسانه⁩	40
⁧رخسلره⁩	40
⁧رخشانه⁩	40
⁧رخشید⁩	40
⁧رخشیده⁩	40
⁧رخمان⁩	40
⁧رخنا⁩	40
⁧رخنار⁩	40
⁧رخند⁩	40
⁧رخک⁩	40
⁧رخگل⁩	40
⁧رخیمه⁩	40
⁧ردنیا⁩	40
⁧ردوف⁩	40
⁧ردگون⁩	40
⁧ردیمه⁩	40
⁧ردینا⁩	40
⁧رذشید⁩	40
⁧رراضیه⁩	40
⁧رزآنا⁩	40
⁧رزارا⁩	40
⁧رزافشان⁩	40
⁧رزاق⁩	40
⁧رزالین⁩	40
⁧رزان⁩	40
⁧رزانا⁩	40
⁧رزسا⁩	40
⁧رزقیه⁩	40
⁧رزمان⁩	40
⁧رزمایا⁩	40
⁧رزمیار⁩	40
⁧رزمین⁩	40
⁧رزمینا⁩	40
⁧رزوان⁩	40
⁧رزگار⁩	40
⁧رزگر⁩	40
⁧رزیانه⁩	40
⁧رزیج⁩	40
⁧رزیقه⁩	40
⁧رزین⁩	40
⁧رزینا⁩	40
⁧رزیه⁩	40
⁧رسابانو⁩	40
⁧رساله⁩	40
⁧رستا⁩	40
⁧رستار⁩	40
⁧رستان⁩	40
⁧رستاک⁩	40
⁧رستمعلی⁩	40
⁧رستهم⁩	40
⁧رستکار⁩	40
⁧رستین⁩	40
⁧رسعید⁩	40
⁧رسل⁩	40
⁧رسول⁩	40
⁧رسولبخش⁩	40
⁧رسپینا⁩	40
⁧رشا⁩	40
⁧رشاد⁩	40
⁧رشادت⁩	40
⁧رشتاک⁩	40
⁧رشدیه⁩	40
⁧رشما⁩	40
⁧رشنان⁩	40
⁧رشنواد⁩	40
⁧رشنواز⁩	40
⁧رشوان⁩	40
⁧رشپسول⁩	40
⁧رشیدا⁩	40
⁧رشیدالدین⁩	40
⁧رشیده⁩	40
⁧رشینا⁩	40
⁧رصوان⁩	40
⁧رصیه⁩	40
⁧رضاحسین⁩	40
⁧رضاغلی⁩	40
⁧رضامراد⁩	40
⁧رضامعلی⁩	40
⁧رضامیرزا⁩	40
⁧رضاگلی⁩	40
⁧رضوا⁩	40
⁧رضوات⁩	40
⁧رضواندخت⁩	40
⁧رضوانه⁩	40
⁧رضیالدین⁩	40
⁧رضیع⁩	40
⁧رضیه⁩	40
⁧رطابه⁩	40
⁧رظ⁩	40
⁧رظا⁩	40
⁧رعده⁩	40
⁧رعفت⁩	40
⁧رعنا⁩	40
⁧رعناء⁩	40
⁧رعوف⁩	40
⁧رعوفه⁩	40
⁧رعیا⁩	40
⁧رغایبعلی⁩	40
⁧رغبیه⁩	40
⁧رغد⁩	40
⁧رغمان⁩	40
⁧رغنا⁩	40
⁧رغیبه⁩	40
⁧رغیه⁩	40
⁧رفائیل⁩	40
⁧رفان⁩	40
⁧رفعان⁩	40
⁧رفعتالله⁩	40
⁧رفعلی⁩	40
⁧رفعین⁩	40
⁧رفیا⁩	40
⁧رفیجه⁩	40
⁧رفیدا⁩	40
⁧رفیده⁩	40
⁧رفیعالدین⁩	40
⁧رفیعلی⁩	40
⁧رفیعه⁩	40
⁧رفیغه⁩	40
⁧رفیف⁩	40
⁧رفیمه⁩	40
⁧رفیه⁩	40
⁧رقبه⁩	40
⁧رقسه⁩	40
⁧رقیبه⁩	40
⁧رقیثه⁩	40
⁧رقیعه⁩	40
⁧رقیهاسرا⁩	40
⁧رقیهمیسا⁩	40
⁧رقییه⁩	40
⁧رمانه⁩	40
⁧رمزعلی⁩	40
⁧رمضا⁩	40
⁧رمضانعلی⁩	40
⁧رمضانعیل⁩	40
⁧رمضانغلی⁩	40
⁧رمضانلی⁩	40
⁧رمضلنعلی⁩	40
⁧رمضیه⁩	40
⁧رمند⁩	40
⁧رمه⁩	40
⁧رمیا⁩	40
⁧رمیاز⁩	40
⁧رمیز⁩	40
⁧رمیصا⁩	40
⁧رمیض⁩	40
⁧رمیله⁩	40
⁧رمیلیا⁩	40
⁧رمینا⁩	40
⁧رمینه⁩	40
⁧رنا⁩	40
⁧رنان⁩	40
⁧رنانه⁩	40
⁧رنمت⁩	40
⁧رنوش⁩	40
⁧رنوف⁩	40
⁧رنگیس⁩	40
⁧رنگینه⁩	40
⁧رنین⁩	40
⁧رهاب⁩	40
⁧رهاد⁩	40
⁧رهادخت⁩	40
⁧رهادک⁩	40
⁧رهام⁩	40
⁧رهامیر⁩	40
⁧رهرا⁩	40
⁧رهنا⁩	40
⁧رهوا⁩	40
⁧رهوار⁩	40
⁧رهور⁩	40
⁧رهیار⁩	40
⁧رهینه⁩	40
⁧روءفیا⁩	40
⁧روانبخش⁩	40
⁧روباب⁩	40
⁧روبابه⁩	40
⁧روبخش⁩	40
⁧روبخیر⁩	40
⁧روبیتا⁩	40
⁧روبینا⁩	40
⁧روتاک⁩	40
⁧روجا⁩	40
⁧روجال⁩	40
⁧روجعلی⁩	40
⁧روجی⁩	40
⁧روجیار⁩	40
⁧روجیه⁩	40
⁧روحا⁩	40
⁧روحاد⁩	40
⁧روحالامین⁩	40
⁧روحالدین⁩	40
⁧روحالله⁩	40
⁧روحاله⁩	40
⁧روحعلی⁩	40
⁧روحنگیز⁩	40
⁧روحینا⁩	40
⁧روح‌الله⁩	40
⁧روح‌انگیز⁩	40
⁧روخوش⁩	40
⁧روخی⁩	40
⁧رودا⁩	40
⁧رودابه⁩	40
⁧رودک⁩	40
⁧روزافزون⁩	40
⁧روزاملک⁩	40
⁧روزان⁩	40
⁧روزانا⁩	40
⁧روزبهان⁩	40
⁧روزعلی⁩	40
⁧روزمک⁩	40
⁧روزک⁩	40
⁧روزیتا⁩	40
⁧روزین⁩	40
⁧روسانا⁩	40
⁧روشا⁩	40
⁧روشام⁩	40
⁧روشانا⁩	40
⁧روشاک⁩	40
⁧روشنا⁩	40
⁧روشنان⁩	40
⁧روشندخت⁩	40
⁧روشنرخ⁩	40
⁧روشنعلی⁩	40
⁧روشنمهر⁩	40
⁧روشنچهر⁩	40
⁧روشنک⁩	40
⁧روشینا⁩	40
⁧روضان⁩	40
⁧روغیه⁩	40
⁧روف⁩	40
⁧روفعت⁩	40
⁧روفلا⁩	40
⁧روفیا⁩	40
⁧روفیاء⁩	40
⁧روفیده⁩	40
⁧روقیه⁩	40
⁧رومانگ⁩	40
⁧روماک⁩	40
⁧رومل⁩	40
⁧رومیسا⁩	40
⁧رومینا⁩	40
⁧رومیه⁩	40
⁧رونا⁩	40
⁧روناز⁩	40
⁧روناس⁩	40
⁧روناهی⁩	40
⁧روناک⁩	40
⁧روناکی⁩	40
⁧رونک⁩	40
⁧رونیا⁩	40
⁧رونیاس⁩	40
⁧رونیز⁩	40
⁧رونیسا⁩	40
⁧رونیکا⁩	40
⁧روهات⁩	40
⁧روهاله⁩	40
⁧روهام⁩	40
⁧روهنگیز⁩	40
⁧روومانگ⁩	40
⁧روپاک⁩	40
⁧روپیا⁩	40
⁧روچیار⁩	40
⁧روژ⁩	40
⁧روژآوا⁩	40
⁧روژا⁩	40
⁧روژان⁩	40
⁧روژانو⁩	40
⁧روژبین⁩	40
⁧روژدا⁩	40
⁧روژمان⁩	40
⁧روژن⁩	40
⁧روژنا⁩	40
⁧روژناک⁩	40
⁧روژه⁩	40
⁧روژهات⁩	40
⁧روژیا⁩	40
⁧روژیار⁩	40
⁧روژیتا⁩	40
⁧روژین⁩	40
⁧روژینا⁩	40
⁧روژییار⁩	40
⁧روکال⁩	40
⁧رویاء⁩	40
⁧رویاخانم⁩	40
⁧رویدا⁩	40
⁧رویز⁩	40
⁧رویسا⁩	40
⁧روین⁩	40
⁧رویوف⁩	40
⁧روییا⁩	40
⁧روییده⁩	40
⁧روییل⁩	40
⁧رویین⁩	40
⁧رویین‌تن⁩	40
⁧رژا⁩	40
⁧رژان⁩	40
⁧رژیا⁩	40
⁧رژین⁩	40
⁧رکاب⁩	40
⁧رکابعلی⁩	40
⁧رکسار⁩	40
⁧رکسان⁩	40
⁧رکسانا⁩	40
⁧رکسانه⁩	40
⁧رکسانهء⁩	40
⁧رکسنا⁩	40
⁧رکشانا⁩	40
⁧رکنالدین⁩	40
⁧ریاح⁩	40
⁧ریاض⁩	40
⁧ریانا⁩	40
⁧ریبا⁩	40
⁧ریبار⁩	40
⁧ریباز⁩	40
⁧ریبر⁩	40
⁧ریبرار⁩	40
⁧ریبواد⁩	40
⁧ریبوار⁩	40
⁧ریبویار⁩	40
⁧ریبین⁩	40
⁧ریتاج⁩	40
⁧ریجینا⁩	40
⁧ریحان⁩	40
⁧ریحانا⁩	40
⁧ریحانه⁩	40
⁧ریر⁩	40
⁧ریرا⁩	40
⁧ریزان⁩	40
⁧ریزهگل⁩	40
⁧ریسان⁩	40
⁧ریسلا⁩	40
⁧ریسی⁩	40
⁧ریشاد⁩	40
⁧ریشنا⁩	40
⁧ریقه⁩	40
⁧ریما⁩	40
⁧ریماس⁩	40
⁧ریناس⁩	40
⁧رینام⁩	40
⁧ریهام⁩	40
⁧ریهانه⁩	40
⁧ریوف⁩	40
⁧ریونیز⁩	40
⁧ریژنه⁩	40
⁧ریژوان⁩	40
⁧ریژین⁩	40
⁧ریکا⁩	40
⁧ریکان⁩	40
⁧ریگو⁩	40
⁧ریگوار⁩	40
⁧رییسه⁩	40
⁧زائان⁩	40
⁧زائر⁩	40
⁧زائره⁩	40
⁧زاب⁩	40
⁧زادان⁩	40
⁧زادبه⁩	40
⁧زادسرو⁩	40
⁧زادشم⁩	40
⁧زادمن⁩	40
⁧زادک⁩	40
⁧زارمیک⁩	40
⁧زاشد⁩	40
⁧زاضیه⁩	40
⁧زاعد⁩	40
⁧زافر⁩	40
⁧زالعابدین⁩	40
⁧زالفعلی⁩	40
⁧زالفقار⁩	40
⁧زامل⁩	40
⁧زامی⁩	40
⁧زامیاد⁩	40
⁧زامیر⁩	40
⁧زانا⁩	40
⁧زانوس⁩	40
⁧زانکو⁩	40
⁧زانیار⁩	40
⁧زانیس⁩	40
⁧زاهدالدین⁩	40
⁧زاهده⁩	40
⁧زاهر⁩	40
⁧زاهره⁩	40
⁧زاهید⁩	40
⁧زاوا⁩	40
⁧زاور⁩	40
⁧زاون⁩	40
⁧زاویش⁩	40
⁧زاکاوی⁩	40
⁧زاکر⁩	40
⁧زاکرس⁩	40
⁧زاکیه⁩	40
⁧زاگرس⁩	40
⁧زاگروس⁩	40
⁧زایا⁩	40
⁧زاید⁩	40
⁧زایر⁩	40
⁧زاینار⁩	40
⁧زایهله⁩	40
⁧زبداشوری⁩	40
⁧زبنب⁩	40
⁧زبور⁩	40
⁧زبی⁩	40
⁧زبیالله⁩	40
⁧زبیدده⁩	40
⁧زبیده⁩	40
⁧زبیر⁩	40
⁧زبیره⁩	40
⁧زبیع⁩	40
⁧زبینده⁩	40
⁧زحمان⁩	40
⁧زخساره⁩	40
⁧زرآلی⁩	40
⁧زرا⁩	40
⁧زراتشت⁩	40
⁧زرار⁩	40
⁧زراره⁩	40
⁧زراسپ⁩	40
⁧زراندام⁩	40
⁧زرانگیز⁩	40
⁧زرانگیس⁩	40
⁧زراوه⁩	40
⁧زربا⁩	40
⁧زربانو⁩	40
⁧زربین⁩	40
⁧زرتا⁩	40
⁧زرتاج⁩	40
⁧زرتشت⁩	40
⁧زرجان⁩	40
⁧زرجین⁩	40
⁧زرخاتون⁩	40
⁧زرداده⁩	40
⁧زرداشت⁩	40
⁧زردتشت⁩	40
⁧زردهشت⁩	40
⁧زردیس⁩	40
⁧زردین⁩	40
⁧زرسا⁩	40
⁧زرستان⁩	40
⁧زرشام⁩	40
⁧زرعلی⁩	40
⁧زرغام⁩	40
⁧زرغون⁩	40
⁧زرفانه⁩	40
⁧زرفشان⁩	40
⁧زرقا⁩	40
⁧زرقام⁩	40
⁧زرقان⁩	40
⁧زرقلم⁩	40
⁧زرقونه⁩	40
⁧زرم⁩	40
⁧زرمان⁩	40
⁧زرماه⁩	40
⁧زرملک⁩	40
⁧زرمی⁩	40
⁧زرمینه⁩	40
⁧زرمیک⁩	40
⁧زرناز⁩	40
⁧زرنشان⁩	40
⁧زرنگیس⁩	40
⁧زرهام⁩	40
⁧زروان⁩	40
⁧زروانداد⁩	40
⁧زروانمهر⁩	40
⁧زروند⁩	40
⁧زرپنجه⁩	40
⁧زرکا⁩	40
⁧زرگان⁩	40
⁧زرگیس⁩	40
⁧زرگیسو⁩	40
⁧زریا⁩	40
⁧زریان⁩	40
⁧زریبا⁩	40
⁧زریدخت⁩	40
⁧زریر⁩	40
⁧زریفه⁩	40
⁧زرینار⁩	40
⁧زرینتاج⁩	40
⁧زریندخت⁩	40
⁧زرینمهر⁩	40
⁧زرینه⁩	40
⁧زریه⁩	40
⁧زریون⁩	40
⁧زستم⁩	40
⁧زستمعلی⁩	40
⁧زسول⁩	40
⁧زعفر⁩	40
⁧زعفران⁩	40
⁧زعلان⁩	40
⁧زعلیه⁩	40
⁧زعید⁩	40
⁧زعیر⁩	40
⁧زعیم⁩	40
⁧زفشان⁩	40
⁧زقیه⁩	40
⁧زلال⁩	40
⁧زلاله⁩	40
⁧زلفا⁩	40
⁧زلفعلی⁩	40
⁧زلفقار⁩	40
⁧زلفیه⁩	40
⁧زلمه⁩	40
⁧زلمی⁩	40
⁧زلیخ⁩	40
⁧زلیخا⁩	40
⁧زلیخاه⁩	40
⁧زلیخواه⁩	40
⁧زلیما⁩	40
⁧زماد⁩	40
⁧زمانعلی⁩	40
⁧زمران⁩	40
⁧زمره⁩	40
⁧زمری⁩	40
⁧زمن⁩	40
⁧زمیرا⁩	40
⁧زنب⁩	40
⁧زنبر⁩	40
⁧زنبق⁩	40
⁧زننب⁩	40
⁧زنون⁩	40
⁧زنگل⁩	40
⁧زنگه⁩	40
⁧زنگو⁩	40
⁧زنگوذر⁩	40
⁧زنگینه⁩	40
⁧زنیان⁩	40
⁧زنیک⁩	40
⁧زها⁩	40
⁧زهاب⁩	40
⁧زهتاب⁩	40
⁧زهدیه⁩	40
⁧زهرا⁩	40
⁧زهراء⁩	40
⁧زهراب⁩	40
⁧زهرابیگم⁩	40
⁧زهرات⁩	40
⁧زهرادخت⁩	40
⁧زهرافریده⁩	40
⁧زهرال⁩	40
⁧زهرامریم⁩	40
⁧زهراناز⁩	40
⁧زهرانساء⁩	40
⁧زهرخان⁩	40
⁧زهمرا⁩	40
⁧زهنت⁩	40
⁧زهه⁩	40
⁧زهور⁩	40
⁧زهوری⁩	40
⁧زهی⁩	40
⁧زهید⁩	40
⁧زهیر⁩	40
⁧زهیرا⁩	40
⁧زهیره⁩	40
⁧زهیمه⁩	40
⁧زوالیخا⁩	40
⁧زوبیده⁩	40
⁧زوبین⁩	40
⁧زورار⁩	40
⁧زوران⁩	40
⁧زوریتسا⁩	40
⁧زوشا⁩	40
⁧زوفا⁩	40
⁧زولاد⁩	40
⁧زولفعلی⁩	40
⁧زولیا⁩	40
⁧زومیل⁩	40
⁧زوهر⁩	40
⁧زوپیر⁩	40
⁧زوپین⁩	40
⁧زوید⁩	40
⁧زویده⁩	40
⁧زوییش⁩	40
⁧زویین⁩	40
⁧زکاء⁩	40
⁧زکایه⁩	40
⁧زکرالله⁩	40
⁧زکرعلی⁩	40
⁧زکریا⁩	40
⁧زکریسانو⁩	40
⁧زکیا⁩	40
⁧زکیه⁩	40
⁧زگما⁩	40
⁧زگیه⁩	40
⁧زیا⁩	40
⁧زیاب⁩	40
⁧زیادعلی⁩	40
⁧زیادین⁩	40
⁧زیار⁩	40
⁧زیارتعلی⁩	40
⁧زیب⁩	40
⁧زیبادخت⁩	40
⁧زیبارخ⁩	40
⁧زیبارو⁩	40
⁧زیباروی⁩	40
⁧زیبامحمد⁩	40
⁧زیبان⁩	40
⁧زیبب⁩	40
⁧زیبده⁩	40
⁧زیبر⁩	40
⁧زیبنب⁩	40
⁧زیبنده⁩	40
⁧زیتب⁩	40
⁧زیتعلی⁩	40
⁧زیتونه⁩	40
⁧زیحان⁩	40
⁧زید⁩	40
⁧زیدالله⁩	40
⁧زیداله⁩	40
⁧زیدان⁩	40
⁧زیدعلی⁩	40
⁧زیرالدین⁩	40
⁧زیرالله⁩	40
⁧زیران⁩	40
⁧زیرجد⁩	40
⁧زیرم⁩	40
⁧زیز⁩	40
⁧زیغم⁩	40
⁧زیفب⁩	40
⁧زیلا⁩	40
⁧زیلان⁩	40
⁧زیما⁩	40
⁧زینا⁩	40
⁧زینال⁩	40
⁧زینالابدین⁩	40
⁧زینالبدین⁩	40
⁧زینالدین⁩	40
⁧زینالعابدین⁩	40
⁧زینالله⁩	40
⁧زیناوند⁩	40
⁧زینب⁩	40
⁧زینبچ⁩	40
⁧زینت⁩	40
⁧زینتالشریعه⁩	40
⁧زینل⁩	40
⁧زینوس⁩	40
⁧زیوا⁩	40
⁧زیور⁩	40
⁧زیوردخت⁩	40
⁧زیوز⁩	40
⁧زیوین⁩	40
⁧زیگ⁩	40
⁧زییر⁩	40
⁧زیینده⁩	40
⁧سئودا⁩	40
⁧سئوگی⁩	40
⁧سامرند⁩	40
⁧سامره⁩	40
⁧ساناز⁩	40
⁧سائب⁩	40
⁧سااسان⁩	40
⁧سابر⁩	40
⁧سابود⁩	40
⁧سابین⁩	40
⁧سابینه⁩	40
⁧ساتراپ⁩	40
⁧ساتکین⁩	40
⁧ساتگین⁩	40
⁧ساتی⁩	40
⁧ساتیا⁩	40
⁧ساتیار⁩	40
⁧ساتیام⁩	40
⁧ساتیرا⁩	40
⁧ساتین⁩	40
⁧ساجده⁩	40
⁧ساجدین⁩	40
⁧ساجر⁩	40
⁧ساجره⁩	40
⁧ساجلدین⁩	40
⁧ساحیه⁩	40
⁧سادانا⁩	40
⁧سادن⁩	40
⁧سادنا⁩	40
⁧سادنه⁩	40
⁧سادون⁩	40
⁧سادیار⁩	40
⁧سادینا⁩	40
⁧سادیه⁩	40
⁧سار⁩	40
⁧ساراء⁩	40
⁧ساراب⁩	40
⁧سارابیگم⁩	40
⁧سارادخت⁩	40
⁧سارال⁩	40
⁧سارالاه⁩	40
⁧سارالماز⁩	40
⁧ساران⁩	40
⁧سارای⁩	40
⁧سارجه⁩	40
⁧سارف⁩	40
⁧سارمه⁩	40
⁧سارمین⁩	40
⁧سارنا⁩	40
⁧سارنگ⁩	40
⁧سارنیا⁩	40
⁧ساره⁩	40
⁧ساروز⁩	40
⁧سارونا⁩	40
⁧سارونه⁩	40
⁧ساروین⁩	40
⁧سارویه⁩	40
⁧سارپ⁩	40
⁧سارک⁩	40
⁧سارکو⁩	40
⁧سارگن⁩	40
⁧ساریا⁩	40
⁧ساریان⁩	40
⁧ساریسا⁩	40
⁧سارین⁩	40
⁧سارینا⁩	40
⁧ساریناز⁩	40
⁧سارینه⁩	40
⁧ساریه⁩	40
⁧ساریژ⁩	40
⁧ساریگل⁩	40
⁧سازک⁩	40
⁧سازین⁩	40
⁧ساسین⁩	40
⁧ساطان⁩	40
⁧ساطعه⁩	40
⁧ساطیار⁩	40
⁧ساعاده⁩	40
⁧ساعدبگ⁩	40
⁧ساعده⁩	40
⁧ساغر⁩	40
⁧ساغمان⁩	40
⁧ساغون⁩	40
⁧سافی⁩	40
⁧ساقر⁩	40
⁧سالاربیک⁩	40
⁧سالارمهدی⁩	40
⁧سالالر⁩	40
⁧سالام⁩	40
⁧سالخ⁩	40
⁧سالداش⁩	40
⁧سالر⁩	40
⁧سالمان⁩	40
⁧سالور⁩	40
⁧سالومه⁩	40
⁧سالویا⁩	40
⁧سالیا⁩	40
⁧سالیز⁩	40
⁧سالین⁩	40
⁧سالینا⁩	40
⁧سامال⁩	40
⁧سامالن⁩	40
⁧سامبره⁩	40
⁧سامتین⁩	40
⁧سامد⁩	40
⁧سامرا⁩	40
⁧سامراد⁩	40
⁧سامران⁩	40
⁧سامراند⁩	40
⁧سامعلی⁩	40
⁧سامعه⁩	40
⁧سامه⁩	40
⁧سامول⁩	40
⁧سامویل⁩	40
⁧سامک⁩	40
⁧سامیا⁩	40
⁧سامیار⁩	40
⁧سامیتا⁩	40
⁧سامیدخت⁩	40
⁧سامیر⁩	40
⁧سامیرا⁩	40
⁧سامیز⁩	40
⁧سامیلا⁩	40
⁧سامین⁩	40
⁧سامینا⁩	40
⁧سامینه⁩	40
⁧سامیه⁩	40
⁧سانا⁩	40
⁧سانال⁩	40
⁧سانان⁩	40
⁧سانای⁩	40
⁧سانلز⁩	40
⁧سانلی⁩	40
⁧سانوا⁩	40
⁧سانوس⁩	40
⁧سانک⁩	40
⁧سانیا⁩	40
⁧سانیار⁩	40
⁧سانیاز⁩	40
⁧سانیتا⁩	40
⁧سانیل⁩	40
⁧سانیلا⁩	40
⁧سانیه⁩	40
⁧ساها⁩	40
⁧ساهر⁩	40
⁧ساهره⁩	40
⁧ساهی⁩	40
⁧ساوا⁩	40
⁧ساواش⁩	40
⁧ساوالان⁩	40
⁧ساوان⁩	40
⁧ساورا⁩	40
⁧ساوره⁩	40
⁧ساورین⁩	40
⁧ساورینا⁩	40
⁧ساوش⁩	40
⁧ساوند⁩	40
⁧ساونگ⁩	40
⁧ساوه⁩	40
⁧ساویس⁩	40
⁧ساوین⁩	40
⁧ساوینا⁩	40
⁧ساویه⁩	40
⁧ساچلی⁩	40
⁧ساکار⁩	40
⁧ساکو⁩	40
⁧سایا⁩	40
⁧سایار⁩	40
⁧سایب⁩	40
⁧سایتال⁩	40
⁧سایدا⁩	40
⁧سایرا⁩	40
⁧سایراد⁩	40
⁧سایراو⁩	40
⁧سایره⁩	40
⁧سایق⁩	40
⁧سایم⁩	40
⁧سایمان⁩	40
⁧سایماه⁩	40
⁧سایمه⁩	40
⁧ساینا⁩	40
⁧سایناز⁩	40
⁧ساینه⁩	40
⁧سایهان⁩	40
⁧سایی⁩	40
⁧ساییل⁩	40
⁧سایین⁩	40
⁧سایینا⁩	40
⁧سبا⁩	40
⁧سباب⁩	40
⁧سبارو⁩	40
⁧سباک⁩	40
⁧سبته⁩	40
⁧سبحات⁩	40
⁧سبحان⁩	40
⁧سبحانعلی⁩	40
⁧سبحانقلی⁩	40
⁧سبحانه⁩	40
⁧سبحه⁩	40
⁧سبرایل⁩	40
⁧سبریه⁩	40
⁧سبزارنگ⁩	40
⁧سبزالدین⁩	40
⁧سبزبانو⁩	40
⁧سبزبهار⁩	40
⁧سبزمراد⁩	40
⁧سبزوار⁩	40
⁧سبزپری⁩	40
⁧سبزک⁩	40
⁧سبزینه⁩	40
⁧سبلان⁩	40
⁧سبمیه⁩	40
⁧سبنا⁩	40
⁧سبنم⁩	40
⁧سبهان⁩	40
⁧سبهر⁩	40
⁧سبوح⁩	40
⁧سبوحا⁩	40
⁧سبکتکین⁩	40
⁧سبکتین⁩	40
⁧سبکیه⁩	40
⁧سبیتی⁩	40
⁧سبیده⁩	40
⁧سبیله⁩	40
⁧سبیمان⁩	40
⁧سبیه⁩	40
⁧سبیکه⁩	40
⁧ستا⁩	40
⁧ستاتیرا⁩	40
⁧ستاه⁩	40
⁧ستاک⁩	40
⁧ستایا⁩	40
⁧ستایان⁩	40
⁧سترا⁩	40
⁧سترگ⁩	40
⁧ستوره⁩	40
⁧ستوش⁩	40
⁧ستی⁩	40
⁧ستیلا⁩	40
⁧ستین⁩	40
⁧سجا⁩	40
⁧سجاده⁩	40
⁧سجاذ⁩	40
⁧سجان⁩	40
⁧سجانقلی⁩	40
⁧سجایا⁩	40
⁧سجاید⁩	40
⁧سجتد⁩	40
⁧سجد⁩	40
⁧سجده⁩	40
⁧سجواد⁩	40
⁧سحاب⁩	40
⁧سحابعلی⁩	40
⁧سحابه⁩	40
⁧سحاد⁩	40
⁧سحبان⁩	40
⁧سحذر⁩	40
⁧سحراب⁩	40
⁧سحرال⁩	40
⁧سحرانه⁩	40
⁧سحربانو⁩	40
⁧سحرخان⁩	40
⁧سحرنا⁩	40
⁧سحرناز⁩	40
⁧سحره⁩	40
⁧سحرگل⁩	40
⁧سحورا⁩	40
⁧سحوره⁩	40
⁧سحیل⁩	40
⁧سحین⁩	40
⁧سخا⁩	40
⁧سخاوتعلی⁩	40
⁧سخاوه⁩	40
⁧سخر⁩	40
⁧سخید⁩	40
⁧سخیداد⁩	40
⁧سخیده⁩	40
⁧سدا⁩	40
⁧سداب⁩	40
⁧سدابه⁩	40
⁧سدار⁩	40
⁧سدالله⁩	40
⁧سداله⁩	40
⁧سدانت⁩	40
⁧سدخان⁩	40
⁧سدرا⁩	40
⁧سدریه⁩	40
⁧سدن⁩	40
⁧سدنا⁩	40
⁧سدهومن⁩	40
⁧سدید⁩	40
⁧سدیدالدین⁩	40
⁧سدیس⁩	40
⁧سدیف⁩	40
⁧سدیقه⁩	40
⁧سدیه⁩	40
⁧سرآویز⁩	40
⁧سراجالدین⁩	40
⁧سراصلانه⁩	40
⁧سراف⁩	40
⁧سرافشان⁩	40
⁧سرافیل⁩	40
⁧سرالله⁩	40
⁧سراله⁩	40
⁧سرانداز⁩	40
⁧سراهی⁩	40
⁧سرایش⁩	40
⁧سرایه⁩	40
⁧سربازعلی⁩	40
⁧سربس⁩	40
⁧سربناز⁩	40
⁧سرتپ⁩	40
⁧سرتیپ⁩	40
⁧سرتیپه⁩	40
⁧سرجان⁩	40
⁧سرحان⁩	40
⁧سرخاب⁩	40
⁧سرخای⁩	40
⁧سرخیر⁩	40
⁧سرداد⁩	40
⁧سردارر⁩	40
⁧سرداره⁩	40
⁧سرداغر⁩	40
⁧سردشت⁩	40
⁧سردین⁩	40
⁧سرزه⁩	40
⁧سرزیگ⁩	40
⁧سرشین⁩	40
⁧سرفنا⁩	40
⁧سرفناز⁩	40
⁧سرمت⁩	40
⁧سرمد⁩	40
⁧سرمعلی⁩	40
⁧سرمیان⁩	40
⁧سرمیتگ⁩	40
⁧سرمین⁩	40
⁧سرمیناز⁩	40
⁧سرنا⁩	40
⁧سرناد⁩	40
⁧سرناز⁩	40
⁧سرنای⁩	40
⁧سرهاد⁩	40
⁧سروا⁩	40
⁧سرواد⁩	40
⁧سروبن⁩	40
⁧سروت⁩	40
⁧سرودخت⁩	40
⁧سروراعظم⁩	40
⁧سرورال⁩	40
⁧سرورالملوک⁩	40
⁧سرورخانم⁩	40
⁧سروره⁩	40
⁧سروز⁩	40
⁧سروشا⁩	40
⁧سروشان⁩	40
⁧سروشه⁩	40
⁧سروناز⁩	40
⁧سروه⁩	40
⁧سروژ⁩	40
⁧سروک⁩	40
⁧سروگل⁩	40
⁧سروین⁩	40
⁧سروینا⁩	40
⁧سروینه⁩	40
⁧سرژیک⁩	40
⁧سرکب⁩	40
⁧سرکو⁩	40
⁧سرکوت⁩	40
⁧سرکیز⁩	40
⁧سرکیس⁩	40
⁧سرگل⁩	40
⁧سرگلان⁩	40
⁧سرگون⁩	40
⁧سرگیز⁩	40
⁧سرگیس⁩	40
⁧سریا⁩	40
⁧سریار⁩	40
⁧سریتا⁩	40
⁧سریحه⁩	40
⁧سرید⁩	40
⁧سریدا⁩	40
⁧سریر⁩	40
⁧سریرا⁩	40
⁧سریرال⁩	40
⁧سریران⁩	40
⁧سریز⁩	40
⁧سریزه⁩	40
⁧سریق⁩	40
⁧سرین⁩	40
⁧سرینگل⁩	40
⁧سساوش⁩	40
⁧سسیما⁩	40
⁧سشولماز⁩	40
⁧سع⁩	40
⁧سعاد⁩	40
⁧سعادتعلی⁩	40
⁧سعادتقلی⁩	40
⁧سعاده⁩	40
⁧سعاه⁩	40
⁧سعبد⁩	40
⁧سعبید⁩	40
⁧سعد⁩	40
⁧سعدا⁩	40
⁧سعدال⁩	40
⁧سعدالدین⁩	40
⁧سعداللاه⁩	40
⁧سعدالله⁩	40
⁧سعداله⁩	40
⁧سعدان⁩	40
⁧سعده⁩	40
⁧سعدون⁩	40
⁧سعدیار⁩	40
⁧سعدیه⁩	40
⁧سعود⁩	40
⁧سعیا⁩	40
⁧سعیدا⁩	40
⁧سعیدالدین⁩	40
⁧سعیدالله⁩	40
⁧سعیداله⁩	40
⁧سعیدبخشعلی⁩	40
⁧سعیدخان⁩	40
⁧سعیدرضا⁩	40
⁧سعیدن⁩	40
⁧سعیده⁩	40
⁧سعیدیه⁩	40
⁧سعیذ⁩	40
⁧سعیذاله⁩	40
⁧سعیذه⁩	40
⁧سعیعد⁩	40
⁧سعیی⁩	40
⁧سعیید⁩	40
⁧سغد⁩	40
⁧سغدیان⁩	40
⁧سغرا⁩	40
⁧سغری⁩	40
⁧سفندارمذ⁩	40
⁧سفندیار⁩	40
⁧سفورا⁩	40
⁧سفی⁩	40
⁧سفیه⁩	40
⁧سقاح⁩	40
⁧سقرا⁩	40
⁧سقراط⁩	40
⁧سقیه⁩	40
⁧سلار⁩	40
⁧سلاسه⁩	40
⁧سلاطین⁩	40
⁧سلاله⁩	40
⁧سلامان⁩	40
⁧سلامه⁩	40
⁧سلام‌الله⁩	40
⁧سلبمان⁩	40
⁧سلبی⁩	40
⁧سلجوق⁩	40
⁧سلدا⁩	40
⁧سلدار⁩	40
⁧سلدوز⁩	40
⁧سلر⁩	40
⁧سلسه⁩	40
⁧سلطانبانو⁩	40
⁧سلطانرضا⁩	40
⁧سلطانمراد⁩	40
⁧سلطانه⁩	40
⁧سلطنه⁩	40
⁧سلعد⁩	40
⁧سلم⁩	40
⁧سلماء⁩	40
⁧سلماز⁩	40
⁧سلماس⁩	40
⁧سلمانعلی⁩	40
⁧سلمناز⁩	40
⁧سلمنیه⁩	40
⁧سلمه⁩	40
⁧سلمی⁩	40
⁧سلمیان⁩	40
⁧سلمیه⁩	40
⁧سلن⁩	40
⁧سلنا⁩	40
⁧سلناز⁩	40
⁧سلوا⁩	40
⁧سلوان⁩	40
⁧سلوانا⁩	40
⁧سلور⁩	40
⁧سلوه⁩	40
⁧سلوک⁩	40
⁧سلوی⁩	40
⁧سلویناز⁩	40
⁧سلیا⁩	40
⁧سلیدا⁩	40
⁧سلیله⁩	40
⁧سلیملن⁩	40
⁧سلیمه⁩	40
⁧سلینا⁩	40
⁧سلیه⁩	40
⁧سلیوه⁩	40
⁧سما⁩	40
⁧سماء⁩	40
⁧سمات⁩	40
⁧سماح⁩	40
⁧سماحه⁩	40
⁧سمارسیس⁩	40
⁧سماعلی⁩	40
⁧سماعیل⁩	40
⁧سمال⁩	40
⁧سمان⁩	40
⁧سمانه⁩	40
⁧سمانی⁩	40
⁧سماک⁩	40
⁧سمای⁩	40
⁧سمایع⁩	40
⁧سمبه⁩	40
⁧سمتنه⁩	40
⁧سمد⁩	40
⁧سمرا⁩	40
⁧سمراد⁩	40
⁧سمران⁩	40
⁧سمرقند⁩	40
⁧سمزر⁩	40
⁧سمسام⁩	40
⁧سمن⁩	40
⁧سمنبر⁩	40
⁧سمنتا⁩	40
⁧سمندخت⁩	40
⁧سمنرخ⁩	40
⁧سمنرو⁩	40
⁧سمنزار⁩	40
⁧سمنسا⁩	40
⁧سمنعذار⁩	40
⁧سمنناز⁩	40
⁧سمنوی⁩	40
⁧سمنچهر⁩	40
⁧سمهی⁩	40
⁧سموئیل⁩	40
⁧سمپات⁩	40
⁧سمک⁩	40
⁧سمکنان⁩	40
⁧سمکو⁩	40
⁧سمیا⁩	40
⁧سمیح⁩	40
⁧سمیحه⁩	40
⁧سمید⁩	40
⁧سمیراء⁩	40
⁧سمیرات⁩	40
⁧سمیرال⁩	40
⁧سمیران⁩	40
⁧سمیراه⁩	40
⁧سمیره⁩	40
⁧سمیعا⁩	40
⁧سمیعه⁩	40
⁧سمیله⁩	40
⁧سمیمه⁩	40
⁧سمین⁩	40
⁧سمینا⁩	40
⁧سمینه⁩	40
⁧سمیول⁩	40
⁧سمییرا⁩	40
⁧سمییه⁩	40
⁧سناء⁩	40
⁧سناءالدین⁩	40
⁧سنار⁩	40
⁧سناز⁩	40
⁧سناس⁩	40
⁧سنان⁩	40
⁧سناور⁩	40
⁧سنای⁩	40
⁧سنباد⁩	40
⁧سنبله⁩	40
⁧سنجان⁩	40
⁧سنجر⁩	40
⁧سندس⁩	40
⁧سندل⁩	40
⁧سندوس⁩	40
⁧سندین⁩	40
⁧سنعان⁩	40
⁧سنمبر⁩	40
⁧سنمیر⁩	40
⁧سنوبر⁩	40
⁧سنور⁩	40
⁧سنورا⁩	40
⁧سنوش⁩	40
⁧سنگره⁩	40
⁧سنیا⁩	40
⁧سنیه⁩	40
⁧سها⁩	40
⁧سهاب⁩	40
⁧سهاد⁩	40
⁧سهاده⁩	40
⁧سهادی⁩	40
⁧سهامالدین⁩	40
⁧سهامه⁩	40
⁧سهبا⁩	40
⁧سهبلا⁩	40
⁧سهد⁩	40
⁧سهدالله⁩	40
⁧سهداله⁩	40
⁧سهر⁩	40
⁧سهراب⁩	40
⁧سهرابعلی⁩	40
⁧سهرام⁩	40
⁧سهران⁩	40
⁧سهرب⁩	40
⁧سهربانو⁩	40
⁧سهره⁩	40
⁧سهزاب⁩	40
⁧سهعید⁩	40
⁧سهلا⁩	40
⁧سهلعلی⁩	40
⁧سهله⁩	40
⁧سهند⁩	40
⁧سهندعلی⁩	40
⁧سهوره⁩	40
⁧سهی⁩	40
⁧سهیا⁩	40
⁧سهیال⁩	40
⁧سهیبا⁩	40
⁧سهیبه⁩	40
⁧سهید⁩	40
⁧سهیده⁩	40
⁧سهیراد⁩	40
⁧سهیزاد⁩	40
⁧سهیل⁩	40
⁧سهیلا⁩	40
⁧سهیله⁩	40
⁧سهیلیه⁩	40
⁧سهیه⁩	40
⁧سوابه⁩	40
⁧سوادا⁩	40
⁧سوادبه⁩	40
⁧سواماز⁩	40
⁧سواک⁩	40
⁧سوایبه⁩	40
⁧سوبار⁩	40
⁧سوبل⁩	40
⁧سوبیا⁩	40
⁧سوبیتای⁩	40
⁧سوتا⁩	40
⁧سوتامک⁩	40
⁧سوتیام⁩	40
⁧سوجا⁩	40
⁧سودابه⁩	40
⁧سودالبه⁩	40
⁧سودایه⁩	40
⁧سودمعلی⁩	40
⁧سودملی⁩	40
⁧سوده⁩	40
⁧سودکار⁩	40
⁧سودیف⁩	40
⁧سوران⁩	40
⁧سوربون⁩	40
⁧سورج⁩	40
⁧سورنا⁩	40
⁧سورناز⁩	40
⁧سوره⁩	40
⁧سورور⁩	40
⁧سوروه⁩	40
⁧سوریا⁩	40
⁧سوریاش⁩	40
⁧سوریتا⁩	40
⁧سوریدخت⁩	40
⁧سورین⁩	40
⁧سورینا⁩	40
⁧سوریک⁩	40
⁧سوزنده⁩	40
⁧سوزیار⁩	40
⁧سوسره⁩	40
⁧سوسن⁩	40
⁧سوسنبر⁩	40
⁧سوسنک⁩	40
⁧سوسه⁩	40
⁧سوسون⁩	40
⁧سوش⁩	40
⁧سوشا⁩	40
⁧سوشیا⁩	40
⁧سوشیان⁩	40
⁧سوشیانت⁩	40
⁧سوشیانس⁩	40
⁧سوفرا⁩	40
⁧سوقات⁩	40
⁧سوقیه⁩	40
⁧سولار⁩	40
⁧سولاز⁩	40
⁧سولاف⁩	40
⁧سولاله⁩	40
⁧سولدوز⁩	40
⁧سولدوست⁩	40
⁧سولروز⁩	40
⁧سولماز⁩	40
⁧سولماس⁩	40
⁧سولمز⁩	40
⁧سولملز⁩	40
⁧سولناز⁩	40
⁧سولگون⁩	40
⁧سولگین⁩	40
⁧سولین⁩	40
⁧سولینا⁩	40
⁧سوما⁩	40
⁧سومن⁩	40
⁧سومیا⁩	40
⁧سومیتا⁩	40
⁧سومینا⁩	40
⁧سومیه⁩	40
⁧سوناء⁩	40
⁧سوناجمال⁩	40
⁧سونار⁩	40
⁧سوناز⁩	40
⁧سونالیکا⁩	40
⁧سوناگل⁩	40
⁧سونای⁩	40
⁧سونبات⁩	40
⁧سونتا⁩	40
⁧سونه⁩	40
⁧سونیای⁩	40
⁧سونیتا⁩	40
⁧سونیل⁩	40
⁧سوهیبه⁩	40
⁧سوودابه⁩	40
⁧سوون⁩	40
⁧سوژا⁩	40
⁧سوژین⁩	40
⁧سوگل⁩	40
⁧سوگلی⁩	40
⁧سوگی⁩	40
⁧سویبه⁩	40
⁧سویتا⁩	40
⁧سوید⁩	40
⁧سویدا⁩	40
⁧سویرا⁩	40
⁧سویم⁩	40
⁧سوین⁩	40
⁧سوینا⁩	40
⁧سوینج⁩	40
⁧سوینچ⁩	40
⁧سویین⁩	40
⁧سپاروک⁩	40
⁧سپاسه⁩	40
⁧سپانو⁩	40
⁧سپاکو⁩	40
⁧سپته⁩	40
⁧سپده⁩	40
⁧سپرنگ⁩	40
⁧سپنتا⁩	40
⁧سپنتام⁩	40
⁧سپنتامن⁩	40
⁧سپند⁩	40
⁧سپندار⁩	40
⁧سپندان⁩	40
⁧سپنسار⁩	40
⁧سپهدار⁩	40
⁧سپهراد⁩	40
⁧سپهرار⁩	40
⁧سپهرام⁩	40
⁧سپهران⁩	40
⁧سپهرراد⁩	40
⁧سپهرم⁩	40
⁧سپهرین⁩	40
⁧سپهیار⁩	40
⁧سپورا⁩	40
⁧سپیتا⁩	40
⁧سپیتام⁩	40
⁧سپیتمان⁩	40
⁧سپیته⁩	40
⁧سپیدار⁩	40
⁧سپیناز⁩	40
⁧سپینود⁩	40
⁧سکبنه⁩	40
⁧سکر⁩	40
⁧سکندر⁩	40
⁧سکنیه⁩	40
⁧سکیاوه⁩	40
⁧سکیته⁩	40
⁧سکیرا⁩	40
⁧سکیمه⁩	40
⁧سکینه⁩	40
⁧سکیه⁩	40
⁧سگینه⁩	40
⁧سیاب⁩	40
⁧سیابخش⁩	40
⁧سیابعلی⁩	40
⁧سیاد⁩	40
⁧سیاداله⁩	40
⁧سیاف⁩	40
⁧سیام⁩	40
⁧سیاماک⁩	40
⁧سیاملک⁩	40
⁧سیامن⁩	40
⁧سیامند⁩	40
⁧سیامنه⁩	40
⁧سیامک⁩	40
⁧سیامکل⁩	40
⁧سیامیر⁩	40
⁧سیانوش⁩	40
⁧سیاوخش⁩	40
⁧سیاوش⁩	40
⁧سیاوشس⁩	40
⁧سیاووش⁩	40
⁧سیبویه⁩	40
⁧سیبگل⁩	40
⁧سیتاک⁩	40
⁧سیترا⁩	40
⁧سیتکا⁩	40
⁧سیحان⁩	40
⁧سیحون⁩	40
⁧سیدا⁩	40
⁧سیرالله⁩	40
⁧سیرامیر⁩	40
⁧سیران⁩	40
⁧سیرانوش⁩	40
⁧سیرت⁩	40
⁧سیرخ⁩	40
⁧سیرس⁩	40
⁧سیرش⁩	40
⁧سیرمی⁩	40
⁧سیرنگ⁩	40
⁧سیروان⁩	40
⁧سیروز⁩	40
⁧سیروش⁩	40
⁧سیرین⁩	40
⁧سیزالله⁩	40
⁧سیعد⁩	40
⁧سیعدالله⁩	40
⁧سیفالدین⁩	40
⁧سیفالله⁩	40
⁧سیفاله⁩	40
⁧سیفعتی⁩	40
⁧سیفعلی⁩	40
⁧سیفور⁩	40
⁧سیف‌الله⁩	40
⁧سیلا⁩	40
⁧سیلان⁩	40
⁧سیلاو⁩	40
⁧سیلدا⁩	40
⁧سیلم⁩	40
⁧سیلماز⁩	40
⁧سیلمان⁩	40
⁧سیلوانا⁩	40
⁧سیما⁩	40
⁧سیمادخت⁩	40
⁧سیمال⁩	40
⁧سیماک⁩	40
⁧سیمبر⁩	40
⁧سیمبن⁩	40
⁧سیمتن⁩	40
⁧سیمحسن⁩	40
⁧سیمرا⁩	40
⁧سیمراد⁩	40
⁧سیمروی⁩	40
⁧سیمزار⁩	40
⁧سیمزر⁩	40
⁧سیمن⁩	40
⁧سیمه⁩	40
⁧سیموزر⁩	40
⁧سیمک⁩	40
⁧سیمگون⁩	40
⁧سیمیا⁩	40
⁧سیمیرا⁩	40
⁧سیمیسن⁩	40
⁧سیمین⁩	40
⁧سیمینبر⁩	40
⁧سیمیندخت⁩	40
⁧سیمینرخ⁩	40
⁧سیمینرو⁩	40
⁧سیمینزر⁩	40
⁧سیمینعذار⁩	40
⁧سیمینفر⁩	40
⁧سیمینه⁩	40
⁧سیمینچهر⁩	40
⁧سینادخت⁩	40
⁧سینادر⁩	40
⁧سیناذ⁩	40
⁧سینار⁩	40
⁧سیناز⁩	40
⁧سینامهر⁩	40
⁧سینان⁩	40
⁧سیناک⁩	40
⁧سینداد⁩	40
⁧سیندخت⁩	40
⁧سینره⁩	40
⁧سینعلی⁩	40
⁧سینور⁩	40
⁧سینوش⁩	40
⁧سیه⁩	40
⁧سیهیلا⁩	40
⁧سیوان⁩	40
⁧سیودا⁩	40
⁧سیوسن⁩	40
⁧سیوش⁩	40
⁧سیپان⁩	40
⁧سیکا⁩	40
⁧سیکول⁩	40
⁧سیکینه⁩	40
⁧سیگه⁩	40
⁧شائق⁩	40
⁧شاان⁩	40
⁧شاباجی⁩	40
⁧شابرزین⁩	40
⁧شابندر⁩	40
⁧شابور⁩	40
⁧شابکم⁩	40
⁧شابیگم⁩	40
⁧شاتاج⁩	40
⁧شاتاح⁩	40
⁧شاجان⁩	40
⁧شاجهان⁩	40
⁧شاحرخ⁩	40
⁧شاحسین⁩	40
⁧شاخسار⁩	40
⁧شاخوان⁩	40
⁧شادا⁩	40
⁧شاداده⁩	40
⁧شادالله⁩	40
⁧شاداله⁩	40
⁧شادانه⁩	40
⁧شادبخت⁩	40
⁧شادبخش⁩	40
⁧شادبه⁩	40
⁧شادخت⁩	40
⁧شادرای⁩	40
⁧شادرخ⁩	40
⁧شادرو⁩	40
⁧شادروز⁩	40
⁧شادروی⁩	40
⁧شادسیما⁩	40
⁧شادعلی⁩	40
⁧شادل⁩	40
⁧شادلی⁩	40
⁧شادلین⁩	40
⁧شادمانه⁩	40
⁧شادن⁩	40
⁧شادناز⁩	40
⁧شادنوش⁩	40
⁧شاده⁩	40
⁧شادوان⁩	40
⁧شادور⁩	40
⁧شادوین⁩	40
⁧شادک⁩	40
⁧شادکامه⁩	40
⁧شادکان⁩	40
⁧شادگل⁩	40
⁧شادگون⁩	40
⁧شادیا⁩	40
⁧شادیار⁩	40
⁧شادیان⁩	40
⁧شادیانه⁩	40
⁧شادیفروغ⁩	40
⁧شادیناز⁩	40
⁧شادیور⁩	40
⁧شاذب⁩	40
⁧شاران⁩	40
⁧شارایل⁩	40
⁧شارخ⁩	40
⁧شارضا⁩	40
⁧شارلا⁩	40
⁧شارمین⁩	40
⁧شارمینا⁩	40
⁧شارن⁩	40
⁧شارو⁩	40
⁧شاروسین⁩	40
⁧شارونا⁩	40
⁧شارویه⁩	40
⁧شارک⁩	40
⁧شاریا⁩	40
⁧شاریس⁩	40
⁧شارین⁩	40
⁧شارینا⁩	40
⁧شازمان⁩	40
⁧شازنان⁩	40
⁧شازول⁩	40
⁧شازیه⁩	40
⁧شاسپرم⁩	40
⁧شاشان⁩	40
⁧شاصنم⁩	40
⁧شاطلا⁩	40
⁧شاعبدال⁩	40
⁧شاعف⁩	40
⁧شاعفه⁩	40
⁧شاعلی⁩	40
⁧شاعی⁩	40
⁧شاعین⁩	40
⁧شافی⁩	40
⁧شافیه⁩	40
⁧شاقلی⁩	40
⁧شاقی⁩	40
⁧شالول⁩	40
⁧شالیار⁩	40
⁧شالیز⁩	40
⁧شالیزار⁩	40
⁧شالیزه⁩	40
⁧شامار⁩	40
⁧شامان⁩	40
⁧شامراد⁩	40
⁧شامرز⁩	40
⁧شامید⁩	40
⁧شامیرام⁩	40
⁧شامیرزا⁩	40
⁧شامیل⁩	40
⁧شانا⁩	40
⁧شانار⁩	40
⁧شاناز⁩	40
⁧شانال⁩	40
⁧شانای⁩	40
⁧شاندیز⁩	40
⁧شانظر⁩	40
⁧شانلی⁩	40
⁧شانو⁩	40
⁧شانی⁩	40
⁧شانیا⁩	40
⁧شانیان⁩	40
⁧شانیز⁩	40
⁧شانیسا⁩	40
⁧شانیه⁩	40
⁧شاها⁩	40
⁧شاهارا⁩	40
⁧شاهباجی⁩	40
⁧شاهباز⁩	40
⁧شاهبانو⁩	40
⁧شاهبختی⁩	40
⁧شاهبد⁩	40
⁧شاهبور⁩	40
⁧شاهبیگن⁩	40
⁧شاهجان⁩	40
⁧شاهدانه⁩	40
⁧شاهددخت⁩	40
⁧شاهدل⁩	40
⁧شاهدوخت⁩	40
⁧شاهدیس⁩	40
⁧شاهر⁩	40
⁧شاهراد⁩	40
⁧شاهرام⁩	40
⁧شاهرز⁩	40
⁧شاهرس⁩	40
⁧شاهرضا⁩	40
⁧شاهرمان⁩	40
⁧شاهرنان⁩	40
⁧شاهره⁩	40
⁧شاهرو⁩	40
⁧شاهروخ⁩	40
⁧شاهرود⁩	40
⁧شاهروز⁩	40
⁧شاهزاد⁩	40
⁧شاهزنان⁩	40
⁧شاهسا⁩	40
⁧شاهسار⁩	40
⁧شاهسام⁩	40
⁧شاهسان⁩	40
⁧شاهصنم⁩	40
⁧شاهعلی⁩	40
⁧شاهفر⁩	40
⁧شاهفرند⁩	40
⁧شاهفور⁩	40
⁧شاهقلی⁩	40
⁧شاهلار⁩	40
⁧شاهمار⁩	40
⁧شاهمانی⁩	40
⁧شاهمراد⁩	40
⁧شاهمردان⁩	40
⁧شاهمروت⁩	40
⁧شاهمهر⁩	40
⁧شاهمیر⁩	40
⁧شاهنام⁩	40
⁧شاهنای⁩	40
⁧شاهندل⁩	40
⁧شاهنور⁩	40
⁧شاهنوش⁩	40
⁧شاهنگ⁩	40
⁧شاهو⁩	40
⁧شاهورن⁩	40
⁧شاهوش⁩	40
⁧شاهوند⁩	40
⁧شاهوی⁩	40
⁧شاهویر⁩	40
⁧شاهوین⁩	40
⁧شاهویه⁩	40
⁧شاهپرک⁩	40
⁧شاهپور⁩	40
⁧شاهک⁩	40
⁧شاهکام⁩	40
⁧شاهگل⁩	40
⁧شاهیاد⁩	40
⁧شاهیار⁩	40
⁧شاهیده⁩	40
⁧شاهیندخت⁩	40
⁧شاهیکا⁩	40
⁧شاهیین⁩	40
⁧شاوان⁩	40
⁧شاور⁩	40
⁧شاوران⁩	40
⁧شاورک⁩	40
⁧شاولی⁩	40
⁧شاوه⁩	40
⁧شاوگ⁩	40
⁧شاویس⁩	40
⁧شاپر⁩	40
⁧شاپرور⁩	40
⁧شاپرک⁩	40
⁧شاپری⁩	40
⁧شاپور⁩	40
⁧شاپیکر⁩	40
⁧شاکرم⁩	40
⁧شاکره⁩	40
⁧شاکل⁩	40
⁧شاکو⁩	40
⁧شاگر⁩	40
⁧شاگل⁩	40
⁧شاگلدی⁩	40
⁧شایا⁩	40
⁧شایار⁩	40
⁧شایاندخت⁩	40
⁧شایده⁩	40
⁧شایراد⁩	40
⁧شایلا⁩	40
⁧شایلان⁩	40
⁧شایلن⁩	40
⁧شایلی⁩	40
⁧شایلین⁩	40
⁧شایما⁩	40
⁧شایمین⁩	40
⁧شایور⁩	40
⁧شایورد⁩	40
⁧شبار⁩	40
⁧شبانعلی⁩	40
⁧شباهنگ⁩	40
⁧شباویز⁩	40
⁧شببو⁩	40
⁧شبدیز⁩	40
⁧شبدیس⁩	40
⁧شبر⁩	40
⁧شبرنک⁩	40
⁧شبره⁩	40
⁧شبرین⁩	40
⁧شبعانعلی⁩	40
⁧شبلی⁩	40
⁧شبنا⁩	40
⁧شبناز⁩	40
⁧شبهن⁩	40
⁧شبگون⁩	40
⁧شبیب⁩	40
⁧شبیر⁩	40
⁧شب‌پره⁩	40
⁧شتابند⁩	40
⁧شتاو⁩	40
⁧شجاد⁩	40
⁧شجاعالدین⁩	40
⁧شجاععلی⁩	40
⁧شخ⁩	40
⁧شداد⁩	40
⁧شذا⁩	40
⁧شذب⁩	40
⁧شذره⁩	40
⁧شذی⁩	40
⁧شراراه⁩	40
⁧شرارذه⁩	40
⁧شرارره⁩	40
⁧شراره⁩	40
⁧شراصلان⁩	40
⁧شرافتت⁩	40
⁧شرافدین⁩	40
⁧شرافعزیز⁩	40
⁧شراکیم⁩	40
⁧شراگیم⁩	40
⁧شربتعلی⁩	40
⁧شرزین⁩	40
⁧شرفالدین⁩	40
⁧شرفعلی⁩	40
⁧شرفنسا⁩	40
⁧شرفه⁩	40
⁧شرمین⁩	40
⁧شرمیندخت⁩	40
⁧شرمینه⁩	40
⁧شرن⁩	40
⁧شرناز⁩	40
⁧شرنام⁩	40
⁧شرنگ⁩	40
⁧شروان⁩	40
⁧شروانه⁩	40
⁧شروق⁩	40
⁧شروین⁩	40
⁧شروینه⁩	40
⁧شریعنلی⁩	40
⁧شریعه⁩	40
⁧شریفعلی⁩	40
⁧شریفه⁩	40
⁧شرین⁩	40
⁧شریندل⁩	40
⁧شرینعلی⁩	40
⁧شریوان⁩	40
⁧شزیفه⁩	40
⁧شسلا⁩	40
⁧شسمسی⁩	40
⁧ششیوا⁩	40
⁧شطیطه⁩	40
⁧شعابان⁩	40
⁧شعاعالدین⁩	40
⁧شعب⁩	40
⁧شعباد⁩	40
⁧شعبالن⁩	40
⁧شعبانعلی⁩	40
⁧شعبانعی⁩	40
⁧شعرا⁩	40
⁧شعف⁩	40
⁧شعلا⁩	40
⁧شعمی⁩	40
⁧شعیا⁩	40
⁧شعیب⁩	40
⁧شعید⁩	40
⁧شعین⁩	40
⁧شغاد⁩	40
⁧شغبان⁩	40
⁧شفابخش⁩	40
⁧شفروه⁩	40
⁧شفیح⁩	40
⁧شفیعا⁩	40
⁧شفیعمحمد⁩	40
⁧شفیعه⁩	40
⁧شفیفه⁩	40
⁧شفیقه⁩	40
⁧شفیه⁩	40
⁧شقاق⁩	40
⁧شقاقل⁩	40
⁧شقایق⁩	40
⁧شقیق⁩	40
⁧شلاله⁩	40
⁧شلر⁩	40
⁧شلش⁩	40
⁧شلهین⁩	40
⁧شلیر⁩	40
⁧شماب⁩	40
⁧شماخ⁩	40
⁧شماساس⁩	40
⁧شمامه⁩	40
⁧شمایل⁩	40
⁧شماییل⁩	40
⁧شمزیزن⁩	40
⁧شمزین⁩	40
⁧شمسا⁩	40
⁧شمساره⁩	40
⁧شمسالدین⁩	40
⁧شمسالشریعه⁩	40
⁧شمسالضحی⁩	40
⁧شمسالله⁩	40
⁧شمسالمعالی⁩	40
⁧شمساله⁩	40
⁧شمسالهدی⁩	40
⁧شمسجهان⁩	40
⁧شمسدین⁩	40
⁧شمسه⁩	40
⁧شمسیه⁩	40
⁧شمشاد⁩	40
⁧شمعلی⁩	40
⁧شمعون⁩	40
⁧شمعیه⁩	40
⁧شمندر⁩	40
⁧شمه⁩	40
⁧شمو⁩	40
⁧شموییل⁩	40
⁧شمیا⁩	40
⁧شمید⁩	40
⁧شمیده⁩	40
⁧شمیرا⁩	40
⁧شمیران⁩	40
⁧شمیس⁩	40
⁧شمیسا⁩	40
⁧شمیسه⁩	40
⁧شمیل⁩	40
⁧شمیلا⁩	40
⁧شمیم⁩	40
⁧شمیمه⁩	40
⁧شمیمیه⁩	40
⁧شمین⁩	40
⁧شمینا⁩	40
⁧شمینه⁩	40
⁧شناز⁩	40
⁧شناسا⁩	40
⁧شنایا⁩	40
⁧شنبلید⁩	40
⁧شنبم⁩	40
⁧شنتیا⁩	40
⁧شنطوس⁩	40
⁧شنطیا⁩	40
⁧شنفروز⁩	40
⁧شنه⁩	40
⁧شنو⁩	40
⁧شنگان⁩	40
⁧شنگل⁩	40
⁧شنیا⁩	40
⁧شنیاز⁩	40
⁧شنیان⁩	40
⁧شهابالدین⁩	40
⁧شهاز⁩	40
⁧شهام⁩	40
⁧شهان⁩	40
⁧شهبال⁩	40
⁧شهبان⁩	40
⁧شهبانعلی⁩	40
⁧شهبد⁩	40
⁧شهبر⁩	40
⁧شهخرام⁩	40
⁧شهد⁩	40
⁧شهدا⁩	40
⁧شهداد⁩	40
⁧شهدل⁩	40
⁧شهده⁩	40
⁧شهدوست⁩	40
⁧شهدی⁩	40
⁧شهدیس⁩	40
⁧شهذبانو⁩	40
⁧شهرآشوب⁩	40
⁧شهرازاد⁩	40
⁧شهرام⁩	40
⁧شهران⁩	40
⁧شهرباز⁩	40
⁧شهربان⁩	40
⁧شهربانر⁩	40
⁧شهربانعلی⁩	40
⁧شهربانو‌ی⁩	40
⁧شهربانی⁩	40
⁧شهربتنو⁩	40
⁧شهرتاش⁩	40
⁧شهرخواست⁩	40
⁧شهردخت⁩	40
⁧شهرزادزهرا⁩	40
⁧شهرزلد⁩	40
⁧شهرسب⁩	40
⁧شهرسپ⁩	40
⁧شهرضا⁩	40
⁧شهرفر⁩	40
⁧شهرناز⁩	40
⁧شهرنواز⁩	40
⁧شهروان⁩	40
⁧شهرود⁩	40
⁧شهرور⁩	40
⁧شهروزه⁩	40
⁧شهروین⁩	40
⁧شهرویه⁩	40
⁧شهرگان⁩	40
⁧شهرگل⁩	40
⁧شهرگیر⁩	40
⁧شهریلر⁩	40
⁧شهرین⁩	40
⁧شهزاده⁩	40
⁧شهزیار⁩	40
⁧شهسام⁩	40
⁧شهسان⁩	40
⁧شهفور⁩	40
⁧شهلا⁩	40
⁧شهلال⁩	40
⁧شهلب⁩	40
⁧شهمار⁩	40
⁧شهمال⁩	40
⁧شهمراد⁩	40
⁧شهمردان⁩	40
⁧شهمزین⁩	40
⁧شهمیر⁩	40
⁧شهن⁩	40
⁧شهنا⁩	40
⁧شهنار⁩	40
⁧شهنازال⁩	40
⁧شهنتاج⁩	40
⁧شهنلز⁩	40
⁧شهنوش⁩	40
⁧شهنیا⁩	40
⁧شهپر⁩	40
⁧شهیاد⁩	40
⁧شهیار⁩	40
⁧شهیدا⁩	40
⁧شهیدالله⁩	40
⁧شهیده⁩	40
⁧شهیر⁩	40
⁧شهیراد⁩	40
⁧شهیره⁩	40
⁧شهیلا⁩	40
⁧شهیمه⁩	40
⁧شهین⁩	40
⁧شهیین⁩	40
⁧شوا⁩	40
⁧شوار⁩	40
⁧شوان⁩	40
⁧شوانا⁩	40
⁧شوانه⁩	40
⁧شوبرت⁩	40
⁧شوخان⁩	40
⁧شوذب⁩	40
⁧شورآفرین⁩	40
⁧شورانگیز⁩	40
⁧شورعلی⁩	40
⁧شورگر⁩	40
⁧شوریده⁩	40
⁧شوزب⁩	40
⁧شوزبعلی⁩	40
⁧شوشا⁩	40
⁧شوشان⁩	40
⁧شوشیناک⁩	40
⁧شوقعلی⁩	40
⁧شولان⁩	40
⁧شونا⁩	40
⁧شوهلا⁩	40
⁧شوپه⁩	40
⁧شوکا⁩	40
⁧شوکت⁩	40
⁧شوکوفه⁩	40
⁧شوگار⁩	40
⁧شویل⁩	40
⁧شپهر⁩	40
⁧شپول⁩	40
⁧شکارعلی⁩	40
⁧شکال⁩	40
⁧شکامه⁩	40
⁧شکان⁩	40
⁧شکرالله⁩	40
⁧شکراله⁩	40
⁧شکربانو⁩	40
⁧شکرخدا⁩	40
⁧شکردخت⁩	40
⁧شکرعلی⁩	40
⁧شکرین⁩	40
⁧شکریه⁩	40
⁧شکورا⁩	40
⁧شکوره⁩	40
⁧شکوفان⁩	40
⁧شکوهنده⁩	40
⁧شکوهه⁩	40
⁧شکویه⁩	40
⁧شکیبه⁩	40
⁧شکیل⁩	40
⁧شکیلا⁩	40
⁧شکیله⁩	40
⁧شگار⁩	40
⁧شگرف⁩	40
⁧شگون⁩	40
⁧شیا⁩	40
⁧شیال⁩	40
⁧شیان⁩	40
⁧شیانا⁩	40
⁧شیاوش⁩	40
⁧شیبا⁩	40
⁧شیبان⁩	40
⁧شیبت⁩	40
⁧شیبدا⁩	40
⁧شیبو⁩	40
⁧شیخمراد⁩	40
⁧شیخه⁩	40
⁧شیداب⁩	40
⁧شیدالله⁩	40
⁧شیداله⁩	40
⁧شیدان⁩	40
⁧شیدانه⁩	40
⁧شیدبانو⁩	40
⁧شیدخت⁩	40
⁧شیدر⁩	40
⁧شیدرخ⁩	40
⁧شیدرنگ⁩	40
⁧شیدسا⁩	40
⁧شیدسب⁩	40
⁧شیدمحمد⁩	40
⁧شیده⁩	40
⁧شیدور⁩	40
⁧شیدوس⁩	40
⁧شیدوش⁩	40
⁧شیذا⁩	40
⁧شیذر⁩	40
⁧شیرآزاد⁩	40
⁧شیرا⁩	40
⁧شیرات⁩	40
⁧شیراز⁩	40
⁧شیرالله⁩	40
⁧شیراله⁩	40
⁧شیرامین⁩	40
⁧شیراوژن⁩	40
⁧شیراک⁩	40
⁧شیربانو⁩	40
⁧شیرجان⁩	40
⁧شیرحسین⁩	40
⁧شیرخسرو⁩	40
⁧شیرخون⁩	40
⁧شیررخ⁩	40
⁧شیرزن⁩	40
⁧شیرزیل⁩	40
⁧شیرعلم⁩	40
⁧شیرلا⁩	40
⁧شیرلله⁩	40
⁧شیرن⁩	40
⁧شیرنعلی⁩	40
⁧شیرنگ⁩	40
⁧شیروان⁩	40
⁧شیروده⁩	40
⁧شیروس⁩	40
⁧شیرولی⁩	40
⁧شیرویه⁩	40
⁧شیرکو⁩	40
⁧شیرکوه⁩	40
⁧شیرگل⁩	40
⁧شیریجان⁩	40
⁧شیریزدان⁩	40
⁧شیرینبانو⁩	40
⁧شیریندخت⁩	40
⁧شیرینزاد⁩	40
⁧شیرینعلی⁩	40
⁧شیزاد⁩	40
⁧شیعب⁩	40
⁧شیعه⁩	40
⁧شیفع⁩	40
⁧شیل⁩	40
⁧شیلام⁩	40
⁧شیلان⁩	40
⁧شیلانه⁩	40
⁧شیله⁩	40
⁧شیما⁩	40
⁧شیماء⁩	40
⁧شیمازهرا⁩	40
⁧شیمن⁩	40
⁧شیمه⁩	40
⁧شینا⁩	40
⁧شیناب⁩	40
⁧شیناز⁩	40
⁧شیواء⁩	40
⁧شیوادخت⁩	40
⁧شیوار⁩	40
⁧شیوال⁩	40
⁧شیوان⁩	40
⁧شیون⁩	40
⁧شییر⁩	40
⁧صائبه⁩	40
⁧صائم⁩	40
⁧صائمه⁩	40
⁧صائن⁩	40
⁧صاباح⁩	40
⁧صابره⁩	40
⁧صابرین⁩	40
⁧صابیه⁩	40
⁧صاتح⁩	40
⁧صاتلح⁩	40
⁧صاح⁩	40
⁧صاحاب⁩	40
⁧صاحبجان⁩	40
⁧صاحبعلی⁩	40
⁧صاحبه⁩	40
⁧صاحره⁩	40
⁧صاحیعلی⁩	40
⁧صاد⁩	40
⁧صادا⁩	40
⁧صادرق⁩	40
⁧صادشق⁩	40
⁧صادقعلی⁩	40
⁧صادنا⁩	40
⁧صارق⁩	40
⁧صارم⁩	40
⁧صاعب⁩	40
⁧صاعد⁩	40
⁧صاعده⁩	40
⁧صافورا⁩	40
⁧صافیه⁩	40
⁧صالحه⁩	40
⁧صالحین⁩	40
⁧صامت⁩	40
⁧صامد⁩	40
⁧صامده⁩	40
⁧صامر⁩	40
⁧صامعه⁩	40
⁧صانو⁩	40
⁧صایاد⁩	40
⁧صایب⁩	40
⁧صایبه⁩	40
⁧صاید⁩	40
⁧صایر⁩	40
⁧صایم⁩	40
⁧صایما⁩	40
⁧صایمه⁩	40
⁧صاین⁩	40
⁧صاینا⁩	40
⁧صباحت⁩	40
⁧صباحعلی⁩	40
⁧صبار⁩	40
⁧صبحان⁩	40
⁧صبحده⁩	40
⁧صبحعلی⁩	40
⁧صبحگل⁩	40
⁧صبرا⁩	40
⁧صبرالدین⁩	40
⁧صبرالله⁩	40
⁧صبراله⁩	40
⁧صبرعلی⁩	40
⁧صبرناز⁩	40
⁧صبره⁩	40
⁧صبرگل⁩	40
⁧صبرین⁩	40
⁧صبرینا⁩	40
⁧صبرینه⁩	40
⁧صبریه⁩	40
⁧صبورا⁩	40
⁧صبوره⁩	40
⁧صبیح⁩	40
⁧صبیحه⁩	40
⁧صبیر⁩	40
⁧صبیره⁩	40
⁧صبیه⁩	40
⁧صجه⁩	40
⁧صحاب⁩	40
⁧صحابعلی⁩	40
⁧صحابه⁩	40
⁧صحاح⁩	40
⁧صحاره⁩	40
⁧صحبتالله⁩	40
⁧صحبتعلی⁩	40
⁧صحراب⁩	40
⁧صحرابگ⁩	40
⁧صحنعلی⁩	40
⁧صحو⁩	40
⁧صحیب⁩	40
⁧صحیبه⁩	40
⁧صدابه⁩	40
⁧صداق⁩	40
⁧صداله⁩	40
⁧صدبعلی⁩	40
⁧صدبقه⁩	40
⁧صدرا⁩	40
⁧صدرالدین⁩	40
⁧صدرالله⁩	40
⁧صدراله⁩	40
⁧صدران⁩	40
⁧صدریجان⁩	40
⁧صدریه⁩	40
⁧صدفناز⁩	40
⁧صدقع⁩	40
⁧صدقعلی⁩	40
⁧صدقیه⁩	40
⁧صدپر⁩	40
⁧صدی⁩	40
⁧صدیده⁩	40
⁧صدیف⁩	40
⁧صدیفه⁩	40
⁧صدیقا⁩	40
⁧صدیقعلی⁩	40
⁧صدیقه⁩	40
⁧صدیقهی⁩	40
⁧صدیه⁩	40
⁧صذیقه⁩	40
⁧صراحی⁩	40
⁧صراط⁩	40
⁧صرفنار⁩	40
⁧صرفناز⁩	40
⁧صریال⁩	40
⁧صریحه⁩	40
⁧صریر⁩	40
⁧صریقه⁩	40
⁧صزه⁩	40
⁧صطفی⁩	40
⁧صعاد⁩	40
⁧صعد⁩	40
⁧صعدون⁩	40
⁧صعرا⁩	40
⁧صغرا⁩	40
⁧صغرابیگم⁩	40
⁧صغررا⁩	40
⁧صغره⁩	40
⁧صغری⁩	40
⁧صغریب⁩	40
⁧صغر‌ی⁩	40
⁧صغزی⁩	40
⁧صغفرعلی⁩	40
⁧صغوره⁩	40
⁧صغی⁩	40
⁧صغیه⁩	40
⁧صفاء⁩	40
⁧صفاعلی⁩	40
⁧صفامحمد⁩	40
⁧صفتر⁩	40
⁧صفدر⁩	40
⁧صفدرقلی⁩	40
⁧صفرتاج⁩	40
⁧صفردردی⁩	40
⁧صفردوردی⁩	40
⁧صفرره⁩	40
⁧صفرععلی⁩	40
⁧صفرعلی⁩	40
⁧صفرقلی⁩	40
⁧صفرقلیچ⁩	40
⁧صفرگل⁩	40
⁧صفرگلدی⁩	40
⁧صفقلی⁩	40
⁧صفه⁩	40
⁧صفوان⁩	40
⁧صفوت⁩	40
⁧صفور⁩	40
⁧صفورا⁩	40
⁧صفوراء⁩	40
⁧صفورال⁩	40
⁧صفوران⁩	40
⁧صفوره⁩	40
⁧صفوری⁩	40
⁧صفیا⁩	40
⁧صفیار⁩	40
⁧صفیالدین⁩	40
⁧صفیالله⁩	40
⁧صفیحه⁩	40
⁧صفیر⁩	40
⁧صفیره⁩	40
⁧صفیعلی⁩	40
⁧صفیه⁩	40
⁧صفیهه⁩	40
⁧صفییه⁩	40
⁧صقری⁩	40
⁧صلا⁩	40
⁧صلات⁩	40
⁧صلاتین⁩	40
⁧صلاحالدین⁩	40
⁧صلبر⁩	40
⁧صلبی⁩	40
⁧صلبیه⁩	40
⁧صلدق⁩	40
⁧صلوه⁩	40
⁧صلیمه⁩	40
⁧صمانه⁩	40
⁧صمت⁩	40
⁧صمد⁩	40
⁧صمدالله⁩	40
⁧صمداله⁩	40
⁧صمدد⁩	40
⁧صمدعلی⁩	40
⁧صمسام⁩	40
⁧صمصام⁩	40
⁧صمندر⁩	40
⁧صمید⁩	40
⁧صمیر⁩	40
⁧صمیرا⁩	40
⁧صمیعه⁩	40
⁧صمیمه⁩	40
⁧صمیه⁩	40
⁧صنا⁩	40
⁧صناء⁩	40
⁧صنبر⁩	40
⁧صنعان⁩	40
⁧صنقلی⁩	40
⁧صنم⁩	40
⁧صنمبر⁩	40
⁧صنوبر⁩	40
⁧صنورا⁩	40
⁧صنیع⁩	40
⁧صنیعا⁩	40
⁧صهاف⁩	40
⁧صهباء⁩	40
⁧صهمورث⁩	40
⁧صهیب⁩	40
⁧صهید⁩	40
⁧صودابه⁩	40
⁧صورا⁩	40
⁧صورتعلی⁩	40
⁧صوره⁩	40
⁧صوفا⁩	40
⁧صوفیا⁩	40
⁧صوفیه⁩	40
⁧صولتعلی⁩	40
⁧صوما⁩	40
⁧صونا⁩	40
⁧صونابکم⁩	40
⁧صونه⁩	40
⁧صونیا⁩	40
⁧صگر⁩	40
⁧صیاح⁩	40
⁧صیادالله⁩	40
⁧صیاداله⁩	40
⁧صیاده⁩	40
⁧صیام⁩	40
⁧صیانه⁩	40
⁧صیبه⁩	40
⁧صیدا⁩	40
⁧صیداملک⁩	40
⁧صیدجمال⁩	40
⁧صیدنازار⁩	40
⁧صیدنظر⁩	40
⁧صیدنورالدین⁩	40
⁧صیدکریم⁩	40
⁧صیدیقه⁩	40
⁧صیدین⁩	40
⁧صیذق⁩	40
⁧صیفعلی⁩	40
⁧صیفه⁩	40
⁧صیفور⁩	40
⁧صییقه⁩	40
⁧ضابط⁩	40
⁧ضابطه⁩	40
⁧ضافر⁩	40
⁧ضامنعلی⁩	40
⁧ضاهر⁩	40
⁧ضحا⁩	40
⁧ضحاد⁩	40
⁧ضحاک⁩	40
⁧ضحی⁩	40
⁧ضرار⁩	40
⁧ضربعلی⁩	40
⁧ضرغامه⁩	40
⁧ضرقام⁩	40
⁧ضزغام⁩	40
⁧ضعیم⁩	40
⁧ضغرا⁩	40
⁧ضغری⁩	40
⁧ضمبر⁩	40
⁧ضمیره⁩	40
⁧ضهراب⁩	40
⁧ضهربانو⁩	40
⁧ضوالفغار⁩	40
⁧ضیا⁩	40
⁧ضیاءالحق⁩	40
⁧ضیاءالدین⁩	40
⁧ضیاءالله⁩	40
⁧ضیاءاله⁩	40
⁧ضیاءعلی⁩	40
⁧ضیاد⁩	40
⁧ضیالدین⁩	40
⁧ضیاله⁩	40
⁧ضیاوالحق⁩	40
⁧ضیای⁩	40
⁧ضیایدین⁩	40
⁧ضیغم⁩	40
⁧طائر⁩	40
⁧طائف⁩	40
⁧طابان⁩	40
⁧طاجیه⁩	40
⁧طار⁩	40
⁧طارف⁩	40
⁧طارق⁩	40
⁧طارود⁩	40
⁧طاطارقلی⁩	40
⁧طاعره⁩	40
⁧طاغندردی⁩	40
⁧طافیه⁩	40
⁧طاقتعتی⁩	40
⁧طالوت⁩	40
⁧طالیا⁩	40
⁧طامارا⁩	40
⁧طاها⁩	40
⁧طاهاسپنتا⁩	40
⁧طاهاعماد⁩	40
⁧طاهرا⁩	40
⁧طاهرالدین⁩	40
⁧طاهرز⁩	40
⁧طاهرمحمد⁩	40
⁧طاهره⁩	40
⁧طاهریه⁩	40
⁧طاهزه⁩	40
⁧طاهعره⁩	40
⁧طاوس⁩	40
⁧طایف⁩	40
⁧طایل⁩	40
⁧طایمز⁩	40
⁧طباطبا⁩	40
⁧طبیه⁩	40
⁧طذهر⁩	40
⁧طراوت⁩	40
⁧طرب⁩	40
⁧طرحان⁩	40
⁧طرخان⁩	40
⁧طرفان⁩	40
⁧طرق⁩	40
⁧طرلان⁩	40
⁧طرما⁩	40
⁧طرنان⁩	40
⁧طره⁩	40
⁧طرهان⁩	40
⁧طریبه⁩	40
⁧طریفه⁩	40
⁧طعامه⁩	40
⁧طعیم⁩	40
⁧طعیمه⁩	40
⁧طغاترکان⁩	40
⁧طغاتیمور⁩	40
⁧طغان⁩	40
⁧طغرل⁩	40
⁧طغری⁩	40
⁧طغیه⁩	40
⁧طلابانو⁩	40
⁧طلاسان⁩	40
⁧طلال⁩	40
⁧طلاناز⁩	40
⁧طلایه⁩	40
⁧طلحه⁩	40
⁧طلعت⁩	40
⁧طلعه⁩	40
⁧طلعیر⁩	40
⁧طلیعه⁩	40
⁧طلیعیه⁩	40
⁧طماسب⁩	40
⁧طمراس⁩	40
⁧طمغاج⁩	40
⁧طناز⁩	40
⁧طنازال⁩	40
⁧طنان⁩	40
⁧طنگهی⁩	40
⁧طه⁩	40
⁧طهامه⁩	40
⁧طهران⁩	40
⁧طهماس⁩	40
⁧طهماسب⁩	40
⁧طهماسپ⁩	40
⁧طهمان⁩	40
⁧طهمز⁩	40
⁧طهمورث⁩	40
⁧طهمورس⁩	40
⁧طهمینه⁩	40
⁧طهور⁩	40
⁧طهورا⁩	40
⁧طهورافاطمه⁩	40
⁧طهورث⁩	40
⁧طهورپ⁩	40
⁧طهیه⁩	40
⁧طواق⁩	40
⁧طوبا⁩	40
⁧طوبی⁩	40
⁧طورات⁩	40
⁧طوران⁩	40
⁧طورنا⁩	40
⁧طورگ⁩	40
⁧طوس⁩	40
⁧طوش⁩	40
⁧طوطیا⁩	40
⁧طوطیانوش⁩	40
⁧طوعه⁩	40
⁧طوف⁩	40
⁧طولان⁩	40
⁧طولای⁩	40
⁧طویجان⁩	40
⁧طویقلی⁩	40
⁧طیاربگ⁩	40
⁧طیببه⁩	40
⁧طیبعلی⁩	40
⁧طیبه⁩	40
⁧طیره⁩	40
⁧طیفور⁩	40
⁧طیلا⁩	40
⁧طیمور⁩	40
⁧طینوش⁩	40
⁧طیهوج⁩	40
⁧طیوب⁩	40
⁧ظافر⁩	40
⁧ظاهره⁩	40
⁧ظرغام⁩	40
⁧ظرفیه⁩	40
⁧ظریفت⁩	40
⁧ظریفه⁩	40
⁧ظزیفه⁩	40
⁧ظعفر⁩	40
⁧ظفر⁩	40
⁧ظفرالله⁩	40
⁧ظفرداد⁩	40
⁧ظفردخت⁩	40
⁧ظفره⁩	40
⁧ظفز⁩	40
⁧ظلیمه⁩	40
⁧ظهراب⁩	40
⁧ظهرالدین⁩	40
⁧ظهوره⁩	40
⁧ظهیرالدین⁩	40
⁧ظهیره⁩	40
⁧عابت⁩	40
⁧عابث⁩	40
⁧عابداله⁩	40
⁧عابده⁩	40
⁧عابس⁩	40
⁧عابی⁩	40
⁧عاتقه⁩	40
⁧عاتمتاج⁩	40
⁧عاتکه⁩	40
⁧عاجی⁩	40
⁧عاد⁩	40
⁧عادلرضا⁩	40
⁧عادله⁩	40
⁧عادلیه⁩	40
⁧عادیات⁩	40
⁧عادیکه⁩	40
⁧عاذل⁩	40
⁧عارص⁩	40
⁧عارفه⁩	40
⁧عارفهزهرا⁩	40
⁧عارم⁩	40
⁧عاریه⁩	40
⁧عازفه⁩	40
⁧عازیز⁩	40
⁧عاسیه⁩	40
⁧عاشر⁩	40
⁧عاشور⁩	40
⁧عاشورا⁩	40
⁧عاشورتاج⁩	40
⁧عاشورجان⁩	40
⁧عاشوردردی⁩	40
⁧عاشورعلی⁩	40
⁧عاشورقلی⁩	40
⁧عاشورگلدی⁩	40
⁧عاشیه⁩	40
⁧عاصف⁩	40
⁧عاصفه⁩	40
⁧عاصم⁩	40
⁧عاصمه⁩	40
⁧عاصی⁩	40
⁧عاصیه⁩	40
⁧عاطف⁩	40
⁧عاطمه⁩	40
⁧عاطی⁩	40
⁧عاطیه⁩	40
⁧عاظفه⁩	40
⁧عاف⁩	40
⁧عافت⁩	40
⁧عافیه⁩	40
⁧عاقله⁩	40
⁧عالانی⁩	40
⁧عالمتاب⁩	40
⁧عالمتاج⁩	40
⁧عاله⁩	40
⁧عالهه⁩	40
⁧عالیا⁩	40
⁧عامان⁩	40
⁧عامر⁩	40
⁧عامره⁩	40
⁧عامنه⁩	40
⁧عاموس⁩	40
⁧عامیل⁩	40
⁧عاکف⁩	40
⁧عاکول⁩	40
⁧عای⁩	40
⁧عایدین⁩	40
⁧عایش⁩	40
⁧عایشیه⁩	40
⁧عایله⁩	40
⁧عبااس⁩	40
⁧عباد⁩	40
⁧عبادالله⁩	40
⁧عباداله⁩	40
⁧عبادعلی⁩	40
⁧عبادلله⁩	40
⁧عبادله⁩	40
⁧عباست⁩	40
⁧عباسعبی⁩	40
⁧عباسعتی⁩	40
⁧عباسغلی⁩	40
⁧عباسقلی⁩	40
⁧عباصلت⁩	40
⁧عبالجلیل⁩	40
⁧عبالحامد⁩	40
⁧عبالحسن⁩	40
⁧عبالحسین⁩	40
⁧عبالحمید⁩	40
⁧عبالخالق⁩	40
⁧عبالخلیل⁩	40
⁧عبالرحیم⁩	40
⁧عبالرزاق⁩	40
⁧عبالزهرا⁩	40
⁧عبالعزیز⁩	40
⁧عبالعظیم⁩	40
⁧عبالغنی⁩	40
⁧عبالقادیر⁩	40
⁧عبالله⁩	40
⁧عبالمجید⁩	40
⁧عبالمحسن⁩	40
⁧عبالمطلب⁩	40
⁧عبالمنصور⁩	40
⁧عبالناصر⁩	40
⁧عبالنبی⁩	40
⁧عباله⁩	40
⁧عبای⁩	40
⁧عبایت⁩	40
⁧عبتس⁩	40
⁧عبد⁩	40
⁧عبدا⁩	40
⁧عبدااعلی⁩	40
⁧عبدااه⁩	40
⁧عبداباسط⁩	40
⁧عبداباقی⁩	40
⁧عبدابصر⁩	40
⁧عبدابه⁩	40
⁧عبداتجبار⁩	40
⁧عبداته⁩	40
⁧عبداحسن⁩	40
⁧عبداحسین⁩	40
⁧عبداخضر⁩	40
⁧عبداخیر⁩	40
⁧عبدارضا⁩	40
⁧عبداسلیم⁩	40
⁧عبداشید⁩	40
⁧عبداعلی⁩	40
⁧عبداغیاث⁩	40
⁧عبدالآزاد⁩	40
⁧عبدالاحد⁩	40
⁧عبدالاحسان⁩	40
⁧عبدالاحمد⁩	40
⁧عبدالاسلام⁩	40
⁧عبدالالاه⁩	40
⁧عبدالالله⁩	40
⁧عبدالاله⁩	40
⁧عبدالامام⁩	40
⁧عبدالامر⁩	40
⁧عبدالامری⁩	40
⁧عبدالامید⁩	40
⁧عبدالامیر⁩	40
⁧عبدالامین⁩	40
⁧عبدالانبی⁩	40
⁧عبدالاه⁩	40
⁧عبدالاهادی⁩	40
⁧عبدالاهد⁩	40
⁧عبدالایوب⁩	40
⁧عبدالباب⁩	40
⁧عبدالبادی⁩	40
⁧عبدالباری⁩	40
⁧عبدالباسط⁩	40
⁧عبدالباصد⁩	40
⁧عبدالباقر⁩	40
⁧عبدالباقی⁩	40
⁧عبدالبشیر⁩	40
⁧عبدالبصیر⁩	40
⁧عبدالبلال⁩	40
⁧عبدالبنی⁩	40
⁧عبدالته⁩	40
⁧عبدالجار⁩	40
⁧عبدالجاسم⁩	40
⁧عبدالجبار⁩	40
⁧عبدالجباری⁩	40
⁧عبدالجلال⁩	40
⁧عبدالجلبل⁩	40
⁧عبدالجلیل⁩	40
⁧عبدالجمال⁩	40
⁧عبدالجمیل⁩	40
⁧عبدالجواد⁩	40
⁧عبدالجی⁩	40
⁧عبدالجیل⁩	40
⁧عبدالحاد⁩	40
⁧عبدالحافظ⁩	40
⁧عبدالحامد⁩	40
⁧عبدالحبیب⁩	40
⁧عبدالحجت⁩	40
⁧عبدالحد⁩	40
⁧عبدالحسن⁩	40
⁧عبدالحسنت⁩	40
⁧عبدالحسین⁩	40
⁧عبدالحصاب⁩	40
⁧عبدالحصیر⁩	40
⁧عبدالحفیظ⁩	40
⁧عبدالحق⁩	40
⁧عبدالحلیم⁩	40
⁧عبدالحمد⁩	40
⁧عبدالحمن⁩	40
⁧عبدالحمید⁩	40
⁧عبدالحنان⁩	40
⁧عبدالحکیم⁩	40
⁧عبدالحکیکم⁩	40
⁧عبدالحی⁩	40
⁧عبدالحیف⁩	40
⁧عبدالحیم⁩	40
⁧عبدالحیمد⁩	40
⁧عبدالحیکم⁩	40
⁧عبدالخاق⁩	40
⁧عبدالخالد⁩	40
⁧عبدالخالق⁩	40
⁧عبدالخبیر⁩	40
⁧عبدالختم⁩	40
⁧عبدالخدر⁩	40
⁧عبدالخذر⁩	40
⁧عبدالخضر⁩	40
⁧عبدالخضیر⁩	40
⁧عبدالخلاق⁩	40
⁧عبدالخلق⁩	40
⁧عبدالخلیل⁩	40
⁧عبدالخنان⁩	40
⁧عبدالخیل⁩	40
⁧عبدالدنیا⁩	40
⁧عبدالرازق⁩	40
⁧عبدالراشد⁩	40
⁧عبدالرافع⁩	40
⁧عبدالرب⁩	40
⁧عبدالربی⁩	40
⁧عبدالرحمان⁩	40
⁧عبدالرحمت⁩	40
⁧عبدالرحمن⁩	40
⁧عبدالرحیم⁩	40
⁧عبدالرزاق⁩	40
⁧عبدالرسول⁩	40
⁧عبدالرضا⁩	40
⁧عبدالرفیع⁩	40
⁧عبدالرقیب⁩	40
⁧عبدالرمان⁩	40
⁧عبدالرهرا⁩	40
⁧عبدالرکریم⁩	40
⁧عبدالریوف⁩	40
⁧عبدالزمان⁩	40
⁧عبدالزهرا⁩	40
⁧عبدالزهراء⁩	40
⁧عبدالساده⁩	40
⁧عبدالسالم⁩	40
⁧عبدالسام⁩	40
⁧عبدالسبحان⁩	40
⁧عبدالسخید⁩	40
⁧عبدالسلام⁩	40
⁧عبدالسمعی⁩	40
⁧عبدالسمعیع⁩	40
⁧عبدالسمیع⁩	40
⁧عبدالسمیغ⁩	40
⁧عبدالشمس⁩	40
⁧عبدالشهید⁩	40
⁧عبدالصاحب⁩	40
⁧عبدالصدیق⁩	40
⁧عبدالصمد⁩	40
⁧عبدالضا⁩	40
⁧عبدالطاهر⁩	40
⁧عبدالطیف⁩	40
⁧عبدالظاهر⁩	40
⁧عبدالظهیر⁩	40
⁧عبدالظیم⁩	40
⁧عبدالع⁩	40
⁧عبدالعارف⁩	40
⁧عبدالعالی⁩	40
⁧عبدالعباد⁩	40
⁧عبدالعباس⁩	40
⁧عبدالعدود⁩	40
⁧عبدالعزیر⁩	40
⁧عبدالعزیز⁩	40
⁧عبدالعزیزی⁩	40
⁧عبدالعضیم⁩	40
⁧عبدالعظیم⁩	40
⁧عبدالعفیف⁩	40
⁧عبدالعقفور⁩	40
⁧عبدالعلا⁩	40
⁧عبدالعلیم⁩	40
⁧عبدالعمیر⁩	40
⁧عبدالعنان⁩	40
⁧عبدالعی⁩	40
⁧عبدالغار⁩	40
⁧عبدالغفار⁩	40
⁧عبدالغفور⁩	40
⁧عبدالغقار⁩	40
⁧عبدالغنی⁩	40
⁧عبدالغور⁩	40
⁧عبدالغیاث⁩	40
⁧عبدالغیوم⁩	40
⁧عبدالفتاح⁩	40
⁧عبدالفغور⁩	40
⁧عبدالفقار⁩	40
⁧عبدالفهور⁩	40
⁧عبدالفیض⁩	40
⁧عبدالقادر⁩	40
⁧عبدالقادیر⁩	40
⁧عبدالقاسد⁩	40
⁧عبدالقاسم⁩	40
⁧عبدالقاهر⁩	40
⁧عبدالقایم⁩	40
⁧عبدالقبار⁩	40
⁧عبدالقدوس⁩	40
⁧عبدالقدیر⁩	40
⁧عبدالقربان⁩	40
⁧عبدالقفار⁩	40
⁧عبدالقفور⁩	40
⁧عبدالقمیش⁩	40
⁧عبدالقهار⁩	40
⁧عبدالقوس⁩	40
⁧عبدالقیاس⁩	40
⁧عبدالقیوم⁩	40
⁧عبداللطیف⁩	40
⁧عبداللمطلب⁩	40
⁧عبداللهع⁩	40
⁧عبداللهه⁩	40
⁧عبدالماجد⁩	40
⁧عبدالمالک⁩	40
⁧عبدالمبین⁩	40
⁧عبدالمتقیم⁩	40
⁧عبدالمتین⁩	40
⁧عبدالمجید⁩	40
⁧عبدالمجیید⁩	40
⁧عبدالمحرم⁩	40
⁧عبدالمحسن⁩	40
⁧عبدالمحمد⁩	40
⁧عبدالمحمدریوف⁩	40
⁧عبدالمحممد⁩	40
⁧عبدالمحمود⁩	40
⁧عبدالمحید⁩	40
⁧عبدالمسعود⁩	40
⁧عبدالمطب⁩	40
⁧عبدالمطلب⁩	40
⁧عبدالمعز⁩	40
⁧عبدالمعید⁩	40
⁧عبدالمعین⁩	40
⁧عبدالمقصود⁩	40
⁧عبدالملب⁩	40
⁧عبدالملک⁩	40
⁧عبدالمناف⁩	40
⁧عبدالمنان⁩	40
⁧عبدالمنصور⁩	40
⁧عبدالمنعم⁩	40
⁧عبدالمنهم⁩	40
⁧عبدالمنیر⁩	40
⁧عبدالمهدی⁩	40
⁧عبدالمولا⁩	40
⁧عبدالمولود⁩	40
⁧عبدالمومن⁩	40
⁧عبدالمومنی⁩	40
⁧عبدالمید⁩	40
⁧عبدالمیر⁩	40
⁧عبدالنادر⁩	40
⁧عبدالناصر⁩	40
⁧عبدالنبی⁩	40
⁧عبدالنصیر⁩	40
⁧عبدالنظام⁩	40
⁧عبدالنعم⁩	40
⁧عبدالنعمت⁩	40
⁧عبدالنعیم⁩	40
⁧عبدالنور⁩	40
⁧عبدالنوید⁩	40
⁧عبدالهادی⁩	40
⁧عبدالهاشم⁩	40
⁧عبدالهدی⁩	40
⁧عبدالهلی⁩	40
⁧عبدالواجب⁩	40
⁧عبدالواجد⁩	40
⁧عبدالواحد⁩	40
⁧عبدالواد⁩	40
⁧عبدالواست⁩	40
⁧عبدالواسط⁩	40
⁧عبدالواسع⁩	40
⁧عبدالواصد⁩	40
⁧عبدالواهاب⁩	40
⁧عبدالواهب⁩	40
⁧عبدالوحد⁩	40
⁧عبدالوحید⁩	40
⁧عبدالودود⁩	40
⁧عبدالوسع⁩	40
⁧عبدالولی⁩	40
⁧عبدالوهاب⁩	40
⁧عبدالوهدی⁩	40
⁧عبدالوکیل⁩	40
⁧عبدالچیل⁩	40
⁧عبدالکادر⁩	40
⁧عبدالکاظم⁩	40
⁧عبدالکبیر⁩	40
⁧عبدالکریم⁩	40
⁧عبدالکمال⁩	40
⁧عبدالکیم⁩	40
⁧عبدالیار⁩	40
⁧عبدامحمد⁩	40
⁧عبدامنان⁩	40
⁧عبدانبی⁩	40
⁧عبدانعیم⁩	40
⁧عبدانور⁩	40
⁧عبداواجب⁩	40
⁧عبداواحد⁩	40
⁧عبداکبر⁩	40
⁧عبداکریم⁩	40
⁧عبداکلریم⁩	40
⁧عبدراله⁩	40
⁧عبدرضا⁩	40
⁧عبدشاه⁩	40
⁧عبدعلی⁩	40
⁧عبدل⁩	40
⁧عبدلا⁩	40
⁧عبدلاعماد⁩	40
⁧عبدلالعزیز⁩	40
⁧عبدلامام⁩	40
⁧عبدلامناف⁩	40
⁧عبدلامیر⁩	40
⁧عبدلاه⁩	40
⁧عبدلباق⁩	40
⁧عبدلباقی⁩	40
⁧عبدلجبار⁩	40
⁧عبدلجلیل⁩	40
⁧عبدلحسن⁩	40
⁧عبدلحسین⁩	40
⁧عبدلحمید⁩	40
⁧عبدلحکیم⁩	40
⁧عبدلرحمان⁩	40
⁧عبدلرشید⁩	40
⁧عبدلرضا⁩	40
⁧عبدلزهرا⁩	40
⁧عبدلشریف⁩	40
⁧عبدلصداقت⁩	40
⁧عبدلطاهر⁩	40
⁧عبدلعزیز⁩	40
⁧عبدلعلی⁩	40
⁧عبدلغفور⁩	40
⁧عبدلقادر⁩	40
⁧عبدلقاسم⁩	40
⁧عبدلقیوم⁩	40
⁧عبدللاه⁩	40
⁧عبدلله⁩	40
⁧عبدلمجید⁩	40
⁧عبدلمحمد⁩	40
⁧عبدلمیر⁩	40
⁧عبدلناصر⁩	40
⁧عبدلنبی⁩	40
⁧عبدله⁩	40
⁧عبدلواحد⁩	40
⁧عبدلوحید⁩	40
⁧عبدلکریم⁩	40
⁧عبدمحمد⁩	40
⁧عبدوالخالد⁩	40
⁧عبدوالرسول⁩	40
⁧عبدوالقادر⁩	40
⁧عبدوالله⁩	40
⁧عبدوالوان⁩	40
⁧عبدوالکریم⁩	40
⁧عبدولباسط⁩	40
⁧عبدولرسوق⁩	40
⁧عبدولله⁩	40
⁧عبدویس⁩	40
⁧عبذالجلیل⁩	40
⁧عبذالحسین⁩	40
⁧عبذالعظیم⁩	40
⁧عبذالغفار⁩	40
⁧عبذالغنی⁩	40
⁧عبذالله⁩	40
⁧عبذالمحمد⁩	40
⁧عبرالله⁩	40
⁧عبراله⁩	40
⁧عبراهیم⁩	40
⁧عبلجلیل⁩	40
⁧عبلحسن⁩	40
⁧عبلدالرضا⁩	40
⁧عبلس⁩	40
⁧عبلسعلی⁩	40
⁧عبود⁩	40
⁧عبیاله⁩	40
⁧عبید⁩	40
⁧عبیدالله⁩	40
⁧عبیداله⁩	40
⁧عبیدعلی⁩	40
⁧عبیده⁩	40
⁧عبیر⁩	40
⁧عبیرضا⁩	40
⁧عبیس⁩	40
⁧عتابک⁩	40
⁧عتاس⁩	40
⁧عترت⁩	40
⁧عتی⁩	40
⁧عتیرضا⁩	40
⁧عتیق⁩	40
⁧عثمان⁩	40
⁧عثمت⁩	40
⁧عثنر⁩	40
⁧عدالحمید⁩	40
⁧عدالرحمان⁩	40
⁧عدالکریم⁩	40
⁧عدایل⁩	40
⁧عدلیه⁩	40
⁧عدنا⁩	40
⁧عدنان⁩	40
⁧عدی⁩	40
⁧عدیل⁩	40
⁧عدیله⁩	40
⁧عذار⁩	40
⁧عذت⁩	40
⁧عذرا⁩	40
⁧عذراء⁩	40
⁧عذری⁩	40
⁧عذیه⁩	40
⁧عراز⁩	40
⁧عرازبردی⁩	40
⁧عرازدردی⁩	40
⁧عرازدوردی⁩	40
⁧عرازقربان⁩	40
⁧عرازقلی⁩	40
⁧عرازگل⁩	40
⁧عراک⁩	40
⁧عربعلی⁩	40
⁧عرش⁩	40
⁧عرشعلی⁩	40
⁧عرشیا⁩	40
⁧عرشیان⁩	40
⁧عرشیه⁩	40
⁧عرضا⁩	40
⁧عرضعلی⁩	40
⁧عرف⁩	40
⁧عرفات⁩	40
⁧عرفانه⁩	40
⁧عرفه⁩	40
⁧عروج⁩	40
⁧عروجعلی⁩	40
⁧عروجقلی⁩	40
⁧عروشا⁩	40
⁧عریز⁩	40
⁧عریفه⁩	40
⁧عرینب⁩	40
⁧عزاز⁩	40
⁧عزالدین⁩	40
⁧عزالله⁩	40
⁧عزالنسا⁩	40
⁧عزاله⁩	40
⁧عزتالاه⁩	40
⁧عزتالله⁩	40
⁧عزتاله⁩	40
⁧عزتالهی⁩	40
⁧عزتعلی⁩	40
⁧عزته⁩	40
⁧عزتیه⁩	40
⁧عزت‌الله⁩	40
⁧عزراخاتون⁩	40
⁧عزری⁩	40
⁧عززیز⁩	40
⁧عزعز⁩	40
⁧عزیالدین⁩	40
⁧عزیر⁩	40
⁧عزیرخانم⁩	40
⁧عزیره⁩	40
⁧عزیزافاق⁩	40
⁧عزیزالاه⁩	40
⁧عزیزالدین⁩	40
⁧عزیزالله⁩	40
⁧عزیزاله⁩	40
⁧عزیزبانو⁩	40
⁧عزیزبک⁩	40
⁧عزیزبگ⁩	40
⁧عزیزخان⁩	40
⁧عزیزعلی⁩	40
⁧عزیزقلی⁩	40
⁧عزیزمراد⁩	40
⁧عزیزکرم⁩	40
⁧عزیم⁩	40
⁧عزیمه⁩	40
⁧عسد⁩	40
⁧عسدالله⁩	40
⁧عسنان⁩	40
⁧عسکر⁩	40
⁧عسگر⁩	40
⁧عسگرعلی⁩	40
⁧عشا⁩	40
⁧عشرات⁩	40
⁧عشرت⁩	40
⁧عشعلی⁩	40
⁧عشقعلی⁩	40
⁧عشقلی⁩	40
⁧عشن⁩	40
⁧عشور⁩	40
⁧عشیر⁩	40
⁧عشیره⁩	40
⁧عشیشیه⁩	40
⁧عصام⁩	40
⁧عصامالدین⁩	40
⁧عصت⁩	40
⁧عصرا⁩	40
⁧عصم⁩	40
⁧عصما⁩	40
⁧عصمات⁩	40
⁧عصمت⁩	40
⁧عصنو⁩	40
⁧عصومه⁩	40
⁧عصکت⁩	40
⁧عصیم⁩	40
⁧عضت⁩	40
⁧عضد⁩	40
⁧عضدالدین⁩	40
⁧عضدالملک⁩	40
⁧عضرا⁩	40
⁧عضری⁩	40
⁧عضظیم⁩	40
⁧عضمت⁩	40
⁧عضنفر⁩	40
⁧عضیم⁩	40
⁧عطاء⁩	40
⁧عطاءالته⁩	40
⁧عطاءالله⁩	40
⁧عطاءاله⁩	40
⁧عطاب⁩	40
⁧عطابخش⁩	40
⁧عطابک⁩	40
⁧عطابگ⁩	40
⁧عطاحسین⁩	40
⁧عطادردی⁩	40
⁧عطاره⁩	40
⁧عطاقلیچ⁩	40
⁧عطالرحمن⁩	40
⁧عطالله⁩	40
⁧عطاله⁩	40
⁧عطامحمد⁩	40
⁧عطامعلی⁩	40
⁧عطاوردی⁩	40
⁧عطاکش⁩	40
⁧عطایلا⁩	40
⁧عطرآگین⁩	40
⁧عطرا⁩	40
⁧عطرسای⁩	40
⁧عطره⁩	40
⁧عطرگل⁩	40
⁧عطریا⁩	40
⁧عطریجان⁩	40
⁧عطرین⁩	40
⁧عطرینه⁩	40
⁧عطریه⁩	40
⁧عطهره⁩	40
⁧عطوف⁩	40
⁧عطوفت⁩	40
⁧عطوفه⁩	40
⁧عطیبه⁩	40
⁧عطیفه⁩	40
⁧عطیقه⁩	40
⁧عطیه⁩	40
⁧عطییه⁩	40
⁧عظرا⁩	40
⁧عظری⁩	40
⁧عظم⁩	40
⁧عظما⁩	40
⁧عظماء⁩	40
⁧عظمیه⁩	40
⁧عظیما⁩	40
⁧عظیمه⁩	40
⁧عظیمیه⁩	40
⁧ععبداله⁩	40
⁧ععظیم⁩	40
⁧ععلیرضا⁩	40
⁧عغیغه⁩	40
⁧عفاف⁩	40
⁧عفت⁩	40
⁧عفتبیگم⁩	40
⁧عفر⁩	40
⁧عفرا⁩	40
⁧عفیف⁩	40
⁧عفیفالدین⁩	40
⁧عفیفقه⁩	40
⁧عفیفه⁩	40
⁧عفیقه⁩	40
⁧عقت⁩	40
⁧عقدس⁩	40
⁧عقیق⁩	40
⁧عقیقه⁩	40
⁧عقیل⁩	40
⁧عقیلعلی⁩	40
⁧عقیله⁩	40
⁧علا⁩	40
⁧علاء⁩	40
⁧علاءدین⁩	40
⁧علاسعلی⁩	40
⁧علالدین⁩	40
⁧علام⁩	40
⁧علامحسین⁩	40
⁧علامرضا⁩	40
⁧علامعلی⁩	40
⁧علاهن⁩	40
⁧علای⁩	40
⁧علایدین⁩	40
⁧علایرضا⁩	40
⁧علایی⁩	40
⁧علبی⁩	40
⁧علثیرضا⁩	40
⁧علدالحمید⁩	40
⁧علدالرحمن⁩	40
⁧علرضا⁩	40
⁧علریضا⁩	40
⁧علطفه⁩	40
⁧علع⁩	40
⁧علعرضا⁩	40
⁧علقلی⁩	40
⁧علمار⁩	40
⁧علمالهدی⁩	40
⁧علمشاه⁩	40
⁧علمقلی⁩	40
⁧علمناز⁩	40
⁧علمه⁩	40
⁧علمیردان⁩	40
⁧علنقی⁩	40
⁧علهام⁩	40
⁧علوان⁩	40
⁧علویه⁩	40
⁧علیا⁩	40
⁧علیاء⁩	40
⁧علیاد⁩	40
⁧علیار⁩	40
⁧علیاصغر⁩	40
⁧علیاکبر⁩	40
⁧علیب⁩	40
⁧علیباز⁩	40
⁧علیباکبر⁩	40
⁧علیتا⁩	40
⁧علیث⁩	40
⁧علیجان⁩	40
⁧علیحسن⁩	40
⁧علیداد⁩	40
⁧علیدوست⁩	40
⁧علیراد⁩	40
⁧علیراض⁩	40
⁧علیرام⁩	40
⁧علیربضا⁩	40
⁧علیرحم⁩	40
⁧علیررضا⁩	40
⁧علیرزا⁩	40
⁧علیرصا⁩	40
⁧علیرضاعلیرضا⁩	40
⁧علیسا⁩	40
⁧علیسینا⁩	40
⁧علیش⁩	40
⁧علیشا⁩	40
⁧علیشان⁩	40
⁧علیشاه⁩	40
⁧علیشیر⁩	40
⁧علیصالح⁩	40
⁧علیضا⁩	40
⁧علیعرفان⁩	40
⁧علیقلی⁩	40
⁧علیم⁩	40
⁧علیما⁩	40
⁧علیمحمد⁩	40
⁧علیمراد⁩	40
⁧علیمردان⁩	40
⁧علیمه⁩	40
⁧علیمیرزا⁩	40
⁧علینظر⁩	40
⁧علیهان⁩	40
⁧علیوردی⁩	40
⁧علیپاشا⁩	40
⁧علیکرم⁩	40
⁧علیگل⁩	40
⁧علی‌نقی⁩	40
⁧عل‌ی⁩	40
⁧عما⁩	40
⁧عمادالدین⁩	40
⁧عمادالملک⁩	40
⁧عمادحسین⁩	40
⁧عمادرضا⁩	40
⁧عمادعلی⁩	40
⁧عمادمحمد⁩	40
⁧عمالدین⁩	40
⁧عماندودی⁩	40
⁧عمانوئیل⁩	40
⁧عمانی⁩	40
⁧عمرالله⁩	40
⁧عمراله⁩	40
⁧عمران⁩	40
⁧عمرانعلی⁩	40
⁧عمراه⁩	40
⁧عمرنبی⁩	40
⁧عمرو⁩	40
⁧عمصت⁩	40
⁧عمید⁩	40
⁧عمیدالدین⁩	40
⁧عمیدمهدی⁩	40
⁧عنات⁩	40
⁧عناد⁩	40
⁧عنایتالله⁩	40
⁧عنایتاله⁩	40
⁧عنایت‌الله⁩	40
⁧عنبر⁩	40
⁧عنبربو⁩	40
⁧عنبرطلا⁩	40
⁧عنبرپری⁩	40
⁧عنقا⁩	40
⁧عنلی⁩	40
⁧عنور⁩	40
⁧عنیف⁩	40
⁧عهداله⁩	40
⁧عهدیه⁩	40
⁧عهلیرضا⁩	40
⁧عهود⁩	40
⁧عهیدیه⁩	40
⁧عواد⁩	40
⁧عورج⁩	40
⁧عوره⁩	40
⁧عورینب⁩	40
⁧عوضعلی⁩	40
⁧عوضعی⁩	40
⁧عوفی⁩	40
⁧عون⁩	40
⁧عونعلی⁩	40
⁧عوید⁩	40
⁧عویس⁩	40
⁧عپدالله⁩	40
⁧عکاشه⁩	40
⁧عی⁩	40
⁧عیاد⁩	40
⁧عیاز⁩	40
⁧عیاسعلی⁩	40
⁧عیاش⁩	40
⁧عیاض⁩	40
⁧عیامین⁩	40
⁧عیان⁩	40
⁧عیجان⁩	40
⁧عیدالله⁩	40
⁧عیده⁩	40
⁧عیدیمحمد⁩	40
⁧عیرضا⁩	40
⁧عیس⁩	40
⁧عیسا⁩	40
⁧عیسحق⁩	40
⁧عیشغلی⁩	40
⁧عیل⁩	40
⁧عینا⁩	40
⁧عینالله⁩	40
⁧عیواض⁩	40
⁧عیوب⁩	40
⁧عیوض⁩	40
⁧عیوضعلی⁩	40
⁧غابد⁩	40
⁧غاتفر⁩	40
⁧غاثر⁩	40
⁧غادل⁩	40
⁧غارف⁩	40
⁧غازان⁩	40
⁧غازی⁩	40
⁧غالمحسین⁩	40
⁧غالمرضا⁩	40
⁧غالیه⁩	40
⁧غامرضا⁩	40
⁧غامعلی⁩	40
⁧غانم⁩	40
⁧غانیه⁩	40
⁧غایبعلی⁩	40
⁧غباد⁩	40
⁧غباس⁩	40
⁧غبداله⁩	40
⁧غبیبه⁩	40
⁧غتام⁩	40
⁧غتامرضا⁩	40
⁧غدرمعلی⁩	40
⁧غدیر⁩	40
⁧غدیرعلی⁩	40
⁧غدیره⁩	40
⁧غذرا⁩	40
⁧غرامرز⁩	40
⁧غردین⁩	40
⁧غرغ⁩	40
⁧غرنراله⁩	40
⁧غرهاد⁩	40
⁧غریبعلی⁩	40
⁧غزال⁩	40
⁧غزاله⁩	40
⁧غزانه⁩	40
⁧غزت⁩	40
⁧غزلک⁩	40
⁧غزنفر⁩	40
⁧غزوه⁩	40
⁧غزیز⁩	40
⁧غزیزالله⁩	40
⁧غزیزاله⁩	40
⁧غزیزه⁩	40
⁧غضبان⁩	40
⁧غضفر⁩	40
⁧غضنفر⁩	40
⁧غظنفر⁩	40
⁧غظیم⁩	40
⁧غظیمه⁩	40
⁧غعلامعلی⁩	40
⁧غفار⁩	40
⁧غفارعلی⁩	40
⁧غفران⁩	40
⁧غفلر⁩	40
⁧غفور⁩	40
⁧غفورسارلی⁩	40
⁧غفورقلیچ⁩	40
⁧غفوره⁩	40
⁧غقار⁩	40
⁧غلامجسین⁩	40
⁧غلامحسن⁩	40
⁧غلامحسی⁩	40
⁧غلامحسیبن⁩	40
⁧غلامحسین⁩	40
⁧غلامحیدر⁩	40
⁧غلامحیسن⁩	40
⁧غلامرذضا⁩	40
⁧غلامرسول⁩	40
⁧غلامرصا⁩	40
⁧غلامرض⁩	40
⁧غلامرضا⁩	40
⁧غلامسخی⁩	40
⁧غلامسین⁩	40
⁧غلامشاه⁩	40
⁧غلامضا⁩	40
⁧غلامعباس⁩	40
⁧غلامعیاس⁩	40
⁧غلامغلی⁩	40
⁧غلامقادر⁩	40
⁧غلاممحسین⁩	40
⁧غلامکرضا⁩	40
⁧غلاورضا⁩	40
⁧غللامعلی⁩	40
⁧غلمحسین⁩	40
⁧غلمرضا⁩	40
⁧غلمعلی⁩	40
⁧غلی⁩	40
⁧غلیه⁩	40
⁧غمزه⁩	40
⁧غمگذار⁩	40
⁧غنج⁩	40
⁧غنجی⁩	40
⁧غنضنفر⁩	40
⁧غنفر⁩	40
⁧غنچه⁩	40
⁧غنیم⁩	40
⁧غنیمه⁩	40
⁧غنیه⁩	40
⁧غواض⁩	40
⁧غوشرت⁩	40
⁧غیاث⁩	40
⁧غیاثالدین⁩	40
⁧غیاثعلی⁩	40
⁧غیاسعلی⁩	40
⁧غیبعلی⁩	40
⁧غیث⁩	40
⁧غیده⁩	40
⁧غیرت⁩	40
⁧غیسی⁩	40
⁧غیضعلی⁩	40
⁧غیوب⁩	40
⁧فؤاد⁩	40
⁧فؤادمهدی⁩	40
⁧فاءزه⁩	40
⁧فاءمه⁩	40
⁧فائحه⁩	40
⁧فائز⁩	40
⁧فائزه⁩	40
⁧فائض⁩	40
⁧فائضه⁩	40
⁧فائق⁩	40
⁧فائقه⁩	40
⁧فاتمه⁩	40
⁧فاتن⁩	40
⁧فاتک⁩	40
⁧فاتیما⁩	40
⁧فاختک⁩	40
⁧فاخرا⁩	40
⁧فاخره⁩	40
⁧فادر⁩	40
⁧فادل⁩	40
⁧فادی⁩	40
⁧فادیا⁩	40
⁧فادینا⁩	40
⁧فادیه⁩	40
⁧فارا⁩	40
⁧فاراب⁩	40
⁧فاران⁩	40
⁧فارد⁩	40
⁧فارز⁩	40
⁧فارص⁩	40
⁧فارمیس⁩	40
⁧فارناس⁩	40
⁧فارناسس⁩	40
⁧فارناک⁩	40
⁧فارهه⁩	40
⁧فاروخ⁩	40
⁧فاروغ⁩	40
⁧فاروق⁩	40
⁧فاروپ⁩	40
⁧فاریا⁩	40
⁧فاریاب⁩	40
⁧فاریس⁩	40
⁧فاسم⁩	40
⁧فاسیروس⁩	40
⁧فاصل⁩	40
⁧فاصمه⁩	40
⁧فاضعلی⁩	40
⁧فاضله⁩	40
⁧فاطر⁩	40
⁧فاطره⁩	40
⁧فاطفه⁩	40
⁧فاطم⁩	40
⁧فاطمعه⁩	40
⁧فاطمه⁩	40
⁧فاطمهحورا⁩	40
⁧فاطمهخ⁩	40
⁧فاطمهزهرا⁩	40
⁧فاطمهزهره⁩	40
⁧فاطمهزینب⁩	40
⁧فاطمهسارا⁩	40
⁧فاطمهسبا⁩	40
⁧فاطمهسما⁩	40
⁧فاطمهسیما⁩	40
⁧فاطمهمحیا⁩	40
⁧فاطمهمعصومه⁩	40
⁧فاطمهنرجس⁩	40
⁧فاطمهنسا⁩	40
⁧فاطمهنورا⁩	40
⁧فاطمیا⁩	40
⁧فاطمیه⁩	40
⁧فاطن⁩	40
⁧فاطنمه⁩	40
⁧فاطنه⁩	40
⁧فاطهه⁩	40
⁧فاطی⁩	40
⁧فاطیما⁩	40
⁧فاطیمه⁩	40
⁧فاظل⁩	40
⁧فاظمه⁩	40
⁧فاظیه⁩	40
⁧فاعزه⁩	40
⁧فاعضه⁩	40
⁧فاعظه⁩	40
⁧فاعقه⁩	40
⁧فالازر⁩	40
⁧فالح⁩	40
⁧فالق⁩	40
⁧فالقه⁩	40
⁧فامه⁩	40
⁧فامیله⁩	40
⁧فامینا⁩	40
⁧فانزه⁩	40
⁧فانید⁩	40
⁧فانیذ⁩	40
⁧فاکهه⁩	40
⁧فایحه⁩	40
⁧فایدیم⁩	40
⁧فایذه⁩	40
⁧فایره⁩	40
⁧فایز⁩	40
⁧فایزه⁩	40
⁧فایض⁩	40
⁧فایضه⁩	40
⁧فایظ⁩	40
⁧فایظه⁩	40
⁧فایفه⁩	40
⁧فایق⁩	40
⁧فایقه⁩	40
⁧فایمه⁩	40
⁧فایژه⁩	40
⁧فاییزه⁩	40
⁧فاییک⁩	40
⁧فبدی⁩	40
⁧فبلعلی⁩	40
⁧فتابه⁩	40
⁧فتات⁩	40
⁧فتانه⁩	40
⁧فتایی⁩	40
⁧فتتاح⁩	40
⁧فتحعای⁩	40
⁧فتحلعلی⁩	40
⁧فتحلعی⁩	40
⁧فتحلی⁩	40
⁧فتحه⁩	40
⁧فتحیه⁩	40
⁧فتح‌الله⁩	40
⁧فتعلی⁩	40
⁧فتنه⁩	40
⁧فتهعلی⁩	40
⁧فتی⁩	40
⁧فتیحه⁩	40
⁧فتیه⁩	40
⁧فجر⁩	40
⁧فحت⁩	40
⁧فحتعلی⁩	40
⁧فحد⁩	40
⁧فخامت⁩	40
⁧فخرادین⁩	40
⁧فخرالزمان⁩	40
⁧فخرالسادات⁩	40
⁧فخرالله⁩	40
⁧فخرالملوک⁩	40
⁧فخرالنسا⁩	40
⁧فخراله⁩	40
⁧فخرتاج⁩	40
⁧فخردالین⁩	40
⁧فخردین⁩	40
⁧فخرزمان⁩	40
⁧فخرعلی⁩	40
⁧فخرملوک⁩	40
⁧فخرگل⁩	40
⁧فخریبن⁩	40
⁧فخریه⁩	40
⁧فخیم⁩	40
⁧فخیمه⁩	40
⁧فداعلی⁩	40
⁧فداک⁩	40
⁧فدایعلی⁩	40
⁧فدرا⁩	40
⁧فدعم⁩	40
⁧فدک⁩	40
⁧فدیا⁩	40
⁧فدیله⁩	40
⁧فرحناز⁩	40
⁧فرنگیز⁩	40
⁧فرگل⁩	40
⁧فرآذر⁩	40
⁧فرؤین⁩	40
⁧فراب⁩	40
⁧فرابرز⁩	40
⁧فرابین⁩	40
⁧فرات⁩	40
⁧فراتاگون⁩	40
⁧فراته⁩	40
⁧فراتین⁩	40
⁧فراحم⁩	40
⁧فراد⁩	40
⁧فرادیس⁩	40
⁧فرادین⁩	40
⁧فرارس⁩	40
⁧فرارنگ⁩	40
⁧فرازان⁩	40
⁧فرازانه⁩	40
⁧فرازمان⁩	40
⁧فرازنه⁩	40
⁧فرازین⁩	40
⁧فراس⁩	40
⁧فراسیاب⁩	40
⁧فراسیاک⁩	40
⁧فراصت⁩	40
⁧فراق⁩	40
⁧فراله⁩	40
⁧فرام⁩	40
⁧فرامرز⁩	40
⁧فرامز⁩	40
⁧فرامزر⁩	40
⁧فرامک⁩	40
⁧فرامین⁩	40
⁧فران⁩	40
⁧فراندخت⁩	40
⁧فراندوخت⁩	40
⁧فرانه⁩	40
⁧فرانکه⁩	40
⁧فرانکک⁩	40
⁧فرانگیز⁩	40
⁧فرانگیس⁩	40
⁧فراهاد⁩	40
⁧فراهت⁩	40
⁧فراهل⁩	40
⁧فراهیم⁩	40
⁧فراهین⁩	40
⁧فراواز⁩	40
⁧فراوک⁩	40
⁧فراچهر⁩	40
⁧فراک⁩	40
⁧فرایودین⁩	40
⁧فراییم⁩	40
⁧فرایین⁩	40
⁧فربان⁩	40
⁧فربانعلی⁩	40
⁧فرببرز⁩	40
⁧فربد⁩	40
⁧فربدعلی⁩	40
⁧فربده⁩	40
⁧فربو⁩	40
⁧فربیا⁩	40
⁧فربیده⁩	40
⁧فربیرز⁩	40
⁧فربین⁩	40
⁧فرتاش⁩	40
⁧فرتن⁩	40
⁧فرتوس⁩	40
⁧فرتوک⁩	40
⁧فرتیام⁩	40
⁧فرتیپ⁩	40
⁧فرج⁩	40
⁧فرجالله⁩	40
⁧فرجاله⁩	40
⁧فرجعلی⁩	40
⁧فرجهان⁩	40
⁧فرجو⁩	40
⁧فرجود⁩	40
⁧فرجیه⁩	40
⁧فرج‌الله⁩	40
⁧فرحان⁩	40
⁧فرحانه⁩	40
⁧فرحانگیز⁩	40
⁧فرحبخش⁩	40
⁧فرحبد⁩	40
⁧فرحت⁩	40
⁧فرحتاج⁩	40
⁧فرحدخت⁩	40
⁧فرحدوخت⁩	40
⁧فرحروز⁩	40
⁧فرحزاد⁩	40
⁧فرحسا⁩	40
⁧فرحسیما⁩	40
⁧فرحنار⁩	40
⁧فرحندوخت⁩	40
⁧فرحنز⁩	40
⁧فرحنسا⁩	40
⁧فرحنوش⁩	40
⁧فرحه⁩	40
⁧فرخاد⁩	40
⁧فرخان⁩	40
⁧فرخبخت⁩	40
⁧فرختاج⁩	40
⁧فرخداد⁩	40
⁧فرخرو⁩	40
⁧فرخروز⁩	40
⁧فرخزاد⁩	40
⁧فرخشاد⁩	40
⁧فرخعلی⁩	40
⁧فرخلقا⁩	40
⁧فرخمهر⁩	40
⁧فرخناز⁩	40
⁧فرخندهچهر⁩	40
⁧فرخننده⁩	40
⁧فرخونده⁩	40
⁧فرخپی⁩	40
⁧فرخچهر⁩	40
⁧فرداد⁩	40
⁧فردار⁩	40
⁧فردان⁩	40
⁧فردانه⁩	40
⁧فردعلی⁩	40
⁧فردود⁩	40
⁧فردوس⁩	40
⁧فردوسیه⁩	40
⁧فردیتن⁩	40
⁧فردید⁩	40
⁧فردیده⁩	40
⁧فردیس⁩	40
⁧فردیسمهر⁩	40
⁧فردیسچهر⁩	40
⁧فردیک⁩	40
⁧فرزااد⁩	40
⁧فرزاته⁩	40
⁧فرزادد⁩	40
⁧فرزادین⁩	40
⁧فرزالله⁩	40
⁧فرزاله⁩	40
⁧فرزاندخت⁩	40
⁧فرزانفر⁩	40
⁧فرزانمه⁩	40
⁧فرزانمهر⁩	40
⁧فرزانک⁩	40
⁧فرزباد⁩	40
⁧فرزد⁩	40
⁧فرزدق⁩	40
⁧فرزر⁩	40
⁧فرزرانه⁩	40
⁧فرزعلی⁩	40
⁧فرزلنه⁩	40
⁧فرزن⁩	40
⁧فرزناز⁩	40
⁧فرزنده⁩	40
⁧فرزنه⁩	40
⁧فرزوقه⁩	40
⁧فرزیان⁩	40
⁧فرزیب⁩	40
⁧فرزینه⁩	40
⁧فرزیه⁩	40
⁧فرسار⁩	40
⁧فرسام⁩	40
⁧فرسان⁩	40
⁧فرسبا⁩	40
⁧فرستو⁩	40
⁧فرسمن⁩	40
⁧فرسیم⁩	40
⁧فرسیما⁩	40
⁧فرشااد⁩	40
⁧فرشاسب⁩	40
⁧فرشام⁩	40
⁧فرشایی⁩	40
⁧فرشباف⁩	40
⁧فرشته‌ی⁩	40
⁧فرشد⁩	40
⁧فرشنه⁩	40
⁧فرشوشتر⁩	40
⁧فرشیبد⁩	40
⁧فرشیده⁩	40
⁧فرشیدورد⁩	40
⁧فرشیم⁩	40
⁧فرشین⁩	40
⁧فرصاد⁩	40
⁧فرصتعلی⁩	40
⁧فرضال⁩	40
⁧فرضعلی⁩	40
⁧فرطوس⁩	40
⁧فرعان⁩	40
⁧فرغ⁩	40
⁧فرغار⁩	40
⁧فرغان⁩	40
⁧فرغانه⁩	40
⁧فرفود⁩	40
⁧فرفید⁩	40
⁧فرقان⁩	40
⁧فرقد⁩	40
⁧فرماد⁩	40
⁧فرمانبخش⁩	40
⁧فرمانعلی⁩	40
⁧فرمد⁩	40
⁧فرمرز⁩	40
⁧فرمسک⁩	40
⁧فرمناز⁩	40
⁧فرمند⁩	40
⁧فرمنش⁩	40
⁧فرمهر⁩	40
⁧فرمیسک⁩	40
⁧فرمین⁩	40
⁧فرناد⁩	40
⁧فرنار⁩	40
⁧فرنازال⁩	40
⁧فرناس⁩	40
⁧فرناک⁩	40
⁧فرند⁩	40
⁧فرندخت⁩	40
⁧فرنسا⁩	40
⁧فرنلز⁩	40
⁧فرنما⁩	40
⁧فرنو⁩	40
⁧فرنواز⁩	40
⁧فرنود⁩	40
⁧فرنور⁩	40
⁧فرنوش⁩	40
⁧فرنوشا⁩	40
⁧فرنکیس⁩	40
⁧فرنگ⁩	40
⁧فرنگناز⁩	40
⁧فرنگیس⁩	40
⁧فرنیان⁩	40
⁧فرنیک⁩	40
⁧فره⁩	40
⁧فرها⁩	40
⁧فرهام⁩	40
⁧فرهانه⁩	40
⁧فرهت⁩	40
⁧فرهد⁩	40
⁧فرهدخت⁩	40
⁧فرهم⁩	40
⁧فرهماد⁩	40
⁧فرهمن⁩	40
⁧فرهناز⁩	40
⁧فرهند⁩	40
⁧فرهنگدخت⁩	40
⁧فرهود⁩	40
⁧فرهوده⁩	40
⁧فرهور⁩	40
⁧فرهوش⁩	40
⁧فرهوشداد⁩	40
⁧فرهومند⁩	40
⁧فرهیخته⁩	40
⁧فرهید⁩	40
⁧فروان⁩	40
⁧فرواک⁩	40
⁧فروحر⁩	40
⁧فروخ⁩	40
⁧فرودیه⁩	40
⁧فرور⁩	40
⁧فرورتیش⁩	40
⁧فروز⁩	40
⁧فروزا⁩	40
⁧فروزاتون⁩	40
⁧فروزجهان⁩	40
⁧فروزن⁩	40
⁧فروزین⁩	40
⁧فروزینه⁩	40
⁧فروشنک⁩	40
⁧فروغ⁩	40
⁧فروغاعظم⁩	40
⁧فروغالدین⁩	40
⁧فروغه⁩	40
⁧فروغیه⁩	40
⁧فروه⁩	40
⁧فروهل⁩	40
⁧فروهنده⁩	40
⁧فرویدن⁩	40
⁧فرپرک⁩	40
⁧فرگان⁩	40
⁧فرگاه⁩	40
⁧فرگون⁩	40
⁧فریاب⁩	40
⁧فریابا⁩	40
⁧فریار⁩	40
⁧فریال⁩	40
⁧فریاله⁩	40
⁧فریان⁩	40
⁧فریانه⁩	40
⁧فریبا⁩	40
⁧فریبات⁩	40
⁧فریبرز⁩	40
⁧فریبز⁩	40
⁧فریتا⁩	40
⁧فریتون⁩	40
⁧فریجاد⁩	40
⁧فریحا⁩	40
⁧فریحناز⁩	40
⁧فریدالدین⁩	40
⁧فریدحسین⁩	40
⁧فریدخت⁩	40
⁧فریدرضا⁩	40
⁧فریدمن⁩	40
⁧فریده⁩	40
⁧فریدون⁩	40
⁧فریدین⁩	40
⁧فریر⁩	40
⁧فریرخ⁩	40
⁧فریرز⁩	40
⁧فریرو⁩	40
⁧فریزه⁩	40
⁧فریسا⁩	40
⁧فریسان⁩	40
⁧فریشا⁩	40
⁧فریشاد⁩	40
⁧فریضه⁩	40
⁧فریفته⁩	40
⁧فریق⁩	40
⁧فریما⁩	40
⁧فریمان⁩	40
⁧فریمانه⁩	40
⁧فریماه⁩	40
⁧فریمند⁩	40
⁧فریمه⁩	40
⁧فرین⁩	40
⁧فرینا⁩	40
⁧فرینار⁩	40
⁧فریناز⁩	40
⁧فرینام⁩	40
⁧فرینای⁩	40
⁧فرینو⁩	40
⁧فرینوش⁩	40
⁧فریه⁩	40
⁧فریهام⁩	40
⁧فریوار⁩	40
⁧فریوش⁩	40
⁧فریون⁩	40
⁧فرییا⁩	40
⁧فرییبعلی⁩	40
⁧فریین⁩	40
⁧فزء⁩	40
⁧فزاد⁩	40
⁧فزانه⁩	40
⁧فزراد⁩	40
⁧فزرانه⁩	40
⁧فزشاد⁩	40
⁧فزشته⁩	40
⁧فزه⁩	40
⁧فزهاد⁩	40
⁧فزیبا⁩	40
⁧فزیده⁩	40
⁧فزیه⁩	40
⁧فسانه⁩	40
⁧فسیح⁩	40
⁧فشین⁩	40
⁧فصحعلی⁩	40
⁧فصیح⁩	40
⁧فصیحه⁩	40
⁧فصیرال⁩	40
⁧فصیله⁩	40
⁧فضاله⁩	40
⁧فضایل⁩	40
⁧فضاییل⁩	40
⁧فضعلی⁩	40
⁧فضل⁩	40
⁧فضلالله⁩	40
⁧فضلیه⁩	40
⁧فضل‌الله⁩	40
⁧فضه⁩	40
⁧فضیل⁩	40
⁧فضیله⁩	40
⁧فضیه⁩	40
⁧فطانه⁩	40
⁧فظه⁩	40
⁧فظیله⁩	40
⁧فعاد⁩	40
⁧فعیمه⁩	40
⁧فغان⁩	40
⁧فغستان⁩	40
⁧ففتحعلی⁩	40
⁧فقان⁩	40
⁧فقیهه⁩	40
⁧فلامرز⁩	40
⁧فلامک⁩	40
⁧فلضل⁩	40
⁧فلطمه⁩	40
⁧فلق⁩	40
⁧فلمه⁩	40
⁧فلوار⁩	40
⁧فلوریا⁩	40
⁧فلوه⁩	40
⁧فلیت⁩	40
⁧فمر⁩	40
⁧فموره⁩	40
⁧فمیمه⁩	40
⁧فنوره⁩	40
⁧فهام⁩	40
⁧فهامه⁩	40
⁧فهد⁩	40
⁧فهروز⁩	40
⁧فهمعلی⁩	40
⁧فهمینه⁩	40
⁧فهمیه⁩	40
⁧فهنوش⁩	40
⁧فهیما⁩	40
⁧فهیمه⁩	40
⁧فهیمیه⁩	40
⁧فهیه⁩	40
⁧فواداله⁩	40
⁧فوادرضا⁩	40
⁧فوادض⁩	40
⁧فواعد⁩	40
⁧فواید⁩	40
⁧فوزی⁩	40
⁧فوزیه⁩	40
⁧فوضیه⁩	40
⁧فوعاد⁩	40
⁧فولیا⁩	40
⁧فومن⁩	40
⁧فوژان⁩	40
⁧فوکا⁩	40
⁧فوگان⁩	40
⁧فویاد⁩	40
⁧فویه⁩	40
⁧فکرعلی⁩	40
⁧فیبا⁩	40
⁧فیدان⁩	40
⁧فیران⁩	40
⁧فیروره⁩	40
⁧فیروزان⁩	40
⁧فیروزر⁩	40
⁧فیروزش⁩	40
⁧فیروزعلی⁩	40
⁧فیروزمهر⁩	40
⁧فیریزه⁩	40
⁧فیزوز⁩	40
⁧فیسل⁩	40
⁧فیصل⁩	40
⁧فیضالله⁩	40
⁧فیضاله⁩	40
⁧فیضعلی⁩	40
⁧فیضمحمد⁩	40
⁧فیضه⁩	40
⁧فیضیه⁩	40
⁧فیض‌الله⁩	40
⁧فیلیپوس⁩	40
⁧فیممه⁩	40
⁧فینا⁩	40
⁧فیهمه⁩	40
⁧فیکا⁩	40
⁧قائد⁩	40
⁧قابوس⁩	40
⁧قاجق⁩	40
⁧قادربخش⁩	40
⁧قادل⁩	40
⁧قادی⁩	40
⁧قادیر⁩	40
⁧قارااش⁩	40
⁧قارجان⁩	40
⁧قارجه⁩	40
⁧قارد⁩	40
⁧قارداش⁩	40
⁧قارداشعلی⁩	40
⁧قارلی⁩	40
⁧قارمحمر⁩	40
⁧قارن⁩	40
⁧قاروق⁩	40
⁧قارون⁩	40
⁧قاریا⁩	40
⁧قاریاقدی⁩	40
⁧قارینه⁩	40
⁧قازان⁩	40
⁧قاسمعتی⁩	40
⁧قاسمیه⁩	40
⁧قاسیم⁩	40
⁧قاشم⁩	40
⁧قاصدک⁩	40
⁧قاطمه⁩	40
⁧قافلان⁩	40
⁧قالسین⁩	40
⁧قالوس⁩	40
⁧قامتعلی⁩	40
⁧قانته⁩	40
⁧قانم⁩	40
⁧قانمه⁩	40
⁧قاهر⁩	40
⁧قاور⁩	40
⁧قاپی⁩	40
⁧قایلی⁩	40
⁧قایمه⁩	40
⁧قباد⁩	40
⁧قبضعلی⁩	40
⁧قبلعلی⁩	40
⁧قبلعی⁩	40
⁧قتور⁩	40
⁧قجرخانم⁩	40
⁧قدرالله⁩	40
⁧قدراله⁩	40
⁧قدرانه⁩	40
⁧قدرتالله⁩	40
⁧قدرتاله⁩	40
⁧قدرتعلی⁩	40
⁧قدریه⁩	40
⁧قدسیه⁩	40
⁧قدمخیر⁩	40
⁧قدمخیز⁩	40
⁧قدمعلی⁩	40
⁧قدوس⁩	40
⁧قدوسه⁩	40
⁧قدوم⁩	40
⁧قدیر⁩	40
⁧قدیراله⁩	40
⁧قدیرعلی⁩	40
⁧قدیرمحمد⁩	40
⁧قدیره⁩	40
⁧قدیسه⁩	40
⁧قدیمعلی⁩	40
⁧قدیمه⁩	40
⁧قراتکین⁩	40
⁧قرباان⁩	40
⁧قرباتعلی⁩	40
⁧قرباعلی⁩	40
⁧قربالغلی⁩	40
⁧قربامعلی⁩	40
⁧قربانتاج⁩	40
⁧قرباندردی⁩	40
⁧قربانسلطان⁩	40
⁧قربانعی⁩	40
⁧قربانغلی⁩	40
⁧قربانقلی⁩	40
⁧قربانقلیچ⁩	40
⁧قربانمراد⁩	40
⁧قربانگل⁩	40
⁧قربانگلدی⁩	40
⁧قرباگلدی⁩	40
⁧قربت⁩	40
⁧قربتعلی⁩	40
⁧قربعلی⁩	40
⁧قربلن⁩	40
⁧قرةالعین⁩	40
⁧قرجه⁩	40
⁧قرداش⁩	40
⁧قرداشعلی⁩	40
⁧قرزاد⁩	40
⁧قرزانه⁩	40
⁧قرمان⁩	40
⁧قرنفل⁩	40
⁧قره⁩	40
⁧قرهاد⁩	40
⁧قریانعلی⁩	40
⁧قریبا⁩	40
⁧قریبرز⁩	40
⁧قریده⁩	40
⁧قریش⁩	40
⁧قزال⁩	40
⁧قزبس⁩	40
⁧قزبست⁩	40
⁧قزتمام⁩	40
⁧قزخانم⁩	40
⁧قزشید⁩	40
⁧قزقاید⁩	40
⁧قزقیت⁩	40
⁧قزقید⁩	40
⁧قزنی⁩	40
⁧قسمتعلی⁩	40
⁧قسمه⁩	40
⁧قسیم⁩	40
⁧قشم⁩	40
⁧قشمشم⁩	40
⁧قشمعلی⁩	40
⁧قشون⁩	40
⁧قصی⁩	40
⁧قصیده⁩	40
⁧قضنفر⁩	40
⁧قضه⁩	40
⁧قطب‌الدین⁩	40
⁧قطور⁩	40
⁧قفاطمه⁩	40
⁧قفیم⁩	40
⁧قلسم⁩	40
⁧قلعلی⁩	40
⁧قلنج⁩	40
⁧قلیج⁩	40
⁧قمبر⁩	40
⁧قمرالزمان⁩	40
⁧قمرالملوک⁩	40
⁧قمرتاج⁩	40
⁧قمرجهان⁩	40
⁧قمررخ⁩	40
⁧قمرسلطان⁩	40
⁧قمرسیما⁩	40
⁧قمرعلی⁩	40
⁧قمرناز⁩	40
⁧قمرگل⁩	40
⁧قمصود⁩	40
⁧قنبر⁩	40
⁧قنداب⁩	40
⁧قندعلی⁩	40
⁧قنر⁩	40
⁧قنیمت⁩	40
⁧قنیه⁩	40
⁧قهار⁩	40
⁧قهرملن⁩	40
⁧قهمان⁩	40
⁧قوامالدین⁩	40
⁧قوانچ⁩	40
⁧قوبان⁩	40
⁧قوتاز⁩	40
⁧قوتلی⁩	40
⁧قودوس⁩	40
⁧قوزیه⁩	40
⁧قوشت⁩	40
⁧قوشلی⁩	40
⁧قوطاس⁩	40
⁧قولاق⁩	40
⁧قوچعتی⁩	40
⁧قوچعلی⁩	40
⁧قویاش⁩	40
⁧قوینلی⁩	40
⁧قپانی⁩	40
⁧قپفاطمه⁩	40
⁧قپونعلی⁩	40
⁧قیبری⁩	40
⁧قیدار⁩	40
⁧قیدافه⁩	40
⁧قیدرا⁩	40
⁧قیده⁩	40
⁧قیزبس⁩	40
⁧قیزبست⁩	40
⁧قیزقید⁩	40
⁧قیس⁩	40
⁧قیطاز⁩	40
⁧قیطاس⁩	40
⁧قیطران⁩	40
⁧قیطرن⁩	40
⁧قیطون⁩	40
⁧قیطونی⁩	40
⁧قیل⁩	40
⁧قیمیت⁩	40
⁧قیه⁩	40
⁧قیوب⁩	40
⁧قیوم⁩	40
⁧لؤلؤ⁩	40
⁧لئا⁩	40
⁧لابان⁩	40
⁧لاجان⁩	40
⁧لاجین⁩	40
⁧لادبن⁩	40
⁧لار⁩	40
⁧لارما⁩	40
⁧لاریسا⁩	40
⁧لالهدخت⁩	40
⁧لالهرخ⁩	40
⁧لالهرو⁩	40
⁧لالهزار⁩	40
⁧لالهسار⁩	40
⁧لالهسان⁩	40
⁧لالهوش⁩	40
⁧لالهگون⁩	40
⁧لامعلی⁩	40
⁧لامعه⁩	40
⁧لامیا⁩	40
⁧لانیا⁩	40
⁧لاوان⁩	40
⁧لاون⁩	40
⁧لاوچاک⁩	40
⁧لاویا⁩	40
⁧لاوین⁩	40
⁧لاچین⁩	40
⁧لایا⁩	40
⁧لایذ⁩	40
⁧لایقه⁩	40
⁧لبابه⁩	40
⁧لبانه⁩	40
⁧لبراهیم⁩	40
⁧لبلا⁩	40
⁧لبنا⁩	40
⁧لبولفضل⁩	40
⁧لبی⁩	40
⁧لبیب⁩	40
⁧لبینا⁩	40
⁧لتکا⁩	40
⁧لحسان⁩	40
⁧لحیا⁩	40
⁧لدرچین⁩	40
⁧لدچین⁩	40
⁧لردا⁩	40
⁧لرزو⁩	40
⁧لزمان⁩	40
⁧لزگی⁩	40
⁧لزگین⁩	40
⁧لسته⁩	40
⁧لسماعیل⁩	40
⁧لشکان⁩	40
⁧لشکران⁩	40
⁧لشگراله⁩	40
⁧لطفالدین⁩	40
⁧لطفالله⁩	40
⁧لطفعی⁩	40
⁧لطفه⁩	40
⁧لطف‌الله⁩	40
⁧لظفعلی⁩	40
⁧لعبا⁩	40
⁧لعبت⁩	40
⁧لعل⁩	40
⁧لعیا⁩	40
⁧لفت⁩	40
⁧لفته⁩	40
⁧لفشین⁩	40
⁧لفطه⁩	40
⁧لفمان⁩	40
⁧لفنه⁩	40
⁧لقا⁩	40
⁧لقای⁩	40
⁧لقط⁩	40
⁧لقمان⁩	40
⁧لقمانه⁩	40
⁧للبخش⁩	40
⁧لله⁩	40
⁧لمیا⁩	40
⁧لمیر⁩	40
⁧لمیس⁩	40
⁧لمیعه⁩	40
⁧لمین⁩	40
⁧لمیه⁩	40
⁧لناز⁩	40
⁧لنبک⁩	40
⁧لندینا⁩	40
⁧لنیا⁩	40
⁧لهام⁩	40
⁧لهاک⁩	40
⁧لهداد⁩	40
⁧لهراسب⁩	40
⁧لهراسپ⁩	40
⁧لهه⁩	40
⁧لهون⁩	40
⁧لوا⁩	40
⁧لواده⁩	40
⁧لواز⁩	40
⁧لوبا⁩	40
⁧لوترا⁩	40
⁧لوران⁩	40
⁧لوریس⁩	40
⁧لوکیه⁩	40
⁧لوی⁩	40
⁧لوییزا⁩	40
⁧لچک⁩	40
⁧لیادخت⁩	40
⁧لیال⁩	40
⁧لیالی⁩	40
⁧لیای⁩	40
⁧لیبرا⁩	40
⁧لیبه⁩	40
⁧لیتا⁩	40
⁧لیث⁩	40
⁧لیدا⁩	40
⁧لیدار⁩	40
⁧لیدال⁩	40
⁧لیده⁩	40
⁧لیرا⁩	40
⁧لیزان⁩	40
⁧لیزدا⁩	40
⁧لیعیا⁩	40
⁧لیلابیگم⁩	40
⁧لیلازکیه⁩	40
⁧لیلال⁩	40
⁧لیلان⁩	40
⁧لیلای⁩	40
⁧لیلماه⁩	40
⁧لیله⁩	40
⁧لیلوه⁩	40
⁧لیلپار⁩	40
⁧لیلیا⁩	40
⁧لیلیث⁩	40
⁧لیلین⁩	40
⁧لیلیوم⁩	40
⁧لیمان⁩	40
⁧لیمه⁩	40
⁧لینت⁩	40
⁧لینه⁩	40
⁧لیوذا⁩	40
⁧لیوراد⁩	40
⁧لیوزا⁩	40
⁧لیوزاد⁩	40
⁧لیوسا⁩	40
⁧لیونا⁩	40
⁧لیوه⁩	40
⁧لی‌لی⁩	40
⁧مأمون⁩	40
⁧مأوا⁩	40
⁧مؤتمن⁩	40
⁧مؤمنه⁩	40
⁧ماءالسماء⁩	40
⁧مائد⁩	40
⁧مائده⁩	40
⁧مابیبی⁩	40
⁧ماتا⁩	40
⁧ماتان⁩	40
⁧ماتیا⁩	40
⁧ماتیار⁩	40
⁧ماتیسا⁩	40
⁧ماتینا⁩	40
⁧ماتیکان⁩	40
⁧ماجان⁩	40
⁧ماجد⁩	40
⁧ماجده⁩	40
⁧ماحمود⁩	40
⁧ماحوز⁩	40
⁧ماخ⁩	40
⁧ماداک⁩	40
⁧مادح⁩	40
⁧مادلن⁩	40
⁧مادیا⁩	40
⁧مادیار⁩	40
⁧ماراسفند⁩	40
⁧ماراسپند⁩	40
⁧مارال⁩	40
⁧ماران⁩	40
⁧مارتیا⁩	40
⁧مارتینا⁩	40
⁧مارتیک⁩	40
⁧ماردین⁩	40
⁧مارل⁩	40
⁧مارلوترا⁩	40
⁧مارلک⁩	40
⁧مارلیس⁩	40
⁧مارم⁩	40
⁧مارمار⁩	40
⁧ماروسپند⁩	40
⁧مارگریت⁩	40
⁧ماریال⁩	40
⁧ماریام⁩	40
⁧ماریانا⁩	40
⁧ماریتا⁩	40
⁧ماریسا⁩	40
⁧ماریه⁩	40
⁧مازاده⁩	40
⁧مازستا⁩	40
⁧مازن⁩	40
⁧مازنه⁩	40
⁧مازولا⁩	40
⁧مازون⁩	40
⁧مازیا⁩	40
⁧مازیار⁩	40
⁧ماسا⁩	40
⁧ماسال⁩	40
⁧ماسلطان⁩	40
⁧ماسو⁩	40
⁧ماسیس⁩	40
⁧ماشاءالله⁩	40
⁧ماشاءاله⁩	40
⁧ماشاأاله⁩	40
⁧ماشالا⁩	40
⁧ماشالاه⁩	40
⁧ماشالله⁩	40
⁧ماشاله⁩	40
⁧ماشتالله⁩	40
⁧ماشگانا⁩	40
⁧ماعده⁩	40
⁧مالت⁩	40
⁧مالد⁩	40
⁧مالکه⁩	40
⁧مامال⁩	40
⁧ماماند⁩	40
⁧مامش⁩	40
⁧مامن⁩	40
⁧مامند⁩	40
⁧مامو⁩	40
⁧مامون⁩	40
⁧مامک⁩	40
⁧مامکان⁩	40
⁧مامیثا⁩	40
⁧مامیک⁩	40
⁧مانا⁩	40
⁧ماناد⁩	40
⁧مانادخت⁩	40
⁧ماناسه⁩	40
⁧مانای⁩	40
⁧مانترا⁩	40
⁧مانتره⁩	40
⁧ماندا⁩	40
⁧مانداتا⁩	40
⁧ماندان⁩	40
⁧ماندانا⁩	40
⁧ماندانه⁩	40
⁧ماندخت⁩	40
⁧ماندلی⁩	40
⁧ماندنا⁩	40
⁧ماندوی⁩	40
⁧ماندی⁩	40
⁧مانسا⁩	40
⁧مانشت⁩	40
⁧مانل⁩	40
⁧مانلی⁩	40
⁧مانلیا⁩	40
⁧مانوش⁩	40
⁧مانوشا⁩	40
⁧مانوشاک⁩	40
⁧مانوک⁩	40
⁧مانک⁩	40
⁧مانگ⁩	40
⁧مانگور⁩	40
⁧مانیا⁩	40
⁧مانیاد⁩	40
⁧مانیار⁩	40
⁧مانیتا⁩	40
⁧مانیدا⁩	40
⁧مانیسا⁩	40
⁧مانیشا⁩	40
⁧مانیلا⁩	40
⁧مانیوک⁩	40
⁧ماهآذر⁩	40
⁧ماهآفرید⁩	40
⁧ماهآفرین⁩	40
⁧ماهانا⁩	40
⁧ماهانداد⁩	40
⁧ماهایا⁩	40
⁧ماهبخت⁩	40
⁧ماهبد⁩	40
⁧ماهبرزین⁩	40
⁧ماهبری⁩	40
⁧ماهت⁩	40
⁧ماهتا⁩	40
⁧ماهتاب⁩	40
⁧ماهتابان⁩	40
⁧ماهتابه⁩	40
⁧ماهتاج⁩	40
⁧ماهتو⁩	40
⁧ماهتیتی⁩	40
⁧ماهتیسا⁩	40
⁧ماهتینا⁩	40
⁧ماهتینار⁩	40
⁧ماهجهان⁩	40
⁧ماهد⁩	40
⁧ماهداد⁩	40
⁧ماهدانه⁩	40
⁧ماهدخت⁩	40
⁧ماهده⁩	40
⁧ماهدولت⁩	40
⁧ماهدیس⁩	40
⁧ماهرخ⁩	40
⁧ماهرخسار⁩	40
⁧ماهرز⁩	40
⁧ماهرو⁩	40
⁧ماهروخ⁩	40
⁧ماهروزه⁩	40
⁧ماهروی⁩	40
⁧ماهریز⁩	40
⁧ماهزاد⁩	40
⁧ماهزر⁩	40
⁧ماهزنان⁩	40
⁧ماهسا⁩	40
⁧ماهسار⁩	40
⁧ماهستی⁩	40
⁧ماهسون⁩	40
⁧ماهسیما⁩	40
⁧ماهشاد⁩	40
⁧ماهشید⁩	40
⁧ماهصنم⁩	40
⁧ماهفروز⁩	40
⁧ماهفروغ⁩	40
⁧ماهل⁩	40
⁧ماهلی⁩	40
⁧ماهلین⁩	40
⁧ماهمنظر⁩	40
⁧ماهمنیر⁩	40
⁧ماهنا⁩	40
⁧ماهناز⁩	40
⁧ماهناک⁩	40
⁧ماهنسا⁩	40
⁧ماهنساء⁩	40
⁧ماهنور⁩	40
⁧ماهنوش⁩	40
⁧ماهنگار⁩	40
⁧ماهنی⁩	40
⁧ماهنیلا⁩	40
⁧ماهو⁩	40
⁧ماهوار⁩	40
⁧ماهوت⁩	40
⁧ماهور⁩	40
⁧ماهورا⁩	40
⁧ماهوره⁩	40
⁧ماهوش⁩	40
⁧ماهونداد⁩	40
⁧ماهونیا⁩	40
⁧ماهوین⁩	40
⁧ماهویه⁩	40
⁧ماهپاره⁩	40
⁧ماهپری⁩	40
⁧ماهپیکر⁩	40
⁧ماهچهر⁩	40
⁧ماهچهره⁩	40
⁧ماهک⁩	40
⁧ماهکان⁩	40
⁧ماهگل⁩	40
⁧ماهیار⁩	40
⁧ماهیدا⁩	40
⁧ماهیدان⁩	40
⁧ماهیده⁩	40
⁧ماهیره⁩	40
⁧ماهیسا⁩	40
⁧ماهیطلا⁩	40
⁧ماهیم⁩	40
⁧ماهین⁩	40
⁧ماهینه⁩	40
⁧ماورد⁩	40
⁧ماونداد⁩	40
⁧ماژان⁩	40
⁧ماکان⁩	40
⁧ماکل⁩	40
⁧ماکوان⁩	40
⁧ماگنولیا⁩	40
⁧مایابانو⁩	40
⁧مایار⁩	40
⁧مایحه⁩	40
⁧ماید⁩	40
⁧مایدا⁩	40
⁧مایده⁩	40
⁧مایدی⁩	40
⁧مایسا⁩	40
⁧مایلا⁩	40
⁧مایم⁩	40
⁧مباح⁩	40
⁧مباحعلی⁩	40
⁧مبارزالدین⁩	40
⁧مبارکعلی⁩	40
⁧مبثم⁩	40
⁧مبرا⁩	40
⁧مبرجواد⁩	40
⁧مبرز⁩	40
⁧مبرواحد⁩	40
⁧مبشره⁩	40
⁧مبعث⁩	40
⁧مبلاد⁩	40
⁧مبنا⁩	40
⁧مبید⁩	40
⁧مبینا⁩	40
⁧مبینه⁩	40
⁧متاب⁩	40
⁧متانت⁩	40
⁧متانه⁩	40
⁧متایون⁩	40
⁧مترتضی⁩	40
⁧مترضی⁩	40
⁧متصور⁩	40
⁧متضی⁩	40
⁧متعلم⁩	40
⁧متو⁩	40
⁧متوکل⁩	40
⁧متیا⁩	40
⁧متیبه⁩	40
⁧متیرا⁩	40
⁧متینا⁩	40
⁧متینه⁩	40
⁧مثتانه⁩	40
⁧مثلم⁩	40
⁧مثم⁩	40
⁧مجاهده⁩	40
⁧مجبتی⁩	40
⁧مجبد⁩	40
⁧مجبوبه⁩	40
⁧مجبی⁩	40
⁧مجتب⁩	40
⁧مجتبا⁩	40
⁧مجتبی⁩	40
⁧مجتب‌ی⁩	40
⁧مجتلبی⁩	40
⁧مجتی⁩	40
⁧مجثبی⁩	40
⁧مجحمد⁩	40
⁧مجدالدین⁩	40
⁧مجده⁩	40
⁧مجدود⁩	40
⁧مجدیه⁩	40
⁧مجسد⁩	40
⁧مجلله⁩	40
⁧مجمود⁩	40
⁧مجنبی⁩	40
⁧مجی⁩	40
⁧مجیب⁩	40
⁧مجیبه⁩	40
⁧مجیتی⁩	40
⁧مجیدالدین⁩	40
⁧مجیداله⁩	40
⁧مجیدامیر⁩	40
⁧مجیدرضا⁩	40
⁧مجیده⁩	40
⁧مجیر⁩	40
⁧مجیرا⁩	40
⁧مجیرالدین⁩	40
⁧مجیید⁩	40
⁧محامد⁩	40
⁧محبتعلی⁩	40
⁧محبته⁩	40
⁧محبه⁩	40
⁧محبوبعلی⁩	40
⁧محبوبیه⁩	40
⁧محبوه⁩	40
⁧محبویه⁩	40
⁧محبیبه⁩	40
⁧محتبی⁩	40
⁧محترمه⁩	40
⁧محتشمه⁩	40
⁧محتصم⁩	40
⁧محجل⁩	40
⁧محجمد⁩	40
⁧محجوبه⁩	40
⁧محجوره⁩	40
⁧محدثه⁩	40
⁧محرابعلی⁩	40
⁧محراتب⁩	40
⁧محراج⁩	40
⁧محران⁩	40
⁧محرتم⁩	40
⁧محررم⁩	40
⁧محرعلی⁩	40
⁧محرمعلی⁩	40
⁧محرمغلی⁩	40
⁧محرملی⁩	40
⁧محرمه⁩	40
⁧محرویه⁩	40
⁧محزاد⁩	40
⁧محزز⁩	40
⁧محس⁩	40
⁧محسا⁩	40
⁧محست⁩	40
⁧محستن⁩	40
⁧محسنم⁩	40
⁧محسنن⁩	40
⁧محسنه⁩	40
⁧محصا⁩	40
⁧محصون⁩	40
⁧محفوظه⁩	40
⁧محلا⁩	40
⁧محلقا⁩	40
⁧محمبوبه⁩	40
⁧محمت⁩	40
⁧محمحمدرضا⁩	40
⁧محمدآبتین⁩	40
⁧محمدآدرین⁩	40
⁧محمدآراد⁩	40
⁧محمدآراس⁩	40
⁧محمدآرتین⁩	40
⁧محمدآرسام⁩	40
⁧محمدآرش⁩	40
⁧محمدآرشام⁩	40
⁧محمدآرمان⁩	40
⁧محمدآرمین⁩	40
⁧محمدآروین⁩	40
⁧محمدآریا⁩	40
⁧محمدآریان⁩	40
⁧محمدآرین⁩	40
⁧محمدآزاد⁩	40
⁧محمدآیدین⁩	40
⁧محمدا⁩	40
⁧محمدابراهیم⁩	40
⁧محمداحسان⁩	40
⁧محمدادریس⁩	40
⁧محمدادیب⁩	40
⁧محمداردلان⁩	40
⁧محمدارسلان⁩	40
⁧محمدارشاد⁩	40
⁧محمدارشام⁩	40
⁧محمدارشیا⁩	40
⁧محمدارمیا⁩	40
⁧محمداسامه⁩	40
⁧محمداسحاق⁩	40
⁧محمداسلام⁩	40
⁧محمداسماعیل⁩	40
⁧محمداشکان⁩	40
⁧محمداعلا⁩	40
⁧محمدافشار⁩	40
⁧محمدافشین⁩	40
⁧محمدافضل⁩	40
⁧محمداقبال⁩	40
⁧محمدالله⁩	40
⁧محمدالیاس⁩	40
⁧محمدامید⁩	40
⁧محمدامیر⁩	40
⁧محمدامین⁩	40
⁧محمدانور⁩	40
⁧محمداویس⁩	40
⁧محمداکبر⁩	40
⁧محمدایلیا⁩	40
⁧محمدایمان⁩	40
⁧محمدایوب⁩	40
⁧محمدب⁩	40
⁧محمدباراد⁩	40
⁧محمدباسط⁩	40
⁧محمدباقر⁩	40
⁧محمدبای⁩	40
⁧محمدبخش⁩	40
⁧محمدبردی⁩	40
⁧محمدبرنا⁩	40
⁧محمدبرهان⁩	40
⁧محمدبسام⁩	40
⁧محمدبشیر⁩	40
⁧محمدبصیر⁩	40
⁧محمدبلال⁩	40
⁧محمدبنیامین⁩	40
⁧محمدبهراد⁩	40
⁧محمدبهروز⁩	40
⁧محمدبهزاد⁩	40
⁧محمدبهمن⁩	40
⁧محمدبهنام⁩	40
⁧محمدبهنود⁩	40
⁧محمدت⁩	40
⁧محمدتارخ⁩	40
⁧محمدتحسین⁩	40
⁧محمدتقی⁩	40
⁧محمدتوحید⁩	40
⁧محمدتوفیق⁩	40
⁧محمدتکین⁩	40
⁧محمدتیام⁩	40
⁧محمدث⁩	40
⁧محمدثاقب⁩	40
⁧محمدثامن⁩	40
⁧محمدجابر⁩	40
⁧محمدجان⁩	40
⁧محمدجاوید⁩	40
⁧محمدجبار⁩	40
⁧محمدجسیم⁩	40
⁧محمدجعفر⁩	40
⁧محمدجلال⁩	40
⁧محمدجلیل⁩	40
⁧محمدجمال⁩	40
⁧محمدجمشید⁩	40
⁧محمدجمیل⁩	40
⁧محمدجواد⁩	40
⁧محمدجوان⁩	40
⁧محمدحاتم⁩	40
⁧محمدحافظ⁩	40
⁧محمدحامد⁩	40
⁧محمدحامی⁩	40
⁧محمدحبیب⁩	40
⁧محمدحجت⁩	40
⁧محمدحسام⁩	40
⁧محمدحسان⁩	40
⁧محمدحسین⁩	40
⁧محمدحلیم⁩	40
⁧محمدحمزه⁩	40
⁧محمدحمید⁩	40
⁧محمدحنان⁩	40
⁧محمدحنیف⁩	40
⁧محمدحکیم⁩	40
⁧محمدحیدر⁩	40
⁧محمدخالد⁩	40
⁧محمدخالق⁩	40
⁧محمدخان⁩	40
⁧محمدخسرو⁩	40
⁧محمدخلیل⁩	40
⁧محمدداد⁩	40
⁧محمددارا⁩	40
⁧محمددانش⁩	40
⁧محمددانیال⁩	40
⁧محمدداوود⁩	40
⁧محمددل⁩	40
⁧محمددین⁩	40
⁧محمدذاکر⁩	40
⁧محمدرئوف⁩	40
⁧محمدراد⁩	40
⁧محمدرادمان⁩	40
⁧محمدراستین⁩	40
⁧محمدراشد⁩	40
⁧محمدرافع⁩	40
⁧محمدرامان⁩	40
⁧محمدرامتین⁩	40
⁧محمدرامین⁩	40
⁧محمدرایا⁩	40
⁧محمدرحمان⁩	40
⁧محمدرحیم⁩	40
⁧محمدرسا⁩	40
⁧محمدرسام⁩	40
⁧محمدرستگار⁩	40
⁧محمدرسول⁩	40
⁧محمدرشاد⁩	40
⁧محمدرشه⁩	40
⁧محمدرشید⁩	40
⁧محمدرصا⁩	40
⁧محمدرضا⁩	40
⁧محمدرضوان⁩	40
⁧محمدرفیع⁩	40
⁧محمدرفیق⁩	40
⁧محمدرهام⁩	40
⁧محمدریوف⁩	40
⁧محمدزاهد⁩	40
⁧محمدزبیر⁩	40
⁧محمدزمان⁩	40
⁧محمدزهیر⁩	40
⁧محمدزکریا⁩	40
⁧محمدساجد⁩	40
⁧محمدساسان⁩	40
⁧محمدساعد⁩	40
⁧محمدسالار⁩	40
⁧محمدسالم⁩	40
⁧محمدسام⁩	40
⁧محمدسامان⁩	40
⁧محمدسامی⁩	40
⁧محمدسامیار⁩	40
⁧محمدسانی⁩	40
⁧محمدسبحان⁩	40
⁧محمدستار⁩	40
⁧محمدسجاد⁩	40
⁧محمدسدیس⁩	40
⁧محمدسردار⁩	40
⁧محمدسرور⁩	40
⁧محمدسروش⁩	40
⁧محمدسعد⁩	40
⁧محمدسعید⁩	40
⁧محمدسعیدی⁩	40
⁧محمدسلمان⁩	40
⁧محمدسلیم⁩	40
⁧محمدسلیمان⁩	40
⁧محمدسمیر⁩	40
⁧محمدسنا⁩	40
⁧محمدسنان⁩	40
⁧محمدسهراب⁩	40
⁧محمدسهند⁩	40
⁧محمدسهیل⁩	40
⁧محمدسورنا⁩	40
⁧محمدسویین⁩	40
⁧محمدسپهر⁩	40
⁧محمدسینا⁩	40
⁧محمدشا⁩	40
⁧محمدشاه⁩	40
⁧محمدشاهد⁩	40
⁧محمدشاهرخ⁩	40
⁧محمدشاهین⁩	40
⁧محمدشاکر⁩	40
⁧محمدشایان⁩	40
⁧محمدشایگان⁩	40
⁧محمدشبیر⁩	40
⁧محمدشروین⁩	40
⁧محمدشریف⁩	40
⁧محمدشفیع⁩	40
⁧محمدشفیق⁩	40
⁧محمدشمس⁩	40
⁧محمدشهاب⁩	40
⁧محمدشهرام⁩	40
⁧محمدشهروز⁩	40
⁧محمدشهیار⁩	40
⁧محمدشکور⁩	40
⁧محمدشکیب⁩	40
⁧محمدصائب⁩	40
⁧محمدصابر⁩	40
⁧محمدصاحب⁩	40
⁧محمدصادق⁩	40
⁧محمدصالح⁩	40
⁧محمدصانع⁩	40
⁧محمدصبور⁩	40
⁧محمدصبیر⁩	40
⁧محمدصدرا⁩	40
⁧محمدصدیق⁩	40
⁧محمدصفا⁩	40
⁧محمدصفی⁩	40
⁧محمدصلاح⁩	40
⁧محمدصمیم⁩	40
⁧محمدضیا⁩	40
⁧محمدطارق⁩	40
⁧محمدطالب⁩	40
⁧محمدطاهر⁩	40
⁧محمدطه⁩	40
⁧محمدطی⁩	40
⁧محمدطیب⁩	40
⁧محمدظاهر⁩	40
⁧محمدظفر⁩	40
⁧محمدعابد⁩	40
⁧محمدعادل⁩	40
⁧محمدعارف⁩	40
⁧محمدعامر⁩	40
⁧محمدعباس⁩	40
⁧محمدعدنان⁩	40
⁧محمدعرشیا⁩	40
⁧محمدعرفان⁩	40
⁧محمدعطا⁩	40
⁧محمدعظیم⁩	40
⁧محمدعقیل⁩	40
⁧محمدعلیم⁩	40
⁧محمدعماد⁩	40
⁧محمدعمران⁩	40
⁧محمدعمید⁩	40
⁧محمدعیسی⁩	40
⁧محمدغفور⁩	40
⁧محمدغلی⁩	40
⁧محمدفؤاد⁩	40
⁧محمدفائق⁩	40
⁧محمدفاتح⁩	40
⁧محمدفاخر⁩	40
⁧محمدفاروق⁩	40
⁧محمدفاضل⁩	40
⁧محمدفتاح⁩	40
⁧محمدفربد⁩	40
⁧محمدفرحان⁩	40
⁧محمدفردین⁩	40
⁧محمدفرزاد⁩	40
⁧محمدفرزام⁩	40
⁧محمدفرزان⁩	40
⁧محمدفرزین⁩	40
⁧محمدفرساد⁩	40
⁧محمدفرشاد⁩	40
⁧محمدفرشید⁩	40
⁧محمدفرهاد⁩	40
⁧محمدفرهام⁩	40
⁧محمدفرید⁩	40
⁧محمدفهیم⁩	40
⁧محمدفیاض⁩	40
⁧محمدفیروز⁩	40
⁧محمدقائم⁩	40
⁧محمدقادر⁩	40
⁧محمدقاسم⁩	40
⁧محمدقاشم⁩	40
⁧محمدقدیر⁩	40
⁧محمدقربان⁩	40
⁧محمدقلیچ⁩	40
⁧محمدم⁩	40
⁧محمدماجد⁩	40
⁧محمدمازیار⁩	40
⁧محمدمالک⁩	40
⁧محمدماهان⁩	40
⁧محمدماکان⁩	40
⁧محمدمبین⁩	40
⁧محمدمتین⁩	40
⁧محمدمجتبی⁩	40
⁧محمدمجیب⁩	40
⁧محمدمجید⁩	40
⁧محمدمجیر⁩	40
⁧محمدمحتشم⁩	40
⁧محمدمحراب⁩	40
⁧محمدمحسن⁩	40
⁧محمدمحمود⁩	40
⁧محمدمختار⁩	40
⁧محمدمراد⁩	40
⁧محمدمرتضی⁩	40
⁧محمدمرصاد⁩	40
⁧محمدمسعود⁩	40
⁧محمدمسلم⁩	40
⁧محمدمسیح⁩	40
⁧محمدمسیحا⁩	40
⁧محمدمشتاق⁩	40
⁧محمدمصباح⁩	40
⁧محمدمصطفی⁩	40
⁧محمدمعراج⁩	40
⁧محمدمعز⁩	40
⁧محمدمعصوم⁩	40
⁧محمدمعید⁩	40
⁧محمدمعین⁩	40
⁧محمدمقصود⁩	40
⁧محمدمنان⁩	40
⁧محمدمنصور⁩	40
⁧محمدمنعم⁩	40
⁧محمدمنیب⁩	40
⁧محمدمنیر⁩	40
⁧محمدمهبد⁩	40
⁧محمدمهتدی⁩	40
⁧محمدمهدی⁩	40
⁧محمدمهدیار⁩	40
⁧محمدمهر⁩	40
⁧محمدمهراب⁩	40
⁧محمدمهراد⁩	40
⁧محمدمهران⁩	40
⁧محمدمهرداد⁩	40
⁧محمدمهرشاد⁩	40
⁧محمدمهزیار⁩	40
⁧محمدمهیار⁩	40
⁧محمدموسی⁩	40
⁧محمدمیثاق⁩	40
⁧محمدمیران⁩	40
⁧محمدمیرزا⁩	40
⁧محمدمیعاد⁩	40
⁧محمدمیلاد⁩	40
⁧محمدمیکائیل⁩	40
⁧محمدناجی⁩	40
⁧محمدنادر⁩	40
⁧محمدناصح⁩	40
⁧محمدناصر⁩	40
⁧محمدنافع⁩	40
⁧محمدنبی⁩	40
⁧محمدنجات⁩	40
⁧محمدنجار⁩	40
⁧محمدنصیر⁩	40
⁧محمدنظر⁩	40
⁧محمدنعیم⁩	40
⁧محمدنقی⁩	40
⁧محمدنور⁩	40
⁧محمدنورالدین⁩	40
⁧محمدنوید⁩	40
⁧محمدنیما⁩	40
⁧محمدنیکان⁩	40
⁧محمدهاتف⁩	40
⁧محمدهادی⁩	40
⁧محمدهاشم⁩	40
⁧محمدهامان⁩	40
⁧محمدهانی⁩	40
⁧محمدهدایت⁩	40
⁧محمدهشام⁩	40
⁧محمدهمام⁩	40
⁧محمدهمایون⁩	40
⁧محمدهورام⁩	40
⁧محمدهومان⁩	40
⁧محمدهومن⁩	40
⁧محمدهیرسا⁩	40
⁧محمدوحید⁩	40
⁧محمدوصال⁩	40
⁧محمدوفا⁩	40
⁧محمدوهاب⁩	40
⁧محمدوهب⁩	40
⁧محمدویل⁩	40
⁧محمدپارسا⁩	40
⁧محمدپاشا⁩	40
⁧محمدپایا⁩	40
⁧محمدپدرام⁩	40
⁧محمدپرهام⁩	40
⁧محمدپوریا⁩	40
⁧محمدپویا⁩	40
⁧محمدپویان⁩	40
⁧محمدپیام⁩	40
⁧محمدپیمان⁩	40
⁧محمدچ⁩	40
⁧محمدکارن⁩	40
⁧محمدکاظم⁩	40
⁧محمدکامران⁩	40
⁧محمدکاوه⁩	40
⁧محمدکرم⁩	40
⁧محمدکریم⁩	40
⁧محمدکسری⁩	40
⁧محمدکمال⁩	40
⁧محمدکمیل⁩	40
⁧محمدکیا⁩	40
⁧محمدکیان⁩	40
⁧محمدکیهان⁩	40
⁧محمدکیوان⁩	40
⁧محمدگل⁩	40
⁧محمدگلدی⁩	40
⁧محمدیار⁩	40
⁧محمدیارا⁩	40
⁧محمدیاسان⁩	40
⁧محمدیاسین⁩	40
⁧محمدیاشا⁩	40
⁧محمدیاشار⁩	40
⁧محمدیث⁩	40
⁧محمدیحیی⁩	40
⁧محمدیزدان⁩	40
⁧محمدیه⁩	40
⁧محمدیوسف⁩	40
⁧محمدیونس⁩	40
⁧محمذ⁩	40
⁧محمذدرضا⁩	40
⁧محمذعلی⁩	40
⁧محمرضا⁩	40
⁧محمرم⁩	40
⁧محمس⁩	40
⁧محممد⁩	40
⁧محممود⁩	40
⁧محمو⁩	40
⁧محموبشاه⁩	40
⁧محموبه⁩	40
⁧محموداله⁩	40
⁧محمودذ⁩	40
⁧محمودرضا⁩	40
⁧محمودعلی⁩	40
⁧محموده⁩	40
⁧محمودچ⁩	40
⁧محموود⁩	40
⁧محموی⁩	40
⁧محمکد⁩	40
⁧محمی⁩	40
⁧محنا⁩	40
⁧محناز⁩	40
⁧محنوش⁩	40
⁧محنی⁩	40
⁧محوبه⁩	40
⁧محوش⁩	40
⁧محکانه⁩	40
⁧محکومه⁩	40
⁧محکیه⁩	40
⁧محی⁩	40
⁧محیا⁩	40
⁧محیات⁩	40
⁧محیار⁩	40
⁧محیالدین⁩	40
⁧محیان⁩	40
⁧محیده⁩	40
⁧محیصا⁩	40
⁧محیل⁩	40
⁧محین⁩	40
⁧محیی⁩	40
⁧محی‌الدین⁩	40
⁧مختارعلی⁩	40
⁧مختاره⁩	40
⁧مختبی⁩	40
⁧مختوم⁩	40
⁧مختومقلی⁩	40
⁧مخد⁩	40
⁧مخداد⁩	40
⁧مخدومه⁩	40
⁧مخدی⁩	40
⁧مخریم⁩	40
⁧مخسن⁩	40
⁧مخلوقه⁩	40
⁧مخلیقه⁩	40
⁧مخمد⁩	40
⁧مخنار⁩	40
⁧مخواسته⁩	40
⁧مخیتار⁩	40
⁧مخید⁩	40
⁧مدتضی⁩	40
⁧مدثر⁩	40
⁧مدثره⁩	40
⁧مدحت⁩	40
⁧مدد⁩	40
⁧مددیار⁩	40
⁧مدریک⁩	40
⁧مدنیه⁩	40
⁧مدیا⁩	40
⁧مدیار⁩	40
⁧مدیحا⁩	40
⁧مدیحه⁩	40
⁧مدیس⁩	40
⁧مدیسا⁩	40
⁧مدیسه⁩	40
⁧مدیم⁩	40
⁧مدینا⁩	40
⁧مدیوماه⁩	40
⁧مدیک⁩	40
⁧مذکور⁩	40
⁧مرآت⁩	40
⁧مراتضی⁩	40
⁧مرادبخش⁩	40
⁧مرادجان⁩	40
⁧مرادحاصل⁩	40
⁧مرادخان⁩	40
⁧مراددردی⁩	40
⁧مرادرسول⁩	40
⁧مرادعلی⁩	40
⁧مرادقلیچ⁩	40
⁧مرادقی⁩	40
⁧مرادممد⁩	40
⁧مرادگلدی⁩	40
⁧مرار⁩	40
⁧مرال⁩	40
⁧مرایب⁩	40
⁧مربم⁩	40
⁧مرتا⁩	40
⁧مرتاج⁩	40
⁧مرتاح⁩	40
⁧مرتسی⁩	40
⁧مرتصی⁩	40
⁧مرتض⁩	40
⁧مرتضا⁩	40
⁧مرتضس⁩	40
⁧مرتضضی⁩	40
⁧مرتضیی⁩	40
⁧مرتظی⁩	40
⁧مرتیا⁩	40
⁧مرثا⁩	40
⁧مرجاتن⁩	40
⁧مرجاندخت⁩	40
⁧مرجانرخ⁩	40
⁧مرجانه⁩	40
⁧مرجانچهر⁩	40
⁧مرجلن⁩	40
⁧مرجن⁩	40
⁧مرجون⁩	40
⁧مرحان⁩	40
⁧مرحت⁩	40
⁧مرحناز⁩	40
⁧مردآوند⁩	40
⁧مرداد⁩	40
⁧مرداس⁩	40
⁧مردتیا⁩	40
⁧مرددردی⁩	40
⁧مردردی⁩	40
⁧مردصیاد⁩	40
⁧مردگل⁩	40
⁧مرزاعلی⁩	40
⁧مرزانه⁩	40
⁧مرزعلی⁩	40
⁧مرزوان⁩	40
⁧مرزوق⁩	40
⁧مرزیه⁩	40
⁧مرسا⁩	40
⁧مرساد⁩	40
⁧مرسان⁩	40
⁧مرسانا⁩	40
⁧مرسده⁩	40
⁧مرسع⁩	40
⁧مرسل⁩	40
⁧مرسلین⁩	40
⁧مرسم⁩	40
⁧مرسنا⁩	40
⁧مرسین⁩	40
⁧مرشاد⁩	40
⁧مرشید⁩	40
⁧مرشیه⁩	40
⁧مرصاد⁩	40
⁧مرصع⁩	40
⁧مرصل⁩	40
⁧مرصیه⁩	40
⁧مرضبه⁩	40
⁧مرضه⁩	40
⁧مرضی⁩	40
⁧مرضیع⁩	40
⁧مرضیه⁩	40
⁧مرضییه⁩	40
⁧مرطوبه⁩	40
⁧مرظیه⁩	40
⁧مرعلی⁩	40
⁧مرغدبعلی⁩	40
⁧مرغوبعلی⁩	40
⁧مرم⁩	40
⁧مرمری⁩	40
⁧مرمرین⁩	40
⁧مرناز⁩	40
⁧مرنضی⁩	40
⁧مرنگ⁩	40
⁧مرهمت⁩	40
⁧مروئه⁩	40
⁧مروا⁩	40
⁧مروانه⁩	40
⁧مروه⁩	40
⁧مرچان⁩	40
⁧مرکا⁩	40
⁧مرکام⁩	40
⁧مرگن⁩	40
⁧مریان⁩	40
⁧مریح⁩	40
⁧مریدا⁩	40
⁧مریس⁩	40
⁧مریسا⁩	40
⁧مریلا⁩	40
⁧مریمل⁩	40
⁧مرینا⁩	40
⁧مریوان⁩	40
⁧مزاهر⁩	40
⁧مزبان⁩	40
⁧مزدا⁩	40
⁧مزدخ⁩	40
⁧مزده⁩	40
⁧مزدک⁩	40
⁧مزدیسنا⁩	40
⁧مزمز⁩	40
⁧مزن⁩	40
⁧مزکان⁩	40
⁧مزید⁩	40
⁧مزیده⁩	40
⁧مزیم⁩	40
⁧مزین⁩	40
⁧مسام⁩	40
⁧مسان⁩	40
⁧مساکن⁩	40
⁧مسباد⁩	40
⁧مستان⁩	40
⁧مستانه⁩	40
⁧مستجاب⁩	40
⁧مستجب⁩	40
⁧مسترن⁩	40
⁧مستعان⁩	40
⁧مستوده⁩	40
⁧مستوران⁩	40
⁧مستوره⁩	40
⁧مسحاب⁩	40
⁧مسحن⁩	40
⁧مسروب⁩	40
⁧مسسعود⁩	40
⁧مسطفی⁩	40
⁧مسطوره⁩	40
⁧مسطومه⁩	40
⁧مسعد⁩	40
⁧مسععود⁩	40
⁧مسعمد⁩	40
⁧مسعوداله⁩	40
⁧مسعودرضا⁩	40
⁧مسعوده⁩	40
⁧مسعوذ⁩	40
⁧مسعور⁩	40
⁧مسعید⁩	40
⁧مسغود⁩	40
⁧مسل⁩	40
⁧مسلو⁩	40
⁧مسود⁩	40
⁧مسودی⁩	40
⁧مسکود⁩	40
⁧مسیب⁩	40
⁧مسیحا⁩	40
⁧مسیحه⁩	40
⁧مسین⁩	40
⁧مسینا⁩	40
⁧مسیه⁩	40
⁧مسیود⁩	40
⁧مسییب⁩	40
⁧مشاری⁩	40
⁧مشاعل⁩	40
⁧مشاله⁩	40
⁧مشانا⁩	40
⁧مشانعلی⁩	40
⁧مشتبی⁩	40
⁧مشتمان⁩	40
⁧مشجر⁩	40
⁧مشجره⁩	40
⁧مشد⁩	40
⁧مشدقلی⁩	40
⁧مشدی⁩	40
⁧مشروطه⁩	40
⁧مشعود⁩	40
⁧مشمت⁩	40
⁧مشهد⁩	40
⁧مشهدقلی⁩	40
⁧مشهود⁩	40
⁧مشک⁩	40
⁧مشکات⁩	40
⁧مشکان⁩	40
⁧مشکاندخت⁩	40
⁧مشکاه⁩	40
⁧مشکدانه⁩	40
⁧مشکعلی⁩	40
⁧مشکناز⁩	40
⁧مشکنک⁩	40
⁧مشکوت⁩	40
⁧مشکوه⁩	40
⁧مشکین⁩	40
⁧مشکیناز⁩	40
⁧مشکیندخت⁩	40
⁧مشگعلی⁩	40
⁧مشیا⁩	40
⁧مشیانه⁩	40
⁧مشیت⁩	40
⁧مشید⁩	40
⁧مشیر⁩	40
⁧مشیما⁩	40
⁧مصتطفی⁩	40
⁧مصتفا⁩	40
⁧مصتفی⁩	40
⁧مصدقه⁩	40
⁧مصرحد⁩	40
⁧مصرولی⁩	40
⁧مصریه⁩	40
⁧مصصطفی⁩	40
⁧مصصلفی⁩	40
⁧مصططفی⁩	40
⁧مصطغی⁩	40
⁧مصطف⁩	40
⁧مصطفیی⁩	40
⁧مصطقی⁩	40
⁧مصطوفی⁩	40
⁧مصطی⁩	40
⁧مصظفی⁩	40
⁧مصعب⁩	40
⁧مصعصومه⁩	40
⁧مصعمومه⁩	40
⁧مصعود⁩	40
⁧مصفی⁩	40
⁧مصلحالدین⁩	40
⁧مصلفی⁩	40
⁧مصلم⁩	40
⁧مصود⁩	40
⁧مصور⁩	40
⁧مصومه⁩	40
⁧مصیب⁩	40
⁧مصیبه⁩	40
⁧مصیر⁩	40
⁧مصیود⁩	40
⁧مضانعلی⁩	40
⁧مضاهر⁩	40
⁧مضطفی⁩	40
⁧مضفر⁩	40
⁧مضور⁩	40
⁧مطاء⁩	40
⁧مطاب⁩	40
⁧مطانات⁩	40
⁧مطاهر⁩	40
⁧مطصطفی⁩	40
⁧مطعم⁩	40
⁧مطفی⁩	40
⁧مطلبعلی⁩	40
⁧مطهر⁩	40
⁧مطهره⁩	40
⁧مطیب⁩	40
⁧مطیر⁩	40
⁧مطیره⁩	40
⁧مطیعا⁩	40
⁧مظاهر⁩	40
⁧مظفرالدین⁩	40
⁧مظلومه⁩	40
⁧معاب⁩	40
⁧معاد⁩	40
⁧معاذالله⁩	40
⁧معارج⁩	40
⁧معارف⁩	40
⁧معال⁩	40
⁧معان⁩	40
⁧معبود⁩	40
⁧معتصم⁩	40
⁧معتضد⁩	40
⁧معتوک⁩	40
⁧معدی⁩	40
⁧معراب⁩	40
⁧معراج⁩	40
⁧معراجعلی⁩	40
⁧معرفتالله⁩	40
⁧معز⁩	40
⁧معزالدین⁩	40
⁧معززه⁩	40
⁧معسود⁩	40
⁧معسوم⁩	40
⁧معصمه⁩	40
⁧معصمومه⁩	40
⁧معصومع⁩	40
⁧معصومعه⁩	40
⁧معصومنه⁩	40
⁧معصومه⁩	40
⁧معصومیه⁩	40
⁧معصوه⁩	40
⁧معصیمه⁩	40
⁧معضومه⁩	40
⁧معطی⁩	40
⁧معظمه⁩	40
⁧مععومه⁩	40
⁧معقصود⁩	40
⁧معقوله⁩	40
⁧معمان⁩	40
⁧معمصومه⁩	40
⁧معهدی⁩	40
⁧معوش⁩	40
⁧معوصمه⁩	40
⁧معیت⁩	40
⁧معید⁩	40
⁧معیر⁩	40
⁧معینا⁩	40
⁧معینالدین⁩	40
⁧معینه⁩	40
⁧معیین⁩	40
⁧مغداد⁩	40
⁧مغرب⁩	40
⁧مغرز⁩	40
⁧مغصود⁩	40
⁧مغصوم⁩	40
⁧مغصومه⁩	40
⁧مغعصومه⁩	40
⁧مغفور⁩	40
⁧مغیث⁩	40
⁧مفتح⁩	40
⁧مفرح⁩	40
⁧مفضل⁩	40
⁧مفظر⁩	40
⁧مفلح⁩	40
⁧مقاره⁩	40
⁧مقبل⁩	40
⁧مقبله⁩	40
⁧مقبول⁩	40
⁧مقبوله⁩	40
⁧مقتدا⁩	40
⁧مقتدی⁩	40
⁧مقداد⁩	40
⁧مقدره⁩	40
⁧مقدمعلی⁩	40
⁧مقدوده⁩	40
⁧مقدید⁩	40
⁧مقربه⁩	40
⁧مقصداله⁩	40
⁧مقصودعلی⁩	40
⁧مقصوده⁩	40
⁧مقصور⁩	40
⁧مقصوعلی⁩	40
⁧مقطوره⁩	40
⁧مقیما⁩	40
⁧ملائک⁩	40
⁧ملابخش⁩	40
⁧ملاجان⁩	40
⁧ملاحت⁩	40
⁧ملاطاطار⁩	40
⁧ملاقلی⁩	40
⁧ملال⁩	40
⁧ملالله⁩	40
⁧ملان⁩	40
⁧ملاندر⁩	40
⁧ملانیا⁩	40
⁧ملاک⁩	40
⁧ملاکه⁩	40
⁧ملایار⁩	40
⁧ملاین⁩	40
⁧ملاییکه⁩	40
⁧ملحه⁩	40
⁧ملحیه⁩	40
⁧ملدا⁩	40
⁧ملندانا⁩	40
⁧ملنگ⁩	40
⁧مله⁩	40
⁧ملود⁩	40
⁧ملورین⁩	40
⁧ملورینا⁩	40
⁧ملوس⁩	40
⁧ملوسک⁩	40
⁧ملوک⁩	40
⁧ملوکان⁩	40
⁧ملوکه⁩	40
⁧ملوینه⁩	40
⁧ملکا⁩	40
⁧ملکتاج⁩	40
⁧ملکعلی⁩	40
⁧ملکعی⁩	40
⁧ملکله⁩	40
⁧ملکها⁩	40
⁧ملکوم⁩	40
⁧ملیا⁩	40
⁧ملیجه⁩	40
⁧ملیح⁩	40
⁧ملیحجه⁩	40
⁧ملیحه⁩	40
⁧ملیخه⁩	40
⁧ملیسی⁩	40
⁧ملیفه⁩	40
⁧ملیله⁩	40
⁧ملینا⁩	40
⁧ملیناز⁩	40
⁧ملیکا⁩	40
⁧ملیکه⁩	40
⁧مماس⁩	40
⁧ممجید⁩	40
⁧ممحسن⁩	40
⁧ممد⁩	40
⁧ممدرضا⁩	40
⁧ممدوح⁩	40
⁧ممسعود⁩	40
⁧ممنصور⁩	40
⁧ممنصوره⁩	40
⁧ممنوش⁩	40
⁧ممیش⁩	40
⁧منا⁩	40
⁧مناحت⁩	40
⁧منار⁩	40
⁧مناف⁩	40
⁧منال⁩	40
⁧منالیزا⁩	40
⁧منان⁩	40
⁧منانه⁩	40
⁧مناهل⁩	40
⁧مناور⁩	40
⁧مناک⁩	40
⁧منبج⁩	40
⁧منبر⁩	40
⁧منبره⁩	40
⁧منتا⁩	40
⁧منتاج⁩	40
⁧منتجم⁩	40
⁧منتصر⁩	40
⁧منتعلی⁩	40
⁧منتیا⁩	40
⁧منجعلی⁩	40
⁧منجوق⁩	40
⁧منجید⁩	40
⁧منجیه⁩	40
⁧منجیک⁩	40
⁧مندا⁩	40
⁧مندانا⁩	40
⁧مندلی⁩	40
⁧مندنی⁩	40
⁧منذر⁩	40
⁧منر⁩	40
⁧منزر⁩	40
⁧منزلت⁩	40
⁧منزوق⁩	40
⁧منسا⁩	40
⁧منسور⁩	40
⁧منشور⁩	40
⁧منصر⁩	40
⁧منصمره⁩	40
⁧منصوح⁩	40
⁧منصورالزمان⁩	40
⁧منصوراله⁩	40
⁧منصوره⁩	40
⁧منصومه⁩	40
⁧منصیور⁩	40
⁧منضور⁩	40
⁧منظربانو⁩	40
⁧منظوره⁩	40
⁧منمصور⁩	40
⁧منهاج⁩	40
⁧منهاجالدین⁩	40
⁧منهاز⁩	40
⁧منود⁩	40
⁧منورال⁩	40
⁧منوره⁩	40
⁧منوش⁩	40
⁧منوشان⁩	40
⁧منوشفر⁩	40
⁧منوشچهر⁩	40
⁧منوه⁩	40
⁧منوهر⁩	40
⁧منچهر⁩	40
⁧منژه⁩	40
⁧منکشه⁩	40
⁧منگشتی⁩	40
⁧منگلور⁩	40
⁧منیا⁩	40
⁧منیب⁩	40
⁧منیبا⁩	40
⁧منیج⁩	40
⁧منیجه⁩	40
⁧منیحه⁩	40
⁧منیر⁩	40
⁧منیرآغا⁩	40
⁧منیراعظم⁩	40
⁧منیرالدین⁩	40
⁧منیرالسات⁩	40
⁧منیره⁩	40
⁧منیرو⁩	40
⁧منیزه⁩	40
⁧منیع⁩	40
⁧منیف⁩	40
⁧منیو⁩	40
⁧منیپه⁩	40
⁧منیژ⁩	40
⁧منیژه⁩	40
⁧منیکا⁩	40
⁧منیکاییل⁩	40
⁧مها⁩	40
⁧مهاب⁩	40
⁧مهاباد⁩	40
⁧مهابت⁩	40
⁧مهابد⁩	40
⁧مهاجره⁩	40
⁧مهاد⁩	40
⁧مهادا⁩	40
⁧مهاز⁩	40
⁧مهاسا⁩	40
⁧مهام⁩	40
⁧مهان⁩	40
⁧مهانفر⁩	40
⁧مهاوا⁩	40
⁧مهاپاره⁩	40
⁧مهبا⁩	40
⁧مهباد⁩	40
⁧مهبان⁩	40
⁧مهبوبه⁩	40
⁧مهبیبی⁩	40
⁧مهتا⁩	40
⁧مهتابه⁩	40
⁧مهتاز⁩	40
⁧مهتر⁩	40
⁧مهترا⁩	40
⁧مهجبین⁩	40
⁧مهخدی⁩	40
⁧مهدا⁩	40
⁧مهداد⁩	40
⁧مهدال⁩	40
⁧مهدان⁩	40
⁧مهدبی⁩	40
⁧مهدثه⁩	40
⁧مهدس⁩	40
⁧مهدسه⁩	40
⁧مهدعلی⁩	40
⁧مهدل⁩	40
⁧مهدوخت⁩	40
⁧مهدودی⁩	40
⁧مهدونه⁩	40
⁧مهدیا⁩	40
⁧مهدیار⁩	40
⁧مهدیث⁩	40
⁧مهدیس⁩	40
⁧مهدیسا⁩	40
⁧مهدیسه⁩	40
⁧مهدیصالح⁩	40
⁧مهدیقلی⁩	40
⁧مهدیقمی⁩	40
⁧مهدیم⁩	40
⁧مهدین⁩	40
⁧مهدینا⁩	40
⁧مهدینه⁩	40
⁧مهدیه‌ی⁩	40
⁧مهدیپارسا⁩	40
⁧مهدیی⁩	40
⁧مهدییار⁩	40
⁧مهد‌ی⁩	40
⁧مهذران⁩	40
⁧مهذی⁩	40
⁧مهرءال⁩	40
⁧مهرآذر⁩	40
⁧مهرآذین⁩	40
⁧مهرآراد⁩	40
⁧مهرآرتا⁩	40
⁧مهرآزاد⁩	40
⁧مهرآزما⁩	40
⁧مهرآفاق⁩	40
⁧مهرآفرید⁩	40
⁧مهرآفرین⁩	40
⁧مهرآمیز⁩	40
⁧مهرآمین⁩	40
⁧مهرآنا⁩	40
⁧مهرآوه⁩	40
⁧مهرآویر⁩	40
⁧مهرآیه⁩	40
⁧مهرآیین⁩	40
⁧مهراب⁩	40
⁧مهرابعلی⁩	40
⁧مهرابه⁩	40
⁧مهراج⁩	40
⁧مهرادا⁩	40
⁧مهراس⁩	40
⁧مهراسا⁩	40
⁧مهراسپند⁩	40
⁧مهراصغر⁩	40
⁧مهراعظم⁩	40
⁧مهرافزا⁩	40
⁧مهرافزون⁩	40
⁧مهرافشان⁩	40
⁧مهرالله⁩	40
⁧مهرالنسا⁩	40
⁧مهراله⁩	40
⁧مهرام⁩	40
⁧مهرانا⁩	40
⁧مهرانتاج⁩	40
⁧مهراندخت⁩	40
⁧مهراندیش⁩	40
⁧مهرانفر⁩	40
⁧مهرانه⁩	40
⁧مهرانوش⁩	40
⁧مهرانگز⁩	40
⁧مهرانگل⁩	40
⁧مهرانگیر⁩	40
⁧مهرانگیز⁩	40
⁧مهرانگیس⁩	40
⁧مهراوه⁩	40
⁧مهربا⁩	40
⁧مهرباز⁩	40
⁧مهربانو⁩	40
⁧مهربد⁩	40
⁧مهربرزین⁩	40
⁧مهربنداد⁩	40
⁧مهرتا⁩	40
⁧مهرتاب⁩	40
⁧مهرتابان⁩	40
⁧مهرتاج⁩	40
⁧مهرتاش⁩	40
⁧مهرثنا⁩	40
⁧مهرجان⁩	40
⁧مهرخو⁩	40
⁧مهردا⁩	40
⁧مهردار⁩	40
⁧مهردخت⁩	40
⁧مهردلبر⁩	40
⁧مهردوخت⁩	40
⁧مهردیس⁩	40
⁧مهرراز⁩	40
⁧مهررضا⁩	40
⁧مهرروز⁩	40
⁧مهرریز⁩	40
⁧مهرزهرا⁩	40
⁧مهرسا⁩	40
⁧مهرساد⁩	40
⁧مهرسام⁩	40
⁧مهرسان⁩	40
⁧مهرسانا⁩	40
⁧مهرسنا⁩	40
⁧مهرسیما⁩	40
⁧مهرسینا⁩	40
⁧مهرش⁩	40
⁧مهرشید⁩	40
⁧مهرشین⁩	40
⁧مهرشینا⁩	40
⁧مهرفر⁩	40
⁧مهرفروز⁩	40
⁧مهرفروغ⁩	40
⁧مهرلقا⁩	40
⁧مهرمان⁩	40
⁧مهرماه⁩	40
⁧مهرمس⁩	40
⁧مهرمند⁩	40
⁧مهرناز⁩	40
⁧مهرنام⁩	40
⁧مهرنان⁩	40
⁧مهرنرسه⁩	40
⁧مهرنسا⁩	40
⁧مهرنواز⁩	40
⁧مهرنور⁩	40
⁧مهرنوش⁩	40
⁧مهرنگ⁩	40
⁧مهرنگار⁩	40
⁧مهرنگیز⁩	40
⁧مهرنیک⁩	40
⁧مهروا⁩	40
⁧مهروالا⁩	40
⁧مهروش⁩	40
⁧مهروشا⁩	40
⁧مهروند⁩	40
⁧مهروی⁩	40
⁧مهروین⁩	40
⁧مهرویه⁩	40
⁧مهرپاد⁩	40
⁧مهرپو⁩	40
⁧مهرپوی⁩	40
⁧مهرپیکر⁩	40
⁧مهرچهر⁩	40
⁧مهرچین⁩	40
⁧مهرک⁩	40
⁧مهرکام⁩	40
⁧مهرکان⁩	40
⁧مهرکوش⁩	40
⁧مهرکوشا⁩	40
⁧مهرکیش⁩	40
⁧مهرگل⁩	40
⁧مهریا⁩	40
⁧مهریاد⁩	40
⁧مهریاس⁩	40
⁧مهریان⁩	40
⁧مهریز⁩	40
⁧مهریماه⁩	40
⁧مهرین⁩	40
⁧مهریه⁩	40
⁧مهریوان⁩	40
⁧مهر‌ی⁩	40
⁧مهزات⁩	40
⁧مهزان⁩	40
⁧مهزیار⁩	40
⁧مهزییار⁩	40
⁧مهسا⁩	40
⁧مهسال⁩	40
⁧مهسان⁩	40
⁧مهسانه⁩	40
⁧مهست⁩	40
⁧مهستا⁩	40
⁧مهستی⁩	40
⁧مهسن⁩	40
⁧مهسی⁩	40
⁧مهسیما⁩	40
⁧مهسین⁩	40
⁧مهشا⁩	40
⁧مهشام⁩	40
⁧مهشان⁩	40
⁧مهشب⁩	40
⁧مهشید⁩	40
⁧مهشیر⁩	40
⁧مهصا⁩	40
⁧مهلا⁩	40
⁧مهلاء⁩	40
⁧مهلق⁩	40
⁧مهلقتا⁩	40
⁧مهمد⁩	40
⁧مهمدرضا⁩	40
⁧مهمود⁩	40
⁧مهمور⁩	40
⁧مهنا⁩	40
⁧مهناد⁩	40
⁧مهناذ⁩	40
⁧مهنازال⁩	40
⁧مهنازبانو⁩	40
⁧مهنازه⁩	40
⁧مهند⁩	40
⁧مهنز⁩	40
⁧مهنلز⁩	40
⁧مهنو⁩	40
⁧مهنیا⁩	40
⁧مهوا⁩	40
⁧مهوار⁩	40
⁧مهوان⁩	40
⁧مهور⁩	40
⁧مهوش⁩	40
⁧مهوند⁩	40
⁧مهوچهر⁩	40
⁧مهوین⁩	40
⁧مهپاره⁩	40
⁧مهژین⁩	40
⁧مهکام⁩	40
⁧مهکیا⁩	40
⁧مهگامه⁩	40
⁧مهگان⁩	40
⁧مهی⁩	40
⁧مهیاد⁩	40
⁧مهیار⁩	40
⁧مهیاره⁩	40
⁧مهیال⁩	40
⁧مهیان⁩	40
⁧مهیتا⁩	40
⁧مهید⁩	40
⁧مهیده⁩	40
⁧مهیدین⁩	40
⁧مهیرا⁩	40
⁧مهیره⁩	40
⁧مهیسا⁩	40
⁧مهیشا⁩	40
⁧مهیلا⁩	40
⁧مهیم⁩	40
⁧مهیمن⁩	40
⁧مهیمنه⁩	40
⁧مهیمه⁩	40
⁧مهین⁩	40
⁧مهینا⁩	40
⁧مهینخان⁩	40
⁧مهیندخت⁩	40
⁧مهینه⁩	40
⁧مهیه⁩	40
⁧مهیی⁩	40
⁧مونسه⁩	40
⁧موءدب⁩	40
⁧مواهب⁩	40
⁧موبین⁩	40
⁧موبینا⁩	40
⁧موتا⁩	40
⁧موجان⁩	40
⁧موجد⁩	40
⁧موحده⁩	40
⁧موذم⁩	40
⁧موذمه⁩	40
⁧موذن⁩	40
⁧موراشین⁩	40
⁧مورسل⁩	40
⁧موزون⁩	40
⁧موسیه⁩	40
⁧موسی‌الرضا⁩	40
⁧موصطفی⁩	40
⁧مولابخش⁩	40
⁧مولاداد⁩	40
⁧مولامراد⁩	40
⁧مولانا⁩	40
⁧مولاوردی⁩	40
⁧مولایار⁩	40
⁧مولود⁩	40
⁧مولودال⁩	40
⁧مولودعلی⁩	40
⁧مولوده⁩	40
⁧مولوذ⁩	40
⁧مولور⁩	40
⁧مولوک⁩	40
⁧مولک⁩	40
⁧مولیان⁩	40
⁧مومس⁩	40
⁧مومنعلی⁩	40
⁧مومنه⁩	40
⁧مونال⁩	40
⁧مونجوق⁩	40
⁧مونس⁩	40
⁧مونیا⁩	40
⁧مونیره⁩	40
⁧موهب⁩	40
⁧موهبه⁩	40
⁧موهذوبه⁩	40
⁧موهری⁩	40
⁧موهور⁩	40
⁧موژان⁩	40
⁧موژانا⁩	40
⁧موکا⁩	40
⁧موگه⁩	40
⁧موید⁩	40
⁧مویز⁩	40
⁧مویین⁩	40
⁧مپگان⁩	40
⁧مچتبی⁩	40
⁧مچید⁩	40
⁧مژان⁩	40
⁧مژده⁩	40
⁧مژدگان⁩	40
⁧مژه⁩	40
⁧مژکان⁩	40
⁧مژگاتتن⁩	40
⁧مژگان⁩	40
⁧مژگانم⁩	40
⁧مژگانی⁩	40
⁧مکابیز⁩	40
⁧مکارم⁩	40
⁧مکامه⁩	40
⁧مکایل⁩	40
⁧مکاییل⁩	40
⁧مکبر⁩	40
⁧مکتوبه⁩	40
⁧مکثومه⁩	40
⁧مکرمه⁩	40
⁧مکعصومه⁩	40
⁧مکلثوم⁩	40
⁧مکنا⁩	40
⁧مکنصور⁩	40
⁧مکنونه⁩	40
⁧مکیله⁩	40
⁧مکین⁩	40
⁧مکینا⁩	40
⁧مکیناس⁩	40
⁧مکیه⁩	40
⁧مگابیز⁩	40
⁧میاسا⁩	40
⁧میالد⁩	40
⁧میانا⁩	40
⁧میب⁩	40
⁧میباد⁩	40
⁧میبهن⁩	40
⁧میتا⁩	40
⁧میتاد⁩	40
⁧میترا⁩	40
⁧میترادخت⁩	40
⁧میترال⁩	40
⁧میتراناز⁩	40
⁧میترانوش⁩	40
⁧میتلاد⁩	40
⁧میتم⁩	40
⁧میتن⁩	40
⁧میتنرا⁩	40
⁧میثاق⁩	40
⁧میثاقیه⁩	40
⁧میثمه⁩	40
⁧میثنم⁩	40
⁧میثیم⁩	40
⁧میجد⁩	40
⁧میحاد⁩	40
⁧میخائیل⁩	40
⁧میخانم⁩	40
⁧میخایل⁩	40
⁧میخوش⁩	40
⁧میدولی⁩	40
⁧میدیا⁩	40
⁧میدینه⁩	40
⁧میرآرش⁩	40
⁧میراب⁩	40
⁧میرابآذر⁩	40
⁧میرابراهیم⁩	40
⁧میرابوالفضل⁩	40
⁧میرابوطالب⁩	40
⁧میرابولفضل⁩	40
⁧میراحد⁩	40
⁧میراحسان⁩	40
⁧میراحمد⁩	40
⁧میراسدالله⁩	40
⁧میراسداله⁩	40
⁧میراسدله⁩	40
⁧میراسلام⁩	40
⁧میراسماعیل⁩	40
⁧میراصغر⁩	40
⁧میرافشین⁩	40
⁧میرافضل⁩	40
⁧میرال⁩	40
⁧میرالقفات⁩	40
⁧میرالهویردی⁩	40
⁧میرامیر⁩	40
⁧میرامین⁩	40
⁧میران⁩	40
⁧میرانا⁩	40
⁧میرانه⁩	40
⁧میراژدر⁩	40
⁧میراکبر⁩	40
⁧میرای⁩	40
⁧میرایام⁩	40
⁧میرایمان⁩	40
⁧میرایوب⁩	40
⁧میربابا⁩	40
⁧میربابک⁩	40
⁧میرباقر⁩	40
⁧میربدیع⁩	40
⁧میربرار⁩	40
⁧میربهلول⁩	40
⁧میربهنام⁩	40
⁧میربگ⁩	40
⁧میربیگ⁩	40
⁧میرتعارف⁩	40
⁧میرتقی⁩	40
⁧میرتو⁩	40
⁧میرتوحید⁩	40
⁧میرتوران⁩	40
⁧میرتوکل⁩	40
⁧میرجابر⁩	40
⁧میرجبار⁩	40
⁧میرجعفر⁩	40
⁧میرجلال⁩	40
⁧میرجلیل⁩	40
⁧میرجمال⁩	40
⁧میرجمیل⁩	40
⁧میرجواد⁩	40
⁧میرحاتم⁩	40
⁧میرحاجی⁩	40
⁧میرحامد⁩	40
⁧میرحبیب⁩	40
⁧میرحجت⁩	40
⁧میرحسن⁩	40
⁧میرحسین⁩	40
⁧میرحمزه⁩	40
⁧میرحمید⁩	40
⁧میرحکمت⁩	40
⁧میرحکیم⁩	40
⁧میرحیدر⁩	40
⁧میرداد⁩	40
⁧میرداریوش⁩	40
⁧میرداماد⁩	40
⁧میردامون⁩	40
⁧میرداود⁩	40
⁧میرداوود⁩	40
⁧میردرگاه⁩	40
⁧میردوست⁩	40
⁧میرذکری⁩	40
⁧میررامین⁩	40
⁧میررحمان⁩	40
⁧میررحیم⁩	40
⁧میررسول⁩	40
⁧میررشید⁩	40
⁧میررضا⁩	40
⁧میررضی⁩	40
⁧میررمضان⁩	40
⁧میرزابالا⁩	40
⁧میرزاجعفر⁩	40
⁧میرزاد⁩	40
⁧میرزامراد⁩	40
⁧میرزامین⁩	40
⁧میرزاهد⁩	40
⁧میرزاکرم⁩	40
⁧میرزای⁩	40
⁧میرزعلی⁩	40
⁧میرزعیم⁩	40
⁧میرزمان⁩	40
⁧میرساری⁩	40
⁧میرساسان⁩	40
⁧میرسالم⁩	40
⁧میرستار⁩	40
⁧میرسجاد⁩	40
⁧میرسخاوت⁩	40
⁧میرسعادت⁩	40
⁧میرسعید⁩	40
⁧میرسلام⁩	40
⁧میرسلمان⁩	40
⁧میرسلیم⁩	40
⁧میرسهیل⁩	40
⁧میرشاهین⁩	40
⁧میرشجاع⁩	40
⁧میرشعبان⁩	40
⁧میرشهاب⁩	40
⁧میرشکور⁩	40
⁧میرصادق⁩	40
⁧میرصفا⁩	40
⁧میرصفی⁩	40
⁧میرصیاد⁩	40
⁧میرضا⁩	40
⁧میرطاهر⁩	40
⁧میرطیب⁩	40
⁧میرعادل⁩	40
⁧میرعباس⁩	40
⁧میرعبدالله⁩	40
⁧میرعرفان⁩	40
⁧میرعزیز⁩	40
⁧میرعطاء⁩	40
⁧میرعطاله⁩	40
⁧میرعلی⁩	40
⁧میرغفار⁩	40
⁧میرغفور⁩	40
⁧میرغلامعلی⁩	40
⁧میرفاضل⁩	40
⁧میرفتاح⁩	40
⁧میرفتحعلی⁩	40
⁧میرفخار⁩	40
⁧میرفرامرز⁩	40
⁧میرفرحان⁩	40
⁧میرفردین⁩	40
⁧میرفرشاد⁩	40
⁧میرفرهاد⁩	40
⁧میرفرید⁩	40
⁧میرفیاض⁩	40
⁧میرقادر⁩	40
⁧میرقاسم⁩	40
⁧میرقدیر⁩	40
⁧میرقیاس⁩	40
⁧میرلطیف⁩	40
⁧میرمجید⁩	40
⁧میرمحبت⁩	40
⁧میرمحبوب⁩	40
⁧میرمحرمعلی⁩	40
⁧میرمحمود⁩	40
⁧میرمختار⁩	40
⁧میرمرتضی⁩	40
⁧میرمرسل⁩	40
⁧میرمسعود⁩	40
⁧میرمصباح⁩	40
⁧میرمصطفی⁩	40
⁧میرمقصود⁩	40
⁧میرمنصف⁩	40
⁧میرمنصور⁩	40
⁧میرمهیار⁩	40
⁧میرموسی⁩	40
⁧میرمیثم⁩	40
⁧میرنادر⁩	40
⁧میرناصر⁩	40
⁧میرنبی⁩	40
⁧میرنجف⁩	40
⁧میرنصیر⁩	40
⁧میرنظام⁩	40
⁧میرنعیم⁩	40
⁧میرنقی⁩	40
⁧میرنورالدین⁩	40
⁧میرنوید⁩	40
⁧میرهاشم⁩	40
⁧میرهوشنگ⁩	40
⁧میرو⁩	40
⁧میرواثق⁩	40
⁧میروالله⁩	40
⁧میروان⁩	40
⁧میروحید⁩	40
⁧میرودود⁩	40
⁧میرولی⁩	40
⁧میرویس⁩	40
⁧میرپرهام⁩	40
⁧میرپرویز⁩	40
⁧میرپوریا⁩	40
⁧میرپیمان⁩	40
⁧میرکا⁩	40
⁧میرکاظم⁩	40
⁧میرکاوه⁩	40
⁧میرکریم⁩	40
⁧میرکمال⁩	40
⁧میرکو⁩	40
⁧میرکیا⁩	40
⁧میرگل⁩	40
⁧میریاسین⁩	40
⁧میریحیی⁩	40
⁧میریعغوب⁩	40
⁧میریعقوب⁩	40
⁧میریوسف⁩	40
⁧میریونس⁩	40
⁧میزاجان⁩	40
⁧میزاولی⁩	40
⁧میساح⁩	40
⁧میسان⁩	40
⁧میسثم⁩	40
⁧میسروپ⁩	40
⁧میسم⁩	40
⁧میشا⁩	40
⁧میشان⁩	40
⁧میشانه⁩	40
⁧میشواک⁩	40
⁧میشکا⁩	40
⁧میعاد⁩	40
⁧میعلی⁩	40
⁧میعن⁩	40
⁧میعود⁩	40
⁧میفر⁩	40
⁧میلااد⁩	40
⁧میلالد⁩	40
⁧میلانا⁩	40
⁧میلاو⁩	40
⁧میلاوه⁩	40
⁧میلحه⁩	40
⁧میللا⁩	40
⁧میلکان⁩	40
⁧میلیس⁩	40
⁧میمنت⁩	40
⁧مینابگیم⁩	40
⁧میناد⁩	40
⁧مینادخت⁩	40
⁧میناز⁩	40
⁧میناس⁩	40
⁧مینال⁩	40
⁧میناور⁩	40
⁧میناوش⁩	40
⁧میناگون⁩	40
⁧مینایه⁩	40
⁧مینتا⁩	40
⁧مینجه⁩	40
⁧مینل⁩	40
⁧مینوخانم⁩	40
⁧مینودخت⁩	40
⁧مینورام⁩	40
⁧مینورخ⁩	40
⁧مینوره⁩	40
⁧مینوزاد⁩	40
⁧مینوس⁩	40
⁧مینوسا⁩	40
⁧مینوش⁩	40
⁧مینوشا⁩	40
⁧مینوفر⁩	40
⁧مینومهر⁩	40
⁧مینووش⁩	40
⁧مینوچهر⁩	40
⁧مینژه⁩	40
⁧مینگله⁩	40
⁧مینیکا⁩	40
⁧میها⁩	40
⁧میهایلا⁩	40
⁧میهران⁩	40
⁧میپم⁩	40
⁧میچکا⁩	40
⁧میژه⁩	40
⁧میکاییل⁩	40
⁧میکائلا⁩	40
⁧میکادیل⁩	40
⁧میکاعیل⁩	40
⁧میکال⁩	40
⁧میکان⁩	40
⁧میکایل⁩	40
⁧میکسا⁩	40
⁧میگون⁩	40
⁧نائل⁩	40
⁧نائله⁩	40
⁧نائیریکا⁩	40
⁧نابت⁩	40
⁧ناتا⁩	40
⁧ناتالیا⁩	40
⁧ناتصر⁩	40
⁧ناجح⁩	40
⁧ناجیا⁩	40
⁧ناجیه⁩	40
⁧ناحید⁩	40
⁧ناد⁩	40
⁧نادار⁩	40
⁧ناددر⁩	40
⁧نادررضا⁩	40
⁧نادرزاد⁩	40
⁧نادرقلی⁩	40
⁧نادمردی⁩	40
⁧نادمه⁩	40
⁧نادیال⁩	40
⁧نادین⁩	40
⁧نادینوس⁩	40
⁧نادیه⁩	40
⁧ناذدار⁩	40
⁧ناذر⁩	40
⁧نار⁩	40
⁧نارا⁩	40
⁧نارامسین⁩	40
⁧ناراین⁩	40
⁧ناربن⁩	40
⁧نارتا⁩	40
⁧نارتاج⁩	40
⁧ناردانا⁩	40
⁧ناردخت⁩	40
⁧ناردیس⁩	40
⁧ناردین⁩	40
⁧نارشین⁩	40
⁧نارملا⁩	40
⁧نارمیلا⁩	40
⁧نارنج⁩	40
⁧نارنجه⁩	40
⁧نارنیا⁩	40
⁧ناروش⁩	40
⁧نارون⁩	40
⁧ناروین⁩	40
⁧نارگا⁩	40
⁧نارگله⁩	40
⁧نارگون⁩	40
⁧ناری⁩	40
⁧ناریا⁩	40
⁧ناریسا⁩	40
⁧ناریش⁩	40
⁧ناریلا⁩	40
⁧نارین⁩	40
⁧نارینا⁩	40
⁧نارینه⁩	40
⁧نارینکل⁩	40
⁧نارینگل⁩	40
⁧ناریه⁩	40
⁧ناریکا⁩	40
⁧نازآفرید⁩	40
⁧نازآفرین⁩	40
⁧نازار⁩	40
⁧نازارطلا⁩	40
⁧نازارمراد⁩	40
⁧نازاره⁩	40
⁧نازاری⁩	40
⁧نازان⁩	40
⁧نازانتا⁩	40
⁧نازباجی⁩	40
⁧نازبانو⁩	40
⁧نازبردی⁩	40
⁧نازبیبی⁩	40
⁧نازبیگم⁩	40
⁧نازتیام⁩	40
⁧نازخانم⁩	40
⁧نازخانوم⁩	40
⁧نازدار⁩	40
⁧نازدانه⁩	40
⁧نازدای⁩	40
⁧نازدلبر⁩	40
⁧نازدوردی⁩	40
⁧نازدولت⁩	40
⁧نازرخ⁩	40
⁧نازروی⁩	40
⁧نازشید⁩	40
⁧نازصنم⁩	40
⁧نازعلی⁩	40
⁧نازعنبر⁩	40
⁧نازقربان⁩	40
⁧نازقلی⁩	40
⁧نازقید⁩	40
⁧نازلار⁩	40
⁧نازلر⁩	40
⁧نازله⁩	40
⁧نازلو⁩	40
⁧نازلی⁩	40
⁧نازمراد⁩	40
⁧نازنیا⁩	40
⁧نازوند⁩	40
⁧نازپرور⁩	40
⁧نازپری⁩	40
⁧نازگل⁩	40
⁧نازگیتی⁩	40
⁧نازیا⁩	40
⁧نازیاب⁩	40
⁧نازیار⁩	40
⁧نازیبی⁩	40
⁧نازیتا⁩	40
⁧نازیلا⁩	40
⁧نازیله⁩	40
⁧نازین⁩	40
⁧نازینه⁩	40
⁧نازیه⁩	40
⁧نازیک⁩	40
⁧نازیین⁩	40
⁧ناسکه⁩	40
⁧ناسین⁩	40
⁧ناسیه⁩	40
⁧ناسیکو⁩	40
⁧ناشا⁩	40
⁧ناشیر⁩	40
⁧ناص⁩	40
⁧ناصرالدین⁩	40
⁧ناصرخسرو⁩	40
⁧ناصرعباس⁩	40
⁧ناصرعلی⁩	40
⁧ناصرقلی⁩	40
⁧ناصره⁩	40
⁧ناصرچ⁩	40
⁧ناصریه⁩	40
⁧ناضر⁩	40
⁧ناطر⁩	40
⁧ناظره⁩	40
⁧ناظمه⁩	40
⁧ناعمه⁩	40
⁧نافذ⁩	40
⁧نافع⁩	40
⁧نافله⁩	40
⁧نافه⁩	40
⁧نافیا⁩	40
⁧نافیه⁩	40
⁧نامبد⁩	40
⁧نامعلی⁩	40
⁧نامق⁩	40
⁧نامهر⁩	40
⁧نامیرا⁩	40
⁧نامیفق⁩	40
⁧نامیق⁩	40
⁧نامین⁩	40
⁧نامیک⁩	40
⁧نانوش⁩	40
⁧نانیا⁩	40
⁧نانیسا⁩	40
⁧ناهبد⁩	40
⁧ناهد⁩	40
⁧ناهده⁩	40
⁧ناهرین⁩	40
⁧ناهیتا⁩	40
⁧ناهیده⁩	40
⁧ناهیرا⁩	40
⁧ناهیو⁩	40
⁧ناورز⁩	40
⁧ناوند⁩	40
⁧ناوه⁩	40
⁧ناوک⁩	40
⁧ناژو⁩	40
⁧ناژیلا⁩	40
⁧ناژین⁩	40
⁧ناکتا⁩	40
⁧ناکله⁩	40
⁧نایا⁩	40
⁧نایان⁩	40
⁧نایبا⁩	40
⁧نایبعلی⁩	40
⁧نایر⁩	40
⁧نایره⁩	40
⁧نایریکا⁩	40
⁧نایف⁩	40
⁧نایله⁩	40
⁧نایمه⁩	40
⁧ناینی⁩	40
⁧ناییله⁩	40
⁧نایین⁩	40
⁧نباتعلی⁩	40
⁧نبار⁩	40
⁧نبراس⁩	40
⁧نبرزین⁩	40
⁧نبرفته⁩	40
⁧نبعه⁩	40
⁧نبما⁩	40
⁧نبهان⁩	40
⁧نبوت⁩	40
⁧نبکا⁩	40
⁧نبیل⁩	40
⁧نبین⁩	40
⁧نبیه⁩	40
⁧نبی‌الله⁩	40
⁧نتظر⁩	40
⁧نتقی⁩	40
⁧نثار⁩	40
⁧نثاراحمد⁩	40
⁧نثرالله⁩	40
⁧نجاتعلی⁩	40
⁧نجاح⁩	40
⁧نجبه⁩	40
⁧نجبیه⁩	40
⁧نجغ⁩	40
⁧نجغقلی⁩	40
⁧نجف⁩	40
⁧نجفقلی⁩	40
⁧نجفهلی⁩	40
⁧نجلا⁩	40
⁧نجله⁩	40
⁧نجما⁩	40
⁧نجمالدین⁩	40
⁧نجمعه⁩	40
⁧نجمه⁩	40
⁧نجمیه⁩	40
⁧نجوده⁩	40
⁧نجوه⁩	40
⁧نجی⁩	40
⁧نجیالله⁩	40
⁧نجیبالدین⁩	40
⁧نجیبالله⁩	40
⁧نجیباله⁩	40
⁧نجیبه⁩	40
⁧نجیده⁩	40
⁧نجیفه⁩	40
⁧نجیم⁩	40
⁧نجیما⁩	40
⁧نجیمه⁩	40
⁧نجیه⁩	40
⁧نحجت⁩	40
⁧نحف⁩	40
⁧نحله⁩	40
⁧نحمه⁩	40
⁧نحیم⁩	40
⁧نخشن⁩	40
⁧نخشین⁩	40
⁧نداء⁩	40
⁧ندال⁩	40
⁧ندر⁩	40
⁧ندعی⁩	40
⁧ندل⁩	40
⁧ندیبه⁩	40
⁧ندیل⁩	40
⁧نذرعلی⁩	40
⁧نذری⁩	40
⁧نذهت⁩	40
⁧نذیر⁩	40
⁧نذیره⁩	40
⁧نرجس⁩	40
⁧نرجیس⁩	40
⁧نرذگس⁩	40
⁧نرسا⁩	40
⁧نرسانگا⁩	40
⁧نرسی⁩	40
⁧نرمین⁩	40
⁧نرمینه⁩	40
⁧نروزعلی⁩	40
⁧نرکس⁩	40
⁧نرگس⁩	40
⁧نرگسدخت⁩	40
⁧نرگسه⁩	40
⁧نرگیس⁩	40
⁧نریما⁩	40
⁧نریمتن⁩	40
⁧نزاد⁩	40
⁧نزلا⁩	40
⁧نزهت⁩	40
⁧نزهتالزمان⁩	40
⁧نزهه⁩	40
⁧نزیمان⁩	40
⁧نزیه⁩	40
⁧نزیهه⁩	40
⁧نساء⁩	40
⁧نسابیگم⁩	40
⁧نسار⁩	40
⁧نساک⁩	40
⁧نسای⁩	40
⁧نسبه⁩	40
⁧نسبیه⁩	40
⁧نستار⁩	40
⁧نستر⁩	40
⁧نسترن⁩	40
⁧نستهن⁩	40
⁧نستهین⁩	40
⁧نستود⁩	40
⁧نستور⁩	40
⁧نستوه⁩	40
⁧نسرسن⁩	40
⁧نسریم⁩	40
⁧نسرین⁩	40
⁧نسریندخت⁩	40
⁧نسرینرخ⁩	40
⁧نسرینه⁩	40
⁧نسریه⁩	40
⁧نسزین⁩	40
⁧نسم⁩	40
⁧نسمه⁩	40
⁧نسمی⁩	40
⁧نسک⁩	40
⁧نسکو⁩	40
⁧نسی⁩	40
⁧نسیا⁩	40
⁧نسیبا⁩	40
⁧نسیبع⁩	40
⁧نسیبه⁩	40
⁧نسیرن⁩	40
⁧نسیرین⁩	40
⁧نسیما⁩	40
⁧نسیمه⁩	40
⁧نسیه⁩	40
⁧نشتمان⁩	40
⁧نشتیمان⁩	40
⁧نشریه⁩	40
⁧نشعه⁩	40
⁧نشغیمان⁩	40
⁧نشمی⁩	40
⁧نشمیل⁩	40
⁧نشمین⁩	40
⁧نشمینه⁩	40
⁧نشمیه⁩	40
⁧نشواد⁩	40
⁧نشوان⁩	40
⁧نشکیمان⁩	40
⁧نصذرت⁩	40
⁧نصرا⁩	40
⁧نصرالاه⁩	40
⁧نصرالدین⁩	40
⁧نصرالله⁩	40
⁧نصران⁩	40
⁧نصرتالدین⁩	40
⁧نصرتالله⁩	40
⁧نصرتعلی⁩	40
⁧نصرته⁩	40
⁧نصرت‌الله⁩	40
⁧نصرلله⁩	40
⁧نصره⁩	40
⁧نصرین⁩	40
⁧نصزاله⁩	40
⁧نصزت⁩	40
⁧نصمیل⁩	40
⁧نصه⁩	40
⁧نصوح⁩	40
⁧نصور⁩	40
⁧نصیبر⁩	40
⁧نصیبه⁩	40
⁧نصیبیه⁩	40
⁧نصیرا⁩	40
⁧نصیرالدین⁩	40
⁧نصیرالله⁩	40
⁧نصیراله⁩	40
⁧نصیره⁩	40
⁧نصیه⁩	40
⁧نصیور⁩	40
⁧نضال⁩	40
⁧نضمه⁩	40
⁧نضیر⁩	40
⁧نظال⁩	40
⁧نظامالدین⁩	40
⁧نظامعلی⁩	40
⁧نظرعلی⁩	40
⁧نظرقلی⁩	40
⁧نظرقلیچ⁩	40
⁧نظرمحمد⁩	40
⁧نظمیه⁩	40
⁧نظیربخش⁩	40
⁧نظیفه⁩	40
⁧نعبمه⁩	40
⁧نعجیبه⁩	40
⁧نعر⁩	40
⁧نعصومه⁩	40
⁧نعما⁩	40
⁧نعمان⁩	40
⁧نعمتالله⁩	40
⁧نعمتاله⁩	40
⁧نعمتعلی⁩	40
⁧نعمت‌الله⁩	40
⁧نعمعیم⁩	40
⁧نعمه⁩	40
⁧نعمیا⁩	40
⁧نعمیه⁩	40
⁧نعیامت⁩	40
⁧نعید⁩	40
⁧نعیم⁩	40
⁧نعیما⁩	40
⁧نعیمان⁩	40
⁧نعیمه⁩	40
⁧نغم⁩	40
⁧نغمه⁩	40
⁧نغیمه⁩	40
⁧نفحه⁩	40
⁧نفسیه⁩	40
⁧نفشه⁩	40
⁧نفهت⁩	40
⁧نفیده⁩	40
⁧نفیس⁩	40
⁧نفیسا⁩	40
⁧نفیسه⁩	40
⁧نفیصه⁩	40
⁧نفیل⁩	40
⁧نقرعلی⁩	40
⁧نقسیه⁩	40
⁧نقشعلی⁩	40
⁧نقشین⁩	40
⁧نقشینه⁩	40
⁧نقی⁩	40
⁧نقیبه⁩	40
⁧نقیده⁩	40
⁧نقیسه⁩	40
⁧نقیمه⁩	40
⁧نلا⁩	40
⁧نلسا⁩	40
⁧نلصر⁩	40
⁧نلکا⁩	40
⁧نلیا⁩	40
⁧نلیحه⁩	40
⁧نلیسا⁩	40
⁧نلین⁩	40
⁧نمام⁩	40
⁧نمامعلی⁩	40
⁧نماهید⁩	40
⁧نمحسن⁩	40
⁧نمرود⁩	40
⁧نمصرت⁩	40
⁧نمیا⁩	40
⁧نمیتاج⁩	40
⁧نها⁩	40
⁧نهارا⁩	40
⁧نهال⁩	40
⁧نهاله⁩	40
⁧نهام⁩	40
⁧نهایه⁩	40
⁧نهبام⁩	40
⁧نهبهز⁩	40
⁧نهدی⁩	40
⁧نهروان⁩	40
⁧نهروز⁩	40
⁧نهسرهو⁩	40
⁧نهضت⁩	40
⁧نهل⁩	40
⁧نهله⁩	40
⁧نهناز⁩	40
⁧نهوشیروان⁩	40
⁧نهکهروز⁩	40
⁧نهیبه⁩	40
⁧نهیفه⁩	40
⁧نهیمه⁩	40
⁧نهین⁩	40
⁧نهیه⁩	40
⁧نوابه⁩	40
⁧نواد⁩	40
⁧نوازاله⁩	40
⁧نوازان⁩	40
⁧نوال⁩	40
⁧نوالبه⁩	40
⁧نوالدین⁩	40
⁧نوالله⁩	40
⁧نواله⁩	40
⁧نوبار⁩	40
⁧نوبان⁩	40
⁧نوبانو⁩	40
⁧نوباوه⁩	40
⁧نوبرعلی⁩	40
⁧نوتاش⁩	40
⁧نوتریکا⁩	40
⁧نوجهان⁩	40
⁧نوحا⁩	40
⁧نوحعلی⁩	40
⁧نوحید⁩	40
⁧نوذر⁩	40
⁧نورآفرین⁩	40
⁧نوراتته⁩	40
⁧نوراتدین⁩	40
⁧نورادین⁩	40
⁧نورال⁩	40
⁧نورالامین⁩	40
⁧نورالاه⁩	40
⁧نورالحق⁩	40
⁧نورالدین⁩	40
⁧نورالزهرا⁩	40
⁧نورالستین⁩	40
⁧نورالسما⁩	40
⁧نورالعین⁩	40
⁧نورالله⁩	40
⁧نورالمهدی⁩	40
⁧نورالنساء⁩	40
⁧نوراله⁩	40
⁧نورالهدی⁩	40
⁧نورالین⁩	40
⁧نوران⁩	40
⁧نوراندیش⁩	40
⁧نورانه⁩	40
⁧نوراهان⁩	40
⁧نورای⁩	40
⁧نوربانو⁩	40
⁧نوربردی⁩	40
⁧نوربیبی⁩	40
⁧نوربیکه⁩	40
⁧نورتاج⁩	40
⁧نورتقان⁩	40
⁧نورتکین⁩	40
⁧نورجان⁩	40
⁧نورجل⁩	40
⁧نورجمال⁩	40
⁧نورجهان⁩	40
⁧نورحسین⁩	40
⁧نورخاتون⁩	40
⁧نورخدا⁩	40
⁧نوردانه⁩	40
⁧نوردوستی⁩	40
⁧نوردین⁩	40
⁧نوررحمان⁩	40
⁧نورزعلی⁩	40
⁧نورزو⁩	40
⁧نورس⁩	40
⁧نورسا⁩	40
⁧نورسعادت⁩	40
⁧نورسلطان⁩	40
⁧نورسو⁩	40
⁧نورشاد⁩	40
⁧نورصباح⁩	40
⁧نورطلا⁩	40
⁧نورعباس⁩	40
⁧نورقلی⁩	40
⁧نورقلیچ⁩	40
⁧نورلدین⁩	40
⁧نورلی⁩	40
⁧نورمان⁩	40
⁧نورماه⁩	40
⁧نورمراد⁩	40
⁧نورملک⁩	40
⁧نورمند⁩	40
⁧نورنیا⁩	40
⁧نورو⁩	40
⁧نوروان⁩	40
⁧نوروردی⁩	40
⁧نوروزعلی⁩	40
⁧نوروزقلی⁩	40
⁧نوروزه⁩	40
⁧نورپرور⁩	40
⁧نورپری⁩	40
⁧نورپسند⁩	40
⁧نورک⁩	40
⁧نورکرم⁩	40
⁧نورگل⁩	40
⁧نورگلدی⁩	40
⁧نوریا⁩	40
⁧نوریاغبی⁩	40
⁧نوریاغدی⁩	40
⁧نوریاقدی⁩	40
⁧نورید⁩	40
⁧نوریقدی⁩	40
⁧نورین⁩	40
⁧نوریه⁩	40
⁧نوزاله⁩	40
⁧نوزان⁩	40
⁧نوزت⁩	40
⁧نوزر⁩	40
⁧نوزیتا⁩	40
⁧نوسین⁩	40
⁧نوشا⁩	40
⁧نوشاب⁩	40
⁧نوشافرین⁩	40
⁧نوشان⁩	40
⁧نوشبن⁩	40
⁧نوشروان⁩	40
⁧نوشزاد⁩	40
⁧نوشن⁩	40
⁧نوشناز⁩	40
⁧نوشه⁩	40
⁧نوشی⁩	40
⁧نوشیار⁩	40
⁧نوشیر⁩	40
⁧نوشیروان⁩	40
⁧نوشین⁩	40
⁧نوشیندخت⁩	40
⁧نوشینه⁩	40
⁧نوشیکا⁩	40
⁧نوطه⁩	40
⁧نوفل⁩	40
⁧نوفیق⁩	40
⁧نوما⁩	40
⁧نومان⁩	40
⁧نومحمد⁩	40
⁧نونهال⁩	40
⁧نونود⁩	40
⁧نوهاد⁩	40
⁧نوچهر⁩	40
⁧نوژا⁩	40
⁧نوژان⁩	40
⁧نوژن⁩	40
⁧نوژه⁩	40
⁧نوژیان⁩	40
⁧نوژین⁩	40
⁧نوگل⁩	40
⁧نوی⁩	40
⁧نویار⁩	40
⁧نویان⁩	40
⁧نویداله⁩	40
⁧نویدحسین⁩	40
⁧نویدرضا⁩	40
⁧نویده⁩	40
⁧نویسا⁩	40
⁧نوینا⁩	40
⁧نچمه⁩	40
⁧نچیروان⁩	40
⁧نژلا⁩	40
⁧نکتار⁩	40
⁧نکسیا⁩	40
⁧نکه⁩	40
⁧نکهت⁩	40
⁧نکو⁩	40
⁧نکوزاد⁩	40
⁧نکویار⁩	40
⁧نکیسا⁩	40
⁧نگارا⁩	40
⁧نگارافروز⁩	40
⁧نگارزهرا⁩	40
⁧نگارشید⁩	40
⁧نگارموژان⁩	40
⁧نگاره⁩	40
⁧نگارین⁩	40
⁧نگس⁩	40
⁧نگور⁩	40
⁧نگیسا⁩	40
⁧نگینا⁩	40
⁧نگیندخت⁩	40
⁧نگینرخ⁩	40
⁧نگینزهرا⁩	40
⁧نگینه⁩	40
⁧نگینچهره⁩	40
⁧نیاتعلی⁩	40
⁧نیاتور⁩	40
⁧نیاتوس⁩	40
⁧نیارا⁩	40
⁧نیاراد⁩	40
⁧نیازبروی⁩	40
⁧نیازعلی⁩	40
⁧نیازقلی⁩	40
⁧نیازگلدی⁩	40
⁧نیاسا⁩	40
⁧نیاسان⁩	40
⁧نیاطوس⁩	40
⁧نیالا⁩	40
⁧نیامت⁩	40
⁧نیاوش⁩	40
⁧نیاوند⁩	40
⁧نیاک⁩	40
⁧نیبه⁩	40
⁧نیتا⁩	40
⁧نیترا⁩	40
⁧نیتعلی⁩	40
⁧نیتون⁩	40
⁧نیثاطنه⁩	40
⁧نیدا⁩	40
⁧نیذره⁩	40
⁧نیر⁩	40
⁧نیراج⁩	40
⁧نیراعظم⁩	40
⁧نیرال⁩	40
⁧نیران⁩	40
⁧نیراوان⁩	40
⁧نیرم⁩	40
⁧نیرمان⁩	40
⁧نیره⁩	40
⁧نیروان⁩	40
⁧نیروانا⁩	40
⁧نیسا⁩	40
⁧نیسان⁩	40
⁧نیسانا⁩	40
⁧نیستمان⁩	40
⁧نیسم⁩	40
⁧نیشا⁩	40
⁧نیشام⁩	40
⁧نیشتمان⁩	40
⁧نیشتیان⁩	40
⁧نیلا⁩	40
⁧نیلاب⁩	40
⁧نیلاس⁩	40
⁧نیلان⁩	40
⁧نیلای⁩	40
⁧نیلدا⁩	40
⁧نیلرام⁩	40
⁧نیلسا⁩	40
⁧نیلسان⁩	40
⁧نیلسو⁩	40
⁧نیلفام⁩	40
⁧نیلما⁩	40
⁧نیلماه⁩	40
⁧نیله⁩	40
⁧نیلو⁩	40
⁧نیلور⁩	40
⁧نیلوسا⁩	40
⁧نیلوغر⁩	40
⁧نیلوفرال⁩	40
⁧نیلوفز⁩	40
⁧نیلوپر⁩	40
⁧نیلپر⁩	40
⁧نیلگون⁩	40
⁧نیلیا⁩	40
⁧نیلین⁩	40
⁧نیمات⁩	40
⁧نیماکه⁩	40
⁧نیمتا⁩	40
⁧نیمتاج⁩	40
⁧نیمتاچ⁩	40
⁧نینوا⁩	40
⁧نینوس⁩	40
⁧نینوش⁩	40
⁧نینوشا⁩	40
⁧نینگ⁩	40
⁧نیهات⁩	40
⁧نیهاد⁩	40
⁧نیهان⁩	40
⁧نیواد⁩	40
⁧نیوان⁩	40
⁧نیوتش⁩	40
⁧نیوتیش⁩	40
⁧نیوراد⁩	40
⁧نیوزا⁩	40
⁧نیوزاد⁩	40
⁧نیوزار⁩	40
⁧نیوسا⁩	40
⁧نیوشا⁩	40
⁧نیوشه⁩	40
⁧نیووند⁩	40
⁧نیچروان⁩	40
⁧نیژن⁩	40
⁧نیژه⁩	40
⁧نیکآرا⁩	40
⁧نیکآفرید⁩	40
⁧نیکآهنگ⁩	40
⁧نیکآیین⁩	40
⁧نیکا⁩	40
⁧نیکاختر⁩	40
⁧نیکاد⁩	40
⁧نیکارام⁩	40
⁧نیکافروز⁩	40
⁧نیکامهر⁩	40
⁧نیکاو⁩	40
⁧نیکبه⁩	40
⁧نیکبین⁩	40
⁧نیکتا⁩	40
⁧نیکتاب⁩	40
⁧نیکداد⁩	40
⁧نیکدخت⁩	40
⁧نیکراد⁩	40
⁧نیکرای⁩	40
⁧نیکرخ⁩	40
⁧نیکروح⁩	40
⁧نیکروز⁩	40
⁧نیکروی⁩	40
⁧نیکسا⁩	40
⁧نیکسان⁩	40
⁧نیکسیما⁩	40
⁧نیکشاد⁩	40
⁧نیکفام⁩	40
⁧نیکفر⁩	40
⁧نیکمهر⁩	40
⁧نیکناز⁩	40
⁧نیکوراد⁩	40
⁧نیکوزاد⁩	40
⁧نیکوزهرا⁩	40
⁧نیکوش⁩	40
⁧نیکولقا⁩	40
⁧نیکومهر⁩	40
⁧نیکوناز⁩	40
⁧نیکونام⁩	40
⁧نیکوچهر⁩	40
⁧نیکپی⁩	40
⁧نیکچهر⁩	40
⁧نیکچهره⁩	40
⁧نیکیا⁩	40
⁧نیکیاد⁩	40
⁧نیکیار⁩	40
⁧نیکین⁩	40
⁧هایده⁩	40
⁧هائد⁩	40
⁧هابل⁩	40
⁧هابه⁩	40
⁧هابیل⁩	40
⁧هاتفه⁩	40
⁧هاتم⁩	40
⁧هاجان⁩	40
⁧هاجد⁩	40
⁧هاجر⁩	40
⁧هاجرال⁩	40
⁧هاجرخاتون⁩	40
⁧هاجره⁩	40
⁧هاجقلی⁩	40
⁧هاجی⁩	40
⁧هاجیه⁩	40
⁧هادان⁩	40
⁧هادیه⁩	40
⁧هاد‌ی⁩	40
⁧هاران⁩	40
⁧هارای⁩	40
⁧هارطون⁩	40
⁧هارمونیکا⁩	40
⁧هارون⁩	40
⁧هارپارک⁩	40
⁧هارپاک⁩	40
⁧هاسم⁩	40
⁧هاسمیک⁩	40
⁧هاشا⁩	40
⁧هاشمعلی⁩	40
⁧هاشمن⁩	40
⁧هاشمه⁩	40
⁧هاشمیه⁩	40
⁧هاشنم⁩	40
⁧هالان⁩	40
⁧هالیده⁩	40
⁧هالین⁩	40
⁧هامان⁩	40
⁧هامد⁩	40
⁧هامرز⁩	40
⁧هامن⁩	40
⁧هامویه⁩	40
⁧هامک⁩	40
⁧هامی⁩	40
⁧هامیر⁩	40
⁧هامیم⁩	40
⁧هامین⁩	40
⁧هامیه⁩	40
⁧هانده⁩	40
⁧هاندو⁩	40
⁧هانه⁩	40
⁧هانو⁩	40
⁧هانیا⁩	40
⁧هانیتا⁩	40
⁧هانیدا⁩	40
⁧هانیس⁩	40
⁧هانیسا⁩	40
⁧هانیش⁩	40
⁧هانیل⁩	40
⁧هانیه⁩	40
⁧هانیهزهرا⁩	40
⁧هاوار⁩	40
⁧هاوره⁩	40
⁧هاوری⁩	40
⁧هاورین⁩	40
⁧هاوش⁩	40
⁧هاون⁩	40
⁧هاونی⁩	40
⁧هاووش⁩	40
⁧هاوژین⁩	40
⁧هاویار⁩	40
⁧هاویر⁩	40
⁧هاوین⁩	40
⁧هاژان⁩	40
⁧هاکان⁩	40
⁧هاکتان⁩	40
⁧هایان⁩	40
⁧هایق⁩	40
⁧هایلا⁩	40
⁧هایله⁩	40
⁧هایلین⁩	40
⁧هاینا⁩	40
⁧هاینه⁩	40
⁧هایکا⁩	40
⁧هایکو⁩	40
⁧هاییده⁩	40
⁧هایین⁩	40
⁧هباسپ⁩	40
⁧هبت⁩	40
⁧هبراهیم⁩	40
⁧هبه⁩	40
⁧هبیةلله⁩	40
⁧هبیر⁩	40
⁧هتادی⁩	40
⁧هتاو⁩	40
⁧هترا⁩	40
⁧هتف⁩	40
⁧هجار⁩	40
⁧هجت⁩	40
⁧هجر⁩	40
⁧هجران⁩	40
⁧هجرت⁩	40
⁧هجیر⁩	40
⁧هحد⁩	40
⁧هحمد⁩	40
⁧هحمیده⁩	40
⁧هحکیمه⁩	40
⁧هخا⁩	40
⁧هخاجر⁩	40
⁧هخامنش⁩	40
⁧هدا⁩	40
⁧هدات⁩	40
⁧هدال⁩	40
⁧هدایتالله⁩	40
⁧هدایتاله⁩	40
⁧هدرا⁩	40
⁧هدسا⁩	40
⁧هدسه⁩	40
⁧هدی⁩	40
⁧هدیر⁩	40
⁧هدیش⁩	40
⁧هدیل⁩	40
⁧هدیهزهرا⁩	40
⁧هراب⁩	40
⁧هران⁩	40
⁧هرانوش⁩	40
⁧هرای⁩	40
⁧هربد⁩	40
⁧هرداد⁩	40
⁧هردار⁩	40
⁧هرزاد⁩	40
⁧هرسام⁩	40
⁧هرش⁩	40
⁧هرمز⁩	40
⁧هرمزان⁩	40
⁧هرمزد⁩	40
⁧هرمیس⁩	40
⁧هرمینا⁩	40
⁧هرمینه⁩	40
⁧هرنگ⁩	40
⁧هرواک⁩	40
⁧هروز⁩	40
⁧هرگل⁩	40
⁧هریاد⁩	40
⁧هریه⁩	40
⁧هزارگل⁩	40
⁧هزبر⁩	40
⁧هزوارش⁩	40
⁧هزیر⁩	40
⁧هزینب⁩	40
⁧هستان⁩	40
⁧هستنوه⁩	40
⁧هستیا⁩	40
⁧هستیار⁩	40
⁧هسعیده⁩	40
⁧هسل⁩	40
⁧هسیل⁩	40
⁧هشام⁩	40
⁧هشمت⁩	40
⁧هصغر⁩	40
⁧هظی⁩	40
⁧هعظم⁩	40
⁧هعمای⁩	40
⁧هفاطمه⁩	40
⁧هفال⁩	40
⁧هفدن⁩	40
⁧هفسه⁩	40
⁧هفضه⁩	40
⁧هفیان⁩	40
⁧هقان⁩	40
⁧هلاله⁩	40
⁧هلام⁩	40
⁧هلاکویی⁩	40
⁧هلبست⁩	40
⁧هلبژارده⁩	40
⁧هلبژیر⁩	40
⁧هلدا⁩	40
⁧هلدیر⁩	40
⁧هلسا⁩	40
⁧هلما⁩	40
⁧هلمت⁩	40
⁧هلموت⁩	40
⁧هلناز⁩	40
⁧هلنسا⁩	40
⁧هلنی⁩	40
⁧هله⁩	40
⁧هلهن⁩	40
⁧هلورین⁩	40
⁧هلپرین⁩	40
⁧هلکو⁩	40
⁧هلکوت⁩	40
⁧هلگر⁩	40
⁧هلگورد⁩	40
⁧هلیا⁩	40
⁧هلیانا⁩	40
⁧هلیانه⁩	40
⁧هلیبخت⁩	40
⁧هلیحه⁩	40
⁧هلیسا⁩	40
⁧هلیل⁩	40
⁧هلیله⁩	40
⁧هلیمه⁩	40
⁧هلین⁩	40
⁧هلینا⁩	40
⁧هلیناه⁩	40
⁧هلیه⁩	40
⁧هلیوس⁩	40
⁧هلیون⁩	40
⁧هما⁩	40
⁧همابانو⁩	40
⁧همادخت⁩	40
⁧همادی⁩	40
⁧همادیس⁩	40
⁧همار⁩	40
⁧همافر⁩	40
⁧همام⁩	40
⁧هماناز⁩	40
⁧هماوند⁩	40
⁧همای⁩	40
⁧همایوندخت⁩	40
⁧همایی⁩	40
⁧همتالله⁩	40
⁧همتعلی⁩	40
⁧همدمعلی⁩	40
⁧همده⁩	40
⁧همرا⁩	40
⁧همراء⁩	40
⁧همراد⁩	40
⁧همراز⁩	40
⁧همرود⁩	40
⁧همریا⁩	40
⁧همزار⁩	40
⁧همزعلی⁩	40
⁧همزه⁩	40
⁧همساز⁩	40
⁧همشنگ⁩	40
⁧همنایون⁩	40
⁧همنواد⁩	40
⁧همگون⁩	40
⁧همید⁩	40
⁧همیدرضا⁩	40
⁧همیر⁩	40
⁧همیرا⁩	40
⁧همیلا⁩	40
⁧همیون⁩	40
⁧هناء⁩	40
⁧هنار⁩	40
⁧هناس⁩	40
⁧هناسه⁩	40
⁧هنانه⁩	40
⁧هناهیده⁩	40
⁧هناو⁩	40
⁧هندرین⁩	40
⁧هنربخش⁩	40
⁧هنوش⁩	40
⁧هنگامه⁩	40
⁧هنی⁩	40
⁧هنیا⁩	40
⁧هنیس⁩	40
⁧هنیسه⁩	40
⁧هنیفه⁩	40
⁧هنیه⁩	40
⁧ههری⁩	40
⁧هوآفرید⁩	40
⁧هواس⁩	40
⁧هوال⁩	40
⁧هواله⁩	40
⁧هوبان⁩	40
⁧هوبخت⁩	40
⁧هوبر⁩	40
⁧هوتخش⁩	40
⁧هوتس⁩	40
⁧هوتسا⁩	40
⁧هوتن⁩	40
⁧هوتوس⁩	40
⁧هوتک⁩	40
⁧هودا⁩	40
⁧هوداد⁩	40
⁧هودسا⁩	40
⁧هوده⁩	40
⁧هودین⁩	40
⁧هوراد⁩	40
⁧هوراز⁩	40
⁧هورام⁩	40
⁧هورامان⁩	40
⁧هوراماه⁩	40
⁧هوران⁩	40
⁧هوراوش⁩	40
⁧هوربانو⁩	40
⁧هورتاش⁩	40
⁧هورتن⁩	40
⁧هورخ⁩	40
⁧هورخش⁩	40
⁧هوردیس⁩	40
⁧هورسا⁩	40
⁧هورسان⁩	40
⁧هورشید⁩	40
⁧هورمز⁩	40
⁧هورمزد⁩	40
⁧هورمن⁩	40
⁧هورمند⁩	40
⁧هورمهر⁩	40
⁧هورموند⁩	40
⁧هورمک⁩	40
⁧هورناز⁩	40
⁧هورنگ⁩	40
⁧هوروس⁩	40
⁧هوروش⁩	40
⁧هوری⁩	40
⁧هوریا⁩	40
⁧هوریار⁩	40
⁧هورین⁩	40
⁧هوریه⁩	40
⁧هوزاد⁩	40
⁧هوزان⁩	40
⁧هوسان⁩	40
⁧هوسنگ⁩	40
⁧هوسکر⁩	40
⁧هوشبام⁩	40
⁧هوشدار⁩	40
⁧هوشمگ⁩	40
⁧هوشنک⁩	40
⁧هوشنگ⁩	40
⁧هوشور⁩	40
⁧هوشیدر⁩	40
⁧هوشین⁩	40
⁧هوض⁩	40
⁧هوضیه⁩	40
⁧هوفر⁩	40
⁧هولان⁩	40
⁧هولاکو⁩	40
⁧هوما⁩	40
⁧هومانگیو⁩	40
⁧هومایا⁩	40
⁧هومایون⁩	40
⁧هومت⁩	40
⁧هومند⁩	40
⁧هونا⁩	40
⁧هونار⁩	40
⁧هونیا⁩	40
⁧هونیاک⁩	40
⁧هوورشت⁩	40
⁧هووی⁩	40
⁧هوپاد⁩	40
⁧هوپند⁩	40
⁧هوچهر⁩	40
⁧هوژان⁩	40
⁧هوژین⁩	40
⁧هوکرپ⁩	40
⁧هوگر⁩	40
⁧هوگون⁩	40
⁧هویاد⁩	40
⁧هویار⁩	40
⁧هوین⁩	40
⁧هویه⁩	40
⁧هژار⁩	40
⁧هژیان⁩	40
⁧هژیر⁩	40
⁧هژین⁩	40
⁧هژیه⁩	40
⁧هگبه⁩	40
⁧هیاتان⁩	40
⁧هیاس⁩	40
⁧هیام⁩	40
⁧هیبا⁩	40
⁧هیبت⁩	40
⁧هیبتالله⁩	40
⁧هیتا⁩	40
⁧هیتاسب⁩	40
⁧هیثم⁩	40
⁧هیجلر⁩	40
⁧هیدا⁩	40
⁧هیدارا⁩	40
⁧هیدخت⁩	40
⁧هیدی⁩	40
⁧هیدیه⁩	40
⁧هیدیکا⁩	40
⁧هیرا⁩	40
⁧هیراب⁩	40
⁧هیراد⁩	40
⁧هیران⁩	40
⁧هیربد⁩	40
⁧هیرسا⁩	40
⁧هیرساد⁩	40
⁧هیرش⁩	40
⁧هیرمان⁩	40
⁧هیرمند⁩	40
⁧هیرو⁩	40
⁧هیروان⁩	40
⁧هیرود⁩	40
⁧هیرون⁩	40
⁧هیرکان⁩	40
⁧هیری⁩	40
⁧هیزان⁩	40
⁧هیشنگ⁩	40
⁧هیشو⁩	40
⁧هیشوی⁩	40
⁧هیفا⁩	40
⁧هیفاء⁩	40
⁧هیلا⁩	40
⁧هیلان⁩	40
⁧هیلدا⁩	40
⁧هیلما⁩	40
⁧هیلماه⁩	40
⁧هیلمی⁩	40
⁧هیلناز⁩	40
⁧هیله⁩	40
⁧هیما⁩	40
⁧هیمان⁩	40
⁧هیمن⁩	40
⁧هیمه⁩	40
⁧هیمو⁩	40
⁧هینا⁩	40
⁧هینان⁩	40
⁧هیوا⁩	40
⁧هیواد⁩	40
⁧هیوان⁩	40
⁧هیوب⁩	40
⁧هیوش⁩	40
⁧هیژا⁩	40
⁧هیژان⁩	40
⁧هییت⁩	40
⁧وائل⁩	40
⁧واته⁩	40
⁧واتیار⁩	40
⁧واثق⁩	40
⁧واحدبخش⁩	40
⁧واحده⁩	40
⁧واحه⁩	40
⁧واحید⁩	40
⁧واحیق⁩	40
⁧واد⁩	40
⁧وادا⁩	40
⁧وادان⁩	40
⁧وادگان⁩	40
⁧وادی⁩	40
⁧وادیار⁩	40
⁧واراز⁩	40
⁧واران⁩	40
⁧وارتان⁩	40
⁧وارتوش⁩	40
⁧وارتیقس⁩	40
⁧واردان⁩	40
⁧واردوهی⁩	40
⁧وارش⁩	40
⁧وارونا⁩	40
⁧واروژ⁩	40
⁧واروژان⁩	40
⁧وازنا⁩	40
⁧واسع⁩	40
⁧واسپور⁩	40
⁧واسپوهر⁩	40
⁧واشیر⁩	40
⁧واصف⁩	40
⁧واصل⁩	40
⁧وافاق⁩	40
⁧وافی⁩	40
⁧واقبف⁩	40
⁧واقد⁩	40
⁧واقف⁩	40
⁧واقیق⁩	40
⁧والارضا⁩	40
⁧والاعلی⁩	40
⁧والاگهر⁩	40
⁧والایار⁩	40
⁧والج⁩	40
⁧والح⁩	40
⁧والدانای⁩	40
⁧والده⁩	40
⁧والنتین⁩	40
⁧والینتوبت⁩	40
⁧والیه⁩	40
⁧وامق⁩	40
⁧وانان⁩	40
⁧وانتیار⁩	40
⁧وانوش⁩	40
⁧وانوشه⁩	40
⁧وانیا⁩	40
⁧وانیار⁩	40
⁧وانیشا⁩	40
⁧وانیک⁩	40
⁧واهب⁩	40
⁧واهیه⁩	40
⁧واهیک⁩	40
⁧واپسین⁩	40
⁧واچیک⁩	40
⁧وایه⁩	40
⁧وایو⁩	40
⁧وتار⁩	40
⁧وترا⁩	40
⁧وجاسب⁩	40
⁧وجهیه⁩	40
⁧وجی⁩	40
⁧وجیحه⁩	40
⁧وجید⁩	40
⁧وجیلا⁩	40
⁧وجیه⁩	40
⁧وجیهالله⁩	40
⁧وجیهه⁩	40
⁧وحد⁩	40
⁧وحدانه⁩	40
⁧وحدیده⁩	40
⁧وحدیه⁩	40
⁧وحورا⁩	40
⁧وحیدالدین⁩	40
⁧وحیدالله⁩	40
⁧وحیدبخش⁩	40
⁧وحیدرضا⁩	40
⁧وحیده⁩	40
⁧وحیدیه⁩	40
⁧وخش⁩	40
⁧وخشور⁩	40
⁧وخید⁩	40
⁧ودا⁩	40
⁧وداد⁩	40
⁧ودود⁩	40
⁧ودوود⁩	40
⁧ودیان⁩	40
⁧ودیع⁩	40
⁧ودیعه⁩	40
⁧وراز⁩	40
⁧ورازاد⁩	40
⁧ورالدین⁩	40
⁧ورتا⁩	40
⁧ورتاج⁩	40
⁧ورجا⁩	40
⁧ورجاوند⁩	40
⁧ورحمت⁩	40
⁧وردآفرید⁩	40
⁧وردآور⁩	40
⁧وردا⁩	40
⁧وردان⁩	40
⁧وردانشاه⁩	40
⁧ورده⁩	40
⁧وردین⁩	40
⁧ورزا⁩	40
⁧ورزان⁩	40
⁧ورزاک⁩	40
⁧ورزم⁩	40
⁧ورزمیار⁩	40
⁧ورزیار⁩	40
⁧ورزیر⁩	40
⁧ورساز⁩	40
⁧ورشاد⁩	40
⁧ورشان⁩	40
⁧ورشنگ⁩	40
⁧ورضیه⁩	40
⁧ورقا⁩	40
⁧ورقعلی⁩	40
⁧ورهرام⁩	40
⁧ورهران⁩	40
⁧ورپا⁩	40
⁧ورژینا⁩	40
⁧ورگاه⁩	40
⁧ورگر⁩	40
⁧ورگیر⁩	40
⁧وریا⁩	40
⁧وریشه⁩	40
⁧وریم⁩	40
⁧وزخاتون⁩	40
⁧وزگان⁩	40
⁧وسام⁩	40
⁧وساک⁩	40
⁧وستا⁩	40
⁧وستهم⁩	40
⁧وستوی⁩	40
⁧وسف⁩	40
⁧وسفعلی⁩	40
⁧وسمه⁩	40
⁧وسنه⁩	40
⁧وسپار⁩	40
⁧وسپور⁩	40
⁧وسپوهر⁩	40
⁧وسیعه⁩	40
⁧وسیم⁩	40
⁧وسیمه⁩	40
⁧وسین⁩	40
⁧وش⁩	40
⁧وشان⁩	40
⁧وشم⁩	40
⁧وشمگیر⁩	40
⁧وشن⁩	40
⁧وشنام⁩	40
⁧وشنگ⁩	40
⁧وصی⁩	40
⁧وصیه⁩	40
⁧وعد⁩	40
⁧وعصومه⁩	40
⁧وف⁩	40
⁧وفاء⁩	40
⁧وفاق⁩	40
⁧وفالدین⁩	40
⁧وفیه⁩	40
⁧وقیه⁩	40
⁧ولا⁩	40
⁧ولات⁩	40
⁧ولام⁩	40
⁧ولان⁩	40
⁧ولایت⁩	40
⁧ولخش⁩	40
⁧ولگا⁩	40
⁧ولیار⁩	40
⁧ولیالاه⁩	40
⁧ولیالله⁩	40
⁧ولیاله⁩	40
⁧ولید⁩	40
⁧ولیداد⁩	40
⁧ولیرضا⁩	40
⁧ولیمراد⁩	40
⁧ولی‌الله⁩	40
⁧ونا⁩	40
⁧وناز⁩	40
⁧وندا⁩	40
⁧ونداد⁩	40
⁧وندیداد⁩	40
⁧ونفشه⁩	40
⁧ونن⁩	40
⁧ونو⁩	40
⁧ونوسا⁩	40
⁧ونوش⁩	40
⁧ونوشا⁩	40
⁧ونوشه⁩	40
⁧ونوشک⁩	40
⁧ونون⁩	40
⁧ونیسه⁩	40
⁧وها⁩	40
⁧وهاج⁩	40
⁧وهاد⁩	40
⁧وهار⁩	40
⁧وهامان⁩	40
⁧وهان⁩	40
⁧وهب⁩	40
⁧وهبرز⁩	40
⁧وهبی⁩	40
⁧وهرز⁩	40
⁧وهرو⁩	40
⁧وهزاد⁩	40
⁧وهسود⁩	40
⁧وهشاپور⁩	40
⁧وهشتیه⁩	40
⁧وهمن⁩	40
⁧وهمنش⁩	40
⁧وهمهر⁩	40
⁧وهنیا⁩	40
⁧وهومن⁩	40
⁧وهوگون⁩	40
⁧وهید⁩	40
⁧وهیستا⁩	40
⁧ووحید⁩	40
⁧وچان⁩	40
⁧وژاسپ⁩	40
⁧وژمه⁩	40
⁧وکتوریا⁩	40
⁧ویارش⁩	40
⁧ویام⁩	40
⁧ویان⁩	40
⁧ویانا⁩	40
⁧ویدال⁩	40
⁧ویدیا⁩	40
⁧ویراب⁩	40
⁧ویراک⁩	40
⁧ویرو⁩	40
⁧ویریا⁩	40
⁧ویستا⁩	40
⁧ویستاخ⁩	40
⁧ویستهم⁩	40
⁧ویستور⁩	40
⁧ویسعلی⁩	40
⁧ویسمراد⁩	40
⁧ویسه⁩	40
⁧ویسپار⁩	40
⁧ویسپرد⁩	40
⁧ویشار⁩	40
⁧ویشتاسب⁩	40
⁧ویشکا⁩	40
⁧ویعاد⁩	40
⁧ویلنا⁩	40
⁧وینا⁩	40
⁧ویناسب⁩	40
⁧وینسار⁩	40
⁧وینه⁩	40
⁧وینوس⁩	40
⁧ویهان⁩	40
⁧ویوات⁩	40
⁧ویوان⁩	40
⁧ویولا⁩	40
⁧ویونا⁩	40
⁧ویوگ⁩	40
⁧ویوین⁩	40
⁧ویگن⁩	40
⁧ویگین⁩	40
⁧پائیزه⁩	40
⁧پاتیرا⁩	40
⁧پادار⁩	40
⁧پاداشت⁩	40
⁧پادرا⁩	40
⁧پادشا⁩	40
⁧پادمیرا⁩	40
⁧پادنا⁩	40
⁧پادیان⁩	40
⁧پادینا⁩	40
⁧پاراحات⁩	40
⁧پاراخت⁩	40
⁧پارامیدا⁩	40
⁧پارتیا⁩	40
⁧پاردیس⁩	40
⁧پاردیک⁩	40
⁧پارسادخت⁩	40
⁧پارسان⁩	40
⁧پارسانا⁩	40
⁧پارساکیا⁩	40
⁧پارسوا⁩	40
⁧پارسیا⁩	40
⁧پارسیس⁩	40
⁧پارسین⁩	40
⁧پارسینا⁩	40
⁧پارسیکا⁩	40
⁧پارلا⁩	40
⁧پارلار⁩	40
⁧پارمیدا⁩	40
⁧پارمیس⁩	40
⁧پارمیسا⁩	40
⁧پارمین⁩	40
⁧پارنا⁩	40
⁧پارند⁩	40
⁧پاساد⁩	40
⁧پاساک⁩	40
⁧پاستور⁩	40
⁧پاسر⁩	40
⁧پاشجم⁩	40
⁧پاشنگ⁩	40
⁧پاطریس⁩	40
⁧پالیزا⁩	40
⁧پامچال⁩	40
⁧پامیر⁩	40
⁧پانا⁩	40
⁧پانتا⁩	40
⁧پانتهآ⁩	40
⁧پانته‌آ⁩	40
⁧پانتی⁩	40
⁧پانتیش⁩	40
⁧پانی⁩	40
⁧پانیا⁩	40
⁧پانیتا⁩	40
⁧پانید⁩	40
⁧پانیدا⁩	40
⁧پانیذ⁩	40
⁧پانیسا⁩	40
⁧پانیک⁩	40
⁧پاو⁩	40
⁧پاوان⁩	40
⁧پاوس⁩	40
⁧پاپریک⁩	40
⁧پاپل⁩	40
⁧پاپور⁩	40
⁧پاپوک⁩	40
⁧پاپک⁩	40
⁧پاکبانو⁩	40
⁧پاکداد⁩	40
⁧پاکدخت⁩	40
⁧پاکدین⁩	40
⁧پاکذاد⁩	40
⁧پاکر⁩	40
⁧پاکراد⁩	40
⁧پاکرای⁩	40
⁧پاکرو⁩	40
⁧پاکروز⁩	40
⁧پاکروی⁩	40
⁧پاکسار⁩	40
⁧پاکفر⁩	40
⁧پاکنظر⁩	40
⁧پایار⁩	40
⁧پایماز⁩	40
⁧پایور⁩	40
⁧پایون⁩	40
⁧پاییزان⁩	40
⁧پاییزعلی⁩	40
⁧پاییزه⁩	40
⁧پجمان⁩	40
⁧پخشان⁩	40
⁧پداخواست⁩	40
⁧پدارام⁩	40
⁧پدارم⁩	40
⁧پدرپور⁩	40
⁧پذرام⁩	40
⁧پراتعلی⁩	40
⁧پرادیس⁩	40
⁧پرارین⁩	40
⁧پراشان⁩	40
⁧پرانسیس⁩	40
⁧پراهام⁩	40
⁧پراونه⁩	40
⁧پربسا⁩	40
⁧پربها⁩	40
⁧پرتاش⁩	40
⁧پرتام⁩	40
⁧پرخیده⁩	40
⁧پرداد⁩	40
⁧پردان⁩	40
⁧پردخت⁩	40
⁧پردیا⁩	40
⁧پردیز⁩	40
⁧پردیس⁩	40
⁧پردیکا⁩	40
⁧پررخ⁩	40
⁧پرروانه⁩	40
⁧پررین⁩	40
⁧پرزاد⁩	40
⁧پرزغلی⁩	40
⁧پرزین⁩	40
⁧پرسا⁩	40
⁧پرسام⁩	40
⁧پرسان⁩	40
⁧پرستا⁩	40
⁧پرستو⁩	40
⁧پرستوک⁩	40
⁧پرستک⁩	40
⁧پرسون⁩	40
⁧پرسیا⁩	40
⁧پرسیان⁩	40
⁧پرسیانا⁩	40
⁧پرسیس⁩	40
⁧پرسین⁩	40
⁧پرسیکا⁩	40
⁧پرشاد⁩	40
⁧پرشان⁩	40
⁧پرشت⁩	40
⁧پرشنگ⁩	40
⁧پرشیان⁩	40
⁧پرشیانا⁩	40
⁧پرلا⁩	40
⁧پرما⁩	40
⁧پرمان⁩	40
⁧پرمایه⁩	40
⁧پرمودیه⁩	40
⁧پرمیس⁩	40
⁧پرنان⁩	40
⁧پرنددخت⁩	40
⁧پرنددیس⁩	40
⁧پرندک⁩	40
⁧پرنسا⁩	40
⁧پرنوش⁩	40
⁧پرنگ⁩	40
⁧پرنیا⁩	40
⁧پرنیاز⁩	40
⁧پرنیانه⁩	40
⁧پرنین⁩	40
⁧پرنیک⁩	40
⁧پرنیکا⁩	40
⁧پرهان⁩	40
⁧پروبز⁩	40
⁧پروز⁩	40
⁧پروش⁩	40
⁧پروشا⁩	40
⁧پروشات⁩	40
⁧پروشه⁩	40
⁧پرومند⁩	40
⁧پرووانه⁩	40
⁧پروچستا⁩	40
⁧پروچیستا⁩	40
⁧پرویر⁩	40
⁧پرویزر⁩	40
⁧پرویش⁩	40
⁧پرویندخت⁩	40
⁧پروینرخ⁩	40
⁧پرویوش⁩	40
⁧پرپر⁩	40
⁧پرژان⁩	40
⁧پرژین⁩	40
⁧پرک⁩	40
⁧پرگام⁩	40
⁧پرگان⁩	40
⁧پرگون⁩	40
⁧پریار⁩	40
⁧پریاس⁩	40
⁧پریام⁩	40
⁧پریبرز⁩	40
⁧پریبسا⁩	40
⁧پریثا⁩	40
⁧پریجان⁩	40
⁧پریخواه⁩	40
⁧پریخون⁩	40
⁧پریدخت⁩	40
⁧پریدوخت⁩	40
⁧پریرخ⁩	40
⁧پریرو⁩	40
⁧پریزاده⁩	40
⁧پریس⁩	40
⁧پریسا⁩	40
⁧پریسال⁩	40
⁧پریسان⁩	40
⁧پریسما⁩	40
⁧پریسکا⁩	40
⁧پریشا⁩	40
⁧پریشاد⁩	40
⁧پریفام⁩	40
⁧پریفر⁩	40
⁧پریما⁩	40
⁧پریماه⁩	40
⁧پریمرز⁩	40
⁧پرین⁩	40
⁧پرینا⁩	40
⁧پریناز⁩	40
⁧پرینام⁩	40
⁧پرینوس⁩	40
⁧پرینوش⁩	40
⁧پریه⁩	40
⁧پریهان⁩	40
⁧پریوا⁩	40
⁧پریوار⁩	40
⁧پریور⁩	40
⁧پریوش⁩	40
⁧پریوه⁩	40
⁧پریویز⁩	40
⁧پریوین⁩	40
⁧پریچه⁩	40
⁧پریچهر⁩	40
⁧پریچهره⁩	40
⁧پریژه⁩	40
⁧پریکا⁩	40
⁧پریگل⁩	40
⁧پریگون⁩	40
⁧پر‌ی⁩	40
⁧پزاد⁩	40
⁧پزدان⁩	40
⁧پزمان⁩	40
⁧پزوانه⁩	40
⁧پزویز⁩	40
⁧پساک⁩	40
⁧پسندیار⁩	40
⁧پشتیسار⁩	40
⁧پشتیوان⁩	40
⁧پشمین⁩	40
⁧پشن⁩	40
⁧پشکار⁩	40
⁧پشکو⁩	40
⁧پشین⁩	40
⁧پطروس⁩	40
⁧پعادل⁩	40
⁧پغمبر⁩	40
⁧پفک⁩	40
⁧پلاش⁩	40
⁧پلاشان⁩	40
⁧پنام⁩	40
⁧پناهعلی⁩	40
⁧پناهلی⁩	40
⁧پنوییل⁩	40
⁧پهلبد⁩	40
⁧پوئین⁩	40
⁧پوارن⁩	40
⁧پوبان⁩	40
⁧پودنه⁩	40
⁧پورا⁩	40
⁧پوران⁩	40
⁧پورانداخت⁩	40
⁧پوراندخت⁩	40
⁧پوراندوخت⁩	40
⁧پورانرخ⁩	40
⁧پورانمهر⁩	40
⁧پوربا⁩	40
⁧پوربخش⁩	40
⁧پوربه⁩	40
⁧پورتاش⁩	40
⁧پورج⁩	40
⁧پورداد⁩	40
⁧پورسام⁩	40
⁧پورشا⁩	40
⁧پورشان⁩	40
⁧پورشسب⁩	40
⁧پورنا⁩	40
⁧پورنسا⁩	40
⁧پورنگ⁩	40
⁧پورنیک⁩	40
⁧پوروشسب⁩	40
⁧پوروچیستا⁩	40
⁧پورچیستا⁩	40
⁧پورک⁩	40
⁧پوریار⁩	40
⁧پوریامهر⁩	40
⁧پوریامین⁩	40
⁧پوریه⁩	40
⁧پوزر⁩	40
⁧پوسف⁩	40
⁧پوشنگ⁩	40
⁧پولاد⁩	40
⁧پولکی⁩	40
⁧پونا⁩	40
⁧پونه⁩	40
⁧پونیا⁩	40
⁧پوهگل⁩	40
⁧پوپر⁩	40
⁧پوپه⁩	40
⁧پوپک⁩	40
⁧پوژان⁩	40
⁧پوژمان⁩	40
⁧پوژن⁩	40
⁧پوژیا⁩	40
⁧پویراز⁩	40
⁧پویز⁩	40
⁧پویش⁩	40
⁧پویه⁩	40
⁧پویین⁩	40
⁧پژار⁩	40
⁧پژال⁩	40
⁧پژدو⁩	40
⁧پژند⁩	40
⁧پژوان⁩	40
⁧پژواک⁩	40
⁧پژوتن⁩	40
⁧پگام⁩	40
⁧پگامه⁩	40
⁧پگاهان⁩	40
⁧پگین⁩	40
⁧پیان⁩	40
⁧پیخی⁩	40
⁧پیداگشسب⁩	40
⁧پیدرا⁩	40
⁧پیراد⁩	40
⁧پیراله⁩	40
⁧پیراژ⁩	40
⁧پیراژه⁩	40
⁧پیرایه⁩	40
⁧پیربخش⁩	40
⁧پیرتک⁩	40
⁧پیرجلال⁩	40
⁧پیرداد⁩	40
⁧پیرناز⁩	40
⁧پیروت⁩	40
⁧پیروزان⁩	40
⁧پیروزدخت⁩	40
⁧پیروزه⁩	40
⁧پیروزگر⁩	40
⁧پیرولی⁩	40
⁧پیرک⁩	40
⁧پیریوش⁩	40
⁧پیسا⁩	40
⁧پیشتوان⁩	40
⁧پیغمبرقلی⁩	40
⁧پیلسم⁩	40
⁧پیما⁩	40
⁧پیمانعلی⁩	40
⁧پینار⁩	40
⁧پیچک⁩	40
⁧پیگون⁩	40
⁧چاریا⁩	40
⁧چاریار⁩	40
⁧چاسب⁩	40
⁧چاسد⁩	40
⁧چاعظم⁩	40
⁧چالوس⁩	40
⁧چالی⁩	40
⁧چالیز⁩	40
⁧چالیک⁩	40
⁧چامه⁩	40
⁧چاوان⁩	40
⁧چاوره⁩	40
⁧چاوش⁩	40
⁧چاولان⁩	40
⁧چاوه⁩	40
⁧چاووش⁩	40
⁧چاویار⁩	40
⁧چاپار⁩	40
⁧چاکان⁩	40
⁧چاکر⁩	40
⁧چبه⁩	40
⁧چراغلعلی⁩	40
⁧چراقعلی⁩	40
⁧چرانعلی⁩	40
⁧چرستو⁩	40
⁧چرمه⁩	40
⁧چرو⁩	40
⁧چرکز⁩	40
⁧چشمعلی⁩	40
⁧چشمناز⁩	40
⁧چقو⁩	40
⁧چلچله⁩	40
⁧چلیپا⁩	40
⁧چمان⁩	40
⁧چمانه⁩	40
⁧چمران⁩	40
⁧چمریم⁩	40
⁧چمشید⁩	40
⁧چمل⁩	40
⁧چمناز⁩	40
⁧چمنرخ⁩	40
⁧چمنعلی⁩	40
⁧چمنناز⁩	40
⁧چمنچهر⁩	40
⁧چمین⁩	40
⁧چنا⁩	40
⁧چنور⁩	40
⁧چنگبز⁩	40
⁧چنگیز⁩	40
⁧چنی⁩	40
⁧چنیا⁩	40
⁧چهاری⁩	40
⁧چهاندار⁩	40
⁧چهانگیر⁩	40
⁧چهرآذر⁩	40
⁧چهرآرا⁩	40
⁧چهرآزاد⁩	40
⁧چهراب⁩	40
⁧چهراز⁩	40
⁧چهرزاد⁩	40
⁧چهرفروز⁩	40
⁧چهرمینو⁩	40
⁧چهرک⁩	40
⁧چهکو⁩	40
⁧چواد⁩	40
⁧چوبان⁩	40
⁧چوبانعلی⁩	40
⁧چوتا⁩	40
⁧چورکش⁩	40
⁧چومان⁩	40
⁧چوپانقلی⁩	40
⁧چوچی⁩	40
⁧چوک⁩	40
⁧چپر⁩	40
⁧چکاد⁩	40
⁧چکامه⁩	40
⁧چکاو⁩	40
⁧چکاوه⁩	40
⁧چکاوک⁩	40
⁧چیان⁩	40
⁧چیاوا⁩	40
⁧چیاوان⁩	40
⁧چیاکو⁩	40
⁧چیتا⁩	40
⁧چیترا⁩	40
⁧چیدا⁩	40
⁧چیدامه⁩	40
⁧چیروک⁩	40
⁧چیستا⁩	40
⁧چیستی⁩	40
⁧چیلان⁩	40
⁧چیلانه⁩	40
⁧چیلک⁩	40
⁧چیماه⁩	40
⁧چیمن⁩	40
⁧چیمه⁩	40
⁧چیچک⁩	40
⁧چیکا⁩	40
⁧چیکدم⁩	40
⁧ژابیز⁩	40
⁧ژابیژ⁩	40
⁧ژاسمن⁩	40
⁧ژاسمین⁩	40
⁧ژافه⁩	40
⁧ژالان⁩	40
⁧ژالانه⁩	40
⁧ژالیا⁩	40
⁧ژالین⁩	40
⁧ژاماسب⁩	40
⁧ژاماسپ⁩	40
⁧ژامک⁩	40
⁧ژانیا⁩	40
⁧ژانیتا⁩	40
⁧ژانین⁩	40
⁧ژانینا⁩	40
⁧ژاوا⁩	40
⁧ژاویا⁩	40
⁧ژاوین⁩	40
⁧ژاکاو⁩	40
⁧ژاکلین⁩	40
⁧ژاییز⁩	40
⁧ژاییژ⁩	40
⁧ژربرا⁩	40
⁧ژرفا⁩	40
⁧ژرفی⁩	40
⁧ژرفین⁩	40
⁧ژرویرا⁩	40
⁧ژروین⁩	40
⁧ژرژ⁩	40
⁧ژرژیت⁩	40
⁧ژم⁩	40
⁧ژنا⁩	40
⁧ژنوا⁩	40
⁧ژنوس⁩	40
⁧ژنگ⁩	40
⁧ژنیا⁩	40
⁧ژنیک⁩	40
⁧ژنییا⁩	40
⁧ژوان⁩	40
⁧ژوانا⁩	40
⁧ژوبین⁩	40
⁧ژورا⁩	40
⁧ژورک⁩	40
⁧ژوزف⁩	40
⁧ژوزفی⁩	40
⁧ژوزفین⁩	40
⁧ژولیا⁩	40
⁧ژون⁩	40
⁧ژونا⁩	40
⁧ژوپین⁩	40
⁧ژکان⁩	40
⁧ژکور⁩	40
⁧ژیا⁩	40
⁧ژیار⁩	40
⁧ژیانا⁩	40
⁧ژیانو⁩	40
⁧ژیبا⁩	40
⁧ژیر⁩	40
⁧ژیران⁩	40
⁧ژیرو⁩	40
⁧ژیل⁩	40
⁧ژیلا⁩	40
⁧ژیلمو⁩	40
⁧ژیله⁩	40
⁧ژیلوان⁩	40
⁧ژیما⁩	40
⁧ژینا⁩	40
⁧ژینار⁩	40
⁧ژینر⁩	40
⁧ژینو⁩	40
⁧ژینوس⁩	40
⁧ژیهات⁩	40
⁧ژیوا⁩	40
⁧ژیوار⁩	40
⁧ژیوان⁩	40
⁧ژیوانا⁩	40
⁧ژیویر⁩	40
⁧ژیژیس⁩	40
⁧ژیکال⁩	40
⁧ژیکان⁩	40
⁧ژیکو⁩	40
⁧ژیگس⁩	40
⁧کاآن⁩	40
⁧کااظم⁩	40
⁧کابی⁩	40
⁧کابیان⁩	40
⁧کابیز⁩	40
⁧کاتبیل⁩	40
⁧کاتوزا⁩	40
⁧کاتیا⁩	40
⁧کاتیوشا⁩	40
⁧کاثوم⁩	40
⁧کاد⁩	40
⁧کادوسا⁩	40
⁧کارآک⁩	40
⁧کارانای⁩	40
⁧کارانوس⁩	40
⁧کاراک⁩	40
⁧کاربین⁩	40
⁧کارتال⁩	40
⁧کاردار⁩	40
⁧کاردلن⁩	40
⁧کاردو⁩	40
⁧کاردوس⁩	40
⁧کارزان⁩	40
⁧کارمانیا⁩	40
⁧کارمل⁩	40
⁧کارمیلا⁩	40
⁧کارنا⁩	40
⁧کارنگ⁩	40
⁧کارنیک⁩	40
⁧کاروخ⁩	40
⁧کاروس⁩	40
⁧کارولینا⁩	40
⁧کارون⁩	40
⁧کاروند⁩	40
⁧کاریا⁩	40
⁧کاریز⁩	40
⁧کارینا⁩	40
⁧کازم⁩	40
⁧کازمیه⁩	40
⁧کازنیه⁩	40
⁧کازیوه⁩	40
⁧کاساندان⁩	40
⁧کاسعلی⁩	40
⁧کاسمار⁩	40
⁧کاسپین⁩	40
⁧کاسی⁩	40
⁧کاشانه⁩	40
⁧کاشین⁩	40
⁧کاضم⁩	40
⁧کاضمه⁩	40
⁧کاظظم⁩	40
⁧کاظم⁩	40
⁧کاظمع⁩	40
⁧کاظمعلی⁩	40
⁧کاظمه⁩	40
⁧کاظمیه⁩	40
⁧کاظیم⁩	40
⁧کافور⁩	40
⁧کامان⁩	40
⁧کامبخش⁩	40
⁧کامبد⁩	40
⁧کامبوزیا⁩	40
⁧کامبیز⁩	40
⁧کامبیزط⁩	40
⁧کامبین⁩	40
⁧کامجور⁩	40
⁧کامداد⁩	40
⁧کامدل⁩	40
⁧کامدین⁩	40
⁧کامراد⁩	40
⁧کامراز⁩	40
⁧کامرانن⁩	40
⁧کامرو⁩	40
⁧کامروز⁩	40
⁧کامشا⁩	40
⁧کامشاد⁩	40
⁧کامشید⁩	40
⁧کاملیا⁩	40
⁧کاملین⁩	40
⁧کاممبیز⁩	40
⁧کامه⁩	40
⁧کامور⁩	40
⁧کاموس⁩	40
⁧کامک⁩	40
⁧کامیاد⁩	40
⁧کامیز⁩	40
⁧کامیشا⁩	40
⁧کامیل⁩	40
⁧کامیلیا⁩	40
⁧کامین⁩	40
⁧کامینه⁩	40
⁧کاناز⁩	40
⁧کانبی⁩	40
⁧کاندیش⁩	40
⁧کانیا⁩	40
⁧کانیاو⁩	40
⁧کانیلان⁩	40
⁧کاوان⁩	40
⁧کاوس⁩	40
⁧کاووس⁩	40
⁧کاووش⁩	40
⁧کاوک⁩	40
⁧کاویار⁩	40
⁧کاویس⁩	40
⁧کاویش⁩	40
⁧کاپر⁩	40
⁧کاژاو⁩	40
⁧کاژه⁩	40
⁧کاژین⁩	40
⁧کاکاجان⁩	40
⁧کاکاخاص⁩	40
⁧کاکاخان⁩	40
⁧کاکاعلی⁩	40
⁧کاکالی⁩	40
⁧کاکامراد⁩	40
⁧کاکامیر⁩	40
⁧کاکل⁩	40
⁧کاکله⁩	40
⁧کاکو⁩	40
⁧کاکوتی⁩	40
⁧کاکیوشا⁩	40
⁧کایا⁩	40
⁧کایان⁩	40
⁧کایاهان⁩	40
⁧کایر⁩	40
⁧کایلین⁩	40
⁧کایوس⁩	40
⁧کبخسرو⁩	40
⁧کبدا⁩	40
⁧کبراه⁩	40
⁧کبری⁩	40
⁧کبریا⁩	40
⁧کبر‌ی⁩	40
⁧کبزی⁩	40
⁧کبوجیه⁩	40
⁧کبوده⁩	40
⁧کبگعلی⁩	40
⁧کبی⁩	40
⁧کبیتا⁩	40
⁧کبیرا⁩	40
⁧کتابعلی⁩	40
⁧کتان⁩	40
⁧کتانه⁩	40
⁧کتایون⁩	40
⁧کتاییون⁩	40
⁧کتماره⁩	40
⁧کثوم⁩	40
⁧کثیره⁩	40
⁧کجید⁩	40
⁧کجیر⁩	40
⁧کحکدرضا⁩	40
⁧کدخدایی⁩	40
⁧کدمان⁩	40
⁧کده⁩	40
⁧کرا⁩	40
⁧کراخان⁩	40
⁧کرار⁩	40
⁧کرامتالله⁩	40
⁧کرامش⁩	40
⁧کرامه⁩	40
⁧کربلایی⁩	40
⁧کربم⁩	40
⁧کردعلی⁩	40
⁧کردوشا⁩	40
⁧کردوی⁩	40
⁧کردیا⁩	40
⁧کردیار⁩	40
⁧کردیه⁩	40
⁧کرریم⁩	40
⁧کرشاسب⁩	40
⁧کرشمه⁩	40
⁧کرمخدا⁩	40
⁧کرمرضا⁩	40
⁧کرمضا⁩	40
⁧کروخان⁩	40
⁧کروش⁩	40
⁧کریت⁩	40
⁧کریستل⁩	40
⁧کریستینه⁩	40
⁧کریمداد⁩	40
⁧کریمقلی⁩	40
⁧کریمحمد⁩	40
⁧کریمه⁩	40
⁧کریه⁩	40
⁧کزال⁩	40
⁧کزریم⁩	40
⁧کزیم⁩	40
⁧کسا⁩	40
⁧کسایون⁩	40
⁧کسرا⁩	40
⁧کسریکسرا⁩	40
⁧کسما⁩	40
⁧کسمراد⁩	40
⁧کسیاوش⁩	40
⁧کشتاسب⁩	40
⁧کشتزار⁩	40
⁧کشتمند⁩	40
⁧کشعلی⁩	40
⁧کشمند⁩	40
⁧کشواد⁩	40
⁧کشوربانو⁩	40
⁧کعبه⁩	40
⁧کفاء⁩	40
⁧کفاح⁩	40
⁧کفایه⁩	40
⁧کفتر⁩	40
⁧کفلیت⁩	40
⁧کفی⁩	40
⁧کفیات⁩	40
⁧کلابتون⁩	40
⁧کلابتین⁩	40
⁧کلابعلی⁩	40
⁧کلاخان⁩	40
⁧کلاره⁩	40
⁧کلاریز⁩	40
⁧کلاله⁩	40
⁧کلاهور⁩	40
⁧کلاویز⁩	40
⁧کلباد⁩	40
⁧کلثم⁩	40
⁧کلثوم⁩	40
⁧کلثومه⁩	40
⁧کلزار⁩	40
⁧کلستان⁩	40
⁧کلسوم⁩	40
⁧کلشوم⁩	40
⁧کلظم⁩	40
⁧کلمبیز⁩	40
⁧کلمران⁩	40
⁧کلندار⁩	40
⁧کلوریا⁩	40
⁧کلوم⁩	40
⁧کلپوم⁩	40
⁧کلکز⁩	40
⁧کلیثوم⁩	40
⁧کلیله⁩	40
⁧کلیم⁩	40
⁧کلیمه⁩	40
⁧کلیم‌الله⁩	40
⁧کماتل⁩	40
⁧کمالالدین⁩	40
⁧کمالان⁩	40
⁧کمالدین⁩	40
⁧کماله⁩	40
⁧کمانعلی⁩	40
⁧کمانه⁩	40
⁧کمانگیر⁩	40
⁧کمبوجیه⁩	40
⁧کمرالدین⁩	40
⁧کمرخون⁩	40
⁧کمرعلی⁩	40
⁧کمند⁩	40
⁧کمندعلی⁩	40
⁧کمکعلی⁩	40
⁧کمگ⁩	40
⁧کمیا⁩	40
⁧کمیره⁩	40
⁧کمیلا⁩	40
⁧کمیلاد⁩	40
⁧کمیله⁩	40
⁧کنارنگ⁩	40
⁧کناس⁩	40
⁧کنتو⁩	40
⁧کندر⁩	40
⁧کندرو⁩	40
⁧کنعان⁩	40
⁧کنیره⁩	40
⁧کنیز⁩	40
⁧کنیزرضا⁩	40
⁧کهار⁩	40
⁧کهبد⁩	40
⁧کهراد⁩	40
⁧کهرام⁩	40
⁧کهرم⁩	40
⁧کهزاد⁩	40
⁧کهسا⁩	40
⁧کهسار⁩	40
⁧کهلیک⁩	40
⁧کهور⁩	40
⁧کهیار⁩	40
⁧کهیرک⁩	40
⁧کهیلا⁩	40
⁧کهین⁩	40
⁧کوالثوم⁩	40
⁧کواژین⁩	40
⁧کواکب⁩	40
⁧کوت⁩	40
⁧کوتر⁩	40
⁧کوثرال⁩	40
⁧کوثرالزهرا⁩	40
⁧کوجک⁩	40
⁧کوجی⁩	40
⁧کودرز⁩	40
⁧کودرک⁩	40
⁧کودشت⁩	40
⁧کورالعین⁩	40
⁧کورج⁩	40
⁧کورداک⁩	40
⁧کوردستان⁩	40
⁧کورس⁩	40
⁧کورش⁩	40
⁧کورنگ⁩	40
⁧کورو⁩	40
⁧کورورش⁩	40
⁧کوروس⁩	40
⁧کوروش⁩	40
⁧کوروشکورش⁩	40
⁧کورگه⁩	40
⁧کوزل⁩	40
⁧کوسار⁩	40
⁧کوستان⁩	40
⁧کوسر⁩	40
⁧کوشاد⁩	40
⁧کوشادخت⁩	40
⁧کوشان⁩	40
⁧کوشانه⁩	40
⁧کوشنگ⁩	40
⁧کوشک⁩	40
⁧کوشیار⁩	40
⁧کولاله⁩	40
⁧کولیار⁩	40
⁧کوماس⁩	40
⁧کونا⁩	40
⁧کونول⁩	40
⁧کوهر⁩	40
⁧کوهرشاد⁩	40
⁧کوهرنگ⁩	40
⁧کوهزاد⁩	40
⁧کوهسار⁩	40
⁧کوهشاد⁩	40
⁧کوهعلی⁩	40
⁧کوهگرد⁩	40
⁧کوهیار⁩	40
⁧کوهین⁩	40
⁧کوهینه⁩	40
⁧کوپال⁩	40
⁧کوچکعلی⁩	40
⁧کوچیار⁩	40
⁧کوژیر⁩	40
⁧کوژین⁩	40
⁧کوکب⁩	40
⁧کوکبدخت⁩	40
⁧کوکبه⁩	40
⁧کوکعلی⁩	40
⁧کویار⁩	40
⁧کویر⁩	40
⁧کویستان⁩	40
⁧کژال⁩	40
⁧کژان⁩	40
⁧کژوان⁩	40
⁧کژین⁩	40
⁧کیابد⁩	40
⁧کیابر⁩	40
⁧کیاتن⁩	40
⁧کیاجور⁩	40
⁧کیاداوود⁩	40
⁧کیادخت⁩	40
⁧کیارا⁩	40
⁧کیاراد⁩	40
⁧کیارخ⁩	40
⁧کیارزم⁩	40
⁧کیارس⁩	40
⁧کیارش⁩	40
⁧کیارنگ⁩	40
⁧کیازاد⁩	40
⁧کیازند⁩	40
⁧کیاس⁩	40
⁧کیاسا⁩	40
⁧کیاسام⁩	40
⁧کیاسان⁩	40
⁧کیاشا⁩	40
⁧کیافر⁩	40
⁧کیامرث⁩	40
⁧کیامرز⁩	40
⁧کیانا⁩	40
⁧کیاناز⁩	40
⁧کیاندخت⁩	40
⁧کیانرخ⁩	40
⁧کیانسه⁩	40
⁧کیانمهر⁩	40
⁧کیانه⁩	40
⁧کیانور⁩	40
⁧کیانوش⁩	40
⁧کیاهور⁩	40
⁧کیاوش⁩	40
⁧کیاچهر⁩	40
⁧کیاکسار⁩	40
⁧کیایون⁩	40
⁧کیبد⁩	40
⁧کیجا⁩	40
⁧کیجانا⁩	40
⁧کیخسرو⁩	40
⁧کیدی⁩	40
⁧کیسان⁩	40
⁧کیسر⁩	40
⁧کیشید⁩	40
⁧کیفسان⁩	40
⁧کیفعلی⁩	40
⁧کیفیه⁩	40
⁧کیقباد⁩	40
⁧کیلان⁩	40
⁧کیلرش⁩	40
⁧کیلنوش⁩	40
⁧کیمان⁩	40
⁧کیمرث⁩	40
⁧کیمن⁩	40
⁧کیمند⁩	40
⁧کیمه⁩	40
⁧کیمیا⁩	40
⁧کیمیاء⁩	40
⁧کیمیازهرا⁩	40
⁧کیناز⁩	40
⁧کینوش⁩	40
⁧کینگی⁩	40
⁧کیهانرخ⁩	40
⁧کیهانه⁩	40
⁧کیهانک⁩	40
⁧کیوا⁩	40
⁧کیواندخت⁩	40
⁧کیوانرخ⁩	40
⁧کیوانزاد⁩	40
⁧کیوانعلی⁩	40
⁧کیوانه⁩	40
⁧کیوانچهر⁩	40
⁧کیور⁩	40
⁧کیوس⁩	40
⁧کیوما⁩	40
⁧کیومر⁩	40
⁧کیومرت⁩	40
⁧کیومرث⁩	40
⁧کیومرز⁩	40
⁧کیومند⁩	40
⁧کیژان⁩	40
⁧کیکاوس⁩	40
⁧کیکاووس⁩	40
⁧کییان⁩	40
⁧کییهان⁩	40
⁧گئو⁩	40
⁧گئومات⁩	40
⁧گاتا⁩	40
⁧گاتاج⁩	40
⁧گارنیک⁩	40
⁧گاریز⁩	40
⁧گارینه⁩	40
⁧گاسپار⁩	40
⁧گاطع⁩	40
⁧گاظم⁩	40
⁧گاعذار⁩	40
⁧گافشان⁩	40
⁧گاقدم⁩	40
⁧گالان⁩	40
⁧گالوس⁩	40
⁧گالیا⁩	40
⁧گانار⁩	40
⁧گاچهره⁩	40
⁧گایار⁩	40
⁧گباد⁩	40
⁧گبهنام⁩	40
⁧گداعلی⁩	40
⁧گرازه⁩	40
⁧گرامیدخت⁩	40
⁧گراناز⁩	40
⁧گرانخوار⁩	40
⁧گراهون⁩	40
⁧گردآزاد⁩	40
⁧گردآفرید⁩	40
⁧گردآفرین⁩	40
⁧گردگیر⁩	40
⁧گردیا⁩	40
⁧گردیه⁩	40
⁧گردیک⁩	40
⁧گرزعلی⁩	40
⁧گرزم⁩	40
⁧گرزن⁩	40
⁧گرستون⁩	40
⁧گرشا⁩	40
⁧گرشاد⁩	40
⁧گرشاسب⁩	40
⁧گرشین⁩	40
⁧گرمانک⁩	40
⁧گرمایل⁩	40
⁧گرناز⁩	40
⁧گرنش⁩	40
⁧گروخان⁩	40
⁧گروس⁩	40
⁧گروی⁩	40
⁧گرگان⁩	40
⁧گرگعلی⁩	40
⁧گزل⁩	40
⁧گزلار⁩	40
⁧گزگید⁩	40
⁧گزیزه⁩	40
⁧گستهم⁩	40
⁧گشتا⁩	40
⁧گشتاب⁩	40
⁧گشتاسب⁩	40
⁧گشتاسپ⁩	40
⁧گشسد⁩	40
⁧گشسپ⁩	40
⁧گشواد⁩	40
⁧گشین⁩	40
⁧گلاب⁩	40
⁧گلابتن⁩	40
⁧گلابتون⁩	40
⁧گلابتین⁩	40
⁧گلابعلی⁩	40
⁧گلادژ⁩	40
⁧گلارا⁩	40
⁧گلاره⁩	40
⁧گلاریس⁩	40
⁧گلارین⁩	40
⁧گلاسا⁩	40
⁧گلال⁩	40
⁧گلالان⁩	40
⁧گلاله⁩	40
⁧گلالک⁩	40
⁧گلان⁩	40
⁧گلانتون⁩	40
⁧گلاندام⁩	40
⁧گلاندخت⁩	40
⁧گلانه⁩	40
⁧گلاوژ⁩	40
⁧گلاویز⁩	40
⁧گلاویش⁩	40
⁧گلاویژ⁩	40
⁧گلاویژه⁩	40
⁧گلایل⁩	40
⁧گلایلگلایول⁩	40
⁧گلایور⁩	40
⁧گلایول⁩	40
⁧گلایون⁩	40
⁧گلایژ⁩	40
⁧گلباجی⁩	40
⁧گلباد⁩	40
⁧گلباش⁩	40
⁧گلباغی⁩	40
⁧گلبانو⁩	40
⁧گلبدان⁩	40
⁧گلبدین⁩	40
⁧گلبر⁩	40
⁧گلبرار⁩	40
⁧گلبس⁩	40
⁧گلبست⁩	40
⁧گلبن⁩	40
⁧گلبه⁩	40
⁧گلبو⁩	40
⁧گلبیز⁩	40
⁧گلتاج⁩	40
⁧گلتن⁩	40
⁧گلثوم⁩	40
⁧گلثومه⁩	40
⁧گلجان⁩	40
⁧گلخاتون⁩	40
⁧گلخندر⁩	40
⁧گلخوشه⁩	40
⁧گلدب⁩	40
⁧گلدره⁩	40
⁧گلدسته⁩	40
⁧گلدوخت⁩	40
⁧گلدوز⁩	40
⁧گلدوستی⁩	40
⁧گلدونه⁩	40
⁧گلدیس⁩	40
⁧گلدیمحمد⁩	40
⁧گلدین⁩	40
⁧گلذار⁩	40
⁧گلرضا⁩	40
⁧گلروی⁩	40
⁧گلریزان⁩	40
⁧گلزاده⁩	40
⁧گلسا⁩	40
⁧گلسار⁩	40
⁧گلساره⁩	40
⁧گلسر⁩	40
⁧گلسن⁩	40
⁧گلسنم⁩	40
⁧گلسو⁩	40
⁧گلسون⁩	40
⁧گلسونه⁩	40
⁧گلسیما⁩	40
⁧گلشان⁩	40
⁧گلشاه⁩	40
⁧گلشه⁩	40
⁧گلشهر⁩	40
⁧گلشوم⁩	40
⁧گلشید⁩	40
⁧گلشیفته⁩	40
⁧گلعلی⁩	40
⁧گلفدار⁩	40
⁧گلقدم⁩	40
⁧گلقید⁩	40
⁧گللر⁩	40
⁧گلمان⁩	40
⁧گلمحمد⁩	40
⁧گلمراد⁩	40
⁧گلمرینا⁩	40
⁧گلمیر⁩	40
⁧گلمیس⁩	40
⁧گلناج⁩	40
⁧گلنبر⁩	40
⁧گلنجش⁩	40
⁧گلندام⁩	40
⁧گلندان⁩	40
⁧گلنساء⁩	40
⁧گلنسار⁩	40
⁧گلنواز⁩	40
⁧گلوار⁩	40
⁧گلور⁩	40
⁧گلوردی⁩	40
⁧گلورچین⁩	40
⁧گلوری⁩	40
⁧گلوریار⁩	40
⁧گلپا⁩	40
⁧گلپاد⁩	40
⁧گلپاشا⁩	40
⁧گلپری⁩	40
⁧گلچاره⁩	40
⁧گلک⁩	40
⁧گلکز⁩	40
⁧گلگرد⁩	40
⁧گلگز⁩	40
⁧گلگله⁩	40
⁧گلگون⁩	40
⁧گلیا⁩	40
⁧گلیار⁩	40
⁧گلیدا⁩	40
⁧گلین⁩	40
⁧گلینا⁩	40
⁧گلینه⁩	40
⁧گلینوش⁩	40
⁧گمانی⁩	40
⁧گنار⁩	40
⁧گناز⁩	40
⁧گنجا⁩	40
⁧گنجان⁩	40
⁧گندمک⁩	40
⁧گنش⁩	40
⁧گنکلیک⁩	40
⁧گنگلیک⁩	40
⁧گهار⁩	40
⁧گهر⁩	40
⁧گهربانو⁩	40
⁧گهردخت⁩	40
⁧گهرنگار⁩	40
⁧گهرچهر⁩	40
⁧گهور⁩	40
⁧گوارا⁩	40
⁧گودرز⁩	40
⁧گودز⁩	40
⁧گوذل⁩	40
⁧گورنگ⁩	40
⁧گورگیز⁩	40
⁧گورگیس⁩	40
⁧گوزبز⁩	40
⁧گوزل⁩	40
⁧گوشیار⁩	40
⁧گوطلا⁩	40
⁧گوفار⁩	40
⁧گولر⁩	40
⁧گولن⁩	40
⁧گولی⁩	40
⁧گونا⁩	40
⁧گونای⁩	40
⁧گونش⁩	40
⁧گونل⁩	40
⁧گوهرآرا⁩	40
⁧گوهرافروز⁩	40
⁧گوهرافشان⁩	40
⁧گوهرالشریعه⁩	40
⁧گوهران⁩	40
⁧گوهربانو⁩	40
⁧گوهرزاد⁩	40
⁧گوهرسان⁩	40
⁧گوهرسمانه⁩	40
⁧گوهرشاد⁩	40
⁧گوهرشید⁩	40
⁧گوهرطلا⁩	40
⁧گوهرفشان⁩	40
⁧گوهرناز⁩	40
⁧گوهره⁩	40
⁧گوهرچهر⁩	40
⁧گوهرچین⁩	40
⁧گوهرین⁩	40
⁧گووهند⁩	40
⁧گوکجه⁩	40
⁧گوکی⁩	40
⁧گویچک⁩	40
⁧گویک⁩	40
⁧گژدهم⁩	40
⁧گژگین⁩	40
⁧گکمال⁩	40
⁧گیتان⁩	40
⁧گیتانوش⁩	40
⁧گیتیفروغ⁩	40
⁧گیتیناز⁩	40
⁧گیسا⁩	40
⁧گیسو⁩	40
⁧گیسیا⁩	40
⁧گیلا⁩	40
⁧گیلار⁩	40
⁧گیلان⁩	40
⁧گیلانا⁩	40
⁧گیلاوا⁩	40
⁧گیلاکو⁩	40
⁧گیلدا⁩	40
⁧گیلرا⁩	40
⁧گیلماه⁩	40
⁧گیلنار⁩	40
⁧گیلناز⁩	40
⁧گیلو⁩	40
⁧گیلوا⁩	40
⁧گینت⁩	40
⁧گیهان⁩	40
⁧گیو⁩	40
⁧گیوا⁩	40
⁧گیوان⁩	40
⁧یابر⁩	40
⁧یاثر⁩	40
⁧یاحا⁩	40
⁧یاخشی⁩	40
⁧یادا⁩	40
⁧یادمهر⁩	40
⁧یادکار⁩	40
⁧یارا⁩	40
⁧یارات⁩	40
⁧یاراد⁩	40
⁧یاراش⁩	40
⁧یارالله⁩	40
⁧یاراله⁩	40
⁧یارتا⁩	40
⁧یارحسن⁩	40
⁧یارحسین⁩	40
⁧یاردا⁩	40
⁧یاردل⁩	40
⁧یارسا⁩	40
⁧یارسان⁩	40
⁧یارسانا⁩	40
⁧یارقین⁩	40
⁧یارمراد⁩	40
⁧یارمس⁩	40
⁧یارن⁩	40
⁧یارناز⁩	40
⁧یارنوش⁩	40
⁧یارنیک⁩	40
⁧یارور⁩	40
⁧یارولی⁩	40
⁧یارک⁩	40
⁧یارگل⁩	40
⁧یارین⁩	40
⁧یاریوش⁩	40
⁧یاز⁩	40
⁧یازا⁩	40
⁧یاسا⁩	40
⁧یاسام⁩	40
⁧یاسان⁩	40
⁧یاسر⁩	40
⁧یاسرزاد⁩	40
⁧یاسره⁩	40
⁧یاسم⁩	40
⁧یاسما⁩	40
⁧یاسمسن⁩	40
⁧یاسمن⁩	40
⁧یاسمندخت⁩	40
⁧یاسمهر⁩	40
⁧یاسمینا⁩	40
⁧یاسمینه⁩	40
⁧یاسن⁩	40
⁧یاسو⁩	40
⁧یاسیمین⁩	40
⁧یاسین⁩	40
⁧یاسینا⁩	40
⁧یاسینه⁩	40
⁧یاشا⁩	40
⁧یاشار⁩	40
⁧یاشارا⁩	40
⁧یاشال⁩	40
⁧یاشام⁩	40
⁧یاشر⁩	40
⁧یاشرلی⁩	40
⁧یاشلار⁩	40
⁧یاشنگ⁩	40
⁧یاشگین⁩	40
⁧یاشیل⁩	40
⁧یاشین⁩	40
⁧یاصر⁩	40
⁧یاصنم⁩	40
⁧یاغمور⁩	40
⁧یافا⁩	40
⁧یافتین⁩	40
⁧یالان⁩	40
⁧یالمان⁩	40
⁧یاماچ⁩	40
⁧یامور⁩	40
⁧یامین⁩	40
⁧یانا⁩	40
⁧یانار⁩	40
⁧یانی⁩	40
⁧یانیک⁩	40
⁧یاوان⁩	40
⁧یاورعلی⁩	40
⁧یاوند⁩	40
⁧یاپار⁩	40
⁧یاکام⁩	40
⁧یاکو⁩	40
⁧یایر⁩	40
⁧یبوک⁩	40
⁧یترا⁩	40
⁧یثرب⁩	40
⁧یثنا⁩	40
⁧یحی⁩	40
⁧یحیا⁩	40
⁧یحیحی⁩	40
⁧یحیی⁩	40
⁧یحییمحمد⁩	40
⁧یخانه⁩	40
⁧یدا⁩	40
⁧یدالا⁩	40
⁧یدالاه⁩	40
⁧یدالله⁩	40
⁧یداله⁩	40
⁧یدلله⁩	40
⁧یذبه⁩	40
⁧یرحا⁩	40
⁧یرمیا⁩	40
⁧یروانه⁩	40
⁧یریسا⁩	40
⁧یزداد⁩	40
⁧یزدالله⁩	40
⁧یزدان⁩	40
⁧یزدانبخش⁩	40
⁧یزدانداد⁩	40
⁧یزداندخت⁩	40
⁧یزدانشاه⁩	40
⁧یزدانعلی⁩	40
⁧یزدانقلی⁩	40
⁧یزدانمهر⁩	40
⁧یزدانیار⁩	40
⁧یزدجرد⁩	40
⁧یزدگرد⁩	40
⁧یزدیار⁩	40
⁧یزذان⁩	40
⁧یستان⁩	40
⁧یسرا⁩	40
⁧یسراء⁩	40
⁧یسره⁩	40
⁧یسری⁩	40
⁧یسن⁩	40
⁧یسنا⁩	40
⁧یسنی⁩	40
⁧یسوب⁩	40
⁧یشار⁩	40
⁧یشتار⁩	40
⁧یشم⁩	40
⁧یشما⁩	40
⁧یشیر⁩	40
⁧یشیم⁩	40
⁧یعثوب⁩	40
⁧یعثوق⁩	40
⁧یعسوب⁩	40
⁧یعصوب⁩	40
⁧یعغوب⁩	40
⁧یعغوبعلی⁩	40
⁧یعقعوب⁩	40
⁧یعقوب⁩	40
⁧یعقوبعلی⁩	40
⁧یعقوپ⁩	40
⁧یعوب⁩	40
⁧یعید⁩	40
⁧یغقوب⁩	40
⁧یغما⁩	40
⁧یغماناز⁩	40
⁧یغمر⁩	40
⁧یغمور⁩	40
⁧یغوب⁩	40
⁧یغیا⁩	40
⁧یفعلی⁩	40
⁧یقعوب⁩	40
⁧یققوب⁩	40
⁧یقوب⁩	40
⁧یقینعلی⁩	40
⁧یقیه⁩	40
⁧یلا⁩	40
⁧یلان⁩	40
⁧یلدا⁩	40
⁧یلدوز⁩	40
⁧یلدیز⁩	40
⁧یلسان⁩	40
⁧یلسر⁩	40
⁧یلنا⁩	40
⁧یما⁩	40
⁧یمان⁩	40
⁧یمانه⁩	40
⁧یمشیک⁩	40
⁧یمنا⁩	40
⁧یمنس⁩	40
⁧یمور⁩	40
⁧یمین⁩	40
⁧یمینالله⁩	40
⁧یمیه⁩	40
⁧ینال⁩	40
⁧ینب⁩	40
⁧ینصر⁩	40
⁧ینیامین⁩	40
⁧یهدا⁩	40
⁧یواو⁩	40
⁧یوتاب⁩	40
⁧یوتام⁩	40
⁧یوتس⁩	40
⁧یورام⁩	40
⁧یورتای⁩	40
⁧یوریل⁩	40
⁧یوزارسیف⁩	40
⁧یوسفرضا⁩	40
⁧یوسفعلی⁩	40
⁧یوسفعیوضی⁩	40
⁧یوسفمحمد⁩	40
⁧یوسن⁩	40
⁧یوسوف⁩	40
⁧یوسیف⁩	40
⁧یوشا⁩	40
⁧یوشع⁩	40
⁧یوشیتا⁩	40
⁧یوشیج⁩	40
⁧یوشیع⁩	40
⁧یوصف⁩	40
⁧یوف⁩	40
⁧یوفاوه⁩	40
⁧یولداش⁩	40
⁧یولی⁩	40
⁧یومیه⁩	40
⁧یونا⁩	40
⁧یوناس⁩	40
⁧یونس⁩	40
⁧یونسعلی⁩	40
⁧یونسور⁩	40
⁧یونصور⁩	40
⁧یوکابد⁩	40
⁧یویف⁩	40
⁧یوییل⁩	40
⁧یکتاره⁩	40
⁧یکتاش⁩	40
⁧یکتافاطمه⁩	40
⁧یکسارا⁩	40
⁧یکسر⁩	40
⁧یکمال⁩	40
⁧یکیتی⁩	40
⁧ییلدیز⁩	40
