persian	freq	latin
که	1497746	ke
رو	1348950	ro
به	1314499	be
من	1263732	man
و	1048663	o
از	980699	az
تو	968244	to
این	881163	in
یه	847445	ye
اون	723549	oon
می	591888	mi
نه	543759	na
با	470717	ba
در	449699	dar
ما	399303	ma
چی	374366	chi
خیلی	352472	kheili
ش	347223	sh
باید	340002	bayad
هم	322258	ham
بود	307036	bood
باشه	304463	bashe
برای	302181	bray
آره	299623	are
کنم	291138	konam
کن	278010	kon
تا	273810	ta
اینجا	262470	inja
فکر	250707	fkr
دیگه	248256	dige
ت	241466	t
نیست	240509	nyst
خب	229735	khob
شما	221676	shma
فقط	214800	faghat
کار	210174	kar
ها	208927	ha
داره	202018	dare
اگه	191633	age
همه	188444	hame
چیزی	186852	chyzy
دارم	185885	daram
شده	181090	shdh
ولی	179574	vly
کنی	177352	koni
چه	173117	che
توی	172333	tvy
یک	167188	yk
داری	160491	dari
خوب	153718	khob
اما	153176	ama
پس	152072	pas
میشه	151355	mishe
نمی	151304	nmy
چرا	145676	chera
م	142606	m
میکنم	138754	mikonam
حالا	136895	hala
کردم	135580	krdm
کنه	133947	kone
درست	132185	drst
وقتی	131490	vghty
الان	128955	alan
اونا	125951	avna
ای	124970	ay
کنیم	124780	konim
هر	123799	har
ی	123369	y
خود	122608	khvd
اوه	120912	avh
یا	120098	ya
شد	119664	shod
بله	115728	blh
هی	115197	hy
دوست	113690	doost
های	113331	hay
منو	112155	mnv
بیا	111310	bia
دست	110160	dst
اینکه	110042	aynkh
سلام	109041	salam
کجا	108314	koja
چیه	106540	chyh
هست	105673	hst
برو	105531	boro
بعد	103611	bd
بهم	102922	bhm
مثل	102383	msl
خوبه	102349	khube
همین	99569	hmyn
بده	99323	bede
کی	99273	ki
پیدا	98154	pyda
هیچ	98065	hych
میکنی	97240	mikoni
یکی	96582	yky
کرد	93987	krd
حرف	93900	hrf
ه	93740	h
کردی	92436	krdy
بیرون	89395	byrvn
میکنه	89199	mikone
کسی	89134	ksy
بچه	88774	bchh
واقعا	88667	vagha
کردن	88167	krdn
بریم	87909	berim
میخوام	87649	mikham
کرده	84644	krdh
ست	83356	st
ممنون	82735	mamnoon
میدونی	80764	midooni
اونجا	80167	onja
داریم	79807	darym
کاری	78450	kary
واسه	78233	vash
را	78127	ra
پیش	77875	pysh
خونه	76301	khune
شاید	76004	shayad
بودم	75742	bvdm
سر	75094	sr
چیز	74402	chyz
باش	74125	bash
هستم	73906	hstm
چون	73765	chon
روی	73162	rvy
چیکار	72990	chykar
کنید	72977	knyd
میاد	71539	myad
انجام	71534	anjam
دو	71215	dv
نداره	71213	ndarh
پدر	69092	pdr
کمک	68638	kmk
وقت	68544	vght
منم	68283	mnm
میخوای	68037	mykhvay
داشته	67745	dashth
هستی	67693	hsty
مورد	66912	mvrd
زندگی	66429	zndgy
هنوز	66273	hanooz
اینه	65685	aynh
بشه	65675	beshe
لعنتی	65336	lnty
میدونم	65263	midoonam
روز	64597	rooz
است	64494	ast
تمام	64297	tmam
اینو	63639	aynv
مرد	63560	mrd
نظر	62912	nzr
راه	61807	rah
همیشه	61150	hmyshh
ببین	60894	bebin
بیشتر	57638	byshtr
چی؟	57588	chy
صبر	56976	sbr
تنها	56428	tnha
اسم	56199	asm
متاسفم	56061	mtasfm
باشی	55895	bashy
سال	55722	sal
آقای	55154	aghay
چند	54663	chand
پسر	54512	psr
گوش	54512	gvsh
نگاه	54304	ngah
بگو	54253	bego
خودم	53867	khvdm
نمیدونم	53500	nemidoonam
قربان	53452	ghrban
دوباره	52765	dvbarh
خدای	52581	khday
چطور	51633	chetoor
بوده	51578	bvdh
ببخشید	51472	bbkhshyd
بدم	51363	bdm
خوبی	50655	khvby
اونو	50255	avnv
بی	50083	by
خدا	49940	khda
حتی	49609	hty
گفتم	49387	goftam
بدی	48752	bdy
بگم	48461	bgm
خواهش	48353	khvahsh
برم	48250	brm
بر	48103	br
عزیزم	48060	zyzm
دارن	47421	darn
هستن	47421	hstn
شروع	47252	shrv
صحبت	47245	shbt
البته	46913	albth
تموم	46573	tmvm
بازی	46031	bazy
قبل	45729	ghbl
گفت	44840	goft
آدم	44773	adm
میتونم	44592	mitonam
نفر	44571	nfr
شو	44514	shv
مادر	44365	madr
میگم	44074	mygm
پول	43874	pvl
کنین	43853	knyn
بار	43609	bar
دنبال	43604	dnbal
چیه؟	43474	chyh
خانم	43462	khanm
خوش	43223	khvsh
میتونی	43190	mitooni
قرار	43082	ghrar
حال	43020	hal
شدم	42989	shodam
شب	42759	shab
نکن	42561	nkn
میدم	42304	mydm
ممکنه	42197	mmknh
بابا	41962	baba
داشتم	41838	dashtm
لطفا	41744	ltfa
شدن	41181	shdn
کنن	40970	knn
وجود	40860	vjvd
باشم	40629	bashm
اصلا	40617	asla
مردم	40500	mrdm
باز	40389	baz
یعنی	40206	yny
امروز	40110	emrooz
خاطر	40077	khatr
همون	40074	hmvn
دختر	40061	dkhtr
اگر	39848	agr
داشت	39495	dasht
بودی	39490	bvdy
ببینم	39395	bbynm
یالا	39320	yala
دونم	39314	dvnm
بدون	39126	bdvn
مگه	39124	mgh
هیچی	38991	hychy
بزرگ	38930	bzrg
نیستم	38930	nystm
سه	38926	sh
استفاده	38916	astfadh
بالا	38787	bala
بودن	38085	bvdn
کنار	38071	knar
ساعت	37899	sat
نمیتونم	37854	nemitonam
چقدر	37780	chghdr
برات	37344	brat
حالت	37344	halt
بذار	37258	bezar
کردیم	36984	krdym
ندارم	36896	ndarm
اول	36849	avl
بری	36842	bry
سعی	36250	sy
زود	36229	zvd
کم	36207	km
اونها	36161	avnha
آماده	35714	amadh
مامان	35705	maman
ام	35616	am
درباره	35554	drbarh
نبود	35511	nbvd
بخاطر	35332	bkhatr
مطمئن	35170	mtmn
باهاش	34960	bahash
اتفاقی	34874	atfaghy
زنده	34804	zndh
ازت	34484	azt
میکنیم	33956	myknym
ماشین	33936	mashin
جایی	33789	jayy
بین	33775	byn
میده	33653	mide
نمیشه	33574	nemishe
بزن	33507	bezan
نیاز	33359	nyaz
شدی	33156	shdy
زن	33074	zn
دور	32924	dvr
آروم	32713	arvm
هیچوقت	32638	hychvght
بهتر	32490	bhtr
عالیه	32338	alyh
داد	32280	dad
چطوری	32195	chtvry
خوام	32072	khvam
یاد	31888	yad
زنگ	31883	zng
دنیا	31861	dnya
منه	31639	mnh
گفتی	31610	gfty
زمین	31428	zmyn
تونم	31424	tvnm
طرف	31393	trf
حتما	31376	htma
جا	31287	ja
زیادی	30683	zyady
میکنن	30499	myknn
جای	30450	jay
میگی	30450	mygy
شهر	30395	shhr
او	30297	av
مشکلی	30282	mshkly
خبر	30034	khbr
پایین	30033	payyn
نباید	30019	nbayd
برام	29966	bram
زمان	29651	zman
داده	29538	dadh
اینا	29501	ayna
دکتر	29410	dktr
میخواد	29320	mikhad
فرار	29192	frar
زیاد	29026	zyad
دقیقه	29021	dghyghh
مرده	28899	mrdh
منظور	28865	mnzvr
میتونه	28807	mytvnh
آه	28742	ah
مال	28677	mal
باعث	28426	bas
پلیس	28401	plys
مهم	28162	mhm
اجازه	28110	ajazh
میکردم	28084	mykrdm
نگه	28068	ngh
میرم	27996	miram
اتفاق	27897	atfagh
بد	27887	bd
نگران	27840	ngran
پشت	27762	psht
نشون	27629	nshvn
لحظه	27487	lhzh
رفیق	27227	rfygh
دل	27201	dl
صبح	27193	sbh
سمت	27188	smt
کارو	27009	karv
اینکارو	26957	aynkarv
نجات	26873	njat
کاملا	26833	kamla
بگی	26654	bgy
بهتره	26553	bhtrh
بگیر	26503	begir
میگه	26383	mygh
دقیقا	26348	dghygha
ادامه	26342	adamh
باور	26296	bavr
بسیار	26289	bsyar
اولین	26060	avlyn
دیدم	26051	didam
جواب	25894	jvab
هستیم	25853	hstym
آب	25849	ab
حرکت	25588	hrkt
ممنونم	25552	mmnvnm
داخل	25454	dakhl
دادم	25357	dadm
بیاد	25294	byad
همچین	25089	hmchyn
لازم	24964	lazm
همینطور	24950	hmyntvr
قراره	24909	ghrarh
خون	24881	khvn
وای	24803	vay
تونی	24734	tvny
رفته	24656	rfth
نیستی	24554	nysty
مشکل	24295	mshkl
بهترین	24129	bhtryn
بزنم	24091	bznm
اره	24090	arh
احساس	23937	ahsas
اشتباه	23738	ashtbah
وارد	23504	vard
بره	23468	brh
قبلا	23468	ghbla
اتاق	23398	atagh
تر	23325	tr
بقیه	23301	bghyh
جنگ	23295	jng
قول	23270	ghvl
انتخاب	23220	antkhab
شلیک	23219	shlyk
بدیم	23077	bdym
دونی	22989	dvny
بکنم	22781	bknm
امشب	22761	amshb
حق	22712	hgh
کدوم	22703	kodoom
اومد	22632	avmd
وایسا	22592	vaysa
اومده	22558	avmdh
بخیر	22536	bkhyr
نمیاد	22443	nmyad
هفته	22439	hfth
بهشون	22417	bhshvn
منظورت	22415	mnzvrt
اعتماد	22398	atmad
حمله	22273	hmlh
کارت	22187	kart
جان	22088	jan
باهات	22084	bahat
نزدیک	21944	nzdyk
ازدواج	21808	azdvaj
بکنی	21756	bkny
زیر	21749	zyr
گرفته	21708	grfth
حقیقت	21661	hghyght
دار	21585	dar
متوجه	21573	mtvjh
آخرین	21543	akhryn
دادی	21534	dady
مرگ	21486	mrg
جدید	21426	jdyd
دادن	21327	dadn
جدی	21324	jdy
چطوره	21320	chtvrh
باشیم	21293	bashym
گفته	21175	gfth
عالی	21127	aly
فردا	21122	farda
یکم	20731	ykm
هستند	20694	hstnd
بشی	20688	bshy
میتونیم	20661	mytvnym
نمیخوام	20547	nemikham
بشم	20497	bshm
ماه	20398	mah
میره	20353	mire
خوای	20344	khvay
برید	20268	bryd
اش	20261	ash
رفت	20254	raft
رئیس	20112	rys
برادر	19873	bradr
نداری	19777	ndary
عوض	19716	vz
افتاده	19658	aftadh
هرگز	19617	hrgz
گرفتم	19538	gereftam
خواهد	19535	khvahd
دروغ	19466	drvgh
بلند	19458	blnd
کیه	19425	kyh
انگار	19382	angar
گم	19381	gm
اومدی	19371	avmdy
عقب	19287	ghb
قضیه	19263	ghzyh
حس	19071	hs
موضوع	19033	mvzv
نمیکنم	19021	nmyknm
تماس	18953	tmas
پیداش	18953	pydash
عشق	18922	shgh
افتاد	18897	aftad
قبول	18875	ghbvl
جور	18873	jvr
تازه	18841	tazh
نباش	18840	nbash
موقع	18800	mvgh
داشتی	18698	dashty
اه	18682	ah
منتظر	18682	mntzr
خانواده	18674	khanvadh
سریع	18659	sry
لباس	18654	lbas
شبیه	18635	shbyh
غیر	18617	ghyr
خفه	18601	khfh
اینطوری	18597	ayntvry
نمیتونی	18583	nmytvny
بهتون	18539	bhtvn
جلوی	18504	jlvy
اندازه	18499	andazh
باشید	18468	bashyd
نه،	18380	nh
همینه	18332	hmynh
آقا	18315	agha
واقعی	18303	vaghy
احمق	18281	ahmgh
کافی	18270	kafy
میریم	18219	myrym
خوبم	18214	khvbm
لعنت	18174	lnt
پر	18159	pr
براش	18097	brash
بس	17992	bs
زمانی	17992	zmany
نقشه	17948	nghshh
برنامه	17895	brnamh
بگیرم	17758	bgyrm
بعضی	17725	bzy
اومدم	17646	avmdm
میام	17646	myam
نشده	17621	nshdh
ازم	17592	azm
توئه	17537	tvh
میگن	17532	mygn
بزنی	17510	bzny
بشین	17497	beshin
دارین	17480	daryn
آخر	17448	akhr
خوشحالم	17415	khvshhalm
عنوان	17406	nvan
مراقب	17370	mraghb
کل	17357	kl
رد	17328	rd
کشتی	17175	kshty
مجبور	17166	mjbvr
فیلم	17155	fylm
جمع	17076	jm
گروه	17070	grvh
آن	17061	an
راست	17050	rast
دیوونه	16998	dyvvnh
کشته	16986	kshth
اینجوری	16960	aynjvry
دیدی	16899	dydy
شه	16897	shh
یادت	16777	yadt
عاشق	16775	ashgh
اینقدر	16713	aynghdr
بودیم	16705	bvdym
متشکرم	16582	mtshkrm
چشم	16546	chshm
کس	16501	ks
اینطور	16481	ayntvr
احتمالا	16376	ahtmala
چرا؟	16353	chra
روش	16346	rvsh
انجامش	16340	anjamsh
شماره	16299	shmarh
میدی	16294	mydy
درد	16150	drd
تصمیم	16111	tsmym
گذشته	16091	gzshth
تغییر	16038	tghyyr
امیدوارم	16014	amydvarm
موفق	15998	mvfgh
ترک	15972	trk
بدن	15939	bdn
میشم	15924	myshm
بیاین	15876	byayn
صورت	15875	svrt
گیر	15862	gyr
میری	15837	miri
تیم	15795	tym
بیخیال	15787	bykhyal
زده	15767	zdh
شنیدم	15731	shnydm
خداحافظ	15698	khdahafz
درسته	15597	drsth
خوشم	15588	khvshm
خدایا	15583	khdaya
چیزیه	15583	chyzyh
اسلحه	15519	aslhh
هایی	15503	hayy
باشن	15502	bashn
نداریم	15476	ndarym
فراموش	15455	framvsh
میشن	15434	myshn
خارج	15307	kharj
اینجاست	15295	aynjast
فهمیدم	15259	fhmydm
میکرد	15231	mykrd
داستان	15220	dastan
قدرت	15208	ghdrt
کنترل	15204	kntrl
میشی	15158	myshy
زودباش	15152	zvdbash
همش	15146	hmsh
جون	15137	jvn
دارید	15095	daryd
رفتن	15023	rftn
صدای	14986	sday
اونم	14957	avnm
بیار	14949	byar
ده	14947	dh
یارو	14931	yarv
کننده	14908	knndh
مدت	14894	mdt
معذرت	14889	mzrt
احتیاج	14888	ahtyaj
افراد	14864	afrad
سخت	14857	skht
دلار	14838	dlar
جدا	14829	jda
هیچکس	14807	hychks
کنند	14786	knnd
هستش	14758	hstsh
خودمون	14752	khvdmvn
طول	14736	tvl
میخواستم	14692	mykhvastm
آیا	14685	aya
تکون	14669	tkvn
بگیری	14635	bgyry
سوال	14553	sval
کلی	14528	kly
خوشحال	14498	khvshhal
پنج	14451	pnj
مبارزه	14443	mbarzh
غذا	14413	ghza
خواب	14401	khvab
نکنم	14394	nknm
بزار	14369	bzar
مدرسه	14311	mdrsh
شده؟	14260	shdh
مردی	14259	mrdy
راجع	14252	raj
میان	14234	myan
پادشاه	14113	padshah
توسط	14072	tvst
باشین	14038	bashyn
بهمون	13992	bhmvn
مرسی	13949	mrsy
بخش	13940	bkhsh
نکردم	13934	nkrdm
جک	13924	jk
دیده	13899	dydh
بیام	13860	byam
عجله	13840	jlh
تحت	13797	tht
شرکت	13790	shrkt
دلیل	13676	dlyl
دیر	13676	dyr
تبدیل	13653	tbdyl
تونه	13646	tvnh
همدیگه	13639	hmdygh
شوخی	13583	shvkhy
زدن	13554	zdn
شدیم	13517	shdym
دفعه	13466	dfh
تقریبا	13452	tghryba
درک	13421	drk
پسرم	13419	psrm
میزنم	13381	myznm
کوچولو	13330	kvchvlv
شانس	13289	shans
شکست	13268	shkst
بیای	13261	byay
واقعا؟	13242	vagha
بمون	13150	bemoon
طور	13142	tvr
بزنیم	13137	bznym
اینم	13122	aynm
بیدار	13068	bydar
بتونم	13059	btvnm
محافظت	13017	mhafzt
چهار	13017	chhar
بکش	12945	bksh
برین	12894	bryn
راستش	12892	rastsh
داشتیم	12886	dashtym
بعدا	12882	bda
برگرد	12849	brgrd
کمی	12842	kmy
بدونم	12834	bdvnm
خوبیه	12829	khvbyh
خورده	12815	khvrdh
داشتن	12760	dashtn
بگیره	12756	bgyrh
هدف	12718	hdf
گرفتن	12656	grftn
دوتا	12601	dvta
بخوای	12579	bkhvay
نمیتونه	12575	nmytvnh
صدا	12572	sda
سری	12551	sry
عوضی	12542	vzy
میکنی؟	12535	mykny
عکس	12522	ks
کتاب	12508	ktab
حساب	12482	hsab
راحت	12465	raht
گفتن	12461	gftn
نابود	12448	nabvd
زد	12430	zd
توجه	12422	tvjh
بشیم	12404	bshym
خودشه	12393	khvdshh
انسان	12367	ansan
نمیکنه	12343	nmyknh
ببینی	12294	bbyny
بعدی	12283	bdy
پرونده	12251	prvndh
اینکار	12244	aynkar
گرفتی	12231	grfty
افتخار	12199	aftkhar
اوه،	12181	avh
شماها	12174	shmaha
مخفی	12149	mkhfy
بالاخره	12124	balakhrh
بازم	12109	bazm
اطلاعات	12104	atlaat
باهم	12098	bahm
قسمت	12079	ghsmt
ترین	12034	tryn
میزنی	11934	myzny
مونده	11925	mvndh
زدم	11920	zdm
حداقل	11904	hdaghl
جلو	11833	jlv
بنظر	11832	bnzr
پیشنهاد	11743	pyshnhad
میرسه	11720	myrsh
گرفت	11693	gereft
رفتار	11680	rftar
ملاقات	11668	mlaghat
آزاد	11651	azad
هزار	11643	hzar
بزنه	11628	bznh
زندان	11552	zndan
کافیه	11552	kafyh
بکنیم	11549	bknym
بسته	11547	bsth
سوار	11478	svar
خواستم	11473	khvastm
چکار	11430	chkar
کوچیک	11424	kvchyk
نظرت	11421	nzrt
قتل	11414	ghtl
معلومه	11388	mlvmh
همسر	11384	hmsr
آینده	11377	ayndh
سگ	11356	sg
نزن	11350	nzn
پرواز	11305	prvaz
مطمئنی	11281	mtmny
جوری	11274	jvry
بگیریم	11261	bgyrym
تلفن	11248	tlfn
مواظب	11224	mvazb
بدونی	11221	bdvny
توش	11153	tvsh
همینجا	11128	hmynja
سیاه	11120	syah
چیزا	11114	chyza
بیارم	11086	byarm
واقع	11072	vagh
مامور	11044	mamvr
دختره	11010	dkhtrh
کشتن	10995	kshtn
بکنه	10972	bknh
حاضر	10966	hazr
آتش	10965	atsh
فوق	10961	fvgh
بدین	10947	bdyn
کامل	10914	kaml
دستور	10876	dstvr
اوضاع	10869	avza
پا	10854	pa
باهام	10826	baham
ات	10785	at
چیزایی	10780	chyzayy
بجنب	10768	bjnb
هستید	10768	hstyd
خراب	10756	khrab
یادم	10730	yadm
دریافت	10717	dryaft
آنها	10716	anha
راهی	10682	rahy
کشور	10669	kshvr
روزی	10667	rvzy
امتحان	10627	amthan
تونیم	10608	tvnym
بشن	10597	bshn
قابل	10590	ghabl
کمکت	10559	kmkt
همراه	10541	hmrah
بدید	10531	bdyd
بسه	10516	bsh
هستین	10504	hstyn
بکن	10502	bkn
زدی	10478	zdy
بیشتری	10470	byshtry
مواد	10452	mvad
خودتون	10447	khvdtvn
خوبه؟	10441	khvbh
توضیح	10435	tvzyh
خط	10429	kht
شرمنده	10374	shrmndh
خواد	10358	khvad
تنگ	10328	tng
سرت	10302	srt
اینجام	10298	aynjam
رفتم	10298	raftam
هنوزم	10297	hnvzm
عمل	10262	ml
میزنه	10256	myznh
میخوایم	10230	mykhvaym
ببینیم	10193	bbynym
قدیمی	10188	ghdymy
نام	10174	nam
حرومزاده	10168	hrvmzadh
ساله	10154	salh
کردین	10147	krdyn
حالش	10129	halsh
میدونه	10099	mydvnh
سرورم	10090	srvrm
ببر	10059	bbr
فرصت	10052	frst
خطر	10032	khtr
نامه	9993	namh
بدست	9967	bdst
روشن	9946	rvshn
ولش	9945	vlsh
خسته	9941	khsth
بکشه	9908	bkshh
هرچی	9905	hrchy
لذت	9901	lzt
باقی	9882	baghy
خواهی	9867	khvahy
نکرده	9859	nkrdh
خودشون	9858	khvdshvn
تمومش	9850	tmvmsh
قانون	9827	ghanvn
نفس	9789	nfs
نوشته	9785	nvshth
پایان	9766	payan
نگو	9756	ngv
خیال	9750	khyal
نباشه	9730	nbashh
دیشب	9703	dyshb
دیدن	9681	dydn
میخوان	9597	mykhvan
ارتش	9595	artsh
قلب	9593	ghlb
میدیم	9587	mydym
فشار	9578	fshar
دید	9576	dyd
العاده	9567	aladh
میدن	9535	mydn
مهمه	9512	mhmh
نداشتم	9511	ndashtm
کردند	9505	krdnd
تقصیر	9492	tghsyr
ساکت	9459	sakt
اونجاست	9444	avnjast
آخه	9442	akhh
انتظار	9442	antzar
خبره	9401	khbrh
میبینی	9395	mybyny
اهمیت	9377	ahmyt
شام	9377	sham
مسخره	9376	mskhrh
خودتو	9366	khvdtv
قسم	9361	ghsm
رابطه	9339	rabth
گزارش	9336	gzarsh
امکان	9303	amkan
داداش	9247	dadash
علاقه	9217	laghh
قوی	9208	ghvy
ترجمه	9200	trjmh
نمیکنی	9186	nmykny
حدس	9179	hds
تورو	9178	tvrv
عجیب	9169	jyb
خوشت	9163	khvsht
کاپیتان	9145	kapytan
سم	9134	sm
بتونی	9080	btvny
بکشی	9052	bkshy
چندتا	9047	chndta
دنیای	9035	dnyay
سرم	9002	srm
بتونه	8995	btvnh
شش	8969	shsh
بتونیم	8955	btvnym
تلاش	8936	tlash
نداشت	8919	ndasht
اومدن	8913	avmdn
قطع	8908	ght
سفر	8906	sfr
مسابقه	8890	msabghh
روح	8881	rvh
آمریکا	8877	amryka
خانوم	8871	khanvm
میشد	8854	myshd
ناراحت	8848	naraht
میلیون	8842	mylyvn
سی	8840	sy
تنهایی	8827	tnhayy
چنین	8804	chnyn
ذهن	8802	zhn
ول	8801	vl
بخور	8774	bkhvr
شرط	8770	shrt
نیستن	8757	nystn
چجوری	8719	chjvry
وسط	8717	vst
بزرگی	8704	bzrgy
هوا	8697	hva
برنده	8694	brndh
خالی	8674	khaly
نداشته	8671	ndashth
مون	8647	mvn
ارزش	8632	arzsh
بیمارستان	8628	bymarstan
خواست	8627	khvast
عصبانی	8602	sbany
اینها	8601	aynha
سخته	8598	skhth
کلمه	8596	klmh
جشن	8590	jshn
مارو	8589	marv
نمیتونیم	8573	nmytvnym
اونوقت	8559	avnvght
الو	8557	alv
خیابون	8553	khyabvn
فرمانده	8502	frmandh
دم	8498	dm
جز	8489	jz
بینی	8473	byny
آره،	8447	arh
برابر	8445	brabr
چک	8438	chk
بگه	8435	bgh
صدمه	8433	sdmh
سیستم	8429	systm
حل	8410	hl
ببینه	8402	bbynh
فهمیدی	8387	fhmydy
میای	8382	myay
وضعیت	8371	vzyt
عجب	8367	jb
منطقه	8365	mntghh
میکشه	8363	mykshh
بررسی	8361	brrsy
دی	8361	dy
خواهم	8354	khvahm
قاتل	8349	ghatl
اند	8325	and
ثانیه	8320	sanyh
رسید	8320	rsyd
آوردی	8313	avrdy
زنی	8313	zny
معامله	8310	mamlh
دوم	8303	dvm
درمورد	8289	drmvrd
براتون	8248	bratvn
رسیده	8247	rsydh
میشیم	8247	myshym
خیله	8245	khylh
قدم	8239	ghdm
اصلی	8235	asly
معنی	8230	mny
ایشون	8216	ayshvn
مشروب	8207	mshrvb
میکردی	8206	mykrdy
بمونه	8192	bmvnh
طوری	8183	tvry
جریان	8177	jryan
بابت	8169	babt
ثابت	8165	sabt
واو	8159	vav
سفید	8158	sfyd
مراقبت	8153	mraghbt
اس	8150	as
دفتر	8149	dftr
شنیدی	8149	shnydy
شون	8145	shvn
خواهر	8139	khvahr
نبودم	8126	nbvdm
نیروی	8105	nyrvy
دستم	8092	dstm
جورایی	8089	jvrayy
موقعیت	8078	mvghyt
سکس	8064	sks
مسیر	8061	msyr
کند	8060	knd
گریه	8053	gryh
زودی	8051	zvdy
هفت	8049	hft
ضربه	8014	zrbh
نمایش	8005	nmaysh
قهوه	7987	ghhvh
آقایون	7984	aghayvn
جمهور	7984	jmhvr
درخواست	7982	drkhvast
محل	7982	mhl
آسیب	7973	asyb
میبینمت	7972	mybynmt
هان	7969	han
ملکه	7954	mlkh
استراحت	7926	astraht
قهرمان	7905	ghhrman
میبینم	7889	mybynm
تصور	7885	tsvr
بیاری	7878	byary
گذاشته	7867	gzashth
جی	7861	jy
نبوده	7840	nbvdh
احترام	7829	ahtram
بردار	7824	brdar
میخواست	7817	mykhvast
همونطور	7816	hmvntvr
وگرنه	7813	vgrnh
تون	7811	tvn
بگیرش	7783	bgyrsh
ساده	7781	sadh
میکنید	7780	myknyd
مسیح	7778	msyh
دارند	7777	darnd
اشکالی	7772	ashkaly
زندگیم	7768	zndgym
نیازی	7763	nyazy
طبقه	7714	tbghh
ب	7713	b
میدونستم	7708	mydvnstm
نکردی	7696	nkrdy
جو	7686	jv
شک	7670	shk
تمومه	7666	tmvmh
تیکه	7659	tykh
نه؟	7645	nh
برسه	7638	brsh
باورم	7631	bavrm
همشون	7631	hmshvn
جناب	7627	jnab
مراسم	7619	mrasm
تشکر	7607	tshkr
انقدر	7602	anghdr
تیر	7601	tyr
تمرین	7594	tmryn
آشنا	7590	ashna
ان	7586	an
دادیم	7586	dadym
وقته	7582	vghth
بودند	7565	bvdnd
ارتباط	7512	artbat
آوردم	7491	avrdm
برده	7474	brdh
ممکن	7474	mmkn
اونه	7464	avnh
سالم	7459	salm
ساخته	7458	sakhth
دیوار	7457	dyvar
همینطوره	7457	hmyntvrh
محض	7455	mhz
بفرما	7453	bfrma
نمیخوای	7444	nmykhvay
خنده	7411	khndh
بمونی	7402	bmvny
باد	7366	bad
نمیده	7358	nmydh
مرکز	7356	mrkz
زیبا	7308	zyba
میمونه	7308	mymvnh
آدمای	7273	admay
مسئله	7235	mslh
شاه	7234	shah
مثلا	7216	msla
اداره	7206	adarh
چارلی	7196	charly
اطراف	7193	atraf
اینجایی	7192	aynjayy
جین	7178	jyn
ماموریت	7175	mamvryt
امن	7166	amn
جهان	7154	jhan
سازمان	7144	sazman
پای	7129	pay
برا	7097	bra
گلوله	7096	glvlh
ذره	7083	zrh
امنیت	7081	amnyt
حد	7079	hd
چپ	7046	chp
جهنم	7045	jhnm
رفتی	7039	rfty
بوی	7033	bvy
پاک	7027	pak
خواهیم	7022	khvahym
بخواد	7018	bkhvad
نیویورک	7009	nyvyvrk
هات	7005	hat
هواپیما	7002	hvapyma
نگهش	6988	nghsh
فاصله	6982	faslh
تخت	6981	tkht
دردسر	6974	drdsr
ازشون	6970	azshvn
نور	6960	nvr
وقتشه	6945	vghtshh
تاریخ	6943	tarykh
شمال	6938	shmal
قرمز	6937	ghrmz
نوع	6933	nv
نیستیم	6933	nystym
بپرسم	6932	bprsm
بیاید	6932	byayd
نمیخواد	6930	nmykhvad
زنم	6926	znm
کمتر	6909	kmtr
خیانت	6904	khyant
بمب	6869	bmb
همگی	6864	hmgy
خورد	6846	khvrd
ولم	6842	vlm
حسابی	6833	hsaby
مربوط	6833	mrbvt
کردید	6795	krdyd
تحمل	6794	thml
باشه؟	6793	bashh
استاد	6791	astad
دخترم	6775	dkhtrm
سرعت	6762	srt
دونه	6755	dvnh
دستگاه	6747	dstgah
دشمن	6737	dshmn
سنگ	6737	sng
هاش	6734	hash
مردن	6730	mrdn
متاسفانه	6728	mtasfanh
گرم	6720	grm
پخش	6717	pkhsh
مهمونی	6709	mhmvny
گل	6709	gl
مقدار	6708	mghdar
بیان	6696	byan
برگردم	6693	brgrdm
اسب	6689	asb
نوشیدنی	6675	nvshydny
ببینید	6670	bbynyd
اونی	6654	avny
تفنگ	6652	tfng
بخوام	6651	bkhvam
غلطی	6651	ghlty
رییس	6646	ryys
بحث	6642	bhs
کجاست؟	6636	kjast
باهاشون	6632	bahashvn
سختی	6631	skhty
آدما	6624	adma
عجیبه	6622	jybh
نسبت	6607	nsbt
پی	6606	py
بنابراین	6605	bnabrayn
میگیرم	6605	mygyrm
مایک	6600	mayk
چیزای	6598	chyzay
نتیجه	6568	ntyjh
بکشم	6564	bkshm
خدمت	6564	khdmt
دفاع	6564	dfa
شکل	6564	shkl
میگیره	6557	mygyrh
فرانک	6553	frank
بنداز	6545	bndaz
ازتون	6544	aztvn
ایجاد	6539	ayjad
بدتر	6525	bdtr
میکنین	6518	myknyn
گوشت	6509	gvsht
جاش	6508	jash
هدیه	6503	hdyh
ربطی	6501	rbty
امید	6500	amyd
هستی؟	6497	hsty
ایده	6488	aydh
زودتر	6486	zvdtr
فرق	6484	frgh
آفرین	6479	afryn
جالبه	6466	jalbh
ماهی	6464	mahy
کلاس	6463	klas
گذشت	6458	gzsht
ترجیح	6456	trjyh
دیگر	6452	dygr
نمیدونی	6440	nmydvny
سلامتی	6438	slamty
مایکل	6434	maykl
پیاده	6420	pyadh
پیتر	6418	pytr
برد	6413	brd
محکم	6411	mhkm
برن	6406	brn
صحنه	6401	shnh
قایق	6400	ghaygh
همچنین	6399	hmchnyn
آهنگ	6397	ahng
ندارن	6397	ndarn
احمقانه	6396	ahmghanh
مکان	6393	mkan
گذاشتم	6392	gzashtm
حدود	6391	hdvd
آزمایش	6390	azmaysh
بفرمایید	6389	bfrmayyd
بن	6384	bn
خودمو	6383	khvdmv
آتیش	6373	atysh
بیست	6370	byst
پیر	6367	pyr
دستگیر	6364	dstgyr
چیزهایی	6357	chyzhayy
جیمز	6345	jymz
حرفی	6343	hrfy
سراغ	6340	sragh
مشت	6334	msht
شدند	6330	shdnd
نکنه	6323	nknh
سرباز	6322	srbaz
بذاری	6314	bzary
شاهزاده	6314	shahzadh
شی	6294	shy
چونکه	6288	chvnkh
کله	6286	klh
شرایط	6284	shrayt
لازمه	6282	lazmh
خوشگل	6268	khvshgl
کارهای	6268	karhay
رقص	6260	rghs
هتل	6254	htl
دلیلی	6249	dlyly
دیوید	6247	dyvyd
واست	6237	vast
تبریک	6235	tbryk
حلقه	6232	hlghh
شخصی	6231	shkhsy
پرت	6230	prt
کارا	6228	kara
میز	6227	myz
شیطان	6211	shytan
ا	6209	a
بیش	6208	bysh
حالم	6201	halm
بمونم	6198	bmvnm
یادته	6195	yadth
خبری	6180	khbry
دادگاه	6171	dadgah
قصد	6170	ghsd
برش	6164	brsh
جاده	6156	jadh
تاثیر	6151	tasyr
اهل	6143	ahl
کمکی	6140	kmky
هام	6130	ham
بالای	6126	balay
عزیز	6118	zyz
بیاره	6114	byarh
دین	6113	dyn
خانه	6100	khanh
قطار	6098	ghtar
کلید	6082	klyd
دریایی	6081	dryayy
نخور	6075	nkhvr
صد	6072	sd
مقابل	6064	mghabl
میدونیم	6052	mydvnym
زندانی	6050	zndany
تسلیم	6047	tslym
جوان	6042	jvan
رنگ	6037	rng
بزنن	6034	bznn
باری	6033	bary
متوقف	6025	mtvghf
نگفتم	6006	ngftm
جنگل	6001	jngl
نکنی	5998	nkny
ترس	5994	trs
خوردن	5991	khvrdn
بیفته	5990	byfth
عملیات	5986	mlyat
لیست	5981	lyst
خواستی	5980	khvasty
کجایی	5974	kjayy
تمیز	5972	tmyz
هری	5967	hry
شکر	5961	shkr
بخواب	5957	bkhvab
دوربین	5955	dvrbyn
جنده	5952	jndh
سارا	5934	sara
مکس	5932	mks
جالب	5929	jalb
برامون	5928	bramvn
دولت	5919	dvlt
میخواین	5894	mykhvayn
تام	5892	tam
شمشیر	5889	shmshyr
عمو	5888	mv
میکنند	5885	myknnd
نصف	5883	nsf
کی؟	5883	ky
فرستاده	5882	frstadh
کشت	5879	ksht
اشتباهی	5869	ashtbahy
قربانی	5865	ghrbany
لطف	5859	ltf
کنی؟	5848	kny
جزیره	5841	jzyrh
فک	5832	fk
دعوت	5827	dvt
بعنوان	5812	bnvan
آزادی	5811	azady
اثر	5798	asr
ببند	5794	bbnd
بلایی	5793	blayy
میارم	5782	myarm
آشغال	5781	ashghal
ارباب	5771	arbab
خودشو	5767	khvdshv
پسش	5753	pssh
بزرگترین	5746	bzrgtryn
دیروز	5738	dyrvz
جعبه	5733	jbh
طولانی	5726	tvlany
دوستان	5710	dvstan
رسیدیم	5710	rsydym
درستش	5706	drstsh
بینم	5695	bynm
بله؟	5691	blh
تک	5680	tk
میاره	5679	myarh
علیه	5678	lyh
متنفرم	5678	mtnfrm
شم	5677	shm
شغل	5671	shghl
میرن	5663	myrn
کسایی	5661	ksayy
میخورم	5659	mykhvrm
جلسه	5648	jlsh
مبارک	5634	mbark
میتونن	5633	mytvnn
حسی	5629	hsy
بدو	5625	bdv
برادرم	5625	bradrm
بذارم	5622	bzarm
مک	5622	mk
بمیره	5618	bmyrh
تونستم	5609	tvnstm
میفته	5606	myfth
نمیدم	5600	nmydm
آبی	5586	aby
عروسی	5584	rvsy
پسره	5580	psrh
لرد	5578	lrd
ستاره	5573	starh
آی	5566	ay
نیک	5555	nyk
هشت	5548	hsht
زیرنویس	5541	zyrnvys
قوانین	5520	ghvanyn
همونجا	5512	hmvnja
خواسته	5508	khvasth
تاریکی	5494	taryky
ساختمون	5486	sakhtmvn
بخوری	5470	bkhvry
بیماری	5466	bymary
گیری	5458	gyry
نده	5456	ndh
دانشگاه	5451	danshgah
برگردیم	5449	brgrdym
دخترا	5447	dkhtra
کاش	5447	kash
درس	5431	drs
دنبالم	5429	dnbalm
اهمیتی	5426	ahmyty
نشد	5422	nshd
جیمی	5418	jymy
عصر	5415	sr
اومدیم	5414	avmdym
برگردی	5413	brgrdy
مسئول	5411	msvl
نوبت	5410	nvbt
طبق	5409	tbgh
هنری	5408	hnry
گاز	5403	gaz
تعریف	5398	tryf
دارد	5391	dard
خب؟	5389	khb
فکری	5379	fkry
اونقدر	5372	avnghdr
خیر	5369	khyr
خواهند	5354	khvahnd
صبرکن	5353	sbrkn
قطعا	5346	ghta
برمیگردم	5339	brmygrdm
پارک	5331	park
سرزمین	5312	srzmyn
خوبی؟	5311	khvby
کارمون	5309	karmvn
بخورم	5305	bkhvrm
مقدس	5303	mghds
تکرار	5295	tkrar
امنیتی	5294	amnyty
بانک	5294	bank
قانونی	5291	ghanvny
دعا	5289	da
بگیرید	5287	bgyryd
خدایان	5285	khdayan
هارو	5275	harv
درمان	5271	drman
عادی	5269	ady
توپ	5268	tvp
چیزها	5267	chyzha
فعلا	5264	fla
واسم	5259	vasm
موسیقی	5258	mvsyghy
بلکه	5256	blkh
ظاهرا	5251	zahra
اونجایی	5244	avnjayy
آورده	5228	avrdh
آمریکایی	5224	amrykayy
اجرا	5224	ajra
قایم	5215	ghaym
کیف	5211	kyf
دزدی	5208	dzdy
خاصی	5199	khasy
واقعیت	5198	vaghyt
امنه	5189	amnh
مست	5188	mst
والتر	5186	valtr
رانندگی	5182	ranndgy
میگفت	5171	mygft
سلاح	5168	slah
گذاشتی	5167	gzashty
گردن	5164	grdn
برخورد	5160	brkhvrd
اضافه	5153	azafh
وکیل	5153	vkyl
زندگیت	5151	zndgyt
ببری	5147	bbry
شیر	5147	shyr
نقش	5146	nghsh
میشناسم	5143	myshnasm
ندیده	5142	ndydh
زنه	5140	znh
حفظ	5139	hfz
درجه	5130	drjh
گنده	5119	gndh
گه	5110	gh
باشد	5108	bashd
مستقیم	5102	mstghym
اعتراف	5099	atraf
معمولا	5087	mmvla
پرنده	5087	prndh
اعتقاد	5084	atghad
معرفی	5080	mrfy
میفهمی	5080	myfhmy
پوست	5071	pvst
میخوره	5070	mykhvrh
دوستم	5069	dvstm
رسیدن	5056	rsydn
مجبورم	5054	mjbvrm
درخت	5051	drkht
تویی	5042	tvyy
رها	5042	rha
تهدید	5035	thdyd
کشیده	5034	kshydh
جرم	5032	jrm
نیم	5031	nym
سن	5029	sn
ایستگاه	5028	aystgah
تجربه	5023	tjrbh
صاحب	5020	sahb
میخواستی	5011	mykhvasty
انگلیسی	5007	anglysy
چطوره؟	5006	chtvrh
اعلام	5004	alam
دروازه	5003	drvazh
نمیدونستم	4995	nmydvnstm
ژنرال	4994	zhnral
ترتیب	4991	trtyb
نکنید	4989	nknyd
برق	4979	brgh
انگیزه	4975	angyzh
گند	4972	gnd
گمشو	4968	gmshv
شانسی	4956	shansy
بود؟	4955	bvd
خاموش	4941	khamvsh
سینه	4936	synh
مطمئنا	4936	mtmna
صندلی	4933	sndly
موقعی	4933	mvghy
شگفت	4932	shgft
تایید	4929	tayyd
ساحل	4928	sahl
حواست	4920	hvast
نگاهی	4916	ngahy
هیجان	4915	hyjan
پیغام	4899	pygham
عادت	4896	adt
گرفتیم	4895	grftym
شود	4893	shvd
ناپدید	4887	napdyd
ری	4877	ry
بخوره	4873	bkhvrh
شدید	4872	shdyd
سریعتر	4865	srytr
بیچاره	4864	bycharh
اشاره	4860	asharh
ملحق	4858	mlhgh
پرداخت	4850	prdakht
پنجره	4846	pnjrh
خلاص	4841	khlas
کوچک	4834	kvchk
سرنوشت	4832	srnvsht
کلاه	4829	klah
قفل	4825	ghfl
لی	4824	ly
حالی	4818	haly
ندیدم	4804	ndydm
خورشید	4803	khvrshyd
منفجر	4803	mnfjr
بدونه	4795	bdvnh
وسیله	4795	vsylh
بازش	4789	bazsh
خوردم	4789	khvrdm
بینمت	4785	bynmt
کشید	4780	kshyd
ببره	4779	bbrh
نقطه	4779	nghth
احساسی	4778	ahsasy
نمیشم	4775	nmyshm
شراب	4774	shrab
الآن	4771	alan
دعوا	4768	dva
نتونستم	4767	ntvnstm
سیگار	4764	sygar
ویژه	4763	vyzhh
دیدنت	4761	dydnt
گمونم	4760	gmvnm
دسته	4756	dsth
میکردن	4751	mykrdn
تعقیب	4750	tghyb
هممون	4749	hmmvn
مغز	4744	mghz
تحویل	4734	thvyl
نکرد	4731	nkrd
اومدین	4729	avmdyn
تقدیم	4722	tghdym
کیه؟	4722	kyh
یخ	4722	ykh
شکار	4721	shkar
فهمم	4718	fhmm
میکردیم	4716	mykrdym
شخص	4714	shkhs
اطمینان	4704	atmynan
جسد	4694	jsd
آوردن	4692	avrdn
چیزهای	4683	chyzhay
آورد	4677	avrd
بانوی	4677	banvy
بگید	4675	bgyd
هشدار	4673	hshdar
گربه	4664	grbh
روزنامه	4660	rvznamh
بذارین	4658	bzaryn
شوهر	4649	shvhr
میدونستی	4647	mydvnsty
مو	4643	mv
آدمی	4642	admy
بله،	4641	blh
برگشتی	4638	brgshty
شین	4635	shyn
عذر	4632	zr
اوکی	4630	avky
کارها	4630	karha
بخوریم	4628	bkhvrym
ببرم	4627	bbrm
تونستی	4624	tvnsty
برگرده	4623	brgrdh
بگیم	4617	bgym
درون	4613	drvn
تمرکز	4611	tmrkz
قشنگه	4611	ghshngh
غذای	4601	ghzay
حمایت	4598	hmayt
بگین	4597	bgyn
نظامی	4592	nzamy
نگفتی	4584	ngfty
مری	4577	mry
سقوط	4569	sghvt
ایول	4568	ayvl
میشناسی	4562	myshnasy
شناسایی	4561	shnasayy
خداوند	4560	khdavnd
حالتون	4557	haltvn
میتونید	4552	mytvnyd
ایه	4550	ayh
خاک	4547	khak
دونستم	4544	dvnstm
وقتا	4538	vghta
مریض	4536	mryz
کسانی	4533	ksany
بیاریم	4526	byarym
لندن	4517	lndn
الکس	4516	alks
فرد	4515	frd
مدیر	4512	mdyr
عین	4510	yn
میتونستم	4507	mytvnstm
هرکاری	4503	hrkary
نشان	4501	nshan
عمر	4496	mr
بفهمم	4491	bfhmm
دیوانه	4478	dyvanh
الو؟	4477	alv
پاشو	4477	pashv
همینطوری	4473	hmyntvry
صلح	4466	slh
چیزو	4464	chyzv
نشه	4459	nshh
نشو	4454	nshv
نگهبان	4453	nghban
تعداد	4450	tdad
معمولی	4450	mmvly
براشون	4447	brashvn
جنوب	4445	jnvb
باب	4436	bab
آرامش	4435	aramsh
بذارید	4431	bzaryd
رفتیم	4427	rftym
وسایل	4422	vsayl
بخشی	4410	bkhshy
کوتاه	4409	kvtah
دختری	4398	dkhtry
معلوم	4395	mlvm
میبره	4383	mybrh
ماجرا	4382	majra
پل	4381	pl
سوم	4373	svm
همینجوری	4371	hmynjvry
جوون	4361	jvvn
آنچه	4360	anchh
ایم	4358	aym
هاشون	4358	hashvn
افسر	4354	afsr
پیام	4354	pyam
جدی؟	4351	jdy
آموزش	4347	amvzsh
میدونید	4346	mydvnyd
رم	4342	rm
نیمه	4342	nymh
جانی	4338	jany
برسیم	4337	brsym
نخواهد	4336	nkhvahd
وحشی	4335	vhshy
مشخص	4334	mshkhs
گذاشتن	4334	gzashtn
نرو	4324	nrv
درصد	4323	drsd
وظیفه	4323	vzyfh
هاست	4322	hast
همتون	4313	hmtvn
کثیف	4299	ksyf
همینو	4298	hmynv
دوره	4295	dvrh
وایستا	4295	vaysta
خرید	4292	khryd
استارک	4291	astark
نیروهای	4286	nyrvhay
دیدیم	4284	dydym
درگیر	4282	drgyr
زبان	4281	zban
شاهد	4278	shahd
میفهمم	4255	myfhmm
برگشته	4254	brgshth
کاریه	4247	karyh
روانی	4243	rvany
راحتی	4242	rahty
قدر	4242	ghdr
برگشت	4237	brgsht
نمونه	4237	nmvnh
آنا	4232	ana
بگیرن	4232	bgyrn
عبور	4232	bvr
دهن	4227	dhn
عضو	4225	zv
انتقام	4222	antgham
منی	4215	mny
بزنید	4213	bznyd
نبودی	4211	nbvdy
نگاش	4211	ngash
چطوری؟	4210	chtvry
دیدمش	4209	dydmsh
بشید	4205	bshyd
میگی؟	4199	mygy
بشنوم	4194	bshnvm
خوشگله	4194	khvshglh
کارای	4189	karay
مثه	4183	msh
باهوش	4181	bahvsh
واحد	4175	vahd
دستشویی	4172	dstshvyy
شایدم	4171	shaydm
مایل	4161	mayl
بردن	4160	brdn
دسترسی	4156	dstrsy
بهتری	4155	bhtry
بگیرین	4155	bgyryn
شن	4155	shn
ویل	4154	vyl
امیدوار	4151	amydvar
بابام	4148	babam
امضا	4145	amza
گذاشت	4145	gzasht
جرات	4144	jrat
مامانم	4144	mamanm
تلویزیون	4139	tlvyzyvn
مناسب	4138	mnasb
هرچیزی	4131	hrchyzy
قشنگ	4127	ghshng
نمیگم	4127	nmygm
بمیرم	4120	bmyrm
سرویس	4119	srvys
تی	4118	ty
علامت	4116	lamt
لو	4116	lv
بزرگتر	4115	bzrgtr
دزد	4115	dzd
یادمه	4114	yadmh
خطرناکه	4113	khtrnakh
باره	4111	barh
مگر	4104	mgr
آره؟	4102	arh
شکسته	4095	shksth
کون	4094	kvn
کیک	4088	kyk
چاقو	4082	chaghv
باحال	4075	bahal
راستی	4075	rasty
ایمان	4072	ayman
نقاشی	4067	nghashy
موجود	4066	mvjvd
کمکتون	4062	kmktvn
آخ	4056	akh
گی	4054	gy
بیل	4052	byl
بذاریم	4049	bzarym
طریق	4048	trygh
خاص	4046	khas
بودین	4039	bvdyn
گناه	4036	gnah
غرق	4032	ghrgh
ثبت	4028	sbt
فروش	4028	frvsh
دزدیده	4024	dzdydh
فراموشش	4023	framvshsh
راهه	4021	rahh
دریا	4020	drya
جیک	4018	jyk
سوراخ	4017	svrakh
بو	4015	bv
میشنوی	4003	myshnvy
وحشتناک	4003	vhshtnak
پسرا	4002	psra
مرتبه	3997	mrtbh
فیل	3994	fyl
پروفسور	3988	prvfsvr
پزشکی	3987	pzshky
اونایی	3985	avnayy
رای	3984	ray
عصبی	3983	sby
مطمئنی؟	3982	mtmny
دارو	3981	darv
نا	3969	na
میومد	3962	myvmd
مرغ	3960	mrgh
مارک	3955	mark
تصادف	3952	tsadf
سفینه	3951	sfynh
مصرف	3949	msrf
خبره؟	3947	khbrh
بیلی	3942	byly
جیم	3934	jym
چوب	3929	chvb
میدونین	3927	mydvnyn
الینا	3924	alyna
نمیخواستم	3922	nmykhvastm
کجان	3920	kjan
رستوران	3908	rstvran
اطلاعاتی	3905	atlaaty
همکاری	3902	hmkary
استخدام	3901	astkhdam
کلیسا	3900	klysa
تامی	3894	tamy
مدتی	3892	mdty
انرژی	3889	anrzhy
قیمت	3888	ghymt
بفهمی	3876	bfhmy
عیسی	3872	ysy
اعضای	3871	azay
بمونیم	3870	bmvnym
تماشا	3869	tmasha
کثافت	3863	ksaft
نمیکردم	3860	nmykrdm
بامزه	3858	bamzh
درسته؟	3857	drsth
گاهی	3855	gahy
راس	3851	ras
پسرت	3848	psrt
دوران	3844	dvran
مشکلات	3841	mshklat
تن	3838	tn
اوقات	3832	avghat
برگشتم	3827	brgshtm
مونه	3826	mvnh
خجالت	3825	khjalt
زخمی	3825	zkhmy
پولی	3825	pvly
میزنیم	3824	myznym
برقرار	3822	brghrar
ضد	3815	zd
دنبالت	3814	dnbalt
بهت	3808	bht
تخم	3806	tkhm
درو	3802	drv
چندین	3801	chndyn
ها؟	3797	ha
تولد	3794	tvld
خوردی	3794	khvrdy
پیروزی	3793	pyrvzy
بستگی	3789	bstgy
کریسمس	3781	krysms
هیچکدوم	3777	hychkdvm
شد؟	3776	shd
مغازه	3776	mghazh
پاریس	3770	parys
بزرگه	3767	bzrgh
باهاتون	3766	bahatvn
حمل	3766	hml
خطرناک	3762	khtrnak
تره	3753	trh
اشکال	3747	ashkal
راز	3746	raz
جدیدی	3738	jdydy
سبز	3738	sbz
دنی	3736	dny
مدل	3735	mdl
سطح	3733	sth
بانو	3730	banv
خرج	3730	khrj
شنبه	3724	shnbh
جایزه	3723	jayzh
اتوبوس	3720	atvbvs
شید	3720	shyd
کوه	3717	kvh
تاحالا	3708	tahala
راضی	3701	razy
گوشی	3697	gvshy
ببریم	3690	bbrym
شان	3689	shan
باشند	3684	bashnd
کشیدن	3684	kshydn
مدرک	3683	mdrk
حرفه	3681	hrfh
قلبم	3681	ghlbm
شیشه	3679	shyshh
آرزو	3677	arzv
فرقی	3671	frghy
پرتاب	3670	prtab
میگذره	3669	mygzrh
کاره	3669	karh
اختیار	3668	akhtyar
چ	3667	ch
اصل	3666	asl
اذیت	3663	azyt
خواهرم	3659	khvahrm
قلعه	3658	ghlh
جادوگر	3656	jadvgr
پادشاهی	3655	padshahy
فرض	3653	frz
هیولا	3651	hyvla
بدترین	3650	bdtryn
سازی	3648	sazy
وی	3646	vy
گری	3645	gry
اف	3644	af
اژدها	3632	azhdha
مهمی	3629	mhmy
رز	3627	rz
اوهوم	3624	avhvm
نمیدونه	3623	nmydvnh
افته	3621	afth
خصوصی	3621	khsvsy
چارلز	3618	charlz
حقوق	3616	hghvgh
ببینمش	3613	bbynmsh
فرو	3612	frv
زمینی	3601	zmyny
هوایی	3599	hvayy
عالمه	3596	almh
نمیفهمم	3593	nmyfhmm
ین	3592	yn
احتمال	3590	ahtmal
کیت	3590	kyt
اینجاییم	3584	aynjayym
توماس	3583	tvmas
کت	3583	kt
بیمار	3580	bymar
تحقیق	3579	thghygh
تشخیص	3572	tshkhys
هرکسی	3571	hrksy
ببخش	3566	bbkhsh
سالها	3566	salha
دیگران	3564	dygran
کارهایی	3564	karhayy
ته	3562	th
جنگی	3559	jngy
بفهمه	3557	bfhmh
دیمن	3556	dymn
رابرت	3553	rabrt
سرد	3552	srd
میدونن	3552	mydvnn
فعال	3551	fal
آمد	3549	amd
شمالی	3547	shmaly
ساخت	3542	sakht
موندن	3537	mvndn
دیگری	3535	dygry
ضعیف	3530	zyf
نفوذ	3529	nfvz
بانی	3527	bany
میزنن	3521	myznn
ورود	3518	vrvd
شیم	3516	shym
پنهان	3516	pnhan
تعجب	3514	tjb
سیاره	3505	syarh
طبیعی	3505	tbyy
غریبه	3502	ghrybh
چهره	3497	chhrh
فرود	3496	frvd
پوشش	3495	pvshsh
بابایی	3493	babayy
ببینین	3491	bbynyn
بمیری	3491	bmyry
موفقیت	3491	mvfghyt
میل	3491	myl
هاتون	3490	hatvn
داغون	3489	daghvn
اقای	3484	aghay
کارل	3484	karl
گرگ	3482	grg
دربارش	3477	drbarsh
میگیری	3477	mygyry
برداری	3471	brdary
ملی	3470	mly
مشغول	3467	mshghvl
فرانسه	3461	fransh
کره	3459	krh
خواهید	3458	khvahyd
حضور	3456	hzvr
هامون	3456	hamvn
نکنیم	3454	nknym
قیافه	3453	ghyafh
قبوله	3451	ghbvlh
طوفان	3450	tvfan
وقتش	3450	vghtsh
سفارش	3448	sfarsh
طلا	3447	tla
بندی	3439	bndy
مردان	3438	mrdan
آم	3436	am
تلف	3436	tlf
پست	3436	pst
مخصوص	3435	mkhsvs
زخم	3433	zkhm
ابد	3430	abd
مسئولیت	3427	msvlyt
اسکات	3424	askat
آدمایی	3423	admayy
اخراج	3418	akhraj
مامانت	3418	mamant
موش	3416	mvsh
انگیز	3414	angyz
ریچارد	3414	rychard
اندی	3411	andy
فصل	3410	fsl
تاکسی	3408	taksy
پاره	3407	parh
وزیر	3402	vzyr
آهای	3401	ahay
وضع	3401	vz
بزودی	3399	bzvdy
بفهمیم	3399	bfhmym
روبرو	3399	rvbrv
بهشت	3393	bhsht
افسانه	3392	afsanh
دراز	3390	draz
آ	3389	a
باحاله	3389	bahalh
همونی	3382	hmvny
نمیرم	3380	nmyrm
بیارین	3379	byaryn
مزخرفه	3378	mzkhrfh
نشدم	3378	nshdm
افرادی	3377	afrady
ور	3377	vr
هوای	3374	hvay
لبخند	3372	lbkhnd
خوک	3367	khvk
گیج	3364	gyj
اینجور	3359	aynjvr
استیو	3355	astyv
بندازم	3355	bndazm
نشسته	3352	nshsth
ریزی	3348	ryzy
صفحه	3348	sfhh
سایه	3341	sayh
فاحشه	3337	fahshh
کمکش	3335	kmksh
زیبایی	3334	zybayy
بلد	3332	bld
پیچیده	3331	pychydh
رخ	3330	rkh
روم	3329	rvm
شخصیت	3328	shkhsyt
انگشت	3325	angsht
کشیش	3325	kshysh
صداش	3324	sdash
معنیش	3324	mnysh
حکم	3316	hkm
شدین	3316	shdyn
بخوابم	3314	bkhvabm
گروهبان	3313	grvhban
اونور	3312	avnvr
زدیم	3311	zdym
زاده	3310	zadh
نذار	3310	nzar
میری؟	3308	myry
وصل	3308	vsl
درستی	3307	drsty
ریخته	3305	rykhth
مقاومت	3305	mghavmt
آشام	3296	asham
آها	3296	aha
بلیط	3296	blyt
تری	3295	try
تولید	3295	tvlyd
اطلاع	3290	atla
آغاز	3286	aghaz
کارتون	3281	kartvn
تکه	3278	tkh
تیراندازی	3278	tyrandazy
سنت	3277	snt
چرت	3272	chrt
نگفته	3271	ngfth
میداد	3270	mydad
پیروز	3270	pyrvz
آبجو	3269	abjv
صدات	3267	sdat
چاک	3266	chak
گرسنه	3266	grsnh
کجا؟	3263	kja
کوچولوی	3260	kvchvlvy
هزینه	3258	hzynh
اتفاقات	3257	atfaghat
متفاوت	3256	mtfavt
دهنت	3253	dhnt
دقت	3252	dght
میذارم	3252	myzarm
واقعیه	3252	vaghyh
راجب	3251	rajb
راننده	3251	ranndh
دانش	3248	dansh
نکته	3246	nkth
نکردیم	3245	nkrdym
موتور	3242	mvtvr
اونارو	3240	avnarv
ببخشید؟	3239	bbkhshyd
نکنین	3233	nknyn
دخترت	3232	dkhtrt
فایده	3231	faydh
ون	3230	vn
آسون	3228	asvn
مرحله	3227	mrhlh
بند	3218	bnd
میتونین	3218	mytvnyn
نگرانی	3217	ngrany
ایست	3215	ayst
گذاری	3211	gzary
میوفته	3210	myvfth
نو	3209	nv
دوستی	3208	dvsty
آزمایشگاه	3207	azmayshgah
ریک	3207	ryk
نبرد	3203	nbrd
مزخرف	3198	mzkhrf
رسیدم	3197	rsydm
معروف	3197	mrvf
سرمایه	3194	srmayh
چراغ	3194	chragh
کامیون	3191	kamyvn
بلا	3187	bla
رفقا	3184	rfgha
زیاده	3181	zyadh
بکنن	3180	bknn
جورج	3178	jvrj
موافقم	3178	mvafghm
برسم	3175	brsm
هزاران	3174	hzaran
عجیبی	3173	jyby
میگردم	3173	mygrdm
عمیق	3171	mygh
ستوان	3170	stvan
تونست	3169	tvnst
کریس	3168	krys
اخبار	3167	akhbar
کارایی	3167	karayy
جادو	3166	jadv
عقل	3165	ghl
بزنین	3161	bznyn
توانایی	3160	tvanayy
من؟	3160	mn
برج	3159	brj
مزه	3159	mzh
حادثه	3157	hadsh
خدافظ	3157	khdafz
مالی	3155	maly
تاریک	3154	taryk
منتقل	3154	mntghl
تنظیم	3149	tnzym
دن	3149	dn
مهمون	3148	mhmvn
سرهنگ	3146	srhng
نمیتونن	3144	nmytvnn
تمامی	3143	tmamy
گندش	3141	gndsh
بای	3136	bay
شبکه	3136	shbkh
پیشرفت	3131	pyshrft
عمومی	3130	mvmy
کردی؟	3129	krdy
میاری	3127	myary
خونواده	3125	khvnvadh
نشونه	3123	nshvnh
زانو	3122	zanv
طی	3117	ty
گیرم	3117	gyrm
فهمی	3116	fhmy
متهم	3116	mthm
چینی	3116	chyny
طراحی	3114	trahy
ادم	3111	adm
جهانی	3110	jhany
خوان	3107	khvan
متنفر	3106	mtnfr
زور	3101	zvr
شنا	3098	shna
مت	3097	mt
قاطی	3093	ghaty
حفاظت	3089	hfazt
معلم	3088	mlm
بندازی	3084	bndazy
مخصوصا	3084	mkhsvsa
زندگیش	3081	zndgysh
پایگاه	3081	paygah
انفجار	3079	anfjar
بردم	3076	brdm
مجازات	3075	mjazat
وحشت	3075	vhsht
دام	3073	dam
جلب	3071	jlb
دچار	3071	dchar
چیو	3070	chyv
س	3069	s
ناهار	3069	nahar
فورا	3067	fvra
تحقیقات	3065	thghyghat
شنیده	3063	shnydh
تله	3061	tlh
دوستای	3059	dvstay
هاروی	3058	harvy
اساس	3055	asas
میخوری	3055	mykhvry
رشد	3053	rshd
لوسی	3053	lvsy
عدالت	3049	dalt
میترسم	3046	mytrsm
صرف	3045	srf
پیدات	3045	pydat
بودید	3043	bvdyd
ببینن	3039	bbynn
ال	3038	al
فرودگاه	3031	frvdgah
سالی	3026	saly
فهمید	3026	fhmyd
برمیگرده	3025	brmygrdh
چطور؟	3025	chtvr
دوری	3023	dvry
مدارک	3021	mdark
تصویر	3020	tsvyr
اریک	3019	aryk
فوت	3018	fvt
نمونده	3016	nmvndh
مسائل	3014	msal
ندیدی	3014	ndydy
شناسی	3013	shnasy
بازار	3011	bazar
خداحافظی	3011	khdahafzy
ضبط	3011	zbt
خودته	3009	khvdth
میتونست	3009	mytvnst
ماری	3008	mary
چیزه	3008	chyzh
صدامو	3006	sdamv
فرانسوی	3005	fransvy
میکشم	3004	mykshm
عمرم	2998	mrm
فرشته	2993	frshth
فضایی	2992	fzayy
غرب	2988	ghrb
جمله	2986	jmlh
میمیره	2985	mymyrh
دهنده	2979	dhndh
سابق	2979	sabgh
ایالت	2976	ayalt
خاطره	2975	khatrh
واسش	2973	vassh
کفش	2973	kfsh
کلانتر	2973	klantr
چین	2969	chyn
نوعی	2966	nvy
شریک	2965	shryk
کاراگاه	2965	karagah
گوشه	2964	gvshh
رسمی	2956	rsmy
قبلی	2955	ghbly
حامله	2952	hamlh
تجاوز	2949	tjavz
بابی	2939	baby
رسیدگی	2936	rsydgy
میزد	2935	myzd
عهده	2934	hdh
تولدت	2933	tvldt
نهایت	2932	nhayt
چای	2930	chay
وانمود	2927	vanmvd
کیم	2927	kym
انتقال	2926	antghal
خوندم	2922	khvndm
ظاهر	2920	zahr
خوایم	2919	khvaym
هرزه	2915	hrzh
کشف	2913	kshf
زبون	2911	zbvn
کشتم	2909	kshtm
کلارک	2909	klark
صدام	2905	sdam
صندوق	2905	sndvgh
بطور	2904	btvr
خنجر	2900	khnjr
زحمت	2900	zhmt
بیایید	2899	byayyd
متحده	2894	mthdh
فروشگاه	2891	frvshgah
کد	2891	kd
قرض	2886	ghrz
کوفتی	2886	kvfty
انبار	2884	anbar
نمیره	2883	nmyrh
ویروس	2882	vyrvs
کاترین	2880	katryn
دوستت	2876	dvstt
حواسم	2875	hvasm
توافق	2874	tvafgh
کشه	2872	kshh
طرز	2869	trz
بارون	2866	barvn
شدت	2862	shdt
وجه	2859	vjh
سیب	2858	syb
نمیکنن	2857	nmyknn
میگفتم	2856	mygftm
پرستار	2856	prstar
میایم	2855	myaym
نمیدی	2855	nmydy
میگیریم	2854	mygyrym
خواهرت	2852	khvahrt
آهان	2848	ahan
بهرحال	2848	bhrhal
نترس	2848	ntrs
اعلیحضرت	2846	alyhzrt
فراری	2845	frary
انسانی	2844	ansany
آپارتمان	2843	apartman
طلسم	2843	tlsm
واضح	2843	vazh
بیارید	2840	byaryd
محلی	2839	mhly
دیو	2836	dyv
شوهرم	2836	shvhrm
محافظ	2832	mhafz
میخواید	2830	mykhvayd
کش	2829	ksh
ترسیده	2824	trsydh
خاطرات	2824	khatrat
بسیارخب	2819	bsyarkhb
مصاحبه	2816	msahbh
گردم	2816	grdm
نمیدونیم	2812	nmydvnym
بپرس	2804	bprs
شرقی	2800	shrghy
هدایت	2799	hdayt
ایالات	2798	ayalat
تونید	2798	tvnyd
غم	2798	ghm
بالاتر	2797	balatr
خشک	2796	khshk
کف	2793	kf
الیزابت	2790	alyzabt
قاضی	2790	ghazy
دوش	2787	dvsh
کوین	2787	kvyn
کمکم	2784	kmkm
رمز	2783	rmz
رنج	2783	rnj
تونن	2781	tvnn
درواقع	2781	drvagh
ظهر	2780	zhr
مشتری	2779	mshtry
خیابان	2778	khyaban
بخوابی	2777	bkhvaby
قرارداد	2777	ghrardad
بندازش	2775	bndazsh
ببینمت	2768	bbynmt
نشونم	2764	nshvnm
سخنرانی	2763	skhnrany
اسمم	2759	asmm
هوم	2757	hvm
دونیم	2755	dvnym
احساسات	2754	ahsasat
ببرید	2754	bbryd
خونریزی	2754	khvnryzy
سؤال	2754	sal
بگذره	2752	bgzrh
دستان	2752	dstan
میکرده	2752	mykrdh
حیوون	2751	hyvvn
نشونت	2748	nshvnt
بکشن	2747	bkshn
مزاحم	2745	mzahm
آمین	2742	amyn
بندازیم	2742	bndazym
صورتت	2742	svrtt
گرفتمش	2742	grftmsh
بکشید	2740	bkshyd
شرق	2738	shrgh
وین	2732	vyn
بکشش	2729	bkshsh
مزرعه	2727	mzrh
نمیشی	2727	nmyshy
جنوبی	2726	jnvby
نمیری	2722	nmyry
بیارش	2721	byarsh
میخوای؟	2721	mykhvay
امتیاز	2713	amtyaz
جسی	2712	jsy
نشدی	2712	nshdy
نیومده	2707	nyvmdh
نیستش	2706	nystsh
برگردین	2705	brgrdyn
تست	2705	tst
شامل	2704	shaml
سواری	2703	svary
متعلق	2703	mtlgh
حرفت	2701	hrft
مختلف	2701	mkhtlf
کشی	2701	kshy
امریکا	2699	amryka
نکردن	2693	nkrdn
جلوش	2691	jlvsh
اینجان	2689	aynjan
رهبر	2684	rhbr
کجاست	2684	kjast
فرا	2678	fra
جیسون	2677	jysvn
ویلیام	2676	vylyam
همم	2674	hmm
گیره	2674	gyrh
برسی	2671	brsy
حکومت	2671	hkvmt
بازرس	2670	bazrs
انجمن	2668	anjmn
آلمانی	2667	almany
نداشتی	2667	ndashty
رودخونه	2666	rvdkhvnh
ریچل	2666	rychl
کلا	2665	kla
شلوغه	2658	shlvghh
عاشقتم	2658	ashghtm
هند	2657	hnd
آسمان	2654	asman
دبیرستان	2649	dbyrstan
دقیق	2649	dghygh
میبندم	2649	mybndm
برداشت	2648	brdasht
روزه	2648	rvzh
آلیس	2646	alys
داشتنی	2643	dashtny
مایه	2642	mayh
کین	2641	kyn
سرخ	2637	srkh
شوخیت	2637	shvkhyt
جنسی	2636	jnsy
اماده	2635	amadh
نگیر	2635	ngyr
نرم	2629	nrm
افزایش	2628	afzaysh
اقیانوس	2628	aghyanvs
شیرینی	2627	shyryny
لوله	2626	lvlh
نگفت	2626	ngft
پروژه	2626	prvzhh
لیوان	2625	lyvan
بوجود	2624	bvjvd
مرز	2623	mrz
دفن	2617	dfn
گاو	2616	gav
مسابقات	2613	msabghat
خودکشی	2612	khvdkshy
خونی	2611	khvny
میبرم	2608	mybrm
آفتاب	2607	aftab
زیباست	2606	zybast
هان؟	2605	han
شکلی	2603	shkly
عیبی	2601	yby
میدونی؟	2598	mydvny
تعلق	2597	tlgh
شکایت	2597	shkayt
تاج	2594	taj
برگردید	2593	brgrdyd
شر	2588	shr
میدونست	2588	mydvnst
اومدید	2586	avmdyd
پنجاه	2578	pnjah
مانند	2576	mannd
عاشقش	2573	ashghsh
میکند	2573	myknd
ن	2573	n
جدا؟	2572	jda
متر	2572	mtr
سرطان	2571	srtan
کیسه	2571	kysh
بدجوری	2570	bdjvry
داگ	2570	dag
سوالی	2570	svaly
بلدی	2568	bldy
فضا	2566	fza
قضاوت	2566	ghzavt
تهیه	2565	thyh
احمقی	2564	ahmghy
بردی	2563	brdy
جراحی	2563	jrahy
جنازه	2563	jnazh
نشانه	2561	nshanh
سلام؟	2558	slam
ارتباطی	2556	artbaty
ریسک	2555	rysk
جذاب	2554	jzab
هی،	2554	hy
یادتون	2551	yadtvn
بغل	2549	bghl
پله	2548	plh
بدنش	2547	bdnsh
قشنگی	2539	ghshngy
آمدید	2536	amdyd
آواز	2535	avaz
تجارت	2534	tjart
گور	2534	gvr
پیشش	2533	pyshsh
افتادم	2532	aftadm
باورت	2530	bavrt
منبع	2528	mnb
آدرس	2526	adrs
جرمی	2525	jrmy
خارجی	2524	kharjy
رسه	2524	rsh
جاییه	2520	jayyh
صحیح	2520	shyh
بکشیم	2518	bkshym
برمی	2515	brmy
مسلح	2515	mslh
نمیتونستم	2513	nmytvnstm
بکنید	2511	bknyd
انداختی	2509	andakhty
بوم	2509	bvm
همسایه	2509	hmsayh
مردها	2507	mrdha
اینارو	2506	aynarv
میدان	2506	mydan
یهو	2506	yhv
سکسی	2505	sksy
نفرین	2501	nfryn
فروشی	2500	frvshy
فهمیدی؟	2499	fhmydy
اونجوری	2498	avnjvry
قرص	2498	ghrs
منطقی	2498	mntghy
پارتی	2498	party
ساز	2496	saz
عرض	2496	rz
ماده	2495	madh
ندارین	2495	ndaryn
شهردار	2494	shhrdar
میگفتی	2494	mygfty
هیس	2494	hys
نسل	2493	nsl
نظری	2493	nzry
بشینید	2491	bshynyd
فریاد	2491	fryad
بمونید	2490	bmvnyd
مخدر	2489	mkhdr
جات	2487	jat
پیرمرد	2487	pyrmrd
شکارچی	2486	shkarchy
لخت	2484	lkht
دوستام	2481	dvstam
وقتیکه	2480	vghtykh
جیغ	2479	jygh
میمونم	2478	mymvnm
اونطرف	2477	avntrf
بهش	2475	bhsh
نمیکنیم	2474	nmyknym
بپر	2469	bpr
برگشتن	2466	brgshtn
شکنجه	2466	shknjh
میدادم	2464	mydadm
کاخ	2462	kakh
گرفتمت	2460	grftmt
فوتبال	2458	fvtbal
بذاره	2457	bzarh
پناه	2456	pnah
انداخته	2455	andakhth
لطفی	2455	ltfy
آوردیم	2451	avrdym
تشکیل	2450	tshkyl
هوش	2448	hvsh
پشتیبانی	2448	pshtybany
کامپیوتر	2448	kampyvtr
زنت	2447	znt
ترسناک	2446	trsnak
باشه،	2443	bashh
کاغذ	2443	kaghz
حقه	2442	hghh
ادوارد	2441	advard
سناتور	2441	snatvr
میگیم	2440	mygym
ادی	2439	ady
همکار	2438	hmkar
جهت	2437	jht
داشتین	2435	dashtyn
امیلی	2434	amyly
غربی	2433	ghrby
کیر	2432	kyr
اولیه	2431	avlyh
پیداشون	2429	pydashvn
کسیه	2428	ksyh
یکبار	2427	ykbar
شیرین	2426	shyryn
جامعه	2425	jamh
آلمان	2423	alman
ارائه	2423	arah
الانم	2423	alanm
محکوم	2423	mhkvm
پیشت	2421	pysht
آرتور	2419	artvr
نیستند	2419	nystnd
نره	2417	nrh
شجاع	2415	shja
داخلی	2413	dakhly
انداخت	2411	andakht
تعطیلات	2411	ttylat
عمرا	2411	mra
نمیگی	2410	nmygy
گونه	2410	gvnh
خروج	2407	khrvj
سلول	2407	slvl
د	2403	d
شناخته	2402	shnakhth
چاره	2402	charh
شلوار	2401	shlvar
صورتی	2401	svrty
خوشحالی	2400	khvshhaly
دستی	2398	dsty
سو	2398	sv
داغ	2397	dagh
سروان	2397	srvan
شخصا	2396	shkhsa
موافقت	2396	mvafght
متولد	2393	mtvld
ند	2393	nd
خورم	2388	khvrm
کانال	2386	kanal
هیئت	2383	hyt
بتونن	2382	btvnn
تد	2381	td
بزرگیه	2380	bzrgyh
جاسوس	2377	jasvs
مثله	2377	mslh
دیدمت	2376	dydmt
بندازه	2375	bndazh
اونطوری	2374	avntvry
پوشیده	2374	pvshydh
توهین	2373	tvhyn
امان	2372	aman
رحم	2372	rhm
سالن	2372	saln
نوار	2370	nvar
تایلر	2366	taylr
جویی	2366	jvyy
نداشتیم	2366	ndashtym
تقسیم	2364	tghsym
بروس	2361	brvs
دیدی؟	2361	dydy
حیوانات	2360	hyvanat
ساختمان	2360	sakhtman
نداده	2360	ndadh
جستجو	2358	jstjv
آلن	2357	aln
جادویی	2357	jadvyy
ازمون	2356	azmvn
نبودن	2356	nbvdn
کمکمون	2356	kmkmvn
تخلیه	2355	tkhlyh
جفت	2355	jft
یادش	2353	yadsh
بزنش	2350	bznsh
قلبت	2350	ghlbt
لین	2350	lyn
ظرف	2348	zrf
خودمم	2347	khvdmm
جنس	2346	jns
محله	2345	mhlh
نفری	2345	nfry
هاوس	2345	havs
نیس	2344	nys
بیایم	2343	byaym
فرماندهی	2343	frmandhy
وحشتناکه	2343	vhshtnakh
کلمات	2343	klmat
قرن	2339	ghrn
سابقه	2336	sabghh
گول	2335	gvl
استعداد	2334	astdad
میمون	2333	mymvn
نجاتش	2333	njatsh
عالیجناب	2331	alyjnab
بطری	2330	btry
اضطراری	2329	aztrary
توقف	2328	tvghf
روسیه	2326	rvsyh
میندازه	2325	myndazh
آقایان	2324	aghayan
خر	2324	khr
نیومد	2324	nyvmd
تنهام	2323	tnham
رسیدی	2323	rsydy
کارشون	2322	karshvn
ضمن	2321	zmn
قبلش	2320	ghblsh
کارآگاه	2320	karagah
ناراحتی	2316	narahty
کجایی؟	2316	kjayy
معجزه	2315	mjzh
ببرش	2313	bbrsh
خوابیده	2312	khvabydh
بجز	2311	bjz
بذارش	2311	bzarsh
طلاق	2307	tlagh
بیوفته	2306	byvfth
ورودی	2305	vrvdy
ندادم	2302	ndadm
خوره	2296	khvrh
استیفن	2295	astyfn
دادین	2295	dadyn
دستورات	2295	dstvrat
سوخت	2295	svkht
برایان	2291	brayan
بخونم	2289	bkhvnm
اخیرا	2288	akhyra
سیم	2288	sym
بپرسی	2286	bprsy
موجودات	2285	mvjvdat
خرس	2283	khrs
سریال	2283	sryal
شعر	2283	shr
یکیشون	2282	ykyshvn
خشونت	2280	khshvnt
جزئیات	2279	jzyat
جبران	2277	jbran
مرکزی	2277	mrkzy
بازجویی	2276	bazjvyy
متحد	2275	mthd
دریاچه	2273	dryachh
لیلی	2273	lyly
روزها	2269	rvzha
مرتب	2269	mrtb
نیرو	2269	nyrv
طلایی	2268	tlayy
مارکوس	2268	markvs
پات	2268	pat
خودت	2267	khvdt
کایل	2266	kayl
نشینی	2264	nshyny
زمینه	2263	zmynh
مظنون	2263	mznvn
هیچکی	2263	hychky
ویکتور	2260	vyktvr
التماس	2257	altmas
اکنون	2257	aknvn
آوره	2256	avrh
ذهنت	2255	zhnt
قلبش	2253	ghlbsh
بدنت	2252	bdnt
کارول	2250	karvl
ساختن	2248	sakhtn
مقصر	2248	mghsr
میگیرن	2248	mygyrn
سبک	2247	sbk
رهبری	2246	rhbry
گشت	2246	gsht
حروم	2243	hrvm
پرسیدم	2243	prsydm
لب	2241	lb
بشنوی	2240	bshnvy
چشمات	2240	chshmat
کشیدم	2239	kshydm
جلوشو	2236	jlvshv
قلبی	2233	ghlby
کلاوس	2233	klavs
بازداشت	2232	bazdasht
مترجم	2231	mtrjm
پام	2231	pam
اشتباهه	2230	ashtbahh
حرفا	2230	hrfa
مهربون	2230	mhrbvn
مگی	2230	mgy
نون	2226	nvn
اید	2222	ayd
یو	2220	yv
شهری	2217	shhry
عذرخواهی	2216	zrkhvahy
مار	2216	mar
آرام	2215	aram
ندادی	2215	ndady
هویت	2215	hvyt
بردارم	2214	brdarm
خوندن	2214	khvndn
معبد	2208	mbd
پیشم	2207	pyshm
جام	2204	jam
خاله	2201	khalh
اصرار	2200	asrar
اجاره	2199	ajarh
بزاری	2198	bzary
گفتی؟	2197	gfty
سمی	2196	smy
آسمون	2193	asmvn
سان	2190	san
ندارید	2190	ndaryd
باند	2189	band
کلیر	2189	klyr
سنگین	2187	sngyn
دووم	2185	dvvm
دکمه	2184	dkmh
ایناهاش	2181	aynahash
جنایت	2181	jnayt
آشپزخونه	2180	ashpzkhvnh
بال	2180	bal
دندون	2179	dndvn
کتک	2176	ktk
انداختن	2175	andakhtn
همان	2173	hman
اعدام	2172	adam
حواس	2172	hvas
صاف	2170	saf
توصیه	2169	tvsyh
ببخشین	2168	bbkhshyn
تویه	2168	tvyh
خرده	2164	khrdh
هدر	2163	hdr
میزدم	2162	myzdm
دود	2161	dvd
قادر	2161	ghadr
میشدم	2161	myshdm
کری	2161	kry
یکمی	2161	ykmy
نیاد	2160	nyad
خوشمزه	2159	khvshmzh
رایان	2159	rayan
طرح	2159	trh
کمپ	2159	kmp
جمعیت	2158	jmyt
قشنگیه	2158	ghshngyh
میشود	2157	myshvd
خشم	2156	khshm
فردی	2156	frdy
میشنوم	2155	myshnvm
میذاری	2153	myzary
ناامید	2153	naamyd
هنک	2153	hnk
سایمون	2146	saymvn
نسخه	2146	nskhh
برو،	2145	brv
بیمه	2143	bymh
دوستات	2143	dvstat
قصر	2140	ghsr
آنجلس	2136	anjls
موشک	2135	mvshk
متخصص	2134	mtkhss
تصادفی	2133	tsadfy
راک	2133	rak
فرستادن	2132	frstadn
الیور	2131	alyvr
بدونیم	2131	bdvnym
بفرست	2129	bfrst
دخترها	2129	dkhtrha
دان	2127	dan
دخترش	2126	dkhtrsh
ردیف	2126	rdyf
نقل	2126	nghl
پاسخ	2125	paskh
بعلاوه	2123	blavh
شادی	2123	shady
بجنبین	2122	bjnbyn
مارشال	2122	marshal
هنر	2121	hnr
خوشی	2120	khvshy
چاق	2120	chagh
کور	2119	kvr
مجلس	2117	mjls
باشگاه	2116	bashgah
حافظه	2116	hafzh
جونز	2112	jvnz
فرمان	2112	frman
حموم	2111	hmvm
فکرش	2110	fkrsh
راهم	2109	rahm
قسمتی	2109	ghsmty
بخرم	2108	bkhrm
تند	2105	tnd
نابودی	2102	nabvdy
خودتم	2100	khvdtm
درموردش	2100	drmvrdsh
هست؟	2099	hst
موهای	2098	mvhay
میتونستی	2097	mytvnsty
شیطانی	2096	shytany
صف	2096	sf
حرفای	2095	hrfay
منظورش	2095	mnzvrsh
نداد	2095	ndad
واکنش	2093	vaknsh
افتادن	2092	aftadn
اسباب	2089	asbab
شمارو	2086	shmarv
نمیرسه	2083	nmyrsh
بشینم	2082	bshynm
مذاکره	2082	mzakrh
هه	2082	hh
توهم	2081	tvhm
آلوده	2079	alvdh
رویا	2079	rvya
مارتین	2078	martyn
بدبخت	2076	bdbkht
خاندان	2076	khandan
کسب	2074	ksb
رام	2073	ram
سقف	2073	sghf
مربی	2073	mrby
موج	2073	mvj
آرزوی	2072	arzvy
بخوایم	2071	bkhvaym
دخالت	2071	dkhalt
پسری	2070	psry
زنان	2067	znan
میکشی	2067	mykshy
دیدنتون	2066	dydntvn
تور	2064	tvr
فرستاد	2064	frstad
مشاور	2063	mshavr
پیروی	2063	pyrvy
دیدین	2062	dydyn
روزا	2062	rvza
لوک	2061	lvk
انگلستان	2059	anglstan
اینترنت	2056	ayntrnt
نمیذارم	2056	nmyzarm
بابای	2054	babay
ترسم	2053	trsm
موندم	2053	mvndm
مشخصه	2052	mshkhsh
تپه	2051	tph
راهنمایی	2050	rahnmayy
حلش	2049	hlsh
هروقت	2049	hrvght
واضحه	2049	vazhh
الکی	2048	alky
شناسم	2048	shnasm
فکرشو	2048	fkrshv
سکه	2047	skh
احتیاط	2046	ahtyat
شاد	2046	shad
غریب	2046	ghryb
لس	2045	ls
همونطوری	2045	hmvntvry
پولدار	2045	pvldar
تعیین	2044	tyyn
زشت	2044	zsht
کمال	2042	kmal
اینطرف	2040	ayntrf
آسیبی	2039	asyby
جمعه	2039	jmh
چهارم	2039	chharm
تضمین	2034	tzmyn
اسمت	2030	asmt
ترسو	2029	trsv
کپی	2029	kpy
کول	2028	kvl
طناب	2025	tnab
بزارم	2024	bzarm
دوازده	2024	dvazdh
بکنین	2023	bknyn
دادند	2021	dadnd
درحال	2021	drhal
خلبان	2020	khlban
ایی	2019	ayy
خب،	2018	khb
نمیای	2018	nmyay
جلوگیری	2016	jlvgyry
کارتر	2015	kartr
میدین	2014	mydyn
علاوه	2012	lavh
میمونی	2011	mymvny
شنیدن	2010	shnydn
غول	2010	ghvl
برگزار	2008	brgzar
سکوت	2008	skvt
کوچیکه	2008	kvchykh
ببرین	2007	bbryn
داشتند	2007	dashtnd
کیلومتر	2007	kylvmtr
یهودی	2006	yhvdy
خری	2005	khry
طبیعت	2004	tbyt
خوشگلی	2003	khvshgly
دوسش	2003	dvssh
لمس	2003	lms
مشکلت	2003	mshklt
باغ	2002	bagh
خیره	2002	khyrh
محرمانه	2002	mhrmanh
خاموشش	2001	khamvshsh
خواین	1997	khvayn
بگن	1993	bgn
سرزنش	1993	srznsh
سیاست	1993	syast
دره	1991	drh
سرقت	1991	srght
خطا	1990	khta
خلاف	1990	khlaf
پنی	1990	pny
فدرال	1989	fdral
میبینه	1989	mybynh
جری	1987	jry
هسته	1987	hsth
خوری	1985	khvry
میذاره	1985	myzarh
امتحانش	1984	amthansh
شکلات	1983	shklat
نیز	1983	nyz
شبی	1981	shby
زیبای	1980	zybay
معرکه	1980	mrkh
نویسنده	1980	nvysndh
متقاعد	1979	mtghad
گذاشتیم	1979	gzashtym
طاقت	1978	taght
آمده	1974	amdh
برت	1974	brt
بودش	1974	bvdsh
ساعته	1974	sath
غذایی	1974	ghzayy
نابغه	1974	nabghh
ماشینم	1973	mashynm
منظورم	1973	mnzvrm
ارواح	1968	arvah
عروس	1968	rvs
مشترک	1967	mshtrk
انداختم	1966	andakhtm
فریب	1966	fryb
مساله	1965	msalh
نگهداری	1965	nghdary
اولی	1963	avly
بیرونه	1963	byrvnh
منظورتون	1961	mnzvrtvn
پائین	1961	payn
روت	1960	rvt
هو	1960	hv
پیت	1960	pyt
بلدم	1959	bldm
حاضری	1958	hazry
بجای	1957	bjay
بیارن	1957	byarn
فرستادم	1953	frstadm
پاش	1952	pash
نامزد	1950	namzd
معتقد	1949	mtghd
منتظرم	1948	mntzrm
بمونین	1946	bmvnyn
دروغگو	1946	drvghgv
امی	1945	amy
شلوغ	1944	shlvgh
قدرتمند	1944	ghdrtmnd
مطالعه	1944	mtalh
لحاظ	1943	lhaz
باهامون	1942	bahamvn
دوشیزه	1942	dvshyzh
گن	1941	gn
خائن	1939	khan
میگرده	1939	mygrdh
حبس	1937	hbs
چرخ	1937	chrkh
خریدم	1933	khrydm
خواهشا	1930	khvahsha
منابع	1929	mnab
اطاعت	1927	atat
اجرای	1926	ajray
ای؟	1926	ay
اخطار	1925	akhtar
وزن	1924	vzn
ریس	1923	rys
سیگنال	1923	sygnal
گمون	1922	gmvn
ملت	1921	mlt
میرفت	1921	myrft
جایگاه	1920	jaygah
میکشن	1920	mykshn
میخواهم	1917	mykhvahm
نهایی	1916	nhayy
آوری	1915	avry
بوسیله	1915	bvsylh
زامبی	1914	zamby
سلامت	1914	slamt
تعطیل	1913	ttyl
فرانسیس	1913	fransys
زودباشین	1912	zvdbashyn
چشمای	1912	chshmay
پری	1908	pry
کرم	1908	krm
بازیگر	1906	bazygr
ماله	1906	malh
تونل	1904	tvnl
بخون	1903	bkhvn
واشنگتن	1901	vashngtn
رادیو	1898	radyv
برف	1896	brf
پاپ	1896	pap
آنجا	1895	anja
دانم	1895	danm
دخترای	1892	dkhtray
مشهور	1891	mshhvr
همسرت	1891	hmsrt
افتادی	1890	aftady
خروجی	1890	khrvjy
خونش	1890	khvnsh
کوهستان	1889	kvhstan
وفاداری	1888	vfadary
محاصره	1885	mhasrh
گوری	1885	gvry
جاسوسی	1883	jasvsy
رویای	1883	rvyay
درود	1881	drvd
اجتماعی	1880	ajtmay
شهادت	1880	shhadt
اسمی	1878	asmy
ریم	1878	rym
همچنان	1878	hmchnan
گرده	1878	grdh
تزریق	1877	tzrygh
جالبی	1877	jalby
نماینده	1877	nmayndh
صادقانه	1876	sadghanh
حله	1875	hlh
الی	1873	aly
روزهای	1873	rvzhay
چهل	1872	chhl
روسی	1871	rvsy
بمن	1870	bmn
وحشتناکی	1869	vhshtnaky
عادلانه	1867	adlanh
مهارت	1865	mhart
موافق	1865	mvafgh
بدنیا	1864	bdnya
مجله	1863	mjlh
زنها	1862	znha
متوجهم	1862	mtvjhm
بشینی	1861	bshyny
توام	1860	tvam
کشیدی	1860	kshydy
دهه	1859	dhh
بخونی	1856	bkhvny
گریس	1856	grys
میافته	1853	myafth
راستشو	1852	rastshv
کو	1852	kv
خیس	1851	khys
ترسیدم	1849	trsydm
سوزی	1847	svzy
آور	1846	avr
بازه	1846	bazh
سلطنتی	1845	sltnty
گروگان	1845	grvgan
بدونن	1844	bdvnn
شیکاگو	1843	shykagv
خودمه	1840	khvdmh
خرد	1838	khrd
ضعف	1838	zf
پایه	1838	payh
مرتکب	1837	mrtkb
ایستاده	1836	aystadh
عذاب	1835	zab
اثری	1834	asry
جرج	1834	jrj
سوی	1834	svy
اروم	1833	arvm
بازنده	1833	bazndh
فرزند	1833	frznd
اد	1832	ad
خالیه	1832	khalyh
آینه	1831	aynh
عاشقشم	1831	ashghshm
منفی	1831	mnfy
آهن	1830	ahn
معاون	1830	mavn
کانر	1830	kanr
غیرممکنه	1829	ghyrmmknh
شدی؟	1828	shdy
شوند	1828	shvnd
کجاس	1827	kjas
ماهواره	1825	mahvarh
دونید	1824	dvnyd
مرگش	1824	mrgsh
بخشش	1823	bkhshsh
دوبار	1820	dvbar
مانع	1820	man
خوششون	1819	khvshshvn
سرده	1817	srdh
مالیات	1817	malyat
گروهی	1817	grvhy
شوالیه	1816	shvalyh
پاول	1816	pavl
نمیخوره	1814	nmykhvrh
سود	1812	svd
مرخصی	1812	mrkhsy
نیومدم	1811	nyvmdm
بنده	1810	bndh
موند	1810	mvnd
بارها	1808	barha
خواستن	1807	khvastn
اینجارو	1805	aynjarv
دیدیش	1805	dydysh
سوزان	1804	svzan
سیاسی	1804	syasy
آمیز	1803	amyz
خشن	1803	khshn
مغزی	1803	mghzy
تو؟	1802	tv
امسال	1801	amsal
میرسیم	1801	myrsym
برعکس	1799	brks
میگین	1799	mygyn
داشتید	1798	dashtyd
مقاله	1797	mghalh
چنده	1796	chndh
بستنی	1795	bstny
نفرت	1795	nfrt
ماسک	1794	mask
محاکمه	1792	mhakmh
ردیابی	1791	rdyaby
سام	1791	sam
ابی	1787	aby
نتونست	1787	ntvnst
اثبات	1786	asbat
نظام	1783	nzam
اخیر	1782	akhyr
برداشته	1782	brdashth
بایست	1781	bayst
بیافته	1781	byafth
میارن	1781	myarn
نزدم	1781	nzdm
فرصتی	1780	frsty
میمیرم	1780	mymyrm
یجورایی	1780	yjvrayy
نظرتون	1779	nzrtvn
خوابم	1778	khvabm
سالگی	1778	salgy
طلوع	1778	tlv
اسمشو	1777	asmshv
سالشه	1777	salshh
یادداشت	1777	yaddasht
راب	1776	rab
میبینیم	1776	mybynym
کونی	1776	kvny
قانع	1775	ghan
هواپیمای	1775	hvapymay
نباشید	1774	nbashyd
مث	1772	ms
اتفاقا	1770	atfagha
منتظره	1770	mntzrh
گیرش	1770	gyrsh
فعالیت	1768	falyt
بعدشم	1767	bdshm
جنی	1767	jny
صفر	1767	sfr
جدیده	1766	jdydh
مارتی	1765	marty
اوم	1764	avm
دومین	1764	dvmyn
لوئیس	1763	lvys
نرفته	1763	nrfth
مجوز	1761	mjvz
تکنولوژی	1760	tknvlvzhy
ایران	1759	ayran
شجاعت	1758	shjat
نمیشن	1758	nmyshn
جلوتر	1757	jlvtr
حضرت	1757	hzrt
داری؟	1756	dary
محموله	1754	mhmvlh
موبایل	1752	mvbayl
ربکا	1750	rbka
خوردیم	1749	khvrdym
میاریم	1749	myarym
هندی	1749	hndy
نمیدن	1747	nmydn
همجنس	1747	hmjns
تروریست	1746	trvryst
میرفتم	1746	myrftm
جوجه	1745	jvjh
تونستیم	1744	tvnstym
هرکی	1743	hrky
کابوس	1742	kabvs
عروسک	1741	rvsk
جفتمون	1740	jftmvn
دیدار	1740	dydar
ادعا	1739	ada
تعمیر	1739	tmyr
دارمش	1739	darmsh
دهد	1738	dhd
سرو	1738	srv
خوشبختم	1737	khoshbakhtam
قطعه	1737	ghth
میمیری	1737	mymyry
نمیزنه	1737	nmyznh
سرمون	1736	srmvn
چجور	1736	chjvr
یادآوری	1736	yadavry
اروپا	1735	arvpa
افتاد؟	1735	aftad
بازگشت	1735	bazgsht
باهوشی	1734	bahvshy
امیر	1733	amyr
فراتر	1733	fratr
فراهم	1733	frahm
ختم	1732	khtm
ارزشی	1731	arzshy
دادید	1731	dadyd
عشقم	1731	shghm
بایستی	1730	baysty
دوی	1729	dvy
روبراهه	1729	rvbrahh
ارزشش	1728	arzshsh
سرگرد	1728	srgrd
مقداری	1728	mghdary
ره	1726	rh
صورتم	1726	svrtm
نشنیدم	1726	nshnydm
مامانی	1725	mamany
مقام	1724	mgham
لیاقت	1723	lyaght
احتیاجی	1722	ahtyajy
بازیه	1722	bazyh
نفهمیدم	1721	nfhmydm
نقره	1720	nghrh
لاک	1719	lak
نباشی	1719	nbashy
نیکی	1719	nyky
میبری	1718	mybry
پرده	1717	prdh
نادیده	1716	nadydh
بزارید	1713	bzaryd
جکسون	1713	jksvn
وان	1711	van
صدها	1710	sdha
هل	1710	hl
دنیایی	1709	dnyayy
پشیمون	1709	pshymvn
ارتفاع	1708	artfa
هارولد	1708	harvld
فهمیده	1707	fhmydh
مدرکی	1706	mdrky
دستات	1705	dstat
مناسبی	1705	mnasby
علم	1704	lm
میرین	1704	myryn
مد	1703	md
نوشتم	1703	nvshtm
هرحال	1703	hrhal
پیمان	1702	pyman
دونستی	1700	dvnsty
غروب	1700	ghrvb
کردنه	1700	krdnh
هردومون	1699	hrdvmvn
هلیکوپتر	1698	hlykvptr
تابستون	1697	tabstvn
دوک	1697	dvk
رقابت	1697	rghabt
نقد	1697	nghd
پناهگاه	1697	pnahgah
اسکار	1695	askar
داروی	1695	darvy
آدام	1694	adam
دهنتو	1694	dhntv
بوس	1693	bvs
چشمام	1693	chshmam
نداشتن	1692	ndashtn
ایمیل	1689	aymyl
صادق	1688	sadgh
سایت	1687	sayt
جذب	1686	jzb
آدمهای	1684	admhay
تظاهر	1684	tzahr
جاهای	1684	jahay
صدایی	1681	sdayy
نمیزنم	1681	nmyznm
گناهکار	1681	gnahkar
جمهوری	1680	jmhvry
جیب	1680	jyb
چگونه	1680	chgvnh
اصلاح	1677	aslah
خرگوش	1677	khrgvsh
خلق	1677	khlgh
خودتی	1677	khvdty
خدمه	1675	khdmh
سالمه	1674	salmh
یافته	1673	yafth
مردمی	1672	mrdmy
بنزین	1671	bnzyn
عیب	1669	yb
دنیل	1668	dnyl
میوه	1668	myvh
پیچ	1668	pych
تدی	1667	tdy
حین	1667	hyn
فلش	1667	flsh
میخواهی	1667	mykhvahy
دستمون	1666	dstmvn
سزار	1666	szar
اینور	1665	aynvr
ترکیب	1664	trkyb
آسانسور	1663	asansvr
دلیلش	1662	dlylsh
برمیگردیم	1661	brmygrdym
تحریک	1661	thryk
شونه	1661	shvnh
هلن	1660	hln
اسپارتاکوس	1659	aspartakvs
شبه	1658	shbh
آزار	1657	azar
تلفنی	1657	tlfny
همینجاست	1657	hmynjast
صبحانه	1656	sbhanh
غافلگیر	1656	ghaflgyr
خدمتکار	1655	khdmtkar
قلمرو	1654	ghlmrv
سورپرایز	1653	svrprayz
دیونه	1652	dyvnh
مامان؟	1652	maman
بفهمن	1651	bfhmn
موزیک	1651	mvzyk
بابا؟	1649	baba
جنگیدن	1649	jngydn
مجبوری	1649	mjbvry
ترسیدی	1646	trsydy
مجبوریم	1646	mjbvrym
دستتو	1645	dsttv
عمه	1645	mh
روشنایی	1644	rvshnayy
منصفانه	1644	mnsfanh
نیستید	1644	nystyd
نیستین	1643	nystyn
بمونن	1642	bmvnn
وقتها	1642	vghtha
بخوان	1641	bkhvan
گشتم	1641	gshtm
یکشنبه	1641	ykshnbh
میخواستن	1640	mykhvastn
بکشین	1637	bkshyn
زرد	1637	zrd
دزدیدن	1636	dzdydn
استفن	1635	astfn
جزو	1635	jzv
صبحونه	1635	sbhvnh
میخام	1635	mykham
نیار	1635	nyar
برادران	1634	bradran
ر	1634	r
خونم	1633	khvnm
تخته	1631	tkhth
سوء	1631	sv
غیرقابل	1631	ghyrghabl
ارشد	1630	arshd
بل	1630	bl
میگردی	1630	mygrdy
پلیسا	1630	plysa
ممم	1629	m
دوشنبه	1628	dvshnbh
میداره	1628	mydarh
تای	1627	tay
نگرانش	1627	ngransh
سرشون	1625	srshvn
زیرزمین	1624	zyrzmyn
چاپ	1624	chap
افرادت	1622	afradt
علمی	1622	lmy
وایسین	1621	vaysyn
ورزش	1621	vrzsh
مجانی	1620	mjany
کنم؟	1620	knm
قدرتی	1619	ghdrty
بشر	1618	bshr
آمبولانس	1617	ambvlans
پشتی	1616	pshty
سرکار	1615	srkar
وایت	1615	vayt
کارخونه	1615	karkhvnh
ببینیش	1614	bbynysh
رابین	1614	rabyn
توالت	1613	tvalt
تامین	1611	tamyn
دستیار	1611	dstyar
ساندویچ	1606	sandvych
نفع	1605	nf
بودی؟	1604	bvdy
رودخانه	1604	rvdkhanh
محمد	1603	mhmd
نزدیکتر	1603	nzdyktr
هیشکی	1603	hyshky
نکش	1602	nksh
گمشده	1602	gmshdh
مجرم	1601	mjrm
بازیکن	1600	bazykn
حیات	1600	hyat
لاس	1600	las
لوگان	1599	lvgan
گیرت	1599	gyrt
الماس	1598	almas
ماهه	1598	mahh
محیط	1597	mhyt
نمیام	1596	nmyam
اتفاقاتی	1595	atfaghaty
اعظم	1594	azm
شوهرت	1594	shvhrt
غلط	1594	ghlt
اساسی	1593	asasy
تفاوت	1593	tfavt
داخلش	1593	dakhlsh
گزینه	1593	gzynh
مطلب	1592	mtlb
نمیشد	1591	nmyshd
کمه	1591	kmh
نمک	1590	nmk
اردوگاه	1589	ardvgah
انگلیس	1589	anglys
نباشم	1589	nbashm
دانی	1588	dany
پنیر	1587	pnyr
راهش	1584	rahsh
کاهش	1583	kahsh
میدید	1581	mydyd
برگردون	1580	brgrdvn
محدوده	1580	mhdvdh
ک	1579	k
پرنسس	1577	prnss
آشنایی	1576	ashnayy
پسرها	1576	psrha
اکسیژن	1574	aksyzhn
داستانی	1573	dastany
ذخیره	1573	zkhyrh
بازرسی	1571	bazrsy
تونین	1569	tvnyn
جونم	1569	jvnm
خدانگهدار	1569	khdanghdar
هرکول	1569	hrkvl
استیون	1568	astyvn
خودکار	1568	khvdkar
وفادار	1567	vfadar
بندم	1566	bndm
کارن	1566	karn
ویکی	1565	vyky
ایوان	1564	ayvan
عموم	1564	mvm
منتظرت	1564	mntzrt
نخواهم	1564	nkhvahm
قد	1563	ghd
استعفا	1561	astfa
علی	1561	ly
نظریه	1561	nzryh
بخواین	1560	bkhvayn
برسونه	1560	brsvnh
اسمیت	1559	asmyt
خبرا	1559	khbra
سفت	1559	sft
نوشتن	1558	nvshtn
مثبت	1557	msbt
نیا	1556	nya
هک	1556	hk
ناخدا	1555	nakhda
اگرچه	1553	agrchh
ببرن	1553	bbrn
بخاطرش	1553	bkhatrsh
پوند	1553	pvnd
شورش	1552	shvrsh
ندارند	1551	ndarnd
کالج	1551	kalj
بگذریم	1549	bgzrym
دوس	1549	dvs
سادگی	1549	sadgy
گرفتین	1549	grftyn
تحسین	1548	thsyn
بدبختی	1547	bdbkhty
میدارم	1547	mydarm
میشین	1546	myshyn
هرچند	1544	hrchnd
برسونم	1543	brsvnm
خانوادگی	1543	khanvadgy
بخری	1542	bkhry
جایگزین	1542	jaygzyn
خان	1541	khan
نفره	1541	nfrh
لیلا	1538	lyla
نتونه	1538	ntvnh
نزدیکه	1536	nzdykh
بصورت	1535	bsvrt
درمانی	1535	drmany
مذهبی	1534	mzhby
نتونم	1534	ntvnm
سرگرم	1533	srgrm
عرق	1533	rgh
فاسد	1533	fasd
میترسی	1533	mytrsy
سرور	1531	srvr
پارسی	1531	parsy
افرادم	1530	afradm
نخیر	1530	nkhyr
اعتراض	1529	atraz
منحرف	1528	mnhrf
بدجور	1527	bdjvr
خوابه	1527	khvabh
دیوونگیه	1527	dyvvngyh
چطوریه	1527	chtvryh
حذف	1526	hzf
مهمان	1526	mhman
بنظرت	1525	bnzrt
اووه	1524	avvh
دلایل	1522	dlayl
گفتین	1521	gftyn
قهرمانی	1520	ghhrmany
وو	1520	vv
پزشک	1520	pzshk
پیشه	1520	pyshh
بخورید	1519	bkhvryd
بعدش	1519	bdsh
شرم	1519	shrm
اینطوریه	1518	ayntvryh
خم	1517	khm
ساعتی	1517	saty
شوهرش	1517	shvhrsh
وزارت	1515	vzart
حسش	1514	hssh
بخورین	1513	bkhvryn
سرگرمی	1513	srgrmy
تونسته	1512	tvnsth
ماریا	1512	marya
مسافرت	1512	msafrt
میرسی	1512	myrsy
نورمن	1512	nvrmn
کیتی	1512	kyty
فارغ	1511	fargh
خدمات	1510	khdmat
تاد	1509	tad
مواجه	1509	mvajh
عملی	1507	mly
نمرده	1507	nmrdh
همراهی	1507	hmrahy
آسونه	1506	asvnh
جن	1506	jn
دلاری	1506	dlary
امکانش	1504	amkansh
ژاپنی	1504	zhapny
کارولاین	1504	karvlayn
اشک	1503	ashk
ویسکی	1503	vysky
جادوی	1502	jadvy
سریعا	1501	srya
مدیریت	1501	mdyryt
کوچیکی	1499	kvchyky
کینگ	1499	kyng
انداز	1498	andaz
نمیبینم	1498	nmybynm
پیک	1497	pyk
کریستین	1497	krystyn
بیشترین	1494	byshtryn
سینما	1494	synma
میکشمت	1494	mykshmt
احساساتی	1493	ahsasaty
سیا	1493	sya
سیتی	1493	syty
احترامی	1492	ahtramy
دوچرخه	1491	dvchrkhh
سهم	1490	shm
نمیکرد	1490	nmykrd
بنویسم	1489	bnvysm
دولتی	1489	dvlty
مقایسه	1488	mghaysh
الکل	1487	alkl
زل	1487	zl
شاو	1485	shav
خواننده	1484	khvanndh
میزان	1484	myzan
اضافی	1483	azafy
بیایی	1483	byayy
مونم	1483	mvnm
انکار	1482	ankar
بهمین	1482	bhmyn
قبر	1482	ghbr
کوتوله	1480	kvtvlh
بسیاری	1479	bsyary
تجهیزات	1479	tjhyzat
مقابله	1478	mghablh
نه،نه	1478	nhnh
لئونارد	1477	lvnard
طرفدار	1475	trfdar
آدمها	1474	admha
افتادیم	1474	aftadym
پرسید	1474	prsyd
خل	1473	khl
زندگیه	1473	zndgyh
سید	1473	syd
فیشر	1473	fyshr
مادربزرگ	1473	madrbzrg
کوپر	1473	kvpr
نیزه	1471	nyzh
بپوش	1470	bpvsh
شیش	1468	shysh
حمام	1467	hmam
خطری	1467	khtry
سراسر	1467	srasr
هاوارد	1467	havard
آغوش	1465	aghvsh
تسخیر	1465	tskhyr
فوری	1464	fvry
نظارت	1463	nzart
گرد	1463	grd
دردی	1461	drdy
خانمها	1460	khanmha
والت	1460	valt
افتاده؟	1459	aftadh
شکم	1459	shkm
چشماش	1459	chshmash
برسن	1458	brsn
بیخیالش	1458	bykhyalsh
مشکوک	1457	mshkvk
نزدیکی	1457	nzdyky
فضای	1456	fzay
منتشر	1456	mntshr
مخالف	1455	mkhalf
اندازی	1454	andazy
ریخت	1454	rykht
پیوند	1454	pyvnd
مریضی	1453	mryzy
حالیکه	1452	halykh
نمیکشه	1452	nmykshh
ترسی	1451	trsy
سهام	1450	sham
برسون	1449	brsvn
کوفتیه	1449	kvftyh
کنترلش	1446	kntrlsh
جف	1445	jf
راهرو	1445	rahrv
ماشینت	1445	mashynt
میفرستم	1445	myfrstm
پرچم	1445	prchm
مقامات	1444	mghamat
اخرین	1443	akhryn
لغو	1443	lghv
نشی	1443	nshy
نیست؟	1443	nyst
بدیه	1441	bdyh
بگذار	1441	bgzar
ندیدمش	1441	ndydmsh
تابحال	1440	tabhal
داوطلب	1439	davtlb
ربط	1439	rbt
دستای	1437	dstay
فرماندار	1437	frmandar
قابلی	1437	ghably
فنی	1436	fny
بیشتره	1435	byshtrh
فهمیدیم	1434	fhmydym
لیز	1434	lyz
مثال	1434	msal
له	1433	lh
فهمیدن	1432	fhmydn
انسانها	1431	ansanha
خطره	1431	khtrh
رفتنه	1430	rftnh
آمدی	1429	amdy
الهام	1429	alham
زجر	1429	zjr
مراقبش	1428	mraghbsh
نیل	1428	nyl
وابسته	1428	vabsth
بدرد	1427	bdrd
خرابه	1427	khrabh
آر	1426	ar
بیهوش	1425	byhvsh
مبارز	1425	mbarz
میخای	1424	mykhay
قدیم	1423	ghdym
بفرمایین	1421	bfrmayyn
سرتون	1421	srtvn
محوطه	1421	mhvth
کیسی	1421	kysy
معدن	1418	mdn
اقدام	1417	aghdam
بت	1417	bt
برگ	1417	brg
جنگجوی	1417	jngjvy
سپس	1417	sps
مهمترین	1417	mhmtryn
زمانیکه	1416	zmanykh
وگاس	1416	vgas
کلوچه	1416	klvchh
تشویق	1415	tshvygh
سلام،	1415	slam
نژاد	1415	nzhad
اسپانیایی	1413	aspanyayy
عاشقانه	1413	ashghanh
کال	1413	kal
بارت	1412	bart
برگشتیم	1412	brgshtym
نیت	1411	nyt
هنگام	1411	hngam
پیتزا	1410	pytza
مستقیما	1409	mstghyma
هانا	1409	hana
گفتیم	1409	gftym
اینی	1408	ayny
میپرسم	1408	myprsm
اینجاس	1407	aynjas
چقدره	1406	chghdrh
استخوان	1404	astkhvan
بگیریدش	1404	bgyrydsh
جنگجو	1404	jngjv
زوج	1404	zvj
مونی	1404	mvny
نگهبانی	1404	nghbany
دنیس	1403	dnys
کنت	1402	knt
برداشتم	1401	brdashtm
بندازین	1401	bndazyn
میگردیم	1401	mygrdym
اسیر	1400	asyr
صخره	1400	skhrh
متفاوتی	1399	mtfavty
اوناهاش	1398	avnahash
حرفو	1398	hrfv
درگیری	1398	drgyry
بالایی	1397	balayy
بیگانه	1397	byganh
روابط	1397	rvabt
کمپانی	1397	kmpany
خوبیم	1396	khvbym
پاتریک	1396	patryk
ببندی	1395	bbndy
بلک	1395	blk
بوسه	1395	bvsh
رسما	1395	rsma
بیگناه	1394	bygnah
اختراع	1393	akhtra
برگردونم	1393	brgrdvnm
رید	1390	ryd
محسوب	1389	mhsvb
نشدن	1389	nshdn
پنجم	1389	pnjm
بک	1388	bk
ران	1388	ran
خلاصه	1387	khlash
لیزا	1387	lyza
مجسمه	1387	mjsmh
ایتالیایی	1386	aytalyayy
سربازان	1386	srbazan
شوک	1386	shvk
فاجعه	1386	fajh
افکار	1384	afkar
بچرخ	1384	bchrkh
کافه	1384	kafh
گفتنش	1384	gftnsh
اعصاب	1383	asab
راشل	1383	rashl
استخر	1382	astkhr
نشنیدی	1381	nshnydy
نمیتونید	1380	nmytvnyd
نمیشناسم	1380	nmyshnasm
برمیاد	1379	brmyad
بمیر	1379	bmyr
میگید	1379	mygyd
آلفا	1378	alfa
روحی	1378	rvhy
والدین	1378	valdyn
جسیکا	1377	jsyka
سینگ	1376	syng
فیلیپ	1376	fylyp
ندارد	1376	ndard
تصاویر	1375	tsavyr
گفتید	1375	gftyd
مدام	1374	mdam
عسل	1373	sl
ماشینو	1372	mashynv
نزده	1372	nzdh
گمش	1372	gmsh
دومون	1370	dvmvn
مرگت	1370	mrgt
میخواستیم	1370	mykhvastym
طرفه	1369	trfh
بوستون	1368	bvstvn
شایعه	1367	shayh
میمیرن	1367	mymyrn
دونست	1366	dvnst
هماهنگ	1366	hmahng
حوصله	1365	hvslh
طعمه	1365	tmh
استرس	1364	astrs
صادر	1364	sadr
قمار	1364	ghmar
لوس	1364	lvs
مخفیانه	1364	mkhfyanh
بگردیم	1363	bgrdym
خالکوبی	1362	khalkvby
ماشه	1362	mashh
میزدی	1362	myzdy
سرما	1361	srma
قبیله	1361	ghbylh
رضای	1360	rzay
معنای	1360	mnay
مفید	1360	mfyd
نمیخوایم	1359	nmykhvaym
ویلسون	1359	vylsvn
امیدی	1358	amydy
بزارین	1358	bzaryn
مصنوعی	1358	msnvy
شبانه	1357	shbanh
تنبیه	1356	tnbyh
نمیفهمی	1356	nmyfhmy
نمیگه	1356	nmygh
بمیرن	1354	bmyrn
بدونید	1353	bdvnyd
دایره	1352	dayrh
زنجیر	1352	znjyr
الن	1351	aln
بزاریم	1351	bzarym
قفس	1351	ghfs
لری	1351	lry
اب	1350	ab
قصه	1350	ghsh
نخورده	1350	nkhvrdh
قائل	1349	ghal
میون	1349	myvn
گسترش	1349	gstrsh
برگه	1347	brgh
ژاپن	1347	zhapn
امریکایی	1346	amrykayy
ایرادی	1346	ayrady
عمرت	1346	mrt
لعنتت	1346	lntt
مردا	1346	mrda
نگرفتم	1346	ngrftm
اوناست	1345	avnast
زره	1345	zrh
نشونش	1345	nshvnsh
کوچه	1344	kvchh
خوندی	1343	khvndy
لورا	1343	lvra
برلین	1340	brlyn
جزئی	1339	jzy
گفتند	1339	gftnd
زیادیه	1338	zyadyh
همدیگرو	1338	hmdygrv
دریچه	1337	drychh
شرایطی	1337	shrayty
افتخاره	1336	aftkharh
مغزت	1336	mghzt
مکزیک	1335	mkzyk
میدون	1335	mydvn
میلر	1335	mylr
صداتو	1334	sdatv
ساختم	1333	sakhtm
مان	1333	man
هرچه	1333	hrchh
شلدون	1332	shldvn
میزارم	1332	myzarm
اینهمه	1331	aynhmh
دیدید	1331	dydyd
آماندا	1328	amanda
فرم	1328	frm
اولیویا	1327	avlyvya
ندی	1327	ndy
نمیتونست	1327	nmytvnst
مواقع	1326	mvagh
میدادی	1326	mydady
کوئین	1325	kvyn
جت	1324	jt
میبینی؟	1324	mybyny
دنیاست	1321	dnyast
مسلما	1321	mslma
نتونی	1321	ntvny
دستشون	1320	dstshvn
منظوری	1320	mnzvry
اسنو	1319	asnv
باباش	1319	babash
احمقم	1318	ahmghm
مترو	1318	mtrv
خوبن	1317	khvbn
اسمش	1316	asmsh
هیچکسی	1316	hychksy
بسازیم	1315	bsazym
داستانش	1315	dastansh
گله	1315	glh
بگذارید	1314	bgzaryd
نصیحت	1314	nsyht
گفتش	1314	gftsh
یواش	1314	yvash
دریای	1313	dryay
طبیعیه	1313	tbyyh
آنی	1312	any
انتخابی	1312	antkhaby
درها	1312	drha
همانطور	1312	hmantvr
گرمه	1312	grmh
تقاضای	1311	tghazay
دروغه	1310	drvghh
میرسم	1310	myrsm
نقص	1310	nghs
کالیفرنیا	1310	kalyfrnya
بیفت	1309	byft
ضربان	1309	zrban
کونت	1308	kvnt
حرکتی	1306	hrkty
لگد	1306	lgd
متنفره	1306	mtnfrh
شنیدیم	1305	shnydym
یی	1305	yy
بشنوه	1304	bshnvh
راحته	1304	rahth
نظم	1304	nzm
مایلی	1303	mayly
رزرو	1301	rzrv
همیشگی	1301	hmyshgy
بجنبید	1300	bjnbyd
شایسته	1300	shaysth
شمارش	1300	shmarsh
عامل	1300	aml
میشید	1300	myshyd
نجاتت	1299	njatt
کلیسای	1299	klysay
خاکستر	1298	khakstr
نخواهی	1298	nkhvahy
بلده	1297	bldh
روغن	1297	rvghn
میبینمتون	1297	mybynmtvn
جزء	1296	jz
جیکوب	1296	jykvb
دفاعی	1296	dfay
سیر	1296	syr
طلب	1296	tlb
نابودش	1296	nabvdsh
ریش	1295	rysh
فروخته	1294	frvkhth
پرسیدی	1294	prsydy
سوپ	1292	svp
تانک	1291	tank
ذهنی	1291	zhny
روستا	1291	rvsta
مه	1291	mh
دستگیرش	1290	dstgyrsh
شارلوت	1290	sharlvt
رشوه	1289	rshvh
خوابیدی	1288	khvabydy
نزد	1288	nzd
گرسنگی	1288	grsngy
نمیتونین	1287	nmytvnyn
آشپزی	1285	ashpzy
نبودیم	1285	nbvdym
ناحیه	1284	nahyh
خطوط	1283	khtvt
آرون	1282	arvn
تیپ	1282	typ
رسم	1282	rsm
ستون	1282	stvn
مرگته	1282	mrgth
بدهی	1281	bdhy
رشته	1281	rshth
جوش	1280	jvsh
همزمان	1280	hmzman
اکثر	1278	aksr
خارق	1278	khargh
میخواسته	1278	mykhvasth
چایی	1277	chayy
کیو	1277	kyv
گره	1277	grh
فیزیکی	1276	fyzyky
جولیا	1275	jvlya
گیل	1275	gyl
چنگ	1274	chng
کشم	1274	kshm
نرسیده	1273	nrsydh
اذیتت	1272	azytt
پاداش	1270	padash
میرسن	1269	myrsn
باورش	1268	bavrsh
برخی	1268	brkhy
تجدید	1268	tjdyd
دزدید	1268	dzdyd
خونت	1267	khvnt
توطئه	1266	tvth
مغزش	1266	mghzsh
خریده	1265	khrydh
دایی	1265	dayy
قدرتش	1265	ghdrtsh
حیاط	1264	hyat
هاه	1264	hah
بکشمت	1263	bkshmt
تف	1263	tf
جونت	1263	jvnt
شور	1263	shvr
نمیزنی	1263	nmyzny
نگی	1261	ngy
امور	1260	amvr
روشنه	1260	rvshnh
سوخته	1260	svkhth
مسموم	1260	msmvm
موهات	1260	mvhat
نفرو	1260	nfrv
انتخابات	1259	antkhabat
تشریف	1259	tshryf
میخورن	1259	mykhvrn
پولت	1259	pvlt
حیف	1258	hyf
ترور	1257	trvr
موی	1256	mvy
پلیسی	1256	plysy
کنفرانس	1256	knfrans
برمیگردی	1255	brmygrdy
روحش	1255	rvhsh
محدود	1255	mhdvd
نتایج	1255	ntayj
سوفی	1253	svfy
آهنی	1251	ahny
امپراطوری	1250	ampratvry
بینیم	1250	bynym
محبوب	1250	mhbvb
ناگهانی	1250	naghany
همینم	1250	hmynm
پولو	1250	pvlv
ایوا	1249	ayva
بخوابه	1249	bkhvabh
بگرد	1249	bgrd
تب	1249	tb
ایمی	1248	aymy
جس	1248	js
سس	1248	ss
میرید	1248	myryd
همدیگر	1248	hmdygr
کارتو	1248	kartv
دزدیدی	1247	dzdydy
فرودو	1247	frvdv
مورگان	1247	mvrgan
نمیخواست	1247	nmykhvast
گمان	1247	gman
میندازی	1246	myndazy
نتونستی	1246	ntvnsty
پاکسازی	1246	paksazy
المللی	1245	almlly
تیرانداز	1245	tyrandaz
خوشوقت	1245	khvshvght
موارد	1245	mvard
پو	1245	pv
بفرستم	1244	bfrstm
تاخیر	1244	takhyr
هال	1244	hal
پرسی	1244	prsy
آویزون	1243	avyzvn
قیمتی	1243	ghymty
اسکن	1242	askn
بیایین	1242	byayyn
ناشناس	1242	nashnas
یازده	1242	yazdh
عفونت	1241	fvnt
نخست	1241	nkhst
نوه	1241	nvh
پاتر	1240	patr
ارتشی	1239	artshy
ندید	1239	ndyd
کارشو	1239	karshv
سراغش	1238	sraghsh
سرپرست	1238	srprst
بخونه	1237	bkhvnh
اتاقت	1236	ataght
بدونین	1236	bdvnyn
عام	1236	am
وقتت	1236	vghtt
کاریش	1236	karysh
احضار	1235	ahzar
جابجا	1234	jabja
پدربزرگ	1234	pdrbzrg
پوشیدی	1234	pvshydy
گاتهام	1234	gatham
کلوپ	1232	klvp
جستجوی	1231	jstjvy
دهکده	1230	dhkdh
علت	1230	lt
مانده	1230	mandh
غار	1229	ghar
هممم	1228	hm
گهی	1228	ghy
عاشقت	1227	ashght
ماها	1227	maha
گیاه	1227	gyah
زندگیمون	1226	zndgymvn
قراری	1226	ghrary
پرش	1226	prsh
برداشتی	1225	brdashty
بعله	1225	blh
دانا	1224	dana
دیره	1224	dyrh
ساک	1223	sak
عظیم	1223	zym
مشاهده	1223	mshahdh
ولز	1223	vlz
کنگره	1223	kngrh
تفریح	1222	tfryh
عشقی	1222	shghy
چندلر	1222	chndlr
جهنمی	1221	jhnmy
گرفتید	1221	grftyd
دیدنش	1220	dydnsh
لا	1220	la
منظره	1220	mnzrh
حاضره	1219	hazrh
خوشبختانه	1219	khvshbkhtanh
نشین	1219	nshyn
مادرجنده	1218	madrjndh
معرض	1218	mrz
کنسل	1217	knsl
دسترس	1216	dstrs
قولی	1216	ghvly
متصل	1215	mtsl
اتاقم	1213	ataghm
خدایی	1213	khdayy
معتاد	1213	mtad
بردیم	1212	brdym
خرابش	1212	khrabsh
خونده	1212	khvndh
ریشه	1212	ryshh
سرتو	1212	srtv
لباست	1212	lbast
سوگند	1211	svgnd
گوردون	1211	gvrdvn
اسکارلت	1210	askarlt
شیمیایی	1209	shymyayy
قدیمیه	1209	ghdymyh
هرچقدر	1208	hrchghdr
اینجوریه	1207	aynjvryh
مریضه	1207	mryzh
میگفتن	1207	mygftn
کیا	1207	kya
بگیرینش	1206	bgyrynsh
موزه	1205	mvzh
چیس	1205	chys
مجموعه	1204	mjmvh
کمد	1203	kmd
گارد	1203	gard
خونسرد	1202	khvnsrd
راجر	1202	rajr
مالکوم	1202	malkvm
پولم	1202	pvlm
ابزار	1201	abzar
شیطون	1201	shytvn
گیریم	1201	gyrym
همسرتون	1200	hmsrtvn
کلک	1200	klk
الانشم	1199	alanshm
فکرکنم	1199	fkrknm
تجاری	1198	tjary
عقیده	1198	ghydh
ماهیگیری	1198	mahygyry
مرتیکه	1198	mrtykh
ملک	1198	mlk
مهمتر	1198	mhmtr
دانلود	1197	danlvd
زنیم	1197	znym
شعله	1197	shlh
عینک	1197	ynk
باهمدیگه	1196	bahmdygh
خاطرش	1196	khatrsh
ماشینی	1196	mashyny
اتحاد	1195	athad
اغلب	1195	aghlb
عوضش	1195	vzsh
آلفرد	1194	alfrd
وینسنت	1194	vynsnt
چکش	1193	chksh
حقیقته	1192	hghyghth
بپوشی	1191	bpvshy
تحقیر	1191	thghyr
اعتبار	1190	atbar
حواستون	1190	hvastvn
عدد	1190	dd
متوقفش	1190	mtvghfsh
ممنوع	1189	mmnv
اونموقع	1188	avnmvgh
تالار	1188	talar
مطرح	1188	mtrh
میشناسه	1188	myshnash
ایکس	1187	ayks
خبردار	1186	khbrdar
مزخرفات	1186	mzkhrfat
پارکر	1186	parkr
تعدادی	1185	tdady
تیلور	1185	tylvr
گلن	1185	gln
مستی	1184	msty
پایتخت	1184	paytkht
گرچه	1184	grchh
جنایی	1183	jnayy
میمونیم	1183	mymvnym
ازای	1182	azay
اسرار	1182	asrar
دکستر	1182	dkstr
قویه	1182	ghvyh
گردی	1182	grdy
مدال	1181	mdal
نزدی	1181	nzdy
سرنخ	1180	srnkh
مجبورش	1180	mjbvrsh
نفت	1180	nft
نینا	1180	nyna
سپری	1179	spry
قبولش	1179	ghbvlsh
برگردونی	1178	brgrdvny
تروریستی	1178	trvrysty
واستا	1178	vasta
بازسازی	1177	bazsazy
تواند	1177	tvand
پارکینگ	1177	parkyng
ببرمت	1176	bbrmt
سلطان	1176	sltan
مارتا	1176	marta
لنیستر	1175	lnystr
والا	1175	vala
گرفتند	1175	grftnd
ماشینش	1174	mashynsh
افتضاح	1173	aftzah
بپوشم	1173	bpvshm
لحظات	1173	lhzat
گرون	1173	grvn
تئوری	1172	tvry
دیم	1172	dym
الکساندر	1171	alksandr
بتمن	1171	btmn
سومین	1171	svmyn
شنوی	1171	shnvy
ممنوعه	1171	mmnvh
یونان	1171	yvnan
رومی	1169	rvmy
بنا	1168	bna
فایل	1168	fayl
مقر	1168	mghr
موندی	1168	mvndy
هزارتا	1168	hzarta
دارایی	1167	darayy
ماند	1167	mand
دستمال	1166	dstmal
شیاطین	1166	shyatyn
عدم	1166	dm
خوشبخت	1164	khvshbkht
فرستادی	1164	frstady
قفسه	1164	ghfsh
مربوطه	1164	mrbvth
میمیریم	1164	mymyrym
اونجان	1163	avnjan
مونیکا	1162	mvnyka
دلقک	1161	dlghk
میخونه	1161	mykhvnh
نیو	1161	nyv
هردو	1161	hrdv
پیشرفته	1161	pyshrfth
معمول	1158	mmvl
کشتار	1158	kshtar
تیز	1157	tyz
معنیه	1157	mnyh
استون	1156	astvn
تصمیمی	1156	tsmymy
حرفات	1156	hrfat
هاتو	1155	hatv
هرجایی	1155	hrjayy
وایسید	1155	vaysyd
اوردی	1154	avrdy
بمیریم	1154	bmyrym
دونن	1154	dvnn
بجنگیم	1153	bjngym
برگردن	1153	brgrdn
تغذیه	1153	tghzyh
امواج	1152	amvaj
روان	1152	rvan
فینچ	1152	fynch
نوک	1152	nvk
پارسال	1152	parsal
پیشنهادی	1152	pyshnhady
کردنت	1152	krdnt
بسازم	1151	bsazm
ثروت	1150	srvt
دستا	1150	dsta
لوری	1150	lvry
لوییس	1150	lvyys
اعتباری	1148	atbary
دنبالشون	1148	dnbalshvn
منشی	1148	mnshy
برایه	1147	brayh
نازی	1147	nazy
برسونی	1146	brsvny
غرور	1146	ghrvr
قرارمون	1146	ghrarmvn
محو	1146	mhv
مفهوم	1146	mfhvm
بفرمائید	1144	bfrmayd
پیانو	1143	pyanv
گردیم	1143	grdym
احتمالش	1142	ahtmalsh
شدنه	1142	shdnh
دانشکده	1141	danshkdh
عموی	1141	mvy
پیدام	1140	pydam
گنج	1140	gnj
آنتونی	1139	antvny
خفن	1139	khfn
نانسی	1139	nansy
کیلو	1139	kylv
بشریت	1138	bshryt
حزب	1138	hzb
روراست	1138	rvrast
یونانی	1137	yvnany
ردینگتون	1136	rdyngtvn
نشستم	1136	nshstm
همشو	1136	hmshv
هیتلر	1136	hytlr
آشکار	1135	ashkar
آلبرت	1135	albrt
حساس	1135	hsas
کلر	1135	klr
سانی	1134	sany
پذیر	1134	pzyr
چشماتو	1134	chshmatv
دوستانه	1133	dvstanh
دهم	1132	dhm
باکره	1131	bakrh
توله	1131	tvlh
دفترم	1131	dftrm
دوام	1131	dvam
شکاف	1131	shkaf
مسافر	1131	msafr
رمزی	1130	rmzy
میشل	1129	myshl
کندی	1129	kndy
بخورن	1128	bkhvrn
تلگرام	1128	tlgram
نصفه	1128	nsfh
ایمنی	1127	aymny
دهنم	1127	dhnm
سطل	1127	stl
صمیمی	1127	smymy
میخوریم	1127	mykhvrym
بستن	1126	bstn
بغلم	1126	bghlm
جوک	1126	jvk
هوی	1126	hvy
کتابخونه	1126	ktabkhvnh
استار	1125	astar
جودی	1125	jvdy
همونه	1125	hmvnh
هیل	1125	hyl
اونچه	1124	avnchh
جوابی	1124	jvaby
ضروری	1124	zrvry
ننگ	1124	nng
جلوشون	1123	jlvshvn
گو	1123	gv
نگهبانان	1122	nghbanan
ایزابل	1121	ayzabl
خوابیدن	1121	khvabydn
متیو	1121	mtyv
جر	1120	jr
درب	1120	drb
آفریقا	1119	afrygha
اورژانس	1119	avrzhans
تیک	1119	tyk
دانشمند	1119	danshmnd
فرمانروایی	1119	frmanrvayy
مهر	1119	mhr
ایندفعه	1118	ayndfh
بگردم	1117	bgrdm
حقیقی	1117	hghyghy
هنگ	1117	hng
شکی	1116	shky
هاشو	1116	hashv
پدرتون	1116	pdrtvn
گردش	1116	grdsh
اعماق	1115	amagh
لوسیفر	1115	lvsyfr
همین؟	1115	hmyn
تازگی	1113	tazgy
جدیدت	1113	jdydt
میگردن	1113	mygrdn
نزنی	1113	nzny
نگرفته	1113	ngrfth
برگردونیم	1112	brgrdvnym
جوی	1112	jvy
علائم	1112	lam
لیو	1112	lyv
شهرت	1111	shhrt
نکردنیه	1110	nkrdnyh
واسمون	1110	vasmvn
گرفتار	1110	grftar
بذارن	1109	bzarn
خوب؟	1109	khvb
محشره	1109	mhshrh
میذاریم	1109	myzarym
بنت	1108	bnt
شنیدین	1108	shnydyn
ترفیع	1107	trfy
خوشتون	1107	khvshtvn
دونین	1107	dvnyn
کسل	1107	ksl
بلوک	1106	blvk
ترافیک	1106	trafyk
دنده	1106	dndh
قربان؟	1106	ghrban
دستبند	1105	dstbnd
روحت	1105	rvht
زندون	1105	zndvn
نگرفتی	1105	ngrfty
پسرتون	1105	psrtvn
کوسه	1105	kvsh
حدی	1103	hdy
رک	1103	rk
ولت	1103	vlt
حالشون	1102	halshvn
ز	1102	z
کنده	1102	kndh
بهانه	1100	bhanh
دشمنان	1100	dshmnan
ضمنا	1100	zmna
دارای	1099	daray
والی	1099	valy
وعده	1099	vdh
بکار	1098	bkar
بینه	1098	bynh
دستاتو	1098	dstatv
نمیشناسی	1098	nmyshnasy
مخالفت	1097	mkhalft
کدومشون	1097	kdvmshvn
سوپر	1096	svpr
هرجا	1096	hrja
بریز	1095	bryz
سئوال	1095	sval
مشاوره	1095	mshavrh
بخوابید	1094	bkhvabyd
ردش	1094	rdsh
رود	1094	rvd
نخواستم	1094	nkhvastm
قطره	1093	ghtrh
نگهدار	1093	nghdar
پاهات	1093	pahat
بست	1091	bst
بوش	1091	bvsh
میتونستیم	1091	mytvnstym
واکر	1091	vakr
کارمند	1091	karmnd
اواخر	1090	avakhr
رفتند	1090	rftnd
اتهام	1089	atham
ایا	1089	aya
شورشی	1089	shvrshy
میلی	1089	myly
کنیم؟	1089	knym
رسانه	1088	rsanh
مایلز	1088	maylz
همینکارو	1088	hmynkarv
ضرر	1087	zrr
میلیارد	1087	mylyard
چیزیو	1087	chyzyv
اتاقی	1086	ataghy
غیرقانونی	1086	ghyrghanvny
نجاتم	1086	njatm
شوکه	1085	shvkh
میامی	1085	myamy
مین	1085	myn
گرگینه	1085	grgynh
اونطور	1083	avntvr
بادی	1083	bady
برداره	1083	brdarh
حقیقتش	1083	hghyghtsh
کلوب	1083	klvb
شامپاین	1082	shampayn
موقعیتی	1082	mvghyty
نمیریم	1082	nmyrym
یانگ	1082	yang
باتری	1081	batry
محترم	1081	mhtrm
محصول	1081	mhsvl
شهروند	1080	shhrvnd
نصب	1080	nsb
هومر	1079	hvmr
وقتم	1079	vghtm
کهنه	1079	khnh
فنجون	1078	fnjvn
میاد؟	1078	myad
بحران	1077	bhran
میرسونه	1077	myrsvnh
میکردند	1077	mykrdnd
نمیارم	1077	nmyarm
بگردی	1076	bgrdy
ناراحتم	1076	narahtm
ترتیبش	1075	trtybsh
انگیزی	1074	angyzy
بنویس	1074	bnvys
جکی	1074	jky
عراق	1074	ragh
موجب	1074	mvjb
اوردم	1073	avrdm
خبر؟	1073	khbr
سرانجام	1072	sranjam
ایالتی	1071	ayalty
بازنشسته	1071	baznshsth
جاهایی	1071	jahayy
ببندین	1070	bbndyn
نمیفته	1070	nmyfth
پلاک	1070	plak
گرین	1070	gryn
توجهی	1069	tvjhy
جذابه	1069	jzabh
سالت	1069	salt
صلیب	1069	slyb
اتحادیه	1068	athadyh
ادب	1068	adb
مورفی	1068	mvrfy
هامو	1068	hamv
ابر	1067	abr
برخلاف	1067	brkhlaf
بنویسی	1067	bnvysy
شل	1067	shl
عادیه	1067	adyh
فرنگی	1067	frngy
الکتریکی	1066	alktryky
خودمونو	1066	khvdmvnv
نشستن	1066	nshstn
نمیمونه	1066	nmymvnh
حرفام	1065	hrfam
نیگا	1065	nyga
چشمان	1065	chshman
حرفهای	1064	hrfhay
خانوما	1063	khanvma
پاهای	1063	pahay
امپراتور	1062	ampratvr
دون	1062	dvn
نمره	1062	nmrh
اشلی	1060	ashly
بفرستیم	1060	bfrstym
تیمی	1060	tymy
خاکستری	1060	khakstry
رون	1060	rvn
الایژا	1059	alayzha
تغییرات	1059	tghyyrat
جهش	1059	jhsh
حرفمو	1059	hrfmv
خانوادت	1059	khanvadt
خانوادم	1059	khanvadm
مارسل	1059	marsl
مستقر	1059	mstghr
گردون	1059	grdvn
تقویت	1058	tghvyt
تیره	1058	tyrh
شاخ	1058	shakh
مالک	1058	malk
مسیحی	1058	msyhy
دستگیری	1057	dstgyry
نمایشگاه	1057	nmayshgah
منتظرش	1056	mntzrsh
اهدا	1055	ahda
بزرگم	1055	bzrgm
بورن	1055	bvrn
ضرب	1055	zrb
پلیسه	1055	plysh
بخوابین	1054	bkhvabyn
تاسف	1054	tasf
زودباشید	1054	zvdbashyd
ببریمش	1053	bbrymsh
بهبود	1053	bhbvd
لایق	1053	laygh
هالی	1053	haly
جوانی	1052	jvany
مناطق	1052	mnatgh
همونجوری	1052	hmvnjvry
بدش	1050	bdsh
خلیج	1050	khlyj
شکستن	1050	shkstn
وام	1050	vam
خصوص	1049	khsvs
روشنش	1049	rvshnsh
مشتاق	1049	mshtagh
پایینه	1049	payynh
طهماسبی	1048	thmasby
فنا	1047	fna
فین	1047	fyn
مکزیکی	1047	mkzyky
چقد	1047	chghd
رقاص	1046	rghas
ریختن	1046	rykhtn
زوده	1046	zvdh
قاچاق	1046	ghachagh
گفت؟	1046	gft
توانم	1045	tvanm
جیگر	1045	jygr
داره؟	1045	darh
جلوه	1044	jlvh
شدنش	1044	shdnsh
مقصد	1044	mghsd
دونستن	1043	dvnstn
روند	1043	rvnd
کمیته	1043	kmyth
ببندم	1042	bbndm
جسم	1042	jsm
بندر	1040	bndr
میندازم	1040	myndazm
بندازید	1039	bndazyd
شکوه	1039	shkvh
مایع	1039	may
وال	1039	val
بجنگی	1038	bjngy
تصورش	1038	tsvrsh
باران	1037	baran
زئوس	1037	zvs
کارمو	1037	karmv
زمانش	1036	zmansh
سفیر	1036	sfyr
مترجمین	1036	mtrjmyn
میبریم	1036	mybrym
نمیبینی	1036	nmybyny
ولنتاین	1036	vlntayn
اتاقش	1035	ataghsh
بعضیا	1035	bzya
بنی	1035	bny
مدار	1035	mdar
حدودا	1034	hdvda
روبات	1034	rvbat
لوکاس	1034	lvkas
اسپانیا	1033	aspanya
ایان	1033	ayan
عملیاتی	1033	mlyaty
فدا	1033	fda
مهمات	1033	mhmat
ناپذیر	1033	napzyr
باورنکردنیه	1032	bavrnkrdnyh
گاییدمت	1032	gayydmt
رضایت	1031	rzayt
تابلو	1030	tablv
جاناتان	1030	janatan
آرایش	1029	araysh
بهونه	1029	bhvnh
کاسه	1029	kash
گودال	1029	gvdal
دویست	1028	dvyst
ارسال	1027	arsal
فکرشم	1027	fkrshm
لبه	1027	lbh
انقلاب	1026	anghlab
تمایل	1026	tmayl
نیومدی	1026	nyvmdy
خبرهای	1025	khbrhay
دادستان	1025	dadstan
میشنوی؟	1025	myshnvy
کارگر	1025	kargr
گوه	1025	gvh
تقدیر	1024	tghdyr
عده	1024	dh
فکرم	1024	fkrm
هنگامی	1024	hngamy
یتیم	1024	ytym
حرکات	1023	hrkat
درآمد	1023	dramd
ابدی	1022	abdy
جمجمه	1022	jmjmh
سرتاسر	1022	srtasr
سکته	1022	skth
ششم	1022	shshm
قطب	1022	ghtb
دومی	1021	dvmy
کشنده	1021	kshndh
کودکان	1021	kvdkan
روحیه	1020	rvhyh
سراغت	1020	sraght
نشستی	1020	nshsty
افرادش	1019	afradsh
جولی	1019	jvly
گر	1019	gr
تگزاس	1018	tgzas
راهب	1018	rahb
رگ	1018	rg
گویی	1018	gvyy
سوپرمن	1017	svprmn
وادار	1017	vadar
امم	1016	amm
اولویت	1016	avlvyt
تقلب	1016	tghlb
سپر	1016	spr
مجبورت	1016	mjbvrt
ناتالی	1016	nataly
ورق	1016	vrgh
ویر	1016	vyr
حیوان	1015	hyvan
خطرناکی	1015	khtrnaky
میرسید	1015	myrsyd
گلف	1015	glf
احمقه	1014	ahmghh
بشینیم	1014	bshynym
بلاخره	1014	blakhrh
پنجه	1014	pnjh
براساس	1013	brasas
سوزن	1013	svzn
غلبه	1013	ghlbh
مدیون	1013	mdyvn
پذیرایی	1013	pzyrayy
آلت	1012	alt
شدیدا	1012	shdyda
کجام	1012	kjam
کنارم	1012	knarm
جونش	1011	jvnsh
خوشتیپ	1011	khvshtyp
دیوارها	1011	dyvarha
پذیرش	1011	pzyrsh
کارکنان	1011	karknan
یخورده	1011	ykhvrdh
بخره	1010	bkhrh
امر	1009	amr
ترسناکه	1009	trsnakh
فیلمی	1009	fylmy
بجنگم	1008	bjngm
ریه	1008	ryh
رسوند	1007	rsvnd
عقلت	1007	ghlt
نخ	1007	nkh
تاب	1006	tab
مریخ	1006	mrykh
جاستین	1005	jastyn
قدش	1005	ghdsh
مرلین	1005	mrlyn
وودی	1005	vvdy
پروانه	1005	prvanh
اراده	1004	aradh
توان	1004	tvan
ریتا	1004	ryta
سوت	1004	svt
میبینید	1004	mybynyd
کیری	1004	kyry
میذارن	1003	myzarn
نمیومد	1003	nmyvmd
وید	1003	vyd
کلبه	1003	klbh
برگردونه	1002	brgrdvnh
خالص	1002	khals
نرفتم	1002	nrftm
پشتت	1002	pshtt
دشمنی	1001	dshmny
رویایی	1001	rvyayy
میکی	1001	myky
اعداد	1000	adad
بدهکاری	1000	bdhkary
ارث	999	ars
ایتالیا	999	aytalya
بشینین	999	bshynyn
سوابق	999	svabgh
برداریم	998	brdarym
رانی	998	rany
شهره	998	shhrh
مدیره	998	mdyrh
مزاحمت	998	mzahmt
اسناد	997	asnad
ببریدش	997	bbrydsh
بفرسته	997	bfrsth
درخشان	997	drkhshan
شغلی	996	shghly
شمع	996	shm
پرورش	996	prvrsh
ثروتمند	995	srvtmnd
میومدم	995	myvmdm
ریاست	994	ryast
شاگرد	994	shagrd
فروشنده	994	frvshndh
وایساده	994	vaysadh
آشپز	993	ashpz
تراویس	993	travys
نجیب	993	njyb
بنام	992	bnam
آد	991	ad
بالاترین	991	balatryn
شورا	991	shvra
مایا	991	maya
بسازی	990	bsazy
تئاتر	990	tatr
خوابی	990	khvaby
مم	990	mm
گاوصندوق	990	gavsndvgh
موسی	989	mvsy
همونجایی	989	hmvnjayy
اینکارا	988	aynkara
بچگی	988	bchgy
دهید	988	dhyd
عرشه	988	rshh
علف	988	lf
نباشین	988	nbashyn
چادر	988	chadr
توبی	987	tvby
خنک	987	khnk
هیولای	987	hyvlay
ورزشی	987	vrzshy
اونکارو	986	avnkarv
دلم	986	dlm
شیوه	986	shyvh
نگا	986	nga
نگرانت	986	ngrant
ویکتوریا	986	vyktvrya
کباب	986	kbab
بسازه	985	bsazh
نکشتم	985	nkshtm
آوردین	984	avrdyn
اینحال	984	aynhal
سانسا	984	sansa
عصبانیت	984	sbanyt
جنگه	983	jngh
ساختی	983	sakhty
استن	982	astn
سفارت	982	sfart
نمیدونن	982	nmydvnn
بردارین	981	brdaryn
زدنت	981	zdnt
فلج	981	flj
مصر	981	msr
هانت	981	hant
وا	981	va
انجیل	980	anjyl
ماریان	980	maryan
هیلی	980	hyly
نشنیده	979	nshnydh
بپا	978	bpa
جانسون	978	jansvn
کلیه	978	klyh
باحالی	977	bahaly
حشره	977	hshrh
موریس	977	mvrys
بریتانیا	976	brytanya
پیشگویی	976	pyshgvyy
آژانس	974	azhans
بابتش	974	babtsh
توجیه	973	tvjyh
وینترفل	973	vyntrfl
کدام	973	kdam
ادای	972	aday
میپرسی	972	myprsy
چاه	972	chah
ار	971	ar
اسمتون	971	asmtvn
خرابکاری	971	khrabkary
خنثی	971	khnsy
سگه	971	sgh
بزرگراه	970	bzrgrah
نزار	970	nzar
هودور	970	hvdvr
پابلو	970	pablv
الکلی	969	alkly
چت	968	cht
دنبالمون	967	dnbalmvn
رازی	967	razy
هوشمندانه	967	hvshmndanh
تخمی	966	tkhmy
کونگ	966	kvng
اعمال	965	amal
ببندید	965	bbndyd
چندان	965	chndan
باستانی	964	bastany
طولانیه	964	tvlanyh
ناز	964	naz
تغییری	963	tghyyry
توصیف	963	tvsyf
دری	963	dry
عاقلانه	963	aghlanh
اوج	962	avj
بخورش	962	bkhvrsh
مشورت	962	mshvrt
مهربونی	961	mhrbvny
ویک	961	vyk
کنارت	961	knart
بودجه	960	bvdjh
میبرن	960	mybrn
چشمت	960	chshmt
رختخواب	959	rkhtkhvab
لئو	959	lv
موکل	959	mvkl
اخلاقی	958	akhlaghy
فیبی	958	fyby
پاپوش	958	papvsh
پره	958	prh
بتونید	957	btvnyd
اسامی	956	asamy
ببخشی	956	bbkhshy
جوابش	956	jvabsh
لیندا	956	lynda
پاکت	956	pakt
بردارید	955	brdaryd
مشابه	955	mshabh
شصت	954	shst
مردگان	954	mrdgan
نشست	954	nshst
نیفتاده	954	nyftadh
آمادگی	953	amadgy
بهار	953	bhar
خوشبختی	953	khvshbkhty
ماشینه	952	mashynh
هرکس	952	hrks
نتونیم	951	ntvnym
بینید	950	bynyd
تنفس	950	tnfs
دینگ	950	dyng
لینکلن	950	lynkln
مرموز	950	mrmvz
نمیاره	950	nmyarh
پاهام	950	paham
یواشکی	950	yvashky
استخون	949	astkhvn
توه	949	tvh
دفترچه	949	dftrchh
راج	949	raj
همشونو	949	hmshvnv
برودی	948	brvdy
تاریخی	948	tarykhy
عمق	948	mgh
منزل	948	mnzl
مکالمه	947	mkalmh
شکلیه	945	shklyh
موسسه	945	mvssh
یهویی	945	yhvyy
شواهد	944	shvahd
نوشتی	944	nvshty
وحش	943	vhsh
بلندتر	942	blndtr
تبعید	942	tbyd
جوزف	942	jvzf
سنتی	942	snty
گشتن	942	gshtn
بترسی	941	btrsy
سیدنی	941	sydny
طعم	941	tm
عهد	941	hd
میدیدم	941	mydydm
پاتو	940	patv
جبار	939	jbar
خواستیم	939	khvastym
فاش	939	fash
فداکاری	939	fdakary
گفتگو	939	gftgv
یافت	939	yaft
اخر	938	akhr
تشنه	938	tshnh
متنفری	938	mtnfry
کجاییم	938	kjayym
آسونی	937	asvny
دلایلی	937	dlayly
دوستیم	937	dvstym
گردنبند	937	grdnbnd
تلویزیونی	936	tlvyzyvny
جارو	936	jarv
جافری	936	jafry
خیریه	936	khyryh
زنا	936	zna
مطمئنم	936	mtmnm
وارث	936	vars
گا	936	ga
باهوشه	935	bahvshh
بفرستی	935	bfrsty
کالینز	935	kalynz
اختلال	934	akhtlal
اساسا	934	asasa
اقامت	934	aghamt
فورد	934	fvrd
نرفتی	934	nrfty
مطلع	933	mtl
معنایی	933	mnayy
دماغ	932	dmagh
نمیگیره	932	nmygyrh
گاراژ	932	garazh
دلال	931	dlal
سربازها	931	srbazha
شیفت	931	shyft
میزنی؟	931	myzny
اشغال	930	ashghal
قلم	930	ghlm
مند	930	mnd
ردیاب	929	rdyab
مارگارت	929	margart
مجدد	929	mjdd
آید	928	ayd
جلوت	928	jlvt
ماجراجویی	927	majrajvyy
افتضاحه	926	aftzahh
توسعه	926	tvsh
روبراه	926	rvbrah
لکه	926	lkh
مگان	926	mgan
نمیخوان	926	nmykhvan
نمیشیم	926	nmyshym
اقا	925	agha
جفتتون	925	jfttvn
خسارت	925	khsart
ندادن	925	ndadn
گردونم	925	grdvnm
یکیش	925	ykysh
خال	924	khal
روده	924	rvdh
فقیر	923	fghyr
کا	923	ka
گرفتیش	923	grftysh
زندست	922	zndst
منفجره	922	mnfjrh
ناگهان	922	naghan
پارو	922	parv
برس	921	brs
دوستشون	921	dvstshvn
ساکن	921	sakn
شنوم	921	shnvm
لوازم	921	lvazm
برسونیم	920	brsvnym
قدردانی	920	ghdrdany
منصفه	920	mnsfh
هدفی	920	hdfy
زدین	919	zdyn
میگشتم	919	mygshtm
العادست	918	aladst
نمیخورم	918	nmykhvrm
همونیه	918	hmvnyh
کاب	918	kab
کنسرت	918	knsrt
بکشمش	917	bkshmsh
تابوت	917	tabvt
دارویی	917	darvyy
صبور	917	sbvr
قرنطینه	917	ghrntynh
لای	917	lay
ارل	916	arl
بینی؟	916	byny
تصرف	916	tsrf
میفهمه	916	myfhmh
الیوت	915	alyvt
منحصر	915	mnhsr
بیوه	914	byvh
لااقل	914	laaghl
پرید	914	pryd
بفرستید	913	bfrstyd
میخونی	913	mykhvny
جوونی	912	jvvny
ژنتیکی	912	zhntyky
جولیت	911	jvlyt
سپتامبر	911	sptambr
نارنجک	911	narnjk
چوبی	911	chvby
دادنش	910	dadnsh
ویلی	910	vyly
گرفته؟	910	grfth
سنگینی	909	sngyny
و؟	909	v
تحلیل	908	thlyl
جدیه	908	jdyh
دایانا	908	dayana
متاسف	908	mtasf
همو	908	hmv
کجان؟	908	kjan
برقص	907	brghs
خریدی	907	khrydy
کوکائین	907	kvkayn
چهارتا	906	chharta
کمان	906	kman
افسرده	905	afsrdh
بنگ	905	bng
آخری	904	akhry
ابله	904	ablh
شوروی	904	shvrvy
عفو	904	fv
میشدن	904	myshdn
شاهدخت	903	shahdkht
هفتم	901	hftm
آیریس	900	ayrys
خیالی	900	khyaly
سندی	900	sndy
مارلی	900	marly
هنرمند	900	hnrmnd
محبت	899	mhbt
آشغالی	898	ashghaly
نهار	897	nhar
روبه	896	rvbh
روشون	896	rvshvn
پسرای	896	psray
گذره	896	gzrh
حساسیت	895	hsasyt
باختی	894	bakhty
تایی	894	tayy
لانگ	894	lang
برتر	893	brtr
نشدیم	893	nshdym
اینجا؟	892	aynja
بروکلین	892	brvklyn
شورای	892	shvray
مجرد	892	mjrd
ازش	891	azsh
دوستاش	891	dvstash
سختیه	891	skhtyh
قضایا	891	ghzaya
مسخرست	891	mskhrst
واستون	891	vastvn
بخت	890	bkht
ترسیدن	890	trsydn
شرلوک	890	shrlvk
کتی	890	kty
استوارت	888	astvart
انها	888	anha
بزرگت	888	bzrgt
پارچه	888	parchh
بالغ	887	balgh
بیهوده	887	byhvdh
دانیل	887	danyl
سرسی	887	srsy
مشکلش	887	mshklsh
مهندس	887	mhnds
سعید	886	syd
گاس	886	gas
جنیفر	885	jnyfr
رعایت	885	rayt
ارتباطات	884	artbatat
شهروندان	884	shhrvndan
عنکبوت	884	nkbvt
متن	884	mtn
الله	883	allh
جادوگری	883	jadvgry
توو	882	tvv
سیندی	882	syndy
قابلیت	882	ghablyt
ماجرای	882	majray
مخ	882	mkh
گرما	882	grma
میفهمی؟	881	myfhmy
میگم؟	881	mygm
همراهم	881	hmrahm
اصیل	880	asyl
بث	880	bs
تنفر	880	tnfr
میشه؟	880	myshh
هرج	880	hrj
چاله	880	chalh
خوابیدم	879	khvabydm
راهنما	879	rahnma
ردیفه	879	rdyfh
عشقه	879	shghh
نکنن	879	nknn
وود	879	vvd
احساسش	878	ahsassh
خوابت	878	khvabt
لیام	878	lyam
کجای	878	kjay
گریم	878	grym
استو	877	astv
رنگی	877	rngy
شاخه	877	shakhh
طرفی	877	trfy
نوری	877	nvry
اسکاتی	876	askaty
اینصورت	876	aynsvrt
حرفایی	876	hrfayy
روزانه	876	rvzanh
دخترهای	875	dkhtrhay
رتبه	875	rtbh
کارلوس	875	karlvs
یخچال	875	ykhchal
خارجه	874	kharjh
میریزه	874	myryzh
فرهنگ	873	frhng
مشخصا	873	mshkhsa
پاسپورت	873	paspvrt
بز	871	bz
تیا	871	tya
دهان	871	dhan
دورتر	871	dvrtr
جاها	870	jaha
حداکثر	870	hdaksr
ندیدمت	870	ndydmt
بگذرونم	869	bgzrvnm
دمت	869	dmt
سوفیا	869	svfya
منجر	869	mnjr
نتونستیم	869	ntvnstym
هرکدوم	869	hrkdvm
توقع	868	tvgh
دخترتون	868	dkhtrtvn
عرضه	868	rzh
گوسفند	868	gvsfnd
الهه	867	alhh
برقصیم	867	brghsym
لیگ	867	lyg
کنندست	867	knndst
آزادش	866	azadsh
آموز	866	amvz
ارزیابی	866	arzyaby
خلوت	866	khlvt
زمستون	866	zmstvn
میشدی	866	myshdy
بیشاپ	865	byshap
مادری	865	madry
نیش	865	nysh
وسوسه	865	vsvsh
خبرنگار	864	khbrngar
راهو	864	rahv
میاین	864	myayn
میله	864	mylh
چمدون	864	chmdvn
راجبش	863	rajbsh
پرسه	863	prsh
ابتدا	862	abtda
بهای	862	bhay
تردید	862	trdyd
جاذبه	862	jazbh
زندگیمو	862	zndgymv
غریبی	862	ghryby
چرخه	862	chrkhh
بیسبال	861	bysbal
حقایق	861	hghaygh
حقوقی	861	hghvghy
عزیزم؟	860	zyzm
بخریم	859	bkhrym
یارویی	859	yarvyy
تصویری	858	tsvyry
نوش	858	nvsh
آنجلا	857	anjla
فامیل	857	famyl
اقتصادی	856	aghtsady
خوراک	856	khvrak
هردوتون	856	hrdvtvn
خاتمه	855	khatmh
زر	855	zr
غمگین	855	ghmgyn
معکوس	855	mkvs
دلمون	854	dlmvn
راند	854	rand
میشناسیش	854	myshnasysh
باشکوه	853	bashkvh
عطر	853	tr
لیسا	853	lysa
متری	853	mtry
اهداف	852	ahdaf
برند	852	brnd
شرمندم	852	shrmndm
قویتر	852	ghvytr
پیدامون	852	pydamvn
رو؟	851	rv
موهاش	851	mvhash
نشم	851	nshm
کلاغ	851	klagh
انتهای	850	anthay
اونجاست؟	850	avnjast
ببرمش	850	bbrmsh
دوبرابر	850	dvbrabr
راهمون	850	rahmvn
میفرسته	850	myfrsth
اتمی	849	atmy
خبرای	849	khbray
قوطی	849	ghvty
مرور	849	mrvr
نویس	849	nvys
نپرس	849	nprs
رابط	848	rabt
موجودی	848	mvjvdy
گرو	848	grv
بابابزرگ	847	bababzrg
برادری	847	bradry
بریده	847	brydh
مور	847	mvr
نمیذاره	847	nmyzarh
نوشت	847	nvsht
چشمه	847	chshmh
ترمز	846	trmz
جینی	846	jyny
درضمن	846	drzmn
احتمالی	845	ahtmaly
ترم	845	trm
مختصات	845	mkhtsat
میخونم	845	mykhvnm
نگم	845	ngm
جعلی	844	jly
اونقدرا	843	avnghdra
بتونین	843	btvnyn
حسودی	843	hsvdy
تان	842	tan
تیغ	842	tygh
خواید	842	khvayd
مدرن	842	mdrn
بخواید	841	bkhvayd
دیلان	841	dylan
میمونن	841	mymvnn
نان	841	nan
نمیدیم	841	nmydym
روپیه	840	rvpyh
فرانکی	840	franky
پیشخدمت	840	pyshkhdmt
بایستید	839	baystyd
جدیدم	839	jdydm
ناجور	839	najvr
نمیان	839	nmyan
آلیسون	838	alysvn
تکمیل	838	tkmyl
دارسی	838	darsy
نی	838	ny
آنتن	837	antn
ردی	837	rdy
مانی	837	many
مونرو	837	mvnrv
نه،نه،نه	837	nhnhnh
نگام	837	ngam
چالش	837	chalsh
آثار	836	asar
الف	836	alf
فلوریدا	836	flvryda
میخواهید	836	mykhvahyd
روس	835	rvs
رینگ	835	ryng
لیدیا	835	lydya
هوس	835	hvs
کوچکترین	835	kvchktryn
الهی	834	alhy
حوله	834	hvlh
عبارت	834	bart
مردای	834	mrday
کمربند	834	kmrbnd
بسیارخوب	833	bsyarkhvb
التحصیل	832	althsyl
ایو	832	ayv
راکی	832	raky
سپاه	832	spah
گردنت	832	grdnt
آشفته	831	ashfth
بزارش	831	bzarsh
تنهاش	831	tnhash
مبلغ	831	mblgh
یکسان	831	yksan
ربات	830	rbat
میبینن	830	mybynn
چاقوی	830	chaghvy
تلافی	829	tlafy
نقاط	829	nghat
کای	829	kay
سنا	828	sna
سنگینه	828	sngynh
لایه	828	layh
مریم	828	mrym
میراندا	828	myranda
اونهایی	827	avnhayy
خوای؟	827	khvay
دستمو	827	dstmv
رادیویی	827	radyvyy
سرپیچی	827	srpychy
پاهاش	827	pahash
آرومتر	826	arvmtr
رابی	826	raby
رکورد	826	rkvrd
عقاب	826	ghab
کمترین	826	kmtryn
گیتار	826	gytar
استیک	825	astyk
دسر	825	dsr
شایعات	825	shayat
مرتبط	825	mrtbt
ندم	825	ndm
آهسته	824	ahsth
مادرتون	824	madrtvn
میشناسیم	824	myshnasym
وسایلت	824	vsaylt
بندازن	823	bndazn
بینمتون	823	bynmtvn
تنت	823	tnt
تکیه	823	tkyh
دیل	823	dyl
میزبان	823	myzban
نمیترسم	823	nmytrsm
کتابی	823	ktaby
شنیدی؟	822	shnydy
میکردین	822	mykrdyn
بزرگتری	821	bzrgtry
بلافاصله	821	blafaslh
حیاتی	821	hyaty
سونیا	821	svnya
شناس	821	shnas
صوتی	821	svty
فیزیک	821	fyzyk
مشخصات	821	mshkhsat
وجدان	821	vjdan
کشتمش	821	kshtmsh
کمبود	821	kmbvd
یخی	821	ykhy
برداشتن	820	brdashtn
تورین	820	tvryn
زنجیره	820	znjyrh
میزاری	820	myzary
دردسری	819	drdsry
شنیدید	819	shnydyd
استنیس	818	astnys
ایرلندی	818	ayrlndy
زبانان	818	zbanan
شیک	818	shyk
منن	818	mnn
نخوره	818	nkhvrh
گذار	818	gzar
خراش	817	khrash
لاغر	817	laghr
کشتیش	817	kshtysh
الانش	816	alansh
اینبار	816	aynbar
بلیک	816	blyk
نکردین	816	nkrdyn
هریسون	816	hrysvn
وجودم	816	vjvdm
چو	816	chv
بدهکارم	815	bdhkarm
بشکه	815	bshkh
صلاح	815	slah
میسون	815	mysvn
کوتاهی	815	kvtahy
دنباله	814	dnbalh
ذرت	814	zrt
میسوزه	814	mysvzh
ندیدیم	814	ndydym
وست	814	vst
پوله	814	pvlh
کوبا	814	kvba
ضعیفه	813	zyfh
تلاشم	812	tlashm
جسدش	812	jsdsh
جواهر	812	jvahr
راهت	812	raht
زک	811	zk
چیزیش	811	chyzysh
خودشونو	810	khvdshvnv
رقم	810	rghm
لرزه	810	lrzh
الیس	809	alys
نخواهیم	809	nkhvahym
احمقا	808	ahmgha
جلیقه	808	jlyghh
دستتون	808	dsttvn
دلیله	808	dlylh
موهام	808	mvham
پتی	808	pty
تومور	807	tvmvr
خونگی	807	khvngy
سوالات	807	svalat
پسران	807	psran
پولا	807	pvla
ارزون	806	arzvn
باستان	806	bastan
بفرستین	806	bfrstyn
تارا	806	tara
ذارم	806	zarm
رفت؟	806	rft
اولا	805	avla
بعید	805	byd
جاشون	805	jashvn
زیست	805	zyst
میشناختم	805	myshnakhtm
بدهکار	804	bdhkar
بینمون	804	bynmvn
شعبده	804	shbdh
وقتمون	804	vghtmvn
آگاه	803	agah
اوه،خدای	803	avhkhday
بریزم	803	bryzm
بزاره	803	bzarh
جوریه	803	jvryh
داغه	803	daghh
ساول	803	savl
غیرممکن	803	ghyrmmkn
فهرست	803	fhrst
نت	803	nt
وار	803	var
کات	803	kat
آزاده	802	azadh
برفی	802	brfy
حاصل	802	hasl
ریز	802	ryz
اندرو	801	andrv
حسن	801	hsn
حماقت	801	hmaght
ریاضی	801	ryazy
مکانی	801	mkany
میگرفت	801	mygrft
کابین	801	kabyn
کانادا	801	kanada
کوره	801	kvrh
کونم	801	kvnm
داماد	800	damad
رعد	800	rd
شارژ	800	sharzh
معنا	800	mna
کارگاه	800	kargah
جلوم	799	jlvm
خودتونو	799	khvdtvnv
سیزده	799	syzdh
هالیوود	799	halyvvd
معشوقه	798	mshvghh
العمل	797	alml
ببرینش	797	bbrynsh
بگذرونی	797	bgzrvny
بگذرونیم	797	bgzrvnym
حملات	797	hmlat
دهند	797	dhnd
لاتین	797	latyn
ازین	796	azyn
افغانستان	796	afghanstan
توت	796	tvt
خوابش	796	khvabsh
راسل	796	rasl
همراهت	796	hmraht
بحال	795	bhal
بیارمش	795	byarmsh
تمیزش	795	tmyzsh
نوشابه	795	nvshabh
ببوس	794	bbvs
بخر	794	bkhr
بدتره	794	bdtrh
رگنار	794	rgnar
مخلوط	794	mkhlvt
مردند	794	mrdnd
پانزده	794	panzdh
بدزده	792	bdzdh
برقی	792	brghy
ساحلی	792	sahly
چجوریه	792	chjvryh
آمادست	791	amadst
ریدم	791	rydm
سد	791	sd
آهنین	790	ahnyn
اینطوره	790	ayntvrh
روشی	790	rvshy
لهجه	790	lhjh
حسادت	789	hsadt
حیرت	789	hyrt
دیویس	789	dyvys
ریموند	789	rymvnd
زمانه	789	zmanh
شناختم	789	shnakhtm
آمار	788	amar
بعدازظهر	788	bdazzhr
جانشین	788	janshyn
شخصیه	788	shkhsyh
مسدود	788	msdvd
میرا	788	myra
تونستن	787	tvnstn
دستام	787	dstam
میخواهیم	787	mykhvahym
افتخاری	786	aftkhary
وایسی	786	vaysy
اونقدری	785	avnghdry
بخار	785	bkhar
بیهوشی	785	byhvshy
جواهرات	785	jvahrat
خایه	785	khayh
غارت	785	ghart
ماهر	785	mahr
کمین	785	kmyn
تعادل	784	tadl
غر	784	ghr
هیولایی	784	hyvlayy
پولشو	784	pvlshv
امپراطور	783	ampratvr
بپرسیم	783	bprsym
تلفات	783	tlfat
حقیقتا	783	hghyghta
راهنمای	783	rahnmay
سنگی	783	sngy
علیاحضرت	783	lyahzrt
زاویه	782	zavyh
زندگیشون	782	zndgyshvn
هورا	782	hvra
چهارشنبه	782	chharshnbh
شنید	781	shnyd
برشون	780	brshvn
تربیت	780	trbyt
ناوگان	779	navgan
پدری	779	pdry
آدمه	778	admh
تبلیغات	778	tblyghat
داشتنیه	778	dashtnyh
رایلی	778	rayly
کنجکاو	778	knjkav
آلبوم	777	albvm
ببندیم	777	bbndym
برتری	777	brtry
بستم	777	bstm
بکشیدش	777	bkshydsh
بگردین	777	bgrdyn
صداقت	777	sdaght
آزادم	776	azadm
ساختیم	776	sakhtym
غش	776	ghsh
لنی	776	lny
نمیکردی	776	nmykrdy
بافت	775	baft
بگیرند	775	bgyrnd
متفاوته	775	mtfavth
تق	774	tgh
خشکی	774	khshky
دردت	774	drdt
ساحره	774	sahrh
مغزم	774	mghzm
پریده	774	prydh
تاک	773	tak
دورگه	773	dvrgh
زنیکه	773	znykh
زهر	773	zhr
مسکو	773	mskv
پرسیدن	773	prsydn
شرف	772	shrf
جریمه	771	jrymh
پمپ	771	pmp
ابدا	770	abda
تماشای	770	tmashay
تعقیبش	769	tghybsh
حریف	769	hryf
دیوونگی	769	dyvvngy
نشانی	769	nshany
هارلی	769	harly
همکارم	769	hmkarm
هوپ	769	hvp
بانکی	768	banky
جوابم	768	jvabm
دستکاری	768	dstkary
شرش	768	shrsh
گذروندم	768	gzrvndm
اخلاق	767	akhlagh
اسکله	767	asklh
مهمیه	767	mhmyh
هواتو	767	hvatv
هیولاها	767	hyvlaha
باک	766	bak
ببندش	766	bbndsh
جردن	766	jrdn
دوستتون	766	dvsttvn
زمستان	766	zmstan
محفظه	766	mhfzh
ملیسا	766	mlysa
کینه	766	kynh
رژیم	765	rzhym
سربازهای	765	srbazhay
شبا	765	shba
صحبتی	765	shbty
عضوی	765	zvy
نرفت	765	nrft
اصطلاح	764	astlah
اصول	764	asvl
بتی	764	bty
دزدکی	764	dzdky
دکترها	764	dktrha
ل	764	l
میدادن	764	mydadn
میشوند	764	myshvnd
بوق	763	bvgh
شرح	763	shrh
پوش	763	pvsh
انسانیت	762	ansanyt
فحش	762	fhsh
مردونه	762	mrdvnh
نقض	762	nghz
دکتری	761	dktry
سالهای	761	salhay
لوید	761	lvyd
نامرئی	761	namry
آزمایشی	760	azmayshy
حصار	760	hsar
شناور	760	shnavr
مبل	760	mbl
مرج	760	mrj
مرگه	760	mrgh
ناشی	760	nashy
اختلاف	759	akhtlaf
براوو	759	bravv
سامانتا	759	samanta
شناخت	759	shnakht
عالم	759	alm
ناشناخته	759	nashnakhth
چپی	759	chpy
ادا	758	ada
جوخه	758	jvkhh
راهیه	758	rahyh
مخزن	758	mkhzn
نگهشون	758	nghshvn
والاس	758	valas
سیرک	757	syrk
فهمیدین	757	fhmydyn
پاکستان	757	pakstan
گیرن	757	gyrn
اسکاتلند	756	askatlnd
بخوابیم	756	bkhvabym
بشقاب	756	bshghab
ترسوندی	756	trsvndy
عمارت	756	mart
موردی	756	mvrdy
نما	756	nma
یکیه	756	ykyh
بارنز	755	barnz
تکونش	755	tkvnsh
فلینت	755	flynt
واگذار	755	vagzar
بخشه	754	bkhshh
بهمراه	754	bhmrah
تعهد	754	thd
مواظبت	754	mvazbt
مچ	754	mch
وحشیانه	754	vhshyanh
یون	754	yvn
بجاش	753	bjash
برقصم	753	brghsm
تعلیم	753	tlym
جیل	753	jyl
دونی؟	753	dvny
سوپرایز	753	svprayz
غیب	753	ghyb
نمیگیرم	753	nmygyrm
آدمو	752	admv
جراح	752	jrah
خطه	752	khth
ریختم	752	rykhtm
سل	752	sl
نتونسته	752	ntvnsth
کنگ	752	kng
کویین	752	kvyyn
بویکا	751	bvyka
تقاضا	751	tghaza
دلتون	751	dltvn
زیباترین	751	zybatryn
معده	751	mdh
پرسم	751	prsm
اذیتم	750	azytm
تحصیل	750	thsyl
ریکی	750	ryky
لیزی	750	lyzy
مرتبه؟	750	mrtbh
پودر	750	pvdr
گشتی	750	gshty
انداختیم	749	andakhtym
سلطنت	749	sltnt
فاضلاب	749	fazlab
مردهای	749	mrdhay
میبرمت	749	mybrmt
میخ	749	mykh
کشتنش	749	kshtnsh
تاوان	748	tavan
تلفنت	748	tlfnt
تنهات	748	tnhat
حرفتو	748	hrftv
حرفها	748	hrfha
مادام	748	madam
اردک	747	ardk
بیس	747	bys
روحانی	747	rvhany
ریچ	747	rych
کما	747	kma
کیرم	747	kyrm
گرفتنش	747	grftnsh
گلوریا	747	glvrya
یجور	747	yjvr
استثنایی	746	astsnayy
برمیگردن	746	brmygrdn
جاسپر	746	jaspr
عصبانیه	746	sbanyh
غذاهای	746	ghzahay
محاله	746	mhalh
موندیم	746	mvndym
نوشیدن	746	nvshydn
ویلیامز	746	vylyamz
تونند	745	tvnnd
عاقل	745	aghl
عملا	745	mla
متعجب	745	mtjb
گوزن	745	gvzn
نزنید	744	nznyd
نماد	744	nmad
نمیزارم	744	nmyzarm
کارخانه	744	karkhanh
تریسی	743	trysy
شلاق	743	shlagh
هشتاد	743	hshtad
ترانه	742	tranh
سالگرد	742	salgrd
ضمانت	742	zmant
مشکی	742	mshky
مهربان	742	mhrban
میایی	742	myayy
نری	742	nry
آل	741	al
آمدن	741	amdn
اموال	741	amval
بیسیم	741	bysym
مجاز	741	mjaz
وجودت	741	vjvdt
بازدید	740	bazdyd
تاشون	740	tashvn
فیونا	740	fyvna
میرفتیم	740	myrftym
اظهار	739	azhar
تابستان	739	tabstan
ریون	739	ryvn
زیرش	739	zyrsh
ستایش	739	staysh
فهمه	739	fhmh
مزخرفی	739	mzkhrfy
مشکلاتی	739	mshklaty
نمیتونستی	739	nmytvnsty
کوفتیه؟	739	kvftyh
آفتابی	738	aftaby
اجرایی	738	ajrayy
تکامل	738	tkaml
جنین	738	jnyn
رسوندن	738	rsvndn
رقت	738	rght
سرجوخه	738	srjvkhh
طولش	738	tvlsh
اتمام	737	atmam
زباله	737	zbalh
فرزندم	737	frzndm
فلز	737	flz
فکرت	737	fkrt
میرفتی	737	myrfty
وقتیه	737	vghtyh
کن،	737	kn
اوراق	736	avragh
بودنت	736	bvdnt
شوم	736	shvm
غیبش	736	ghybsh
مرخص	736	mrkhs
گورتو	736	gvrtv
بخواه	735	bkhvah
رویاهای	735	rvyahay
ریختی	735	rykhty
عید	735	yd
فساد	735	fsad
منهتن	735	mnhtn
مینی	735	myny
نقشی	735	nghshy
جلویی	734	jlvyy
جنون	734	jnvn
سوسک	734	svsk
آدمهایی	733	admhayy
برقصی	733	brghsy
رئیست	733	ryst
قضایی	733	ghzayy
مزاحمتون	733	mzahmtvn
کودک	733	kvdk
خیلیخب	732	khylykhb
دمای	732	dmay
میخوایی	732	mykhvayy
همیم	732	hmym
پایانی	732	payany
جاییکه	731	jayykh
حسین	731	hsyn
درحالی	731	drhaly
چشه	731	chshh
انتظاری	730	antzary
باخبر	730	bakhbr
حوزه	730	hvzh
قطعی	729	ghty
لورنزو	729	lvrnzv
میا	729	mya
نمیدونست	729	nmydvnst
کرایه	729	krayh
یکیو	729	ykyv
دلشون	728	dlshvn
شغلت	728	shghlt
عشقت	728	shght
میشناسمت	728	myshnasmt
اصن	727	asn
بخیه	727	bkhyh
مغرور	727	mghrvr
دربار	726	drbar
دعوای	726	dvay
شرطی	726	shrty
میراث	726	myras
میسازه	726	mysazh
پشتم	726	pshtm
استراتژی	725	astratzhy
جولای	725	jvlay
شوید	725	shvyd
اجساد	724	ajsad
دبی	724	dby
دربیار	724	drbyar
زرنگ	724	zrng
پشتیبان	724	pshtyban
پیری	724	pyry
بارم	723	barm
تقلبی	723	tghlby
رقیب	723	rghyb
افسوس	722	afsvs
مامورین	722	mamvryn
مطابقت	722	mtabght
چسب	722	chsb
آگهی	721	aghy
بنوش	721	bnvsh
تاس	721	tas
جمعی	721	jmy
روهان	721	rvhan
لازمش	721	lazmsh
منفیه	721	mnfyh
مهمانی	721	mhmany
نود	721	nvd
پرتش	721	prtsh
چیزیت	721	chyzyt
ژاکت	721	zhakt
بروک	720	brvk
رفتاری	720	rftary
سند	720	snd
لباسم	720	lbasm
میکشیم	720	mykshym
گرفتیمش	720	grftymsh
اتصال	719	atsal
دستوره	719	dstvrh
مایکی	719	mayky
مهندسی	719	mhndsy
میگرفتم	719	mygrftm
همینجور	719	hmynjvr
کادو	719	kadv
کارش	719	karsh
یونگ	719	yvng
امضاء	718	amza
توشه	718	tvshh
خوشحالیم	718	khvshhalym
واقعیش	718	vaghysh
پاپا	718	papa
چیزیم	718	chyzym
اشتیاق	717	ashtyagh
اورده	717	avrdh
دریک	717	dryk
فرزندان	717	frzndan
نیکول	717	nykvl
کارگردان	717	kargrdan
کلاسیک	717	klasyk
گندالف	717	gndalf
بزدل	716	bzdl
تبر	716	tbr
زیرا	716	zyra
همینجام	716	hmynjam
آزمایشات	715	azmayshat
بیرونی	715	byrvny
ماساژ	715	masazh
تحملش	714	thmlsh
دربیاری	714	drbyary
سالاد	714	salad
عموت	714	mvt
فرمون	714	frmvn
واگن	714	vagn
رفتین	713	rftyn
قرمزه	713	ghrmzh
همبرگر	713	hmbrgr
پوشیدن	713	pvshydn
بنشینید	712	bnshynyd
بهره	712	bhrh
جفتشون	712	jftshvn
خونمون	712	khvnmvn
رفیقت	712	rfyght
بشینه	711	bshynh
رونی	711	rvny
قانونیه	711	ghanvnyh
ممکنه؟	711	mmknh
خدایمن	710	khdaymn
قوه	710	ghvh
تاجر	709	tajr
شما؟	709	shma
وقف	709	vghf
اندرسون	708	andrsvn
دائم	708	dam
روزیه	708	rvzyh
زنن	708	znn
صومعه	708	svmh
فو	708	fv
گناهان	708	gnahan
آری	707	ary
استیفلر	707	astyflr
رومن	707	rvmn
سومی	707	svmy
لیاقتش	707	lyaghtsh
ولگرد	707	vlgrd
کوچکی	707	kvchky
اونجام	706	avnjam
تنبل	706	tnbl
قدرتت	706	ghdrtt
ابراز	705	abraz
اتم	705	atm
الیسون	705	alysvn
بردنش	705	brdnsh
تخریب	705	tkhryb
تقاطع	705	tghat
وسایلم	705	vsaylm
گشتیم	705	gshtym
دستکش	704	dstksh
دنت	704	dnt
لعنتیت	704	lntyt
چیپ	704	chyp
کریستینا	704	krystyna
الانه	703	alanh
زوم	703	zvm
بوکس	702	bvks
ذات	702	zat
قدیما	702	ghdyma
گواهی	702	gvahy
برچسب	701	brchsb
رئیسم	701	rysm
سحر	701	shr
فن	701	fn
ناسا	701	nasa
نفهمیدی	701	nfhmydy
زندگیتو	700	zndgytv
سیسکو	700	syskv
شبها	700	shbha
لقب	700	lghb
میزدیم	700	myzdym
هیچکاری	700	hychkary
پوشی	700	pvshy
گشنمه	700	gshnmh
یک،	700	yk
تعجبی	699	tjby
خدارو	699	khdarv
میشناسمش	699	myshnasmsh
چش	699	chsh
امروزه	698	amrvzh
بغیر	698	bghyr
دوستمون	698	dvstmvn
قاشق	698	ghashgh
منطق	698	mntgh
کیلومتری	698	kylvmtry
مواظبش	697	mvazbsh
موضوعی	697	mvzvy
گفتم؟	697	gftm
بستی	696	bsty
خودخواه	696	khvdkhvah
دیزی	696	dyzy
سیصد	696	sysd
فیلمبرداری	696	fylmbrdary
معطل	696	mtl
کردنشون	696	krdnshvn
کشوری	696	kshvry
اسکای	695	askay
برمیدارم	695	brmydarm
رهاش	695	rhash
شرافت	695	shraft
متوسط	695	mtvst
گاه	695	gah
تشکیلات	694	tshkylat
ریچی	694	rychy
زیردریایی	694	zyrdryayy
چشمهای	694	chshmhay
بریزه	693	bryzh
ترکت	693	trkt
تلوزیون	693	tlvzyvn
دارک	693	dark
دیک	693	dyk
رزمی	693	rzmy
ویدئو	693	vydv
تار	692	tar
تمدن	692	tmdn
میریم؟	692	myrym
کامپیوتری	692	kampyvtry
برگردوندن	691	brgrdvndn
خواستین	691	khvastyn
شمام	691	shmam
منطقیه	691	mntghyh
میارمش	691	myarmsh
بیکار	690	bykar
رده	690	rdh
ژان	690	zhan
کیفم	690	kyfm
آرین	689	aryn
حریم	688	hrym
میترسه	688	mytrsh
کارسون	688	karsvn
املاک	687	amlak
تنهاست	687	tnhast
دستورالعمل	687	dstvralml
نیمی	687	nymy
گیرمون	687	gyrmvn
ازینجا	686	azynja
بش	686	bsh
زیرزمینی	686	zyrzmyny
لباسی	686	lbasy
هفتاد	686	hftad
اونجاس	685	avnjas
دختران	685	dkhtran
درکش	685	drksh
عمدا	685	mda
بیداری	684	bydary
روستایی	684	rvstayy
شرت	684	shrt
مساوی	684	msavy
میدهد	684	mydhd
همدردی	684	hmdrdy
چنان	684	chnan
آزمون	683	azmvn
افرادمون	683	afradmvn
خیابونی	683	khyabvny
مناسبه	683	mnasbh
میزدن	683	myzdn
نتونستن	683	ntvnstn
نخوردم	683	nkhvrdm
نمیذاری	683	nmyzary
اتفاقیه	682	atfaghyh
اخراجی	682	akhrajy
اندوه	682	andvh
رفتارت	682	rftart
شطرنج	682	shtrnj
ضایع	682	zay
فتح	682	fth
لولا	682	lvla
چقدر؟	682	chghdr
کج	682	kj
سلاحی	681	slahy
ششش	681	shshsh
فرقه	681	frghh
مسکن	681	mskn
چنگال	681	chngal
کلام	681	klam
اشعه	680	ashh
اومده؟	680	avmdh
اچ	680	ach
بشنویم	680	bshnvym
شیمی	680	shymy
چندش	680	chndsh
کامرون	680	kamrvn
افزار	679	afzar
باطل	679	batl
بخشید	679	bkhshyd
دردناک	679	drdnak
سپرده	679	sprdh
مینویسم	679	mynvysm
بدشانسی	677	bdshansy
بفروشم	677	bfrvshm
جدیدمون	677	jdydmvn
متاهل	677	mtahl
هریس	677	hrys
وضعیتی	677	vzyty
اعلی	676	aly
دیدنم	676	dydnm
سوژه	676	svzhh
مطلق	676	mtlgh
پدرمه	676	pdrmh
یان	676	yan
بومی	675	bvmy
حقیقتو	675	hghyghtv
خیابونا	675	khyabvna
شیخ	675	shykh
ناامیدی	675	naamydy
اتهامات	674	athamat
ایزی	674	ayzy
تعظیم	674	tzym
جوکر	674	jvkr
برون	673	brvn
بکشیش	673	bkshysh
تفاهم	673	tfahm
زدند	673	zdnd
مستقل	673	mstghl
هاروارد	673	harvard
والدینم	673	valdynm
چربی	673	chrby
اشتباهات	672	ashtbahat
افسون	672	afsvn
انگاری	672	angary
خوار	672	khvar
مدافع	672	mdaf
ندیدین	672	ndydyn
یکدیگر	672	ykdygr
خونتون	671	khvntvn
زمزمه	671	zmzmh
ملل	671	mll
تصاحب	670	tsahb
درونت	670	drvnt
فهمی؟	670	fhmy
متمرکز	670	mtmrkz
نزنه	670	nznh
چشمش	670	chshmsh
آنلاین	669	anlayn
اونیه	669	avnyh
ایرانی	669	ayrany
بدستش	669	bdstsh
تاثیری	669	tasyry
ساختار	669	sakhtar
قفله	669	ghflh
کارم	669	karm
کریستال	669	krystal
گندی	669	gndy
استقبال	668	astghbal
تفنگدار	668	tfngdar
علوم	668	lvm
میترسیدم	668	mytrsydm
نوح	668	nvh
بجنگ	667	bjng
رویه	667	rvyh
زنبور	667	znbvr
سیمون	667	symvn
وانت	667	vant
بام	666	bam
بیابون	666	byabvn
خرچنگ	666	khrchng
درختان	666	drkhtan
میخرم	666	mykhrm
اینده	665	ayndh
خام	665	kham
رالف	665	ralf
روستای	665	rvstay
شق	665	shgh
صحرا	665	shra
مدتها	665	mdtha
آرومی	664	arvmy
آپریل	664	apryl
بشو	664	bshv
دیمین	664	dymyn
زویی	664	zvyy
لیس	664	lys
محصولات	664	mhsvlat
میزنین	664	myznyn
نمیکنید	664	nmyknyd
پوسته	664	pvsth
شکستش	663	shkstsh
میفهمیم	663	myfhmym
نذاشتی	663	nzashty
واسشون	663	vasshvn
کر	663	kr
اسکی	662	asky
ببینند	662	bbynnd
زشته	662	zshth
شارون	662	sharvn
نهایتا	662	nhayta
پ	662	p
داروهای	661	darvhay
فرکانس	661	frkans
مهاجرت	661	mhajrt
کجاش	661	kjash
آنقدر	660	anghdr
بشناسی	660	bshnasy
تخصص	660	tkhss
ستارگان	660	stargan
محدودیت	660	mhdvdyt
ناراحته	660	narahth
کازینو	660	kazynv
گذاشتین	660	gzashtyn
تروی	659	trvy
دندان	659	dndan
دونالد	659	dvnald
ندیم	659	ndym
ننه	659	nnh
الا	658	ala
اینچ	658	aynch
شدیدی	658	shdydy
فاکس	658	faks
مندی	658	mndy
مهره	658	mhrh
ووو	658	v
ویدیو	658	vydyv
الموت	657	almvt
جونیور	657	jvnyvr
دامبلدور	657	dambldvr
قله	657	ghlh
میزاره	657	myzarh
پستی	657	psty
پیرزن	657	pyrzn
چتر	657	chtr
استنلی	656	astnly
بگیریش	656	bgyrysh
تاپ	656	tap
جعل	656	jl
راهول	656	rahvl
صنایع	656	snay
قطعات	656	ghtat
مختلفی	656	mkhtlfy
کیلب	656	kylb
گواهینامه	656	gvahynamh
آشوب	655	ashvb
بدرود	655	bdrvd
رن	655	rn
قیمتش	655	ghymtsh
کرک	655	krk
چرنده	654	chrndh
جدیدترین	653	jdydtryn
رقصیدن	653	rghsydn
نیروها	653	nyrvha
وقتتون	653	vghttvn
چان	653	chan
امنی	651	amny
بخشنده	651	bkhshndh
جاری	651	jary
درمانش	651	drmansh
میزنید	651	myznyd
اتش	650	atsh
بگیرمش	650	bgyrmsh
جوابت	650	jvabt
خطاب	650	khtab
خوشحاله	650	khvshhalh
رندی	650	rndy
مفهومه	650	mfhvmh
پسرمون	650	psrmvn
کنترله	650	kntrlh
آبه	649	abh
بلندی	649	blndy
توانید	649	tvanyd
ماموران	649	mamvran
میترسن	649	mytrsn
پاس	649	pas
آنتی	648	anty
روباه	648	rvbah
مورچه	648	mvrchh
میدونستن	648	mydvnstn
هکتور	648	hktvr
ونسا	648	vnsa
کلاب	648	klab
بروز	647	brvz
مطمئنید	647	mtmnyd
ویتنام	647	vytnam
بجنگه	646	bjngh
دریل	646	dryl
رایگان	646	raygan
رفع	646	rf
سیلی	646	syly
شغلم	646	shghlm
وب	646	vb
اشتراک	645	ashtrak
اوو	645	avv
بهترینه	645	bhtrynh
جالبیه	645	jalbyh
خانوادش	645	khanvadsh
شانسم	645	shansm
مراحل	645	mrahl
کهکشان	645	khkshan
بریزی	644	bryzy
درهای	644	drhay
دستهای	644	dsthay
فراست	644	frast
قارچ	644	gharch
کریکسوس	644	kryksvs
آبراهام	643	abraham
آدمکش	643	admksh
جانبی	643	janby
جنگید	643	jngyd
حراست	643	hrast
ذوب	643	zvb
فرش	643	frsh
کدومش	643	kdvmsh
کشمت	643	kshmt
بیفتیم	642	byftym
لعنتش	642	lntsh
نمیدونستی	642	nmydvnsty
همچون	642	hmchvn
برنمیاد	641	brnmyad
بویی	641	bvyy
تحقیقاتی	641	thghyghaty
تلخ	641	tlkh
خبرچین	641	khbrchyn
علاقمند	641	laghmnd
ناله	641	nalh
هرجور	641	hrjvr
اسمشون	640	asmshvn
اژدهای	640	azhdhay
خریدن	640	khrydn
سیاهه	639	syahh
شلوارت	639	shlvart
شیره	639	shyrh
فکرو	639	fkrv
میخورد	639	mykhvrd
میشنوه	639	myshnvh
اکتبر	638	aktbr
سواحل	638	svahl
سوسیس	638	svsys
سگی	638	sgy
صداشون	638	sdashvn
ادرار	637	adrar
بشنون	637	bshnvn
فلورانس	637	flvrans
لعنتیه	637	lntyh
پیغامی	637	pyghamy
بشکنه	636	bshknh
دخل	636	dkhl
موقت	636	mvght
نمیاری	636	nmyary
پارس	636	pars
کاتولیک	636	katvlyk
جانب	635	janb
جنا	635	jna
خور	635	khvr
پچ	635	pch
اداری	634	adary
بهر	634	bhr
بیفتی	634	byfty
دستگیرت	634	dstgyrt
دوتون	634	dvtvn
متوجهی	634	mtvjhy
پال	634	pal
بدل	633	bdl
ترکیبی	633	trkyby
جبهه	633	jbhh
جوانا	633	jvana
عکسی	633	ksy
لینک	633	lynk
محشر	633	mhshr
میندازن	633	myndazn
نه،من	633	nhmn
بچسب	632	bchsb
نخوای	632	nkhvay
کاکاسیاه	632	kakasyah
آموزشی	631	amvzshy
اونجارو	631	avnjarv
حاله	631	halh
حقم	631	hghm
زدید	631	zdyd
شجاعی	631	shjay
فلزی	631	flzy
مونیم	631	mvnym
هواپیمایی	631	hvapymayy
استاندارد	630	astandard
برپا	630	brpa
بگینز	630	bgynz
جفری	630	jfry
رزی	630	rzy
شرور	630	shrvr
وستروس	630	vstrvs
بدت	629	bdt
توضیحی	629	tvzyhy
دلاره	629	dlarh
نمیخوری	629	nmykhvry
نمیفهمه	629	nmyfhmh
پیج	629	pyj
کپسول	629	kpsvl
آوردید	628	avrdyd
تنهامون	628	tnhamvn
ملاقاتی	628	mlaghaty
گردان	628	grdan
گردنم	627	grdnm
گیتا	627	gyta
توقیف	626	tvghyf
رسیم	626	rsym
عاقبت	626	aghbt
قبرستون	626	ghbrstvn
میداری	626	mydary
گابریل	626	gabryl
ھ	626	?
آگاهی	625	agahy
اعتیاد	625	atyad
بازیگری	625	bazygry
دوستمه	625	dvstmh
سره	625	srh
قاچاقچی	625	ghachaghchy
میخندی	625	mykhndy
پدر؟	625	pdr
باس	624	bas
درازی	624	drazy
درمیاد	624	drmyad
فعلی	624	fly
منتظرن	624	mntzrn
کلمبیا	624	klmbya
اندام	623	andam
صلاحیت	623	slahyt
نمایشی	623	nmayshy
جدایی	622	jdayy
سخن	622	skhn
مامانش	622	mamansh
نظیر	622	nzyr
ادبی	621	adby
ازون	621	azvn
بفرستش	621	bfrstsh
بگرده	621	bgrdh
خلافکار	621	khlafkar
نقاب	621	nghab
نمیگن	621	nmygn
روزای	620	rvzay
لاکی	620	laky
لباسای	620	lbasay
مبتلا	620	mbtla
موز	620	mvz
نورا	620	nvra
کالی	620	kaly
کوری	620	kvry
استیسی	619	astysy
بخشیده	619	bkhshydh
بیلبو	619	bylbv
تبلیغ	619	tblygh
یافتن	619	yaftn
ارزه	618	arzh
الان؟	618	alan
بفروشی	618	bfrvshy
قلاب	618	ghlab
ادعای	617	aday
دیروقت	617	dyrvght
سازه	617	sazh
قدمی	617	ghdmy
مبنی	617	mbny
مشکله	617	mshklh
نخواد	617	nkhvad
دعای	616	day
رسونده	616	rsvndh
نریم	616	nrym
کادی	616	kady
یادته؟	616	yadth
ببریش	615	bbrysh
سایز	615	sayz
میذاشتم	615	myzashtm
ننداز	615	nndaz
کابل	615	kabl
گناهی	615	gnahy
آژیر	614	azhyr
باله	614	balh
تسلیت	614	tslyt
درحالیکه	614	drhalykh
صداها	614	sdaha
فرضیه	614	frzyh
مارکو	614	markv
چسبیده	614	chsbydh
کشورم	614	kshvrm
اپریل	613	apryl
برآورده	613	bravrdh
بفروشه	613	bfrvshh
درونی	613	drvny
شپرد	613	shprd
چمن	613	chmn
کرولاین	613	krvlayn
بشناسم	612	bshnasm
زایمان	612	zayman
سونگ	612	svng
مروارید	612	mrvaryd
پلیسم	612	plysm
دائمی	611	damy
دزدان	611	dzdan
عبادت	611	badt
فرمول	611	frmvl
پیشروی	611	pyshrvy
چهارده	611	chhardh
گنجینه	611	gnjynh
اسرائیل	610	asrayl
انسانه	610	ansanh
بدجنس	610	bdjns
سرنخی	610	srnkhy
مردمش	610	mrdmsh
وایسادی	610	vaysady
چرخش	610	chrkhsh
اعزام	609	azam
اممم	609	am
انی	609	any
جوراب	609	jvrab
واتسون	609	vatsvn
کاردینال	609	kardynal
برنج	608	brnj
بمبئی	608	bmby
بیانیه	608	byanyh
درکت	608	drkt
لامصب	608	lamsb
میشناسین	608	myshnasyn
پریم	608	prym
کیفیت	608	kyfyt
یدونه	608	ydvnh
اسیب	607	asyb
بازمانده	607	bazmandh
سلیقه	607	slyghh
نمیگیری	607	nmygyry
ویرجینیا	607	vyrjynya
اوردن	606	avrdn
بخونش	606	bkhvnsh
جامون	606	jamvn
دویدن	606	dvydn
سلاخی	606	slakhy
عسلم	606	slm
مردانی	606	mrdany
نشونتون	606	nshvntvn
ویژگی	606	vyzhgy
کشیدیم	606	kshydym
اقتصاد	605	aghtsad
خطی	605	khty
رودی	605	rvdy
شکستی	605	shksty
مادربزرگم	605	madrbzrgm
نرسید	605	nrsyd
کریستوفر	605	krystvfr
اوایل	604	avayl
سرحال	604	srhal
میک	604	myk
نخواهند	604	nkhvahnd
پاندا	604	panda
پسرهای	604	psrhay
بزرگتره	603	bzrgtrh
دیرم	603	dyrm
سایر	603	sayr
سپاسگزارم	603	spasgzarm
ویجی	603	vyjy
کامله	603	kamlh
؟	602	?
استریت	602	astryt
بخاطره	602	bkhatrh
شوهرتون	602	shvhrtvn
ضروریه	602	zrvryh
فلیسیتی	602	flysyty
نویسی	602	nvysy
وکیلم	602	vkylm
چنتا	602	chnta
توده	601	tvdh
دروغگوی	601	drvghgvy
مطبوعات	601	mtbvat
میشناسید	601	myshnasyd
نمیخواین	601	nmykhvayn
پسرمه	601	psrmh
کمکشون	601	kmkshvn
اهالی	600	ahaly
برمیام	600	brmyam
حوادث	600	hvads
انزو	599	anzv
دادا	599	dada
نگهبانا	599	nghbana
هرروز	599	hrrvz
هفده	599	hfdh
همونجور	599	hmvnjvr
آتشین	598	atshyn
بوید	598	bvyd
تخفیف	598	tkhfyf
تندتر	598	tndtr
تهوع	598	thv
شیلد	598	shyld
ملاقاتتون	598	mlaghattvn
نوامبر	598	nvambr
تکنیک	597	tknyk
جولیان	597	jvlyan
سعیم	597	sym
شفا	597	shfa
عوضیه	597	vzyh
ندین	597	ndyn
گروهان	597	grvhan
اقدامات	596	aghdamat
بنویسه	596	bnvysh
تفریحی	596	tfryhy
ج	596	j
سربازا	596	srbaza
قانونه	596	ghanvnh
قطعش	596	ghtsh
لکس	596	lks
نمایشه	596	nmayshh
کالوین	596	kalvyn
کودن	596	kvdn
سرپرستی	595	srprsty
عواقب	595	vaghb
مسواک	595	msvak
تدریس	594	tdrys
خواستگاری	594	khvastgary
صابون	594	sabvn
ماهیچه	594	mahychh
کانگ	594	kang
افشا	593	afsha
بیشترشون	593	byshtrshvn
تولدم	593	tvldm
دو،	593	dv
فشارش	593	fsharsh
هشتم	593	hshtm
ببینش	592	bbynsh
غیبت	592	ghybt
میومدی	592	myvmdy
نشیم	592	nshym
کتنیس	592	ktnys
انا	591	ana
سزاوار	591	szavar
معما	591	mma
میلاد	591	mylad
نامزدی	591	namzdy
پایدار	591	paydar
کرت	591	krt
امانی	590	amany
برادرمه	590	bradrmh
قالب	590	ghalb
مرگم	590	mrgm
کوله	590	kvlh
باربارا	589	barbara
خامه	589	khamh
خودی	589	khvdy
دانشجوی	589	danshjvy
سرشو	589	srshv
شجاعانه	589	shjaanh
ناجی	589	najy
پدربزرگم	589	pdrbzrgm
گردونیم	589	grdvnym
دزموند	588	dzmvnd
لنگر	588	lngr
لپ	588	lp
وجودش	588	vjvdsh
آمریکای	587	amrykay
بتا	587	bta
شهوت	587	shhvt
عصبانیم	587	sbanym
مصیبت	587	msybt
پیشمون	587	pyshmvn
کشورهای	587	kshvrhay
آواتار	586	avatar
انقد	586	anghd
جودا	586	jvda
لازمت	586	lazmt
بلنده	585	blndh
توکیو	585	tvkyv
حرفاش	585	hrfash
حفره	585	hfrh
شلبی	585	shlby
شنل	585	shnl
منصرف	585	mnsrf
مهلت	585	mhlt
نصفش	585	nsfsh
کلنل	585	klnl
یادشون	585	yadshvn
آدامس	584	adams
اورد	584	avrd
بهوش	584	bhvsh
تغییرش	584	tghyyrsh
جنرال	584	jnral
لامپ	584	lamp
مگس	584	mgs
کونش	584	kvnsh
بخصوص	583	bkhsvs
دربیارم	583	drbyarm
مایلم	583	maylm
میچل	583	mychl
اسپنسر	582	aspnsr
اسکایلر	582	askaylr
جذابی	582	jzaby
رکس	582	rks
فلفل	582	flfl
میبینین	582	mybynyn
پیشنهادت	582	pyshnhadt
آنان	581	anan
ایمن	581	aymn
باسن	581	basn
ترنر	581	trnr
درسی	581	drsy
مغناطیسی	581	mghnatysy
پیگیری	581	pygyry
کاشکی	581	kashky
تصمیمش	580	tsmymsh
جاتون	580	jatvn
جنبه	580	jnbh
ساشا	580	sasha
مرگبار	580	mrgbar
نکردید	580	nkrdyd
هیچکدومشون	580	hychkdvmshvn
کالسکه	580	kalskh
گمراه	580	gmrah
آریا	579	arya
تماسی	579	tmasy
روال	579	rval
لوبیا	579	lvbya
نخورید	579	nkhvryd
کبیر	579	kbyr
کثیفی	579	ksyfy
اهنگ	578	ahng
برجسته	578	brjsth
سبد	578	sbd
سوختن	578	svkhtn
شتاب	578	shtab
فالز	578	falz
لابد	578	labd
میجنگیم	578	myjngym
نسبتا	578	nsbta
اوترد	577	avtrd
حافظ	577	hafz
خاکی	577	khaky
دویل	577	dvyl
راجرز	577	rajrz
سیاهی	577	syahy
صنعت	577	snt
مودب	577	mvdb
میدونستیم	577	mydvnstym
نمیداد	577	nmydad
گذاشتمش	577	gzashtmsh
امضای	576	amzay
تفنگت	576	tfngt
دیوارهای	576	dyvarhay
گوریه	576	gvryh
اجتناب	575	ajtnab
افسردگی	575	afsrdgy
برطرف	575	brtrf
بپری	575	bpry
تنگه	575	tngh
صداشو	575	sdashv
هنرهای	575	hnrhay
ژوئن	575	zhvn
کمیسیون	575	kmysyvn
گزارشات	575	gzarshat
تنیس	574	tnys
خودشم	574	khvdshm
راکت	574	rakt
زندگیتون	574	zndgytvn
غیرعادی	574	ghyrady
فولاد	574	fvlad
پوشیدم	574	pvshydm
ازینکه	573	azynkh
دستها	573	dstha
لباسش	573	lbassh
کنجکاوم	573	knjkavm
حواسمون	572	hvasmvn
سابقم	572	sabghm
سرسخت	572	srskht
فانی	572	fany
مرزی	572	mrzy
موثر	572	mvsr
میندازیم	572	myndazym
نمیخواستی	572	nmykhvasty
پذیرفته	572	pzyrfth
بیدارش	571	bydarsh
ترکم	571	trkm
دیوانگیه	571	dyvangyh
لباسهای	571	lbashay
لوتر	571	lvtr
مارج	571	marj
میکشید	571	mykshyd
نزنم	571	nznm
ولشون	571	vlshvn
اه،	570	ah
بدک	570	bdk
حامی	570	hamy
شمشیرت	570	shmshyrt
شنود	570	shnvd
معجون	570	mjvn
موردت	570	mvrdt
نچ	570	nch
ولف	570	vlf
پرستاری	570	prstary
پرنس	570	prns
پیراهن	570	pyrahn
کمر	570	kmr
گذر	570	gzr
افتخارمه	569	aftkharmh
ایراد	569	ayrad
جاه	569	jah
سراغم	569	sraghm
فلین	569	flyn
نیازه	569	nyazh
هایه	569	hayh
کاندوم	569	kandvm
یورو	569	yvrv
اهرم	568	ahrm
براون	568	bravn
بریدن	568	brydn
بنجی	568	bnjy
بولینگ	568	bvlyng
دوستش	568	dvstsh
رجی	568	rjy
رهایی	568	rhayy
میداریم	568	mydarym
نگفتن	568	ngftn
هیوستون	568	hyvstvn
ایتن	567	aytn
بعداز	567	bdaz
رنگش	567	rngsh
عملکرد	567	mlkrd
میبینمش	567	mybynmsh
پالمر	567	palmr
اثرات	566	asrat
اعتقادی	566	atghady
خیالت	566	khyalt
رسوندی	566	rsvndy
سیاتل	566	syatl
مذهب	566	mzhb
مردمان	566	mrdman
مسیری	566	msyry
کلیدی	566	klydy
اپرا	565	apra
بپرسید	565	bprsyd
بکی	565	bky
حاضری؟	565	hazry
دردم	565	drdm
میثم	565	mysm
ارزشمند	564	arzshmnd
انتظارش	564	antzarsh
اونهاست	564	avnhast
بادوم	564	badvm
خوابگاه	564	khvabgah
سوارش	564	svarsh
شفاف	564	shfaf
مگه؟	564	mgh
هندوستان	564	hndvstan
کمتری	564	kmtry
اجداد	563	ajdad
برایم	563	braym
دارمت	563	darmt
طراح	563	trah
مجروح	563	mjrvh
نرسه	563	nrsh
پن	563	pn
گسترده	563	gstrdh
برکت	562	brkt
بگردید	562	bgrdyd
توئی	562	tvy
حسابش	562	hsabsh
سربازای	562	srbazay
عاشقم	562	ashghm
میشناسن	562	myshnasn
میکروفون	562	mykrvfvn
وینس	562	vyns
چاو	562	chav
چطورین	562	chtvryn
آمدین	561	amdyn
اولیور	561	avlyvr
بیشترش	561	byshtrsh
خرابی	561	khraby
فرستنده	561	frstndh
میچرخه	561	mychrkhh
پروردگار	561	prvrdgar
بم	560	bm
دیدگاه	560	dydgah
رادار	560	radar
سازنده	560	sazndh
سردرد	560	srdrd
سیل	560	syl
بان	559	ban
خودمونه	559	khvdmvnh
ضربت	559	zrbt
مبادله	559	mbadlh
ناخن	559	nakhn
چرند	559	chrnd
کشاورزی	559	kshavrzy
گوی	559	gvy
یادتونه	559	yadtvnh
اخه	558	akhh
برنارد	558	brnard
بینمش	558	bynmsh
جم	558	jm
شوخیه	558	shvkhyh
نشید	558	nshyd
کلینیک	558	klynyk
ترومن	557	trvmn
تشریفات	557	tshryfat
جنگیم	557	jngym
حرارت	557	hrart
خونین	557	khvnyn
راگنار	557	ragnar
سربازی	557	srbazy
ضعیفی	557	zyfy
طلای	557	tlay
کلویی	557	klvyy
کنایه	557	knayh
گرنه	557	grnh
اوتیس	556	avtys
ایشان	556	ayshan
ترش	556	trsh
روبی	556	rvby
مدته	556	mdth
میشند	556	myshnd
هایدرا	556	haydra
والدینت	556	valdynt
کاروان	556	karvan
کشاورز	556	kshavrz
استرالیا	555	astralya
اسپری	555	aspry
اینترنتی	555	ayntrnty
تفکر	555	tfkr
درونش	555	drvnsh
دورن	555	dvrn
نایت	555	nayt
نباشیم	555	nbashym
هروئین	555	hrvyn
بخند	554	bkhnd
تبرئه	554	tbrh
حالشو	554	halshv
شدنی	554	shdny
صداتون	554	sdatvn
معلق	554	mlgh
منظم	554	mnzm
هرگونه	554	hrgvnh
پترسون	554	ptrsvn
پیتا	554	pyta
کاترینا	554	katryna
گذرگاه	554	gzrgah
السا	553	alsa
جنابعالی	553	jnabaly
حیله	553	hylh
خبرم	553	khbrm
خزانه	553	khzanh
داروها	553	darvha
دوستانم	553	dvstanm
رهبران	553	rhbran
میتونند	553	mytvnnd
چاشنی	553	chashny
اسقف	552	asghf
اعصابم	552	asabm
بدنی	552	bdny
برمیای	552	brmyay
دوقلو	552	dvghlv
ردیفش	552	rdyfsh
ویران	552	vyran
پاکه	552	pakh
اوووه	551	avh
ایستادم	551	aystadm
بحرانی	551	bhrany
برندا	551	brnda
خنگ	551	khng
ساختگی	551	sakhtgy
سرعتی	551	srty
صدف	551	sdf
مایی	551	mayy
نزدیکش	551	nzdyksh
استودیو	550	astvdyv
بارنی	550	barny
تایمز	550	taymz
تصمیمات	550	tsmymat
رسد	550	rsd
نباشن	550	nbashn
چن	550	chn
کشن	550	kshn
اطرافت	549	atraft
اینجایین	549	aynjayyn
دونا	549	dvna
سواره	549	svarh
عتیقه	549	tyghh
قهرمانان	549	ghhrmanan
وفق	549	vfgh
پتو	549	ptv
یار	549	yar
اینجایید	548	aynjayyd
فضولی	548	fzvly
قیچی	548	ghychy
لورن	548	lvrn
واحدها	548	vahdha
استفراغ	547	astfragh
دیوانگی	547	dyvangy
روحم	547	rvhm
زندانه	547	zndanh
سباستین	547	sbastyn
سودی	547	svdy
معروفه	547	mrvfh
وقوع	547	vghv
پلاستیکی	547	plastyky
پیامی	547	pyamy
چنده؟	547	chndh
گام	547	gam
آگوست	546	agvst
بلندشو	546	blndshv
بپیچ	546	bpych
بیخود	546	bykhvd
خستگی	546	khstgy
دانه	546	danh
شوخ	546	shvkh
قید	546	ghyd
مقدم	546	mghdm
نخوردی	546	nkhvrdy
هیکل	546	hykl
چپت	546	chpt
گپ	546	gp
بیتس	545	byts
هوم؟	545	hvm
پراکنده	545	prakndh
گرسنمه	545	grsnmh
بدوید	544	bdvyd
خیالش	544	khyalsh
دستت	544	dstt
شبح	544	shbh
چشمک	544	chshmk
تفاوتی	543	tfavty
جدیدا	543	jdyda
مستعار	543	mstar
نزدیکم	543	nzdykm
نمیوفته	543	nmyvfth
کبد	543	kbd
گوجه	543	gvjh
آوردنش	542	avrdnsh
جرئت	542	jrt
جنایتکار	542	jnaytkar
زنهای	542	znhay
پیامبر	542	pyambr
باورنکردنی	541	bavrnkrdny
توئم	541	tvm
ارمغان	540	armghan
الاغ	540	alagh
شکلاتی	540	shklaty
عجیبیه	540	jybyh
فهمیدید	540	fhmydyd
محاسبه	540	mhasbh
مرگته؟	540	mrgth
موافقی	540	mvafghy
میخواهد	540	mykhvahd
احاطه	539	ahath
اومدند	539	avmdnd
حقی	539	hghy
زشتی	539	zshty
شناختی	539	shnakhty
کوچولوت	539	kvchvlvt
یونیفرم	539	yvnyfrm
آوردیش	538	avrdysh
اطاق	538	atagh
قصاب	538	ghsab
هیو	538	hyv
وارن	538	varn
پونزده	538	pvnzdh
احساساتت	537	ahsasatt
اوون	537	avvn
بینشون	537	bynshvn
جدول	537	jdvl
جنبش	537	jnbsh
خریه	537	khryh
درمانگاه	537	drmangah
ف	537	f
موم	537	mvm
نزنیم	537	nznym
وقایع	537	vghay
یوجین	537	yvjyn
احمقانست	536	ahmghanst
باتیاتوس	536	batyatvs
باریه	536	baryh
بدر	536	bdr
تشییع	536	tshyy
جان؟	536	jan
داخله	536	dakhlh
غریزه	536	ghryzh
غصه	536	ghsh
مداخله	536	mdakhlh
میستیک	536	mystyk
جلسات	535	jlsat
شورت	535	shvrt
قورت	535	ghvrt
لکسی	535	lksy
میخاد	535	mykhad
میدارن	535	mydarn
ورم	535	vrm
پلاستیک	535	plastyk
کدومتون	535	kdvmtvn
کردنم	535	krdnm
کمونیست	535	kmvnyst
ازاد	534	azad
استفان	534	astfan
باخت	534	bakht
برنت	534	brnt
داش	534	dash
داناوان	534	danavan
لارا	534	lara
معاینه	534	maynh
پاپی	534	papy
اسید	533	asyd
امضاش	533	amzash
این؟	533	ayn
جونور	533	jvnvr
دروغگویی	533	drvghgvyy
دوسته	533	dvsth
دکترا	533	dktra
نیای	533	nyay
واسطه	533	vasth
پوچ	533	pvch
آشغاله	532	ashghalh
بیاریش	532	byarysh
خفاش	532	khfash
سمتش	532	smtsh
مردمم	532	mrdmm
واقعآ	532	vagha
استخراج	531	astkhraj
اینقد	531	aynghd
بازنشستگی	531	baznshstgy
ترتیبشو	531	trtybshv
جدیدش	531	jdydsh
جزایر	531	jzayr
دامن	531	damn
رمان	531	rman
شاعر	531	shar
قاتله	531	ghatlh
لوئیز	531	lvyz
هجوم	531	hjvm
وندی	531	vndy
بخونیم	530	bkhvnym
انعام	529	anam
بغلش	529	bghlsh
بلوط	529	blvt
خشمگین	529	khshmgyn
سبزیجات	529	sbzyjat
ملاقاتش	529	mlaghatsh
نولا	529	nvla
بلی	528	bly
قرون	528	ghrvn
ویلا	528	vyla
یجوری	528	yjvry
ارین	527	aryn
انگشتت	527	angshtt
اینجایی؟	527	aynjayy
بلوند	527	blvnd
دستاش	527	dstash
شویی	527	shvyy
مفت	527	mft
وقفه	527	vghfh
تراشه	526	trashh
تعارف	526	tarf
خاصه	526	khash
خواستید	526	khvastyd
دا	526	da
سرفه	526	srfh
صدراعظم	526	sdrazm
نگاهت	526	ngaht
وظایف	526	vzayf
اجباری	525	ajbary
المپیک	525	almpyk
امبر	525	ambr
توضیحش	525	tvzyhsh
خوبین	525	khvbyn
شکستم	525	shkstm
نارنجی	525	narnjy
پولها	525	pvlha
گیم	525	gym
بنیامین	524	bnyamyn
بیدارت	524	bydart
جینا	524	jyna
دزدیدم	524	dzdydm
زدمش	524	zdmsh
شناسه	524	shnash
طریقی	524	tryghy
میکنه؟	524	myknh
کورا	524	kvra
ادگار	523	adgar
التحصیلی	523	althsyly
النا	523	alna
تلفنم	523	tlfnm
تولدش	523	tvldsh
سوءاستفاده	523	svastfadh
سگها	523	sgha
شهرهای	523	shhrhay
متنفرن	523	mtnfrn
میرسونم	523	myrsvnm
ناراحتت	523	narahtt
ژن	523	zhn
تایرل	522	tayrl
سنترال	522	sntral
فرانکلین	522	franklyn
مصمم	522	msmm
نزنین	522	nznyn
پیرس	522	pyrs
بوقلمون	521	bvghlmvn
حقش	521	hghsh
رودز	521	rvdz
ساموئل	521	samvl
شوی	521	shvy
مجهز	521	mjhz
میخوابم	521	mykhvabm
میکشمش	521	mykshmsh
کنجکاوی	521	knjkavy
بدزدی	520	bdzdy
رجب	520	rjb
روزگار	520	rvzgar
لنس	520	lns
ورا	520	vra
پسربچه	520	psrbchh
آشغالا	519	ashghala
دوشون	519	dvshvn
رنگین	519	rngyn
سرنشین	519	srnshyn
شکرت	519	shkrt
قند	519	ghnd
لاشی	519	lashy
مکعب	519	mkb
هاوایی	519	havayy
وینستون	519	vynstvn
گلوش	519	glvsh
بنوشیم	518	bnvshym
حروف	518	hrvf
دیواره	518	dyvarh
فراموشی	518	framvshy
منع	518	mn
چندبار	518	chndbar
کفایت	518	kfayt
التماست	517	altmast
اونجور	517	avnjvr
بردگی	517	brdgy
برنمی	517	brnmy
داغونه	517	daghvnh
رمانتیک	517	rmantyk
روانپزشک	517	rvanpzshk
میفهمن	517	myfhmn
نیوجرسی	517	nyvjrsy
پاشنه	517	pashnh
کیتلین	517	kytlyn
یادمون	517	yadmvn
بیگ	516	byg
شرمن	516	shrmn
لنگ	516	lng
متحرک	516	mthrk
میچ	516	mych
نزدیکترین	516	nzdyktryn
نوزاد	516	nvzad
پت	516	pt
پدرمون	516	pdrmvn
بهترینی	515	bhtryny
سعیمو	515	symv
ملوان	515	mlvan
نمیکنین	515	nmyknyn
پرسیوس	515	prsyvs
بهداشت	514	bhdasht
درخواستی	514	drkhvasty
دموکراسی	514	dmvkrasy
لخته	514	lkhth
آمادم	513	amadm
بکشیمش	513	bkshymsh
تپش	513	tpsh
علیکم	513	lykm
فانوس	513	fanvs
قورباغه	513	ghvrbaghh
میدیدی	513	mydydy
میکردید	513	mykrdyd
پخته	513	pkhth
کلفت	513	klft
اشون	512	ashvn
بودنه	512	bvdnh
دزدها	512	dzdha
زنانه	512	znanh
فروختی	512	frvkhty
فی	512	fy
فینال	512	fynal
منتظرته	512	mntzrth
کماندار	512	kmandar
آبنبات	511	abnbat
تنم	511	tnm
خطرناکیه	511	khtrnakyh
راحتم	511	rahtm
سگم	511	sgm
مخابره	511	mkhabrh
میسازیم	511	mysazym
واردش	511	vardsh
پیشتون	511	pyshtvn
گرمای	511	grmay
گشاد	511	gshad
اکو	510	akv
بزنند	510	bznnd
بسازن	510	bsazn
بمباران	510	bmbaran
حفاری	510	hfary
شتر	510	shtr
شلی	510	shly
کولی	510	kvly
گستاخ	510	gstakh
بجنگن	509	bjngn
بدهید	509	bdhyd
بررسیش	509	brrsysh
تائید	509	tayd
خبرش	509	khbrsh
دوتامون	509	dvtamvn
زی	509	zy
صفت	509	sft
هردوشون	509	hrdvshvn
هماهنگی	509	hmahngy
چرندیات	509	chrndyat
کارولین	509	karvlyn
کوچیکت	509	kvchykt
بالش	508	balsh
بجا	508	bja
بشند	508	bshnd
تایگر	508	taygr
دفنش	508	dfnsh
سوکی	508	svky
قدرتمندی	508	ghdrtmndy
مردیه	508	mrdyh
پوستش	508	pvstsh
آلودگی	507	alvdgy
آهنگی	507	ahngy
الگوی	507	algvy
اگرم	507	agrm
تحویلش	507	thvylsh
تقلید	507	tghlyd
جرقه	507	jrghh
جیبت	507	jybt
رستگاری	507	rstgary
مجبوره	507	mjbvrh
میزنند	507	myznnd
نجاتشون	507	njatshvn
پریدن	507	prydn
چونه	507	chvnh
چیپس	507	chyps
کان	507	kan
بودا	506	bvda
لینا	506	lyna
مردمت	506	mrdmt
نر	506	nr
وایسم	506	vaysm
انواع	505	anva
بپرم	505	bprm
بیوفت	505	byvft
تختت	505	tkhtt
فاز	505	faz
هلمز	505	hlmz
چیزش	505	chyzsh
گشنه	505	gshnh
اوضاعت	504	avzat
سفیده	504	sfydh
میشده	504	myshdh
نخوری	504	nkhvry
نهنگ	504	nhng
ارزشه	503	arzshh
بنجامین	503	bnjamyn
ترن	503	trn
تسویه	503	tsvyh
شعاع	503	sha
لشکر	503	lshkr
نبودند	503	nbvdnd
آستین	502	astyn
آشتی	502	ashty
استعدادی	502	astdady
ایتان	502	aytan
برگزیده	502	brgzydh
دربرابر	502	drbrabr
سیمپسون	502	sympsvn
شاهین	502	shahyn
عنصر	502	nsr
مقتول	502	mghtvl
وطن	502	vtn
یوری	502	yvry
بستری	501	bstry
تجزیه	501	tjzyh
جمال	501	jmal
جولین	501	jvlyn
دعوتش	501	dvtsh
رسوندم	501	rsvndm
سنگر	501	sngr
ناخودآگاه	501	nakhvdagah
اقرار	500	aghrar
الکترونیکی	500	alktrvnyky
انجا	500	anja
بخواهی	500	bkhvahy
ترسید	500	trsyd
خونشون	500	khvnshvn
روانشناس	500	rvanshnas
زبونت	500	zbvnt
ملاحظه	500	mlahzh
ممنونیم	500	mmnvnym
نکشید	500	nkshyd
ژنراتور	500	zhnratvr
کناره	500	knarh
جد	499	jd
دستبرد	499	dstbrd
روبروی	499	rvbrvy
فرستادیم	499	frstadym
مضطرب	499	mztrb
نشن	499	nshn
هانتر	499	hantr
اجتماع	498	ajtma
ببخشه	498	bbkhshh
بیارینش	498	byarynsh
تلفنش	498	tlfnsh
جاز	498	jaz
درمیاره	498	drmyarh
دیگو	498	dygv
راسته	498	rasth
مامورای	498	mamvray
محروم	498	mhrvm
مطابق	498	mtabgh
میبرد	498	mybrd
کلم	498	klm
ایوی	497	ayvy
برگردوند	497	brgrdvnd
بیخودی	497	bykhvdy
تاسیسات	497	tasysat
تنه	497	tnh
دستته	497	dstth
روشنی	497	rvshny
شیلا	497	shyla
فورمن	497	fvrmn
ما؟	497	ma
منافع	497	mnaf
هوشیار	497	hvshyar
واکسن	497	vaksn
گفتگوی	497	gftgvy
آنکه	496	ankh
اسمتو	496	asmtv
خواستار	496	khvastar
دستمزد	496	dstmzd
صب	496	sb
عقلتو	496	ghltv
هیج	496	hyj
یورک	496	yvrk
برسونمت	495	brsvnmt
بپرسه	495	bprsh
تهدیدی	495	thdydy
رفیقم	495	rfyghm
صاعقه	495	saghh
قلابی	495	ghlaby
میبرمش	495	mybrmsh
میشدیم	495	myshdym
نحوه	495	nhvh
نفست	495	nfst
گیلاس	495	gylas
بازداشتی	494	bazdashty
تعویض	494	tvyz
جانت	494	jant
خودتونه	494	khvdtvnh
داداشت	494	dadasht
زیادن	494	zyadn
شدنت	494	shdnt
طبل	494	tbl
طعنه	494	tnh
ظالم	494	zalm
قیام	494	ghyam
نیومدیم	494	nyvmdym
چندتایی	494	chndtayy
دانشمندان	493	danshmndan
راهبه	493	rahbh
رایانه	493	rayanh
رحمت	493	rhmt
روزت	493	rvzt
ومن	493	vmn
چیزارو	493	chyzarv
کرین	493	kryn
انتخابش	492	antkhabsh
بروید	492	brvyd
بسکتبال	492	bsktbal
دلتا	492	dlta
دینا	492	dyna
رسی	492	rsy
سفیدپوست	492	sfydpvst
فری	492	fry
میگیرمش	492	mygyrmsh
همونقدر	492	hmvnghdr
آرک	491	ark
برقراری	491	brghrary
بفرستن	491	bfrstn
جانور	491	janvr
خوشگلم	491	khvshglm
دخترمون	491	dkhtrmvn
دورف	491	dvrf
مادرشون	491	madrshvn
نپرسیدم	491	nprsydm
واقعیم	491	vaghym
چشمی	491	chshmy
اختصاصی	490	akhtsasy
بخدا	490	bkhda
حاکم	490	hakm
خجالتی	490	khjalty
شریف	490	shryf
فرانسیسکو	490	fransyskv
فرمانروای	490	frmanrvay
مستحق	490	msthgh
معدنی	490	mdny
نشستیم	490	nshstym
کشونده	490	kshvndh
تکان	489	tkan
جائی	489	jay
خیالم	489	khyalm
خیلیا	489	khylya
دفترت	489	dftrt
دیگ	489	dyg
صبحه	489	sbhh
ماندن	489	mandn
مرین	489	mryn
پیاز	489	pyaz
چیا	489	chya
کودی	489	kvdy
اونکه	488	avnkh
تلفظ	488	tlfz
تیریون	488	tyryvn
جوره	488	jvrh
ستاد	488	stad
غیره	488	ghyrh
ندیدن	488	ndydn
پائول	488	pavl
برنگشته	487	brngshth
بگویم	487	bgvym
حاجی	487	hajy
سرهم	487	srhm
لنگرگاه	487	lngrgah
نکشته	487	nkshth
چیست	487	chyst
آزادانه	486	azadanh
احساساتم	486	ahsasatm
بخوبی	486	bkhvby
جزییات	486	jzyyat
دخترمه	486	dkhtrmh
دروغی	486	drvghy
رسوایی	486	rsvayy
زیرکانه	486	zyrkanh
شخصیتی	486	shkhsyty
فرستم	486	frstm
مخفیش	486	mkhfysh
مرده؟	486	mrdh
میدادیم	486	mydadym
نمای	486	nmay
وای،	486	vay
چیزم	486	chyzm
کبدی	486	kbdy
گای	486	gay
بربیاد	485	brbyad
ترمیم	485	trmym
جوردن	485	jvrdn
خرم	485	khrm
رویاها	485	rvyaha
شباهت	485	shbaht
شهامت	485	shhamt
قوم	485	ghvm
هلی	485	hly
ایستادی	484	aystady
جنگیدم	484	jngydm
حکمرانی	484	hkmrany
دائما	484	dama
درآوردن	484	dravrdn
روث	484	rvs
سانتا	484	santa
فروختم	484	frvkhtm
لوکا	484	lvka
میفرستن	484	myfrstn
هدفت	484	hdft
هنرپیشه	484	hnrpyshh
گلوی	484	glvy
امپراتوری	483	ampratvry
جنگجویان	483	jngjvyan
سرته	483	srth
شرکتی	483	shrkty
طاعون	483	tavn
لویس	483	lvys
مونا	483	mvna
نگاشون	483	ngashvn
چکمه	483	chkmh
چیش	483	chysh
آدمیه	482	admyh
تخیلی	482	tkhyly
تدارکات	482	tdarkat
تعقیبم	482	tghybm
جوابمو	482	jvabmv
دهی	482	dhy
مشروط	482	mshrvt
پامو	482	pamv
امون	481	amvn
بری؟	481	bry
دنریس	481	dnrys
میشینم	481	myshynm
پولمو	481	pvlmv
الگو	480	algv
ایستاد	480	aystad
بیدارم	480	bydarm
تصویب	480	tsvyb
تکلیف	480	tklyf
خداروشکر	480	khdarvshkr
شلوارم	480	shlvarm
اطلاعی	479	atlay
جاودانه	479	javdanh
حداقلش	479	hdaghlsh
ظرفیت	479	zrfyt
لستر	479	lstr
میفرستیم	479	myfrstym
ناقص	479	naghs
ندرت	479	ndrt
کاسبی	479	kasby
گندت	479	gndt
خطور	478	khtvr
روانشناسی	478	rvanshnasy
صداهای	478	sdahay
فروخت	478	frvkht
کودکی	478	kvdky
بدنبال	477	bdnbal
خوشامد	477	khvshamd
دلسوزی	477	dlsvzy
دیسک	477	dysk
سبزه	477	sbzh
شهرداری	477	shhrdary
متصدی	477	mtsdy
همینقدر	477	hmynghdr
پنجشنبه	477	pnjshnbh
کجام؟	477	kjam
آسونتر	476	asvntr
استلا	476	astla
باختم	476	bakhtm
تعدادشون	476	tdadshvn
تندی	476	tndy
خانگی	476	khangy
دوتاشون	476	dvtashvn
راجبه	476	rajbh
زاک	476	zak
فرقش	476	frghsh
فطرت	476	ftrt
گاوچرون	476	gavchrvn
آباد	475	abad
آذرخش	475	azrkhsh
آنتونیو	475	antvnyv
آیند	475	aynd
بدنه	475	bdnh
بردند	475	brdnd
حراج	475	hraj
حواسشون	475	hvasshvn
خصوصا	475	khsvsa
دانید	475	danyd
شکمش	475	shkmsh
لغت	475	lght
پادشاهان	475	padshahan
پسرمو	475	psrmv
کشتیم	475	kshtym
کلیک	475	klyk
گوگل	475	gvgl
جیبم	474	jybm
خو	474	khv
دلفین	474	dlfyn
طمع	474	tm
فرزندی	474	frzndy
میتونستن	474	mytvnstn
نقاش	474	nghash
گذرونی	474	gzrvny
گورت	474	gvrt
اونقدرها	473	avnghdrha
اوی	473	avy
تهمینه	473	thmynh
دربیاره	473	drbyarh
صرفا	473	srfa
مممم	473	m
ناسلامتی	473	naslamty
وایسادم	473	vaysadm
گرمی	473	grmy
بریزیم	472	bryzym
دانشجو	472	danshjv
دستشه	472	dstshh
رژه	472	rzhh
غلطه	472	ghlth
فریا	472	frya
لاستیک	472	lastyk
مدی	472	mdy
نیاوردم	472	nyavrdm
پلیسها	472	plysha
گرا	472	gra
بکنند	471	bknnd
بگیریمش	471	bgyrymsh
داستانت	471	dastant
قدری	471	ghdry
میگه؟	471	mygh
نذاشته	471	nzashth
نمیکنند	471	nmyknnd
پیشرفتی	471	pyshrfty
گیلبرت	471	gylbrt
یادگاری	471	yadgary
آشناست	470	ashnast
بستیم	470	bstym
تریس	470	trys
تقلا	470	tghla
خانمی	470	khanmy
مزدور	470	mzdvr
ناکس	470	naks
وضعش	470	vzsh
پایی	470	payy
تدفین	469	tdfyn
تینا	469	tyna
خبرها	469	khbrha
داداشم	469	dadashm
ربایی	469	rbayy
پادزهر	469	padzhr
آتلانتا	468	atlanta
اسکیت	468	askyt
جادوگرا	468	jadvgra
جلوشونو	468	jlvshvnv
دهلی	468	dhly
نیازمند	468	nyazmnd
هردوی	468	hrdvy
پیشکش	468	pyshksh
چطورن	468	chtvrn
آندرو	467	andrv
استیل	467	astyl
اسپارو	467	asparv
انفرادی	467	anfrady
ترحم	467	trhm
تعقیبت	467	tghybt
فرصتش	467	frstsh
لابی	467	laby
مداد	467	mdad
مهربانی	467	mhrbany
ناتاشا	467	natasha
نعمت	467	nmt
والدینش	467	valdynsh
پاکش	467	paksh
کشورمون	467	kshvrmvn
کچل	467	kchl
احتمالات	466	ahtmalat
اسپاک	466	aspak
اورژانسی	466	avrzhansy
بایگانی	466	baygany
بیمارستانه	466	bymarstanh
تیمارستان	466	tymarstan
درونم	466	drvnm
دسامبر	466	dsambr
زننده	466	znndh
مات	466	mat
مشخصی	466	mshkhsy
میانه	466	myanh
نمیشنوم	466	nmyshnvm
پنتاگون	466	pntagvn
کلیدها	466	klydha
اربابان	465	arbaban
بیماران	465	bymaran
جونگ	465	jvng
خریدار	465	khrydar
دیرتر	465	dyrtr
سقط	465	sght
سیخ	465	sykh
شاهدی	465	shahdy
عوارض	465	varz
مراجعه	465	mrajh
معمولیه	465	mmvlyh
وثیقه	465	vsyghh
ورونیکا	465	vrvnyka
یالا،	465	yala
بفهم	464	bfhm
تهویه	464	thvyh
سرکوب	464	srkvb
سنجاب	464	snjab
لوح	464	lvh
مهاجم	464	mhajm
واقعه	464	vaghh
پوستت	464	pvstt
گوهی	464	gvhy
برسید	463	brsyd
خداوندا	463	khdavnda
ذرات	463	zrat
صددرصد	463	sddrsd
فهمیدنش	463	fhmydnsh
نذاشتم	463	nzashtm
نقلیه	463	nghlyh
والری	463	valry
یمن	463	ymn
امانه	462	amanh
بابانوئل	462	babanvl
برایت	462	brayt
دستوری	462	dstvry
رخت	462	rkht
سریعترین	462	srytryn
عمد	462	md
نوجوون	462	nvjvvn
هستین؟	462	hstyn
وصلش	462	vslsh
پرتی	462	prty
پرفسور	462	prfsvr
گویند	462	gvynd
انگل	461	angl
تختخواب	461	tkhtkhvab
ترسه	461	trsh
توزیع	461	tvzy
شانسه	461	shansh
فوریه	461	fvryh
ماهم	461	mahm
همانند	461	hmannd
کارتل	461	kartl
برادرتون	460	bradrtvn
برنی	460	brny
بکا	460	bka
تعمیرش	460	tmyrsh
دعوتت	460	dvtt
نورما	460	nvrma
واوو	460	vavv
کلکسیون	460	klksyvn
ابتدایی	459	abtdayy
برادرزاده	459	bradrzadh
خوریم	459	khvrym
قائلم	459	ghalm
متروکه	459	mtrvkh
آمدم	458	amdm
ببنده	458	bbndh
بنفش	458	bnfsh
بپره	458	bprh
تلاشی	458	tlashy
حاظر	458	hazr
حالیت	458	halyt
خبرا؟	458	khbra
روزگاری	458	rvzgary
سابقت	458	sabght
سرآشپز	458	srashpz
پیره	458	pyrh
اردو	457	ardv
باروت	457	barvt
خوشکل	457	khvshkl
دوایت	457	dvayt
سرشار	457	srshar
طلبی	457	tlby
متل	457	mtl
مردیم	457	mrdym
مورف	457	mvrf
مچکرم	457	mchkrm
هانس	457	hans
ودکا	457	vdka
ازدست	456	azdst
انتشار	456	antshar
بلو	456	blv
جوهر	456	jvhr
درآورد	456	dravrd
دورو	456	dvrv
روری	456	rvry
سفری	456	sfry
عقلش	456	ghlsh
میشناختی	456	myshnakhty
میلیونها	456	mylyvnha
نازه	456	nazh
نمیشناسه	456	nmyshnash
آره،آره	455	arharh
اتاقه	455	ataghh
اطلاعت	455	atlat
حالمو	455	halmv
خواندن	455	khvandn
شکاری	455	shkary
مرزهای	455	mrzhay
میخوابه	455	mykhvabh
نگرفت	455	ngrft
آذوقه	454	azvghh
ارضا	454	arza
امکانات	454	amkanat
بایدم	454	baydm
بگردن	454	bgrdn
خشاب	454	khshab
نفتی	454	nfty
همچی	454	hmchy
همکارت	454	hmkart
پشته	454	pshth
پورتلند	454	pvrtlnd
پوستی	454	pvsty
گوکو	454	gvkv
ازدواجمون	453	azdvajmvn
استراحتی	453	astrahty
جوونه	453	jvvnh
زندگیشو	453	zndgyshv
زیادم	453	zyadm
سریعه	453	sryh
فارسی	453	farsy
کاریو	453	karyv
آبشار	452	abshar
آنتون	452	antvn
بلیت	452	blyt
جانگ	452	jang
شری	452	shry
مووی	452	mvvy
پخشش	452	pkhshsh
کاریم	452	karym
کوک	452	kvk
بستر	451	bstr
جریانه	451	jryanh
ربوده	451	rbvdh
لم	451	lm
مارس	451	mars
یادبود	451	yadbvd
آلود	450	alvd
برسین	450	brsyn
برندون	450	brndvn
بینیش	450	bynysh
سهیم	450	shym
قبال	450	ghbal
قسر	450	ghsr
لایحه	450	layhh
مالکیت	450	malkyt
مسلط	450	mslt
میگشت	450	mygsht
هس	450	hs
واقعیته	450	vaghyth
پاها	450	paha
پنهانی	450	pnhany
پیرهن	450	pyrhn
کالبد	450	kalbd
کالین	450	kalyn
تهمت	449	thmt
جنت	449	jnt
داریش	449	darysh
ربع	449	rb
سلولی	449	slvly
شهرو	449	shhrv
قایمش	449	ghaymsh
کانی	449	kany
کلود	449	klvd
آکادمی	448	akadmy
اخاذی	448	akhazy
حلی	448	hly
زنونه	448	znvnh
شانست	448	shanst
هابز	448	habz
هیچی؟	448	hychy
وضعیتش	448	vzytsh
کاپتان	448	kaptan
اجیر	447	ajyr
باج	447	baj
تصمیمت	447	tsmymt
تمامش	447	tmamsh
جاشوا	447	jashva
حالا؟	447	hala
دماغت	447	dmaght
مردک	447	mrdk
نهم	447	nhm
هاکی	447	haky
پخت	447	pkht
پدرمو	447	pdrmv
پدرو	447	pdrv
پسرک	447	psrk
کریستی	447	krysty
گیرنده	447	gyrndh
اتان	446	atan
امتحانی	446	amthany
باریک	446	baryk
تشنج	446	tshnj
دادرسی	446	dadrsy
ضمیر	446	zmyr
قیافت	446	ghyaft
میتواند	446	mytvand
پلنگ	446	plng
اتوماتیک	445	atvmatyk
ببینمشون	445	bbynmshvn
بدزد	445	bdzd
بینگو	445	byngv
توانیم	445	tvanym
خوانده	445	khvandh
مدارکی	445	mdarky
موهبت	445	mvhbt
هجده	445	hjdh
همونجاست	445	hmvnjast
وینی	445	vyny
گرونه	445	grvnh
ادمای	444	admay
انقلابی	444	anghlaby
اوا	444	ava
تمرینات	444	tmrynat
جنگیدی	444	jngydy
خورن	444	khvrn
درمیارم	444	drmyarm
رفقای	444	rfghay
ریزه	444	ryzh
زلزله	444	zlzlh
شدش	444	shdsh
محکمی	444	mhkmy
مرض	444	mrz
ابریشم	443	abryshm
دهیم	443	dhym
ططری	443	ttry
قاره	443	gharh
منهم	443	mnhm
موضع	443	mvz
پوکر	443	pvkr
گرفتی؟	443	grfty
اضطراب	442	aztrab
بعدم	442	bdm
بلامی	442	blamy
جنگنده	442	jngndh
دستپاچه	442	dstpachh
دماغم	442	dmaghm
عکاس	442	kas
مجردی	442	mjrdy
مسافران	442	msafran
مهار	442	mhar
میدونسته	442	mydvnsth
میشینه	442	myshynh
واسا	442	vasa
وصله	442	vslh
کاملی	442	kamly
کیفت	442	kyft
اون؟	441	avn
برنمیگرده	441	brnmygrdh
دالاس	441	dalas
دنبالتون	441	dnbaltvn
رسیدین	441	rsydyn
سکسیه	441	sksyh
شعبه	441	shbh
قاتلی	441	ghatly
نخورین	441	nkhvryn
نذارین	441	nzaryn
نکردند	441	nkrdnd
وضوح	441	vzvh
خیل	440	khyl
فروختن	440	frvkhtn
آزمایشگاهی	439	azmayshgahy
افتضاحی	439	aftzahy
حامل	439	haml
دزدای	439	dzday
سرعتش	439	srtsh
شیطانه	439	shytanh
فورت	439	fvrt
معالجه	439	maljh
پایینی	439	payyny
کیرا	439	kyra
یارد	439	yard
یاغی	439	yaghy
آندره	438	andrh
انفجاری	438	anfjary
بیاریمش	438	byarymsh
حومه	438	hvmh
خواهشمیکنم	438	khvahshmyknm
ریل	438	ryl
لئون	438	lvn
مخالفم	438	mkhalfm
میترسونه	438	mytrsvnh
میومدن	438	myvmdn
پنگوئن	438	pngvn
پپر	438	ppr
چشام	438	chsham
ایستادن	437	aystadn
برونو	437	brvnv
توبه	437	tvbh
توشون	437	tvshvn
دژ	437	dzh
طفره	437	tfrh
ملاقاتت	437	mlaghatt
ندادیم	437	ndadym
هربار	437	hrbar
هرشب	437	hrshb
همم؟	437	hmm
واین	437	vayn
پرتقال	437	prtghal
اکس	436	aks
ایپ	436	ayp
تختش	436	tkhtsh
ثبات	436	sbat
خواستند	436	khvastnd
دانشگاهی	436	danshgahy
سرجاش	436	srjash
وتو	436	vtv
کارات	436	karat
اونام	435	avnam
بیرونن	435	byrvnn
خوراکی	435	khvraky
دلیلیه	435	dlylyh
مزایده	435	mzaydh
منفعت	435	mnft
پهن	435	phn
یم	435	ym
آزادت	434	azadt
ببینیمش	434	bbynymsh
بیفتم	434	byftm
حاضرن	434	hazrn
حشری	434	hshry
ماییم	434	mayym
میسازم	434	mysazm
هارپر	434	harpr
کلاری	434	klary
کیش	434	kysh
گیاهی	434	gyahy
یکدفعه	434	ykdfh
اسمه	433	asmh
حرفشو	433	hrfshv
خوند	433	khvnd
درگاه	433	drgah
شکمت	433	shkmt
فامیلی	433	famyly
مخفیگاه	433	mkhfygah
میزاریم	433	myzarym
کلاهبرداری	433	klahbrdary
گذاشتند	433	gzashtnd
بدمش	432	bdmsh
ترو	432	trv
تصحیح	432	tshyh
جلوتو	432	jlvtv
عنکبوتی	432	nkbvty
لوکی	432	lvky
موقتی	432	mvghty
میشکنه	432	myshknh
وانگ	432	vang
گیاهان	432	gyahan
بشناسه	431	bshnash
جلومو	431	jlvmv
رول	431	rvl
شکوفه	431	shkvfh
نشونشون	431	nshvnshvn
نگهت	431	nght
آسیا	430	asya
آه،	430	ah
تبدیلش	430	tbdylsh
جابجایی	430	jabjayy
خندیدن	430	khndydn
روبراهی	430	rvbrahy
شاش	430	shash
نفوذی	430	nfvzy
پدربزرگت	430	pdrbzrgt
گانه	430	ganh
یابی	430	yaby
سادست	429	sadst
قبض	429	ghbz
قدمت	429	ghdmt
هابیت	429	habyt
پشمالو	429	pshmalv
پلی	429	ply
کسیو	429	ksyv
کیرت	429	kyrt
آرومه	428	arvmh
افسران	428	afsran
بازیابی	428	bazyaby
بودنم	428	bvdnm
حقیقتی	428	hghyghty
دایان	428	dayan
سرپا	428	srpa
مخمصه	428	mkhmsh
پورت	428	pvrt
آلکس	427	alks
اسپرم	427	asprm
انگشتر	427	angshtr
ایرلند	427	ayrlnd
تاریکه	427	tarykh
تاکر	427	takr
شعار	427	shar
پیداتون	427	pydatvn
ژانویه	427	zhanvyh
آبجوی	426	abjvy
ارزششو	426	arzshshv
بشدت	426	bshdt
خواهان	426	khvahan
شیرجه	426	shyrjh
عکسش	426	kssh
فیلادلفیا	426	fyladlfya
نرخ	426	nrkh
هاگرید	426	hagryd
کید	426	kyd
گان	426	gan
گندم	426	gndm
اوله	425	avlh
بساز	425	bsaz
بیاریدش	425	byarydsh
تاش	425	tash
خصوصیه	425	khsvsyh
خوشمون	425	khvshmvn
دب	425	db
دیگست	425	dygst
فلسفه	425	flsfh
منجمد	425	mnjmd
نگرانه	425	ngranh
ویرایش	425	vyraysh
کوچیکم	425	kvchykm
اتومبیل	424	atvmbyl
بازیت	424	bazyt
بدا	424	bda
جول	424	jvl
حسودیم	424	hsvdym
خالق	424	khalgh
دانته	424	danth
دوستانت	424	dvstant
شکافی	424	shkafy
عضله	424	zlh
قدرتم	424	ghdrtm
قدرته	424	ghdrth
مقبره	424	mghbrh
میاورد	424	myavrd
ناک	424	nak
ندونی	424	ndvny
کورت	424	kvrt
گ	424	g
گریسون	424	grysvn
آرامی	423	aramy
اسکوبار	423	askvbar
بامن	423	bamn
داروین	423	darvyn
دوما	423	dvma
رومئو	423	rvmv
طوریه	423	tvryh
عمدی	423	mdy
لیمو	423	lymv
مونن	423	mvnn
میزم	423	myzm
وسایلش	423	vsaylsh
ئه	422	h
اروپایی	422	arvpayy
بنابر	422	bnabr
حرکته	422	hrkth
خاموشی	422	khamvshy
شانه	422	shanh
لویی	422	lvyy
میاید	422	myayd
میخوردم	422	mykhvrdm
نذارید	422	nzaryd
نمیبره	422	nmybrh
هاتونو	422	hatvnv
هستن؟	422	hstn
اتفاقایی	421	atfaghayy
اشنا	421	ashna
اقلیم	421	aghlym
شهاب	421	shhab
صنعتی	421	snty
ع	421	?
مودبانه	421	mvdbanh
مونت	421	mvnt
پسند	421	psnd
پیکر	421	pykr
چانگ	421	chang
کثیفه	421	ksyfh
کلیدا	421	klyda
گراهام	421	graham
بازپرس	420	bazprs
بعدیش	420	bdysh
تحصیلی	420	thsyly
جنگلی	420	jngly
جونشون	420	jvnshvn
سرگردان	420	srgrdan
نصیب	420	nsyb
همدست	420	hmdst
پرسنل	420	prsnl
پریش	420	prysh
پورتر	420	pvrtr
آریزونا	419	aryzvna
آلی	419	aly
بسمت	419	bsmt
شروعش	419	shrvsh
شکمم	419	shkmm
مادرمه	419	madrmh
مبارکه	419	mbarkh
موعظه	419	mvzh
نبینم	419	nbynm
نتونن	419	ntvnn
هیون	419	hyvn
آنرا	418	anra
اووم	418	avvm
بخونید	418	bkhvnyd
بپوشه	418	bpvshh
درنظر	418	drnzr
رحمی	418	rhmy
ریو	418	ryv
عربی	418	rby
فشاری	418	fshary
میخره	418	mykhrh
میزه	418	myzh
آخره	417	akhrh
احساسم	417	ahsasm
اینجاها	417	aynjaha
بشاشم	417	bshashm
بگذرونه	417	bgzrvnh
جلد	417	jld
خمیر	417	khmyr
رسیدند	417	rsydnd
عه	417	h
قربانیان	417	ghrbanyan
محقق	417	mhghgh
مدعی	417	mdy
پدرم	417	pdrm
پیامک	417	pyamk
چرب	417	chrb
گوشیت	417	gvshyt
تصورات	416	tsvrat
راده	416	radh
رفتنت	416	rftnt
شیپور	416	shypvr
نم	416	nm
تحمیل	415	thmyl
زین	415	zyn
فریزر	415	fryzr
لیدیس	415	lydys
ماهیت	415	mahyt
هرطور	415	hrtvr
کروز	415	krvz
اومدش	414	avmdsh
باغچه	414	baghchh
بدتری	414	bdtry
بریم؟	414	brym
بشنو	414	bshnv
جاشو	414	jashv
جناح	414	jnah
فشنگ	414	fshng
لورل	414	lvrl
لیموزین	414	lymvzyn
موبایلت	414	mvbaylt
پیشی	414	pyshy
کرید	414	kryd
کشتش	414	kshtsh
گردونی	414	grdvny
گلها	414	glha
احمد	413	ahmd
اینگونه	413	ayngvnh
جراحت	413	jraht
حیوونا	413	hyvvna
سطحی	413	sthy
ظهور	413	zhvr
ماچ	413	mach
مملکت	413	mmlkt
میخوابی	413	mykhvaby
هوو	413	hvv
کلوین	413	klvyn
گذروندن	413	gzrvndn
یبار	413	ybar
برنگرد	412	brngrd
بورس	412	bvrs
خدافظی	412	khdafzy
سامورایی	412	samvrayy
شایعاتی	412	shayaty
عیار	412	yar
لزومی	412	lzvmy
میسازن	412	mysazn
نشونمون	412	nshvnmvn
پوشه	412	pvshh
کوچولویی	412	kvchvlvyy
بعهده	411	bhdh
خره	411	khrh
درکار	411	drkar
دوستامون	411	dvstamvn
دوستانی	411	dvstany
سانگ	411	sang
سپاسگذارم	411	spasgzarm
ماما	411	mama
نشدنی	411	nshdny
نمیذارن	411	nmyzarn
نگیری	411	ngyry
هونگ	411	hvng
آهای؟	410	ahay
اتو	410	atv
اسکیتر	410	askytr
اصلیه	410	aslyh
اهریمن	410	ahrymn
باردار	410	bardar
برهنه	410	brhnh
تاریخچه	410	tarykhchh
درنده	410	drndh
راستت	410	rastt
روانیه	410	rvanyh
زدنش	410	zdnsh
عظمت	410	zmt
مخت	410	mkht
مسلسل	410	mslsl
مکانیک	410	mkanyk
وصیت	410	vsyt
پذیری	410	pzyry
ایستادگی	409	aystadgy
برمیداره	409	brmydarh
خلع	409	khl
درآوردم	409	dravrdm
دیدیش؟	409	dydysh
مگ	409	mg
میتونسته	409	mytvnsth
گزارشی	409	gzarshy
آوردمش	408	avrdmsh
افتتاحیه	408	afttahyh
بربیام	408	brbyam
بون	408	bvn
بیرونش	408	byrvnsh
خانم؟	408	khanm
خواهران	408	khvahran
راهروی	408	rahrvy
مفقود	408	mfghvd
نیتن	408	nytn
پدرته	408	pdrth
کیلی	408	kyly
اصابت	407	asabt
حالمون	407	halmvn
خوبه،	407	khvbh
ذکر	407	zkr
سرود	407	srvd
فاستر	407	fastr
فناوری	407	fnavry
مامورهای	407	mamvrhay
مداوم	407	mdavm
پروتکل	407	prvtkl
کیس	407	kys
گیرشون	407	gyrshvn
ارابه	406	arabh
تصفیه	406	tsfyh
روزم	406	rvzm
ضرری	406	zrry
لیزر	406	lyzr
همینطورم	406	hmyntvrm
چل	406	chl
اورشلیم	405	avrshlym
تبلیغاتی	405	tblyghaty
دکی	405	dky
سوریه	405	svryh
شکنی	405	shkny
عازم	405	azm
چیکارش	405	chykarsh
کوچیکش	405	kvchyksh
آوردند	404	avrdnd
ادغام	404	adgham
ببریمت	404	bbrymt
بغلت	404	bghlt
بینن	404	bynn
تابلوی	404	tablvy
جذابیت	404	jzabyt
خوابید	404	khvabyd
خودش	404	khvdsh
دایناسور	404	daynasvr
دومینیک	404	dvmynyk
زنگی	404	zngy
صدر	404	sdr
مسلحانه	404	mslhanh
نخواهید	404	nkhvahyd
پذیره	404	pzyrh
پیغمبر	404	pyghmbr
کمیاب	404	kmyab
گذاشتید	404	gzashtyd
بدند	403	bdnd
تلاشت	403	tlasht
جست	403	jst
درز	403	drz
رازهای	403	razhay
سؤالی	403	saly
شلوغی	403	shlvghy
صورتحساب	403	svrthsab
ظلم	403	zlm
مادربزرگت	403	madrbzrgt
ماسه	403	mash
میپرسه	403	myprsh
نخوام	403	nkhvam
همینا	403	hmyna
چوپان	403	chvpan
انباری	402	anbary
ثابتش	402	sabtsh
دفع	402	df
دیرمون	402	dyrmvn
سروصدا	402	srvsda
شونو	402	shvnv
قوانینی	402	ghvanyny
مارتینز	402	martynz
مهربونه	402	mhrbvnh
نمایندگی	402	nmayndgy
نیمکت	402	nymkt
نیومدن	402	nyvmdn
واژه	402	vazhh
پیوسته	402	pyvsth
آرنا	401	arna
انگشتش	401	angshtsh
بدترش	401	bdtrsh
بله،قربان	401	blhghrban
جسمی	401	jsmy
دونات	401	dvnat
دونفر	401	dvnfr
زمونه	401	zmvnh
قبلیم	401	ghblym
نوازنده	401	nvazndh
پاییز	401	payyz
کوتاهه	401	kvtahh
گذروندیم	401	gzrvndym
آسمانی	400	asmany
اینجاست؟	400	aynjast
تایپ	400	tayp
حاملگی	400	hamlgy
دکتره	400	dktrh
زا	400	za
متلاشی	400	mtlashy
محتاط	400	mhtat
محکمتر	400	mhkmtr
مدیونم	400	mdyvnm
کارهات	400	karhat
باحالیه	399	bahalyh
برونی	399	brvny
تنهای	399	tnhay
توانند	399	tvannd
حسابت	399	hsabt
عصا	399	sa
مینویسی	399	mynvysy
پورن	399	pvrn
کوزه	399	kvzh
گرنت	399	grnt
گناهه	399	gnahh
اخراجت	398	akhrajt
امیدواریم	398	amydvarym
تاسیس	398	tasys
دوسال	398	dvsal
سولو	398	svlv
لعنتیم	398	lntym
مسافرخونه	398	msafrkhvnh
ملایم	398	mlaym
موجوداتی	398	mvjvdaty
پز	398	pz
گاندولف	398	gandvlf
اونشب	397	avnshb
بایسته	397	baysth
بریتانیایی	397	brytanyayy
بیکر	397	bykr
جولز	397	jvlz
دزده	397	dzdh
زمانیه	397	zmanyh
شات	397	shat
لال	397	lal
لونه	397	lvnh
میرفتن	397	myrftn
هضم	397	hzm
پشه	397	pshh
کوچولوم	397	kvchvlvm
گوشیم	397	gvshym
اسطوره	396	astvrh
برگردونید	396	brgrdvnyd
جلق	396	jlgh
خرت	396	khrt
خواه	396	khvah
درختی	396	drkhty
رفتید	396	rftyd
زغال	396	zghal
غسل	396	ghsl
فرعی	396	fry
محفل	396	mhfl
مورفین	396	mvrfyn
کاکا	396	kaka
یوگا	396	yvga
اها	395	aha
تجسس	395	tjss
حاوی	395	havy
حشرات	395	hshrat
خطرات	395	khtrat
داگلاس	395	daglas
دیلی	395	dyly
سالواتوره	395	salvatvrh
سوئیس	395	svys
لحظاتی	395	lhzaty
مایوس	395	mayvs
نش	395	nsh
نمیرن	395	nmyrn
اودین	394	avdyn
بگا	394	bga
توروخدا	394	tvrvkhda
جماعت	394	jmat
خواهرمه	394	khvahrmh
دستاتون	394	dstatvn
راپونزل	394	rapvnzl
عناصر	394	nasr
فهم	394	fhm
نمیزنیم	394	nmyznym
نیاوردی	394	nyavrdy
وارده	394	vardh
گویا	394	gvya
اتیش	393	atysh
اوه،نه	393	avhnh
تصادفا	393	tsadfa
تعلیق	393	tlygh
خیمه	393	khymh
سامر	393	samr
فهمیم	393	fhmym
قصدی	393	ghsdy
قولم	393	ghvlm
مسمومیت	393	msmvmyt
نجاتمون	393	njatmvn
نمیر	393	nmyr
نیفتاد	393	nyftad
وقتایی	393	vghtayy
کلانتری	393	klantry
کندن	393	kndn
گردونه	393	grdvnh
آبیه	392	abyh
انتخاباتی	392	antkhabaty
اورک	392	avrk
توریست	392	tvryst
خاکسپاری	392	khakspary
درآوردی	392	dravrdy
دیانا	392	dyana
سوئیت	392	svyt
لمسش	392	lmssh
مردمو	392	mrdmv
نمیدونید	392	nmydvnyd
نکشتی	392	nkshty
هیولاست	392	hyvlast
پدرشون	392	pdrshvn
پرس	392	prs
اوهایو	391	avhayv
زاد	391	zad
سایتو	391	saytv
سفره	391	sfrh
نمیکشم	391	nmykshm
نیوفتاده	391	nyvftadh
کافر	391	kafr
گستاخی	391	gstakhy
گوشتی	391	gvshty
آفریقایی	390	afryghayy
اطرافش	390	atrafsh
بادبان	390	badban
بازهم	390	bazhm
باطری	390	batry
بدزدم	390	bdzdm
تعمید	390	tmyd
دانکن	390	dankn
داک	390	dak
درآورده	390	dravrdh
دوباره؟	390	dvbarh
ماس	390	mas
مطیع	390	mty
ممنون،	390	mmnvn
منتها	390	mntha
میخوندم	390	mykhvndm
نمیدونین	390	nmydvnyn
ویلر	390	vylr
گذروندی	390	gzrvndy
ببوسی	389	bbvsy
تارگرین	389	targryn
تصدیق	389	tsdygh
خار	389	khar
دکترم	389	dktrm
دیدمشون	389	dydmshvn
سبزی	389	sbzy
لجن	389	ljn
هاس	389	has
احساست	388	ahsast
استادیوم	388	astadyvm
ایکاش	388	aykash
بیفتین	388	byftyn
خاصیت	388	khasyt
خستم	388	khstm
رویداد	388	rvydad
شکایتی	388	shkayty
عاشقشی	388	ashghshy
منفجرش	388	mnfjrsh
نازک	388	nazk
پایک	388	payk
گریز	388	gryz
اختصاص	387	akhtsas
اشراف	387	ashraf
بریدی	387	brydy
حسابدار	387	hsabdar
خودخواهی	387	khvdkhvahy
دراین	387	drayn
دوتایی	387	dvtayy
سریالی	387	sryaly
ضامن	387	zamn
ماریجوانا	387	maryjvana
متجاوز	387	mtjavz
میباشد	387	mybashd
میفروشه	387	myfrvshh
نظرات	387	nzrat
هامر	387	hamr
پازل	387	pazl
چهارمین	387	chharmyn
آسیاب	386	asyab
آمیزه	386	amyzh
اخراجش	386	akhrajsh
اریکا	386	aryka
بکستر	386	bkstr
تختم	386	tkhtm
جاسازی	386	jasazy
جوابشو	386	jvabshv
رایت	386	rayt
سولومون	386	svlvmvn
سپیده	386	spydh
عقاید	386	ghayd
میبینیش	386	mybynysh
هرچیز	386	hrchyz
هوگو	386	hvgv
کربن	386	krbn
ازمایش	385	azmaysh
بسلامتی	385	bslamty
بشکنم	385	bshknm
تخمین	385	tkhmyn
جاشه	385	jashh
دستشو	385	dstshv
راکتور	385	raktvr
رضا	385	rza
مادرمون	385	madrmvn
مظنونین	385	mznvnyn
میر	385	myr
ناچیز	385	nachyz
هرمیون	385	hrmyvn
همونایی	385	hmvnayy
هواپیماهای	385	hvapymahay
پاچه	385	pachh
اذیتش	384	azytsh
برنگشت	384	brngsht
جسارت	384	jsart
حرفیه	384	hrfyh
زنای	384	znay
سوزه	384	svzh
شیفته	384	shyfth
فرنک	384	frnk
نزدیم	384	nzdym
نمیبینه	384	nmybynh
هیش	384	hysh
هیپنوتیزم	384	hypnvtyzm
پوپ	384	pvp
گرفتگی	384	grftgy
برزیل	383	brzyl
بطرف	383	btrf
حرفهایی	383	hrfhayy
سوالم	383	svalm
لاشه	383	lashh
مجبورشون	383	mjbvrshvn
موردشون	383	mvrdshvn
ناجوره	383	najvrh
نبر	383	nbr
نوچ	383	nvch
کانجی	383	kanjy
اکشن	382	akshn
حتا	382	hta
خفنی	382	khfny
صعود	382	svd
ماکو	382	makv
مختصر	382	mkhtsr
میدهم	382	mydhm
نمیزاره	382	nmyzarh
نمیزنن	382	nmyznn
نورم	382	nvrm
وایسه	382	vaysh
پگی	382	pgy
آدریان	381	adryan
آرزوهای	381	arzvhay
بچرخون	381	bchrkhvn
توفان	381	tvfan
حالتو	381	haltv
حرارتی	381	hrarty
حریص	381	hrys
رامون	381	ramvn
فنگ	381	fng
مالیاتی	381	malyaty
منتظرتون	381	mntzrtvn
پرست	381	prst
کاپوا	381	kapva
اقایون	380	aghayvn
امیدواری	380	amydvary
باورتون	380	bavrtvn
بشکنی	380	bshkny
جدای	380	jday
خدمتم	380	khdmtm
رابطمون	380	rabtmvn
سانت	380	sant
شانزده	380	shanzdh
نخواستی	380	nkhvasty
چطورید	380	chtvryd
کریستن	380	krystn
آقا؟	379	agha
اماندا	379	amanda
اولت	379	avlt
بدهم	379	bdhm
بدهکاره	379	bdhkarh
تسلیحات	379	tslyhat
تمرینی	379	tmryny
جوناس	379	jvnas
درمیاری	379	drmyary
سوختگی	379	svkhtgy
شویم	379	shvym
متاسفی	379	mtasfy
نبرده	379	nbrdh
وسواس	379	vsvas
پک	379	pk
احیا	378	ahya
اوخ	378	avkh
حساسه	378	hsash
خودشه؟	378	khvdshh
دهاتی	378	dhaty
سنی	378	sny
عشقش	378	shghsh
قوت	378	ghvt
مرجان	378	mrjan
ناخواسته	378	nakhvasth
نادرست	378	nadrst
هدفمون	378	hdfmvn
پدیدار	378	pdydar
پیششون	378	pyshshvn
چجوری؟	378	chjvry
چیزیکه	378	chyzykh
کوپتر	378	kvptr
گشنگی	378	gshngy
برانگیز	377	brangyz
بقیش	377	bghysh
بپرسین	377	bprsyn
دادگستری	377	dadgstry
رسونه	377	rsvnh
طرفم	377	trfm
عاطفی	377	atfy
قلمروی	377	ghlmrvy
مریضم	377	mryzm
میخوامش	377	mykhvamsh
اغراق	376	aghragh
افق	376	afgh
اومدنت	376	avmdnt
برسونن	376	brsvnn
برقصه	376	brghsh
درام	376	dram
دما	376	dma
ذاره	376	zarh
زندونی	376	zndvny
عقده	376	ghdh
غذات	376	ghzat
نگیریم	376	ngyrym
همسن	376	hmsn
کورتیس	376	kvrtys
گائیدمت	376	gaydmt
بیرونم	375	byrvnm
تخصصی	375	tkhssy
فریبنده	375	frybndh
مفتخر	375	mftkhr
موهینی	375	mvhyny
میخواستین	375	mykhvastyn
پسرته	375	psrth
کالن	375	kaln
کوچیکتر	375	kvchyktr
آرنولد	374	arnvld
ایزاک	374	ayzak
بفروشیم	374	bfrvshym
حرامزاده	374	hramzadh
دشت	374	dsht
شکن	374	shkn
فنجان	374	fnjan
مدتیه	374	mdtyh
منظورمو	374	mnzvrmv
هویج	374	hvyj
وسکس	374	vsks
کتابم	374	ktabm
گریجوی	374	gryjvy
اسپارتا	373	asparta
بهشتی	373	bhshty
تونستین	373	tvnstyn
تیغه	373	tyghh
حاشیه	373	hashyh
خودداری	373	khvddary
خیز	373	khyz
دیواری	373	dyvary
زیستی	373	zysty
غیرفعال	373	ghyrfal
مرسدس	373	mrsds
میدی؟	373	mydy
میفتن	373	myftn
نگار	373	ngar
نیرویی	373	nyrvyy
هوک	373	hvk
وایستاده	373	vaystadh
پونصد	373	pvnsd
کبوتر	373	kbvtr
اونهم	372	avnhm
بوث	372	bvs
جونمو	372	jvnmv
خاورمیانه	372	khavrmyanh
روشه	372	rvshh
ریکو	372	rykv
کاناپه	372	kanaph
کبریت	372	kbryt
گردهمایی	372	grdhmayy
آخریش	371	akhrysh
آپارتمانش	371	apartmansh
امثال	371	amsal
ببرشون	371	bbrshvn
بجنگید	371	bjngyd
بگویید	371	bgvyyd
بیو	371	byv
حباب	371	hbab
خانما	371	khanma
دنبالشی	371	dnbalshy
شرارت	371	shrart
شهرم	371	shhrm
شهرها	371	shhrha
متاسفیم	371	mtasfym
میزارن	371	myzarn
نخوابیدم	371	nkhvabydm
نفسی	371	nfsy
کدهای	371	kdhay
آپولو	370	apvlv
اپل	370	apl
بحثی	370	bhsy
دینی	370	dyny
رمی	370	rmy
عزاداری	370	zadary
معاملات	370	mamlat
میرند	370	myrnd
هایش	370	haysh
پرندگان	370	prndgan
پلید	370	plyd
پولتو	370	pvltv
آتن	369	atn
ادویه	369	advyh
بالکن	369	balkn
بفهمید	369	bfhmyd
بکشند	369	bkshnd
درایو	369	drayv
درشون	369	drshvn
شیرینه	369	shyrynh
عوامل	369	vaml
متعهد	369	mthd
معتبر	369	mtbr
مقررات	369	mghrrat
نرمال	369	nrmal
نفریم	369	nfrym
نگاهم	369	ngahm
کشورت	369	kshvrt
گلی	369	gly
تجویز	368	tjvyz
دخترایی	368	dkhtrayy
دودی	368	dvdy
سازگار	368	sazgar
سایلاس	368	saylas
فرآیند	368	fraynd
قبلیت	368	ghblyt
نیکلاوس	368	nyklavs
هارد	368	hard
پیشگو	368	pyshgv
آبمیوه	367	abmyvh
آرمان	367	arman
آشامی	367	ashamy
آکسفورد	367	aksfvrd
افراطی	367	afraty
اقبال	367	aghbal
تئو	367	tv
تقاص	367	tghas
جایگاهی	367	jaygahy
حدودی	367	hdvdy
خورشیدی	367	khvrshydy
داور	367	davr
ذهنتون	367	zhntvn
ریچر	367	rychr
غده	367	ghdh
مردیت	367	mrdyt
کاغذی	367	kaghzy
کالا	367	kala
یادگیری	367	yadgyry
یوهو	367	yvhv
اشخاص	366	ashkhas
اضطراریه	366	aztraryh
برعلیه	366	brlyh
برگردوندی	366	brgrdvndy
دردناکه	366	drdnakh
دستهات	366	dsthat
سوان	366	svan
عوضیا	366	vzya
مضنون	366	mznvn
موقعیتت	366	mvghytt
ناپذیره	366	napzyrh
پانصد	366	pansd
پرو	366	prv
پیوستن	366	pyvstn
اصلیش	365	aslysh
بکنش	365	bknsh
جونتو	365	jvntv
حرفتون	365	hrftvn
دخترونه	365	dkhtrvnh
ساعات	365	saat
سندیکا	365	sndyka
طوفانی	365	tvfany
ماروین	365	marvyn
هالووین	365	halvvyn
واتیکان	365	vatykan
بوریس	364	bvrys
ساحر	364	sahr
سواله	364	svalh
فرمانروا	364	frmanrva
لنیسترها	364	lnystrha
مخارج	364	mkharj
نشیمن	364	nshymn
هرم	364	hrm
هلو	364	hlv
پیرو	364	pyrv
ابدیت	363	abdyt
برگردونده	363	brgrdvndh
بیت	363	byt
تدارک	363	tdark
جمعش	363	jmsh
خوردین	363	khvrdyn
زاغ	363	zagh
شاهکار	363	shahkar
شربت	363	shrbt
طلاها	363	tlaha
لارنس	363	larns
لقمه	363	lghmh
مدارس	363	mdars
موقعیتش	363	mvghytsh
مینویسه	363	mynvysh
ناتینگهام	363	natyngham
ناندو	363	nandv
نمایشنامه	363	nmayshnamh
کارلا	363	karla
کتابت	363	ktabt
اسکاتلندی	362	askatlndy
تاون	362	tavn
خبرایی	362	khbrayy
داوینچی	362	davynchy
رخنه	362	rkhnh
فیلمه	362	fylmh
منقرض	362	mnghrz
میجنگم	362	myjngm
نادر	362	nadr
ورشکست	362	vrshkst
ورشکسته	362	vrshksth
پرسیده	362	prsydh
پلک	362	plk
پنهون	362	pnhvn
چیکاره	362	chykarh
کادوی	362	kadvy
کارهاش	362	karhash
اوف	361	avf
اولیش	361	avlysh
تمیزه	361	tmyzh
درهم	361	drhm
سالته؟	361	salth
ساکنین	361	saknyn
سون	361	svn
صمیم	361	smym
قهرمانه	361	ghhrmanh
مربع	361	mrb
مطمئنین	361	mtmnyn
منتهی	361	mnthy
ناخوشایند	361	nakhvshaynd
کراس	361	kras
کریپتون	361	kryptvn
گرفتش	361	grftsh
آرگوس	360	argvs
اجاق	360	ajagh
بازوی	360	bazvy
تماما	360	tmama
دربیاریم	360	drbyarym
شبو	360	shbv
صندوقچه	360	sndvghchh
مبهم	360	mbhm
مستند	360	mstnd
مقدسه	360	mghdsh
نلسون	360	nlsvn
هدفم	360	hdfm
هواپیماها	360	hvapymaha
پستون	360	pstvn
پینگ	360	pyng
کراوات	360	kravat
بدنشون	359	bdnshvn
خیلیم	359	khylym
طرفت	359	trft
مدفوع	359	mdfv
میترسونی	359	mytrsvny
ندار	359	ndar
همسری	359	hmsry
انتها	358	antha
ایگور	358	aygvr
بازو	358	bazv
بدشون	358	bdshvn
خدمتتون	358	khdmttvn
هورتون	358	hvrtvn
پهلو	358	phlv
جرمه	357	jrmh
دوز	357	dvz
سلسله	357	slslh
عمیقی	357	myghy
عکسای	357	ksay
فضانورد	357	fzanvrd
نمیتونستیم	357	nmytvnstym
ننوشته	357	nnvshth
هاگوارتز	357	hagvartz
واتر	357	vatr
پدرتو	357	pdrtv
پشیمانی	357	pshymany
کسخل	357	kskhl
اوت	356	avt
تراژدی	356	trazhdy
تورتو	356	tvrtv
جه	356	jh
ذوق	356	zvgh
رسلر	356	rslr
غذاها	356	ghzaha
مهیا	356	mhya
نفرات	356	nfrat
وبسایت	356	vbsayt
وزنش	356	vznsh
کرن	356	krn
کسیم	356	ksym
کلت	356	klt
آراگورن	355	aragvrn
آرومم	355	arvmm
امد	355	amd
باارزش	355	baarzsh
تورن	355	tvrn
دستگیرم	355	dstgyrm
رئیسه	355	rysh
نادیا	355	nadya
وسلی	355	vsly
وکالت	355	vkalt
کاراش	355	karash
آت	354	at
اعلان	354	alan
الک	354	alk
انعطاف	354	antaf
بروی	354	brvy
بلوف	354	blvf
تعطیله	354	ttylh
حیوانی	354	hyvany
خب،من	354	khbmn
ریتم	354	rytm
شمار	354	shmar
عقلم	354	ghlm
عکاسی	354	kasy
فسقلی	354	fsghly
لختی	354	lkhty
مشترکی	354	mshtrky
میشیگان	354	myshygan
گرت	354	grt
اتاقک	353	ataghk
استوار	353	astvar
باراتیون	353	baratyvn
بشورم	353	bshvrm
تابستونی	353	tabstvny
دلورس	353	dlvrs
رمزگشایی	353	rmzgshayy
سرخپوست	353	srkhpvst
طرفا	353	trfa
غنیمت	353	ghnymt
میگیرین	353	mygyryn
نخواست	353	nkhvast
نموند	353	nmvnd
هانیبال	353	hanybal
آواره	352	avarh
استثنا	352	astsna
اسکورت	352	askvrt
انتظارشو	352	antzarshv
بلوغ	352	blvgh
بینش	352	bynsh
خودمی	352	khvdmy
دیقه	352	dyghh
سانتیاگو	352	santyagv
عطا	352	ta
قفلش	352	ghflsh
لزلی	352	lzly
مبارزات	352	mbarzat
محاسبات	352	mhasbat
نسیم	352	nsym
هاشونو	352	hashvnv
وایستین	352	vaystyn
وضعی	352	vzy
کنندگان	352	knndgan
گاردنر	352	gardnr
ارتقا	351	artgha
بخوابن	351	bkhvabn
جک؟	351	jk
دخلش	351	dkhlsh
درستیه	351	drstyh
رویاهام	351	rvyaham
سوئیچ	351	svych
ظالمانه	351	zalmanh
عظیمی	351	zymy
قدیمیم	351	ghdymym
متشکر	351	mtshkr
مردمه	351	mrdmh
مسیرش	351	msyrsh
نویسم	351	nvysm
واقعن	351	vaghn
آپارتمانم	350	apartmanm
برایش	350	braysh
شهرمون	350	shhrmvn
لباسات	350	lbasat
لرزش	350	lrzsh
لیا	350	lya
ماساچوست	350	masachvst
مجری	350	mjry
نابودشون	350	nabvdshvn
نبض	350	nbz
کوچکتر	350	kvchktr
بولتون	349	bvltvn
تلقی	349	tlghy
داستانه	349	dastanh
درختا	349	drkhta
دنبالشیم	349	dnbalshym
شنیدنش	349	shnydnsh
فیسبوک	349	fysbvk
ممتاز	349	mmtaz
موانع	349	mvan
نظارتی	349	nzarty
هارت	349	hart
ویروسی	349	vyrvsy
اعتصاب	348	atsab
برگذار	348	brgzar
رنه	348	rnh
سالمی	348	salmy
شکسپیر	348	shkspyr
صرفه	348	srfh
مقیاس	348	mghyas
موضوعات	348	mvzvat
میهن	348	myhn
نذاری	348	nzary
نگین	348	ngyn
هول	348	hvl
پاندورا	348	pandvra
آدرسش	347	adrssh
اخراجم	347	akhrajm
دشمنت	347	dshmnt
شدست	347	shdst
منحل	347	mnhl
میریزن	347	myryzn
ناکجا	347	nakja
نقشت	347	nghsht
هیزم	347	hyzm
یام	347	yam
استقلال	346	astghlal
بخونن	346	bkhvnn
تطبیق	346	ttbygh
دادش	346	dadsh
دادنه	346	dadnh
سبب	346	sbb
سنج	346	snj
فلیکس	346	flyks
لشگر	346	lshgr
مسافت	346	msaft
منکه	346	mnkh
نخورد	346	nkhvrd
هیچکدوممون	346	hychkdvmmvn
وقتمو	346	vghtmv
ویدئویی	346	vydvyy
پنکیک	346	pnkyk
پوستم	346	pvstm
کدو	346	kdv
کوفته	346	kvfth
گالری	346	galry
گردباد	346	grdbad
تویی؟	345	tvyy
داوینا	345	davyna
سابقش	345	sabghsh
سکوی	345	skvy
شمشیرم	345	shmshyrm
طرد	345	trd
عزت	345	zt
مارکس	345	marks
نخستین	345	nkhstyn
نکردنی	345	nkrdny
هافمن	345	hafmn
وسطی	345	vsty
پین	345	pyn
چوی	345	chvy
آخرالزمان	344	akhralzman
بترسم	344	btrsm
تلاشمون	344	tlashmvn
حرومی	344	hrvmy
دارت	344	dart
دونند	344	dvnnd
رنجر	344	rnjr
زیباییه	344	zybayyh
شهریه	344	shhryh
منتظریم	344	mntzrym
میجنگی	344	myjngy
میفته؟	344	myfth
نامزدم	344	namzdm
نداشتند	344	ndashtnd
نفرن	344	nfrn
چیکارا	344	chykara
کارمن	344	karmn
اعتمادی	343	atmady
امین	343	amyn
بگذارم	343	bgzarm
فراوان	343	fravan
مدیسون	343	mdysvn
میگردونم	343	mygrdvnm
نمیکشی	343	nmykshy
واکنشی	343	vaknshy
پنبه	343	pnbh
کریگ	343	kryg
باتو	342	batv
بدنام	342	bdnam
برادرها	342	bradrha
تعمیرات	342	tmyrat
تعویق	342	tvygh
حقت	342	hght
حواستو	342	hvastv
رسوم	342	rsvm
سارق	342	sargh
فرعون	342	frvn
قال	342	ghal
قبایل	342	ghbayl
متوجهش	342	mtvjhsh
نرید	342	nryd
هوارد	342	hvard
ولدمورت	342	vldmvrt
پشیمونی	342	pshymvny
گزارشگر	342	gzarshgr
گلو	342	glv
آبجی	341	abjy
آدری	341	adry
آسیایی	341	asyayy
ادما	341	adma
برمیایم	341	brmyaym
بزارن	341	bzarn
خریداری	341	khrydary
سرزمینی	341	srzmyny
شرک	341	shrk
ملیون	341	mlyvn
نخود	341	nkhvd
نیاورده	341	nyavrdh
نیفته	341	nyfth
چته؟	341	chth
کاراته	341	karath
کراولی	341	kravly
کمرون	341	kmrvn
آداب	340	adab
آمدند	340	amdnd
بسپار	340	bspar
دخترو	340	dkhtrv
دراکولا	340	drakvla
رقصه	340	rghsh
سوشی	340	svshy
طرفیم	340	trfym
غذاخوری	340	ghzakhvry
مارجری	340	marjry
همواره	340	hmvarh
کشتند	340	kshtnd
گذرونده	340	gzrvndh
النور	339	alnvr
اکبر	339	akbr
بیضه	339	byzh
خوشحالت	339	khvshhalt
دستگیره	339	dstgyrh
سوزوندن	339	svzvndn
غیرنظامی	339	ghyrnzamy
ماموریتی	339	mamvryty
مهمونیه	339	mhmvnyh
مکزیکو	339	mkzykv
میداده	339	mydadh
پریدم	339	prydm
پیپ	339	pyp
کمدی	339	kmdy
کمرم	339	kmrm
کیپ	339	kyp
آمستردام	338	amstrdam
اوان	338	avan
ببخشم	338	bbkhshm
دیوان	338	dyvan
سرسختی	338	srskhty
لئوناردو	338	lvnardv
مردانه	338	mrdanh
وایسا،	338	vaysa
پوزش	338	pvzsh
پیشوا	338	pyshva
ابو	337	abv
استرید	337	astryd
حام	337	ham
دلربا	337	dlrba
فرهنگی	337	frhngy
لهستان	337	lhstan
مارسی	337	marsy
محبوبم	337	mhbvbm
مطمئنیم	337	mtmnym
مفصل	337	mfsl
نکشه	337	nkshh
نگیره	337	ngyrh
همجنسگرا	337	hmjnsgra
پرستی	337	prsty
اوضاعش	336	avzash
ببرند	336	bbrnd
بهایی	336	bhayy
تانگ	336	tang
جوانان	336	jvanan
ساقدوش	336	saghdvsh
سرکش	336	srksh
عرب	336	rb
عکسا	336	ksa
لاری	336	lary
معمای	336	mmay
منس	336	mns
ندونم	336	ndvnm
نصیحتی	336	nsyhty
نوزده	336	nvzdh
اجراش	335	ajrash
ازاش	335	azash
اسبها	335	asbha
تس	335	ts
دانگ	335	dang
دراومده	335	dravmdh
دشوار	335	dshvar
سرمو	335	srmv
عکسها	335	ksha
لوراس	335	lvras
مارا	335	mara
متی	335	mty
مجذوب	335	mjzvb
معصوم	335	msvm
میگیرید	335	mygyryd
ناظر	335	nazr
نمایان	335	nmayan
نوازش	335	nvazsh
پرته	335	prth
آشپزخانه	334	ashpzkhanh
آمریکاست	334	amrykast
اعلامیه	334	alamyh
انجامشون	334	anjamshvn
بگذرون	334	bgzrvn
شدنم	334	shdnm
لینکولن	334	lynkvln
مملو	334	mmlv
همینه؟	334	hmynh
هپی	334	hpy
پروسه	334	prvsh
ژاک	334	zhak
کجاییم؟	334	kjayym
برونم	333	brvnm
بماند	333	bmand
راهشون	333	rahshvn
ساکته	333	sakth
سوالاتی	333	svalaty
سپاس	333	spas
میبود	333	mybvd
میجنگه	333	myjngh
کنترلم	333	kntrlm
افت	332	aft
اهم	332	ahm
برداشتیم	332	brdashtym
برمیگردونم	332	brmygrdvnm
برویلز	332	brvylz
تیمت	332	tymt
حسود	332	hsvd
خونوادت	332	khvnvadt
شنی	332	shny
قولت	332	ghvlt
مادرمو	332	madrmv
نیازهای	332	nyazhay
چشات	332	chshat
کتابهای	332	ktabhay
گمشون	332	gmshvn
آشفتگی	331	ashftgy
احسنت	331	ahsnt
ازدواجم	331	azdvajm
بذارمش	331	bzarmsh
برگشتین	331	brgshtyn
تلاشمو	331	tlashmv
جادوگرها	331	jadvgrha
داستانهای	331	dastanhay
متشکریم	331	mtshkrym
مثلث	331	msls
مشارکت	331	msharkt
موتورها	331	mvtvrha
میترسید	331	mytrsyd
ندونه	331	ndvnh
نیافتاده	331	nyaftadh
پیرتر	331	pyrtr
کمپین	331	kmpyn
احوال	330	ahval
امتحانم	330	amthanm
اهانت	330	ahant
بلاک	330	blak
تغییراتی	330	tghyyraty
جغد	330	jghd
دستمه	330	dstmh
دنیارو	330	dnyarv
شیری	330	shyry
عصب	330	sb
فردریک	330	frdryk
لیون	330	lyvn
مرجع	330	mrj
نوئل	330	nvl
هولمز	330	hvlmz
اسون	329	asvn
بترسونه	329	btrsvnh
تحصیلات	329	thsylat
تشعشعات	329	tshshat
خطای	329	khtay
خونوادم	329	khvnvadm
صفحات	329	sfhat
قدرتمندترین	329	ghdrtmndtryn
میارین	329	myaryn
ندیدیش	329	ndydysh
پشم	329	pshm
چرچ	329	chrch
گازش	329	gazsh
گاییدم	329	gayydm
احیانا	328	ahyana
برزخ	328	brzkh
دروغین	328	drvghyn
رجینا	328	rjyna
سوک	328	svk
سیاستمدار	328	syastmdar
قاب	328	ghab
متقاعدش	328	mtghadsh
میرسد	328	myrsd
نرده	328	nrdh
نمیخواهم	328	nmykhvahm
نمیدونستیم	328	nmydvnstym
ویکرام	328	vykram
گوشواره	328	gvshvarh
اسارت	327	asart
بازرگانی	327	bazrgany
بشکن	327	bshkn
بودمت	327	bvdmt
تبادل	327	tbadl
حیوونی	327	hyvvny
داوطلبانه	327	davtlbanh
فلچر	327	flchr
معنوی	327	mnvy
موقعش	327	mvghsh
مکسیموس	327	mksymvs
پم	327	pm
پیشنهادم	327	pyshnhadm
آآه	326	aah
ابرها	326	abrha
استدلال	326	astdlal
انگور	326	angvr
براق	326	bragh
ترنت	326	trnt
شماری	326	shmary
فقر	326	fghr
قدیمیت	326	ghdymyt
قطبی	326	ghtby
مادرتو	326	madrtv
مثبته	326	msbth
مصونیت	326	msvnyt
نبینی	326	nbyny
هیات	326	hyat
وکیلی	326	vkyly
گلادیاتور	326	gladyatvr
یکسال	326	yksal
امدادگر	325	amdadgr
تورم	325	tvrm
جنیس	325	jnys
سرپوش	325	srpvsh
محافظه	325	mhafzh
پتانسیل	325	ptansyl
پدره	325	pdrh
چیرو	325	chyrv
گراز	325	graz
آدامز	324	adamz
اعضا	324	aza
انقراض	324	anghraz
بدهند	324	bdhnd
بدوم	324	bdvm
بهداشتی	324	bhdashty
جدیدتون	324	jdydtvn
خودشونن	324	khvdshvnn
درخشش	324	drkhshsh
ریدی	324	rydy
سفرت	324	sfrt
سیگاری	324	sygary
فرایند	324	fraynd
فروشه	324	frvshh
مختل	324	mkhtl
مدلی	324	mdly
مردایی	324	mrdayy
منصوب	324	mnsvb
میریزم	324	myryzm
پیست	324	pyst
کنترلی	324	kntrly
خودرو	323	khvdrv
خوردنه	323	khvrdnh
دیدش	323	dydsh
شایستگی	323	shaystgy
فیلمهای	323	fylmhay
لون	323	lvn
مرگشون	323	mrgshvn
نذاشت	323	nzasht
هیچکدومتون	323	hychkdvmtvn
پایبند	323	paybnd
پدرخوانده	323	pdrkhvandh
چاقالو	323	chaghalv
برانگیزه	322	brangyzh
تیسوس	322	tysvs
دارش	322	darsh
دوفرین	322	dvfryn
دویدم	322	dvydm
زدنه	322	zdnh
سردخونه	322	srdkhvnh
لحن	322	lhn
میذاشت	322	myzasht
میسن	322	mysn
نئشه	322	nshh
ناموفق	322	namvfgh
نیگاه	322	nygah
هالک	322	halk
کناری	322	knary
آبرو	321	abrv
آنجل	321	anjl
ارتشش	321	artshsh
اطلس	321	atls
برنمیگردم	321	brnmygrdm
بزور	321	bzvr
بوته	321	bvth
جلومون	321	jlvmvn
دماغش	321	dmaghsh
دومه	321	dvmh
دونگ	321	dvng
معادله	321	madlh
میلیونر	321	mylyvnr
نسبتی	321	nsbty
نگات	321	ngat
نگرفتن	321	ngrftn
کاندید	321	kandyd
کایجو	321	kayjv
بشنوید	320	bshnvyd
تسلیمم	320	tslymm
خوردند	320	khvrdnd
مادره	320	madrh
مطلقا	320	mtlgha
منتخب	320	mntkhb
موهاتو	320	mvhatv
میاوردم	320	myavrdm
نبردی	320	nbrdy
پاتون	320	patvn
ژست	320	zhst
کارلو	320	karlv
آپلود	319	aplvd
اونجایی؟	319	avnjayy
ایناست	319	aynast
برگر	319	brgr
بلدن	319	bldn
ترمینال	319	trmynal
دعوتنامه	319	dvtnamh
رنلی	319	rnly
ساندرا	319	sandra
سنجاق	319	snjagh
فراموشت	319	framvsht
مریخی	319	mrykhy
نحوی	319	nhvy
نفعته	319	nfth
وایسیم	319	vaysym
کبودی	319	kbvdy
آجر	318	ajr
اوردیم	318	avrdym
بخشیدن	318	bkhshydn
بدزدیم	318	bdzdym
برادرته	318	bradrth
بزنیدش	318	bznydsh
بسوزه	318	bsvzh
تایلند	318	taylnd
سانفرانسیسکو	318	sanfransyskv
سایفر	318	sayfr
فراز	318	fraz
فلوکی	318	flvky
مراتب	318	mratb
میلان	318	mylan
نیکو	318	nykv
هادسون	318	hadsvn
هوات	318	hvat
والر	318	valr
کلماتی	318	klmaty
کونتو	318	kvntv
آشیانه	317	ashyanh
استر	317	astr
بوک	317	bvk
جداگانه	317	jdaganh
ریاضیات	317	ryazyat
سکو	317	skv
شیفو	317	shyfv
شیوع	317	shyv
ظاهرش	317	zahrsh
عقرب	317	ghrb
فدای	317	fday
قولش	317	ghvlsh
مشعل	317	mshl
مکانیکی	317	mkanyky
ناو	317	nav
نزدن	317	nzdn
نفرشون	317	nfrshvn
هانی	317	hany
پیوست	317	pyvst
کانلن	317	kanln
کهن	317	khn
گلوت	317	glvt
آخرشه	316	akhrshh
ارون	316	arvn
استارلینگ	316	astarlyng
اعلاحضرت	316	alahzrt
افرین	316	afryn
بازشون	316	bazshvn
باقیمانده	316	baghymandh
بردارن	316	brdarn
بور	316	bvr
توپی	316	tvpy
ح	316	h
خانمان	316	khanman
رامونا	316	ramvna
سگت	316	sgt
شانسمون	316	shansmvn
شکارچیان	316	shkarchyan
عاشقی	316	ashghy
فیس	316	fys
مسن	316	msn
معرکست	316	mrkst
مهمتره	316	mhmtrh
موس	316	mvs
میذاشتی	316	myzashty
هوشیاری	316	hvshyary
ورلد	316	vrld
ویتامین	316	vytamyn
پرستش	316	prstsh
چراغها	316	chraghha
کانادایی	316	kanadayy
کمربندت	316	kmrbndt
گورو	316	gvrv
آنالیز	315	analyz
بریک	315	bryk
تسلط	315	tslt
جورجیا	315	jvrjya
شخصه	315	shkhsh
شکننده	315	shknndh
مبادا	315	mbada
مجددا	315	mjdda
ملمن	315	mlmn
نمیتونند	315	nmytvnnd
نیمو	315	nymv
پاکی	315	paky
کارآموز	315	karamvz
کانزاس	315	kanzas
کشمش	315	kshmsh
گایوس	315	gayvs
باربی	314	barby
بیوتیک	314	byvtyk
خ	314	kh
خبرت	314	khbrt
رازه	314	razh
رافائل	314	rafal
ساختمونه	314	sakhtmvnh
مرگی	314	mrgy
مسئولین	314	msvlyn
نترسید	314	ntrsyd
هیوز	314	hyvz
واریز	314	varyz
کریک	314	kryk
یگان	314	ygan
آسایشگاه	313	asayshgah
آشناییتون	313	ashnayytvn
اعطا	313	ata
انتقاد	313	antghad
انگشتم	313	angshtm
بسوی	313	bsvy
جیس	313	jys
حجم	313	hjm
خروس	313	khrvs
رایدر	313	raydr
رت	313	rt
زبونی	313	zbvny
شایر	313	shayr
نزدیکیم	313	nzdykym
هاه؟	313	hah
کاریت	313	karyt
گاری	313	gary
آسایش	312	asaysh
بارکا	312	barka
بنر	312	bnr
بگم؟	312	bgm
تایتانیک	312	taytanyk
ترسناکی	312	trsnaky
جویس	312	jvys
رونالد	312	rvnald
سردمه	312	srdmh
عطش	312	tsh
قدرتمنده	312	ghdrtmndh
محیطی	312	mhyty
مشکوکی	312	mshkvky
ملافه	312	mlafh
نمیخواید	312	nmykhvayd
نمیشدم	312	nmyshdm
وارونه	312	varvnh
چپش	312	chpsh
گوردو	312	gvrdv
آفریقای	311	afryghay
اسکناس	311	asknas
اوردین	311	avrdyn
اوه،آره	311	avharh
بعدیت	311	bdyt
بپریم	311	bprym
خرجش	311	khrjsh
شرمندگی	311	shrmndgy
لیستی	311	lysty
معادن	311	madn
معناست	311	mnast
مونو	311	mvnv
میخونن	311	mykhvnn
نارگیل	311	nargyl
هکر	311	hkr
وسائل	311	vsal
وقتتو	311	vghttv
پولمون	311	pvlmvn
چشمهات	311	chshmhat
بایستین	310	baystyn
بزنمش	310	bznmsh
بیورن	310	byvrn
تبهکار	310	tbhkar
رفتنش	310	rftnsh
سول	310	svl
فولر	310	fvlr
محکمه	310	mhkmh
میدونند	310	mydvnnd
میهمونی	310	myhmvny
نوکر	310	nvkr
کلوئی	310	klvy
گیرند	310	gyrnd
گین	310	gyn
امت	309	amt
امروزی	309	amrvzy
داریم؟	309	darym
راههای	309	rahhay
ریگان	309	rygan
مصطفی	309	mstfy
معتقده	309	mtghdh
مورده	309	mvrdh
نخند	309	nkhnd
همینی	309	hmyny
پولشون	309	pvlshvn
بحساب	308	bhsab
بوسیدن	308	bvsydn
خواهرتون	308	khvahrtvn
سمتت	308	smtt
شاکی	308	shaky
نشت	308	nsht
نظرشون	308	nzrshvn
نیاری	308	nyary
نیوتن	308	nyvtn
کتابها	308	ktabha
کرو	308	krv
گذشتن	308	gzshtn
آپارتمانت	307	apartmant
اراذل	307	arazl
بدیش	307	bdysh
ترسوندن	307	trsvndn
توصیفش	307	tvsyfsh
دستگاهی	307	dstgahy
دوجین	307	dvjyn
ذاتا	307	zata
شماست	307	shmast
طرفداران	307	trfdaran
عضلات	307	zlat
مجازی	307	mjazy
مسئولیتی	307	msvlyty
میدونستی؟	307	mydvnsty
نامیده	307	namydh
نذارم	307	nzarm
نفسم	307	nfsm
نمیخام	307	nmykham
والاحضرت	307	valahzrt
پاشید	307	pashyd
پرتگاه	307	prtgah
کتابخانه	307	ktabkhanh
کسیکه	307	ksykh
کلارا	307	klara
آزادیم	306	azadym
آسان	306	asan
احساساتش	306	ahsasatsh
ادمی	306	admy
الگوریتم	306	algvrytm
اونروز	306	avnrvz
اینجائیم	306	aynjaym
توضیحات	306	tvzyhat
جفتش	306	jftsh
جنگیدیم	306	jngydym
جورش	306	jvrsh
دعوتم	306	dvtm
دهنشو	306	dhnshv
سا	306	sa
فشرده	306	fshrdh
لباوسکی	306	lbavsky
مانیتور	306	manytvr
مقلد	306	mghld
میلز	306	mylz
نمیرسی	306	nmyrsy
واشنگتون	306	vashngtvn
ویدیویی	306	vydyvyy
گنبد	306	gnbd
ینی	306	yny
اره؟	305	arh
اسممو	305	asmmv
بازیم	305	bazym
برمیداریم	305	brmydarym
تجسم	305	tjsm
داروغه	305	darvghh
داون	305	davn
درت	305	drt
درنمیاد	305	drnmyad
دله	305	dlh
رسانی	305	rsany
رقصنده	305	rghsndh
ریده	305	rydh
صحرایی	305	shrayy
قوا	305	ghva
لباساتو	305	lbasatv
لقت	305	lght
مافوق	305	mafvgh
معاوضه	305	mavzh
ونیز	305	vnyz
کریکت	305	krykt
کپیتول	305	kpytvl
گارسون	305	garsvn
اکثرا	304	aksra
بردمش	304	brdmsh
بقا	304	bgha
تهش	304	thsh
توس	304	tvs
جونشو	304	jvnshv
جونمون	304	jvnmvn
ریا	304	rya
شسته	304	shsth
عدالتی	304	dalty
عواقبش	304	vaghbsh
فیتز	304	fytz
لباسا	304	lbasa
مامی	304	mamy
ناتوان	304	natvan
نمیدادم	304	nmydadm
نیکولاس	304	nykvlas
کلاهدوز	304	klahdvz
اجبار	303	ajbar
افتد	303	aftd
تریپ	303	tryp
زبونش	303	zbvnsh
سلامی	303	slamy
قشنگن	303	ghshngn
ماشینا	303	mashyna
متعجبم	303	mtjbm
میشناسیش؟	303	myshnasysh
میشنوید	303	myshnvyd
نهفته	303	nhfth
ویور	303	vyvr
پوشک	303	pvshk
اخرش	302	akhrsh
التهاب	302	althab
اژدهایان	302	azhdhayan
بیوفتی	302	byvfty
سرنگ	302	srng
سوالت	302	svalt
شا	302	sha
شاپ	302	shap
عزیزان	302	zyzan
عکست	302	kst
فیلمای	302	fylmay
قرارش	302	ghrarsh
لاین	302	layn
مای	302	may
نولان	302	nvlan
کارام	302	karam
کتابو	302	ktabv
گرامی	302	gramy
ازدواجت	301	azdvajt
استفانی	301	astfany
انحراف	301	anhraf
بشور	301	bshvr
بچرخونش	301	bchrkhvnsh
جنگم	301	jngm
خانوادگیه	301	khanvadgyh
خصوصیات	301	khsvsyat
روبراهه؟	301	rvbrahh
سالانه	301	salanh
ساید	301	sayd
سیبل	301	sybl
مجلل	301	mjll
وینتر	301	vyntr
پرسش	301	prssh
گیلی	301	gyly
اتون	300	atvn
اثرش	300	asrsh
امتداد	300	amtdad
ببخشید،	300	bbkhshyd
ببینتت	300	bbyntt
تصمیمم	300	tsmymm
دخترمو	300	dkhtrmv
زوزه	300	zvzh
سوزوند	300	svzvnd
سویج	300	svyj
شال	300	shal
قاتلین	300	ghatlyn
لذتی	300	lzty
لیندزی	300	lyndzy
نابودت	300	nabvdt
کابوی	300	kabvy
کشیم	300	kshym
گذرنامه	300	gzrnamh
انعکاس	299	ankas
برمت	299	brmt
بروم	299	brvm
تلگراف	299	tlgraf
دنبالشه	299	dnbalshh
سئول	299	svl
سرگروهبان	299	srgrvhban
سلطه	299	slth
شکستشون	299	shkstshvn
قبوله؟	299	ghbvlh
لزوما	299	lzvma
موری	299	mvry
میاییم	299	myayym
میجنگن	299	myjngn
وابستگی	299	vabstgy
چهارصد	299	chharsd
کاران	299	karan
ارامش	298	aramsh
اشتباهاتی	298	ashtbahaty
اینجاش	298	aynjash
بازداشتگاه	298	bazdashtgah
برتون	298	brtvn
بندازینش	298	bndazynsh
دادخواست	298	dadkhvast
دربیاد	298	drbyad
دیکسون	298	dyksvn
رسیدید	298	rsydyd
رفتنم	298	rftnm
لطفآ	298	ltfa
لطیف	298	ltyf
لنگه	298	lngh
موقتا	298	mvghta
نامعلوم	298	namlvm
نفهمه	298	nfhmh
نوادا	298	nvada
همیلتون	298	hmyltvn
کدومه	298	kdvmh
کشوند	298	kshvnd
اظهارات	297	azharat
بارداری	297	bardary
بفهمند	297	bfhmnd
بهشته	297	bhshth
تاوانش	297	tavansh
تطابق	297	ttabgh
دخترته	297	dkhtrth
دوخته	297	dvkhth
دوروتی	297	dvrvty
دکل	297	dkl
زخمت	297	zkhmt
سوپرگرل	297	svprgrl
شرافتمندانه	297	shraftmndanh
لک	297	lk
مغلوب	297	mghlvb
نابودگر	297	nabvdgr
هاره	297	harh
کالیسی	297	kalysy
کاهن	297	kahn
کاوشگر	297	kavshgr
کریشنا	297	kryshna
بردش	296	brdsh
بورسیه	296	bvrsyh
بینین	296	bynyn
تایوین	296	tayvyn
جاودانگی	296	javdangy
زنگوله	296	zngvlh
شناسید	296	shnasyd
شیوا	296	shyva
ماهری	296	mahry
متقلب	296	mtghlb
نگرانتم	296	ngrantm
وسن	296	vsn
یکه	296	ykh
بغداد	295	bghdad
بغلی	295	bghly
جکس	295	jks
جکوب	295	jkvb
داغونش	295	daghvnsh
سرچشمه	295	srchshmh
ضیافت	295	zyaft
فلوید	295	flvyd
مارمولک	295	marmvlk
مجرمین	295	mjrmyn
مستم	295	mstm
معین	295	myn
نشدین	295	nshdyn
هیلز	295	hylz
پاهاتو	295	pahatv
چال	295	chal
گوین	295	gvyn
اشیاء	294	ashya
بذر	294	bzr
بکت	294	bkt
تبعیض	294	tbyz
تظاهرات	294	tzahrat
توانست	294	tvanst
تورنتو	294	tvrntv
جونی	294	jvny
خلافکارها	294	khlafkarha
دونسته	294	dvnsth
سازمانی	294	sazmany
شوت	294	shvt
صدتا	294	sdta
محشری	294	mhshry
میدانی	294	mydany
نمردی	294	nmrdy
نمیذاریم	294	nmyzarym
هیچگونه	294	hychgvnh
وری	294	vry
کدوممون	294	kdvmmvn
گازت	294	gazt
اطرافم	293	atrafm
اقامتگاه	293	aghamtgah
اگنس	293	agns
باتلاق	293	batlagh
بخندی	293	bkhndy
بعضیاشون	293	bzyashvn
تئودور	293	tvdvr
تامپسون	293	tampsvn
درازه	293	drazh
دکر	293	dkr
زیرنظر	293	zyrnzr
شکستت	293	shkstt
صدامون	293	sdamvn
فیلمنامه	293	fylmnamh
قبله	293	ghblh
مولی	293	mvly
میفتاد	293	myftad
نحو	293	nhv
نمیزاری	293	nmyzary
نگهبانها	293	nghbanha
همراهتون	293	hmrahtvn
کالیبر	293	kalybr
کلش	293	klsh
گروهش	293	grvhsh
الیاس	292	alyas
ایناهاشش	292	aynahashsh
بوفالو	292	bvfalv
بگذاریم	292	bgzarym
درنیار	292	drnyar
روزمره	292	rvzmrh
سردی	292	srdy
شیطونی	292	shytvny
فقدان	292	fghdan
لایلا	292	layla
محرک	292	mhrk
نبات	292	nbat
واسیلی	292	vasyly
گلهای	292	glhay
آبهای	291	abhay
امتناع	291	amtna
بدهد	291	bdhd
حفاظتی	291	hfazty
دقه	291	dghh
دیسی	291	dysy
رند	291	rnd
شناسمش	291	shnasmsh
متقابل	291	mtghabl
نرسیدم	291	nrsydm
پولتون	291	pvltvn
آماده؟	290	amadh
استورم	290	astvrm
بیولوژیکی	290	byvlvzhyky
خونسردی	290	khvnsrdy
دنبالشم	290	dnbalshm
رامسس	290	ramss
رفتارم	290	rftarm
رمزش	290	rmzsh
سراغشون	290	sraghshvn
شعور	290	shvr
فلک	290	flk
ماریون	290	maryvn
مس	290	ms
مهاجر	290	mhajr
میخری	290	mykhry
ووه	290	vvh
کاری؟	290	kary
گوید	290	gvyd
آو	289	av
ازاین	289	azayn
امده	289	amdh
تاسفه	289	tasfh
جلال	289	jlal
حلزون	289	hlzvn
خرسه	289	khrsh
دوتاتون	289	dvtatvn
شامه	289	shamh
عاشقه	289	ashghh
عجایب	289	jayb
عمیقا	289	mygha
لیدی	289	lydy
مسایل	289	msayl
منزجر	289	mnzjr
میگیرند	289	mygyrnd
نیکسون	289	nyksvn
کمدین	289	kmdyn
یاب	289	yab
استرنج	288	astrnj
بفروش	288	bfrvsh
بما	288	bma
بچم	288	bchm
بگیرد	288	bgyrd
تفنگم	288	tfngm
حرفاست	288	hrfast
زار	288	zar
شاهدین	288	shahdyn
فل	288	fl
لاکسلی	288	laksly
مدیونی	288	mdyvny
مسئولیتش	288	msvlytsh
معقول	288	mghvl
معمار	288	mmar
پیشتم	288	pyshtm
چلاق	288	chlagh
کسه	288	ksh
آمپول	287	ampvl
اسکافیلد	287	askafyld
اموزش	287	amvzsh
انیشتین	287	anyshtyn
اگزی	287	agzy
بعدیمون	287	bdymvn
تین	287	tyn
جسدی	287	jsdy
خاموشه	287	khamvshh
دوتراکی	287	dvtraky
سازماندهی	287	sazmandhy
سرجات	287	srjat
سرگیجه	287	srgyjh
فرینج	287	frynj
قبرستان	287	ghbrstan
مصادره	287	msadrh
موبایلم	287	mvbaylm
پدرتم	287	pdrtm
کشوره	287	kshvrh
کلوئه	287	klvh
آبروی	286	abrvy
اونکار	286	avnkar
بدوی	286	bdvy
بگیرشون	286	bgyrshvn
تکراری	286	tkrary
حرفهام	286	hrfham
خوردش	286	khvrdsh
خونوادگی	286	khvnvadgy
ریسکی	286	rysky
شلوارش	286	shlvarsh
فریس	286	frys
قرارت	286	ghrart
مشتاقم	286	mshtaghm
مقدمات	286	mghdmat
منفقط	286	mnfght
ناامیدت	286	naamydt
نخواسته	286	nkhvasth
نصیبم	286	nsybm
پاد	286	pad
چرچیل	286	chrchyl
چشمها	286	chshmha
کام	286	kam
کتابه	286	ktabh
گانگستر	286	gangstr
گلابر	286	glabr
آلرژی	285	alrzhy
اسلام	285	aslam
اقوام	285	aghvam
انگشتات	285	angshtat
برملا	285	brmla
بعیده	285	bydh
خانومی	285	khanvmy
دادمش	285	dadmsh
دوستته	285	dvstth
رایس	285	rays
سربلند	285	srblnd
مجنون	285	mjnvn
مخش	285	mkhsh
مزیت	285	mzyt
نبودین	285	nbvdyn
نگفتی؟	285	ngfty
ورزشکار	285	vrzshkar
وسطه	285	vsth
وصلت	285	vslt
کوکو	285	kvkv
گریفین	285	gryfyn
آلاسکا	284	alaska
اتوبان	284	atvban
اینایی	284	aynayy
باهاتم	284	bahatm
بنیاد	284	bnyad
تاست	284	tast
تمامه	284	tmamh
حفاظ	284	hfaz
دالی	284	daly
دبرا	284	dbra
راش	284	rash
سگا	284	sga
شناختن	284	shnakhtn
فلان	284	flan
مقدر	284	mghdr
ناصر	284	nasr
نکشی	284	nkshy
هستم؟	284	hstm
وینگ	284	vyng
پاتس	284	pats
چاقه	284	chaghh
کبود	284	kbvd
گوهان	284	gvhan
یاری	284	yary
بهاش	283	bhash
تانیا	283	tanya
جابه	283	jabh
جوب	283	jvb
خلبانی	283	khlbany
مقدمه	283	mghdmh
موادی	283	mvady
هورمون	283	hvrmvn
هورن	283	hvrn
پروتئین	283	prvtyn
چراغا	283	chragha
کازابلانکا	283	kazablanka
کنون	283	knvn
اکثریت	282	aksryt
بالقوه	282	balghvh
بربیای	282	brbyay
بروکس	282	brvks
بیاییم	282	byayym
بیوفتیم	282	byvftym
تاکتیکی	282	taktyky
ثمر	282	smr
حساسی	282	hsasy
حسرت	282	hsrt
خارجش	282	kharjsh
دوریس	282	dvrys
روسها	282	rvsha
سایبری	282	saybry
سگش	282	sgsh
عن	282	n
فر	282	fr
مارلا	282	marla
مجانیه	282	mjanyh
مخفف	282	mkhff
مراقبم	282	mraghbm
موتورش	282	mvtvrsh
نصیبت	282	nsybt
واه	282	vah
چرم	282	chrm
آرومش	281	arvmsh
اسبم	281	asbm
بیابان	281	byaban
حسابداری	281	hsabdary
حک	281	hk
دوتای	281	dvtay
سرنوشتم	281	srnvshtm
شانسش	281	shanssh
صبرکنید	281	sbrknyd
غل	281	ghl
موبایلش	281	mvbaylsh
ناتو	281	natv
نوجوان	281	nvjvan
هووو	281	hv
کارارو	281	kararv
گرندل	281	grndl
استانبول	280	astanbvl
بانمک	280	banmk
باهوشیه	280	bahvshyh
بتمرگ	280	btmrg
بخواهید	280	bkhvahyd
برود	280	brvd
بپذیری	280	bpzyry
بگذری	280	bgzry
تهدیدش	280	thdydsh
جرائم	280	jram
جیره	280	jyrh
خواند	280	khvand
دادی؟	280	dady
دریاسالار	280	dryasalar
دونستیم	280	dvnstym
رویاهات	280	rvyahat
زرنگی	280	zrngy
سراغمون	280	sraghmvn
سکونت	280	skvnt
طبعی	280	tby
غنی	280	ghny
فکرمیکنم	280	fkrmyknm
مرداب	280	mrdab
مستخدم	280	mstkhdm
مفتخرم	280	mftkhrm
میزده	280	myzdh
هستید؟	280	hstyd
آرزوش	279	arzvsh
اسکلت	279	asklt
افعی	279	afy
برکنار	279	brknar
خوشایند	279	khvshaynd
درمقابل	279	drmghabl
روکش	279	rvksh
زندانیش	279	zndanysh
غبار	279	ghbar
فیلتر	279	fyltr
مانور	279	manvr
مزارع	279	mzar
مسیو	279	msyv
مل	279	ml
موجوده	279	mvjvdh
میکشت	279	myksht
نوا	279	nva
چز	279	chz
کارهام	279	karham
کشوندی	279	kshvndy
آموزان	278	amvzan
الملل	278	almll
بات	278	bat
بانگ	278	bang
بندازمش	278	bndazmsh
بیمارها	278	bymarha
بیگناهی	278	bygnahy
تارزان	278	tarzan
تباه	278	tbah
تهدیدم	278	thdydm
تونستید	278	tvnstyd
تیری	278	tyry
جادوگره	278	jadvgrh
خاطرت	278	khatrt
راکون	278	rakvn
سینت	278	synt
شارپ	278	sharp
عمده	278	mdh
قر	278	ghr
ماجراها	278	majraha
مارگو	278	margv
میانی	278	myany
میلیاردها	278	mylyardha
نیکیتا	278	nykyta
همن	278	hmn
واتنی	278	vatny
پینتو	278	pyntv
کوتیس	278	kvtys
گندکاری	278	gndkary
گیب	278	gyb
یکیشو	278	ykyshv
آمم	277	amm
آیرون	277	ayrvn
اسکاچ	277	askach
بخطر	277	bkhtr
بوچ	277	bvch
تریستان	277	trystan
تشک	277	tshk
تنر	277	tnr
جرارد	277	jrard
حرص	277	hrs
خودکشیه	277	khvdkshyh
رندال	277	rndal
سائو	277	sav
ساکس	277	saks
ستیسی	277	stysy
سخنان	277	skhnan
سرعتت	277	srtt
شناسیش	277	shnasysh
فیلی	277	fyly
لارل	277	larl
لباستو	277	lbastv
مشتاقانه	277	mshtaghanh
نظیره	277	nzyrh
ژله	277	zhlh
کانرز	277	kanrz
گاستون	277	gastvn
گچ	277	gch
اعدامش	276	adamsh
افسار	276	afsar
اووو	276	av
باشیش	276	bashysh
بزنمت	276	bznmt
بلژیک	276	blzhyk
بندرگاه	276	bndrgah
تهران	276	thran
حرکتش	276	hrktsh
درمیون	276	drmyvn
دگرگون	276	dgrgvn
سینتیا	276	syntya
علیک	276	lyk
فرسته	276	frsth
مدنی	276	mdny
مصری	276	msry
نظاره	276	nzarh
پدران	276	pdran
کسترلی	276	kstrly
ابتکار	275	abtkar
استان	275	astan
توازن	275	tvazn
تولدمه	275	tvldmh
خوی	275	khvy
راهزن	275	rahzn
سرطانی	275	srtany
سلین	275	slyn
سواستفاده	275	svastfadh
شکستگی	275	shkstgy
طرفدارای	275	trfdaray
عبرت	275	brt
فلوت	275	flvt
مانتی	275	manty
مداوا	275	mdava
مرطوب	275	mrtvb
پردازش	275	prdazsh
چستر	275	chstr
گرسیوز	275	grsyvz
گیس	275	gys
یکسری	275	yksry
یکی؟	275	yky
استنفورد	274	astnfvrd
اشام	274	asham
الویس	274	alvys
اولیاحضرت	274	avlyahzrt
باکتری	274	baktry
بیخ	274	bykh
دیدند	274	dydnd
ذاری	274	zary
راستم	274	rastm
رفتش	274	rftsh
سرنوشتت	274	srnvshtt
عزیزت	274	zyzt
قانونا	274	ghanvna
مارتینی	274	martyny
نفله	274	nflh
هود	274	hvd
چشمانم	274	chshmanm
کارلی	274	karly
گران	274	gran
ابراهیم	273	abrahym
بازیا	273	bazya
برویم	273	brvym
بیا،	273	bya
بیکن	273	bykn
جار	273	jar
جفرسون	273	jfrsvn
خوبید	273	khvbyd
سانحه	273	sanhh
صورتشو	273	svrtshv
عموش	273	mvsh
فکرمیکنی	273	fkrmykny
لورین	273	lvryn
مسته	273	msth
هرموقع	273	hrmvgh
وفا	273	vfa
کمرت	273	kmrt
گردد	273	grdd
آروهی	272	arvhy
انجل	272	anjl
باعثش	272	bassh
تائه	272	tah
خانومها	272	khanvmha
دلخور	272	dlkhvr
روحه	272	rvhh
رولو	272	rvlv
غیرمنتظره	272	ghyrmntzrh
لونا	272	lvna
مافیا	272	mafya
مشابهی	272	mshabhy
میای؟	272	myay
میو	272	myv
هوشمند	272	hvshmnd
کتت	272	ktt
گلس	272	gls
اوباش	271	avbash
اپراتور	271	apratvr
باتلر	271	batlr
بترسه	271	btrsh
تخمم	271	tkhmm
تورا	271	tvra
تیمش	271	tymsh
دینامیت	271	dynamyt
رازت	271	razt
سرزنشت	271	srznsht
سگهای	271	sghay
لوین	271	lvyn
لیبی	271	lyby
مناسبت	271	mnasbt
نبودش	271	nbvdsh
نیرومند	271	nyrvmnd
هی،هی	271	hyhy
ورن	271	vrn
ویلچر	271	vylchr
ژنتیک	271	zhntyk
کارشناس	271	karshnas
اشمیت	270	ashmyt
افتتاح	270	afttah
بدبختانه	270	bdbkhtanh
براحتی	270	brahty
جانبه	270	janbh
جوما	270	jvma
حسابم	270	hsabm
خاطراتت	270	khatratt
دوستهای	270	dvsthay
رباط	270	rbat
سانتی	270	santy
شپش	270	shpsh
قلاده	270	ghladh
مذاکرات	270	mzakrat
هالو	270	halv
هاپ	270	hap
کارمندان	270	karmndan
گرگی	270	grgy
گشته	270	gshth
گوساله	270	gvsalh
اونرو	269	avnrv
بها	269	bha
بهبودی	269	bhbvdy
بیارشون	269	byarshvn
ترکیه	269	trkyh
خوشکله	269	khvshklh
ذاتی	269	zaty
روور	269	rvvr
سامی	269	samy
سمتی	269	smty
لطفا؟	269	ltfa
ماشینتون	269	mashyntvn
متعادل	269	mtadl
مهمتری	269	mhmtry
موناکو	269	mvnakv
میندی	269	myndy
ناپلئون	269	naplvn
وووو	269	v
پرتو	269	prtv
کرلئونه	269	krlvnh
اتاقتون	268	ataghtvn
استخدامش	268	astkhdamsh
اولشه	268	avlshh
بدزدن	268	bdzdn
بپوشش	268	bpvshsh
توافقی	268	tvafghy
خانومه	268	khanvmh
خونست	268	khvnst
داوسون	268	davsvn
رین	268	ryn
ساختمش	268	sakhtmsh
سلولهای	268	slvlhay
سوراخی	268	svrakhy
شوق	268	shvgh
فرصته	268	frsth
قیافش	268	ghyafsh
مسیحیت	268	msyhyt
میخواییم	268	mykhvayym
مینا	268	myna
میومدیم	268	myvmdym
پودینگ	268	pvdyng
گوز	268	gvz
آرم	267	arm
اشباح	267	ashbah
بالتیمور	267	baltymvr
ببازی	267	bbazy
تحویلم	267	thvylm
ترسیدی؟	267	trsydy
تفسیر	267	tfsyr
تنفسی	267	tnfsy
درکه	267	drkh
زاری	267	zary
سزای	267	szay
غذاش	267	ghzash
مجتمع	267	mjtm
مسائلی	267	msaly
مشغوله	267	mshghvlh
کیونگ	267	kyvng
گولم	267	gvlm
احمقها	266	ahmghha
اسلحتو	266	aslhtv
اسپید	266	aspyd
الیویا	266	alyvya
اونورتر	266	avnvrtr
بارو	266	barv
بلوندی	266	blvndy
بیبی	266	byby
تماشاچی	266	tmashachy
خارش	266	kharsh
دادرس	266	dadrs
داس	266	das
داستانو	266	dastanv
دربارت	266	drbart
رابینسون	266	rabynsvn
ساب	266	sab
سروکار	266	srvkar
سلولش	266	slvlsh
سم؟	266	sm
سمبل	266	smbl
عواقبی	266	vaghby
لباسام	266	lbasam
متمدن	266	mtmdn
نرفتن	266	nrftn
هلش	266	hlsh
پاشیده	266	pashydh
کمیک	266	kmyk
گلوم	266	glvm
یوسف	266	yvsf
احمقن	265	ahmghn
بشوری	265	bshvry
بیرحم	265	byrhm
ترجمهو	265	trjmhv
جوونتر	265	jvvntr
خلال	265	khlal
خوشحالن	265	khvshhaln
دیلن	265	dyln
دیوث	265	dyvs
زرق	265	zrgh
سالیوان	265	salyvan
طویله	265	tvylh
قاعده	265	ghadh
ماشینها	265	mashynha
مجموع	265	mjmv
منتظرتم	265	mntzrtm
کاه	265	kah
آرچر	264	archr
اسبه	264	asbh
انتخابت	264	antkhabt
بازیش	264	bazysh
بووم	264	bvvm
تلاشش	264	tlashsh
تماشاگر	264	tmashagr
ثور	264	svr
حرفاتو	264	hrfatv
خوشوقتم	264	khvshvghtm
صلیبی	264	slyby
فلورا	264	flvra
نشدند	264	nshdnd
هادس	264	hads
چول	264	chvl
آتشفشان	263	atshfshan
ارک	263	ark
اومد؟	263	avmd
بازیها	263	bazyha
بایستم	263	baystm
بترکونیم	263	btrkvnym
بتسی	263	btsy
برسند	263	brsnd
برگردونین	263	brgrdvnyn
تابش	263	tabsh
دخترک	263	dkhtrk
درستکار	263	drstkar
زبونم	263	zbvnm
زخمش	263	zkhmsh
سرپناه	263	srpnah
عاطفه	263	atfh
علامتی	263	lamty
فهمن	263	fhmn
لباسها	263	lbasha
لیپ	263	lyp
مهمونا	263	mhmvna
هولدن	263	hvldn
پوستر	263	pvstr
چنته	263	chnth
چپم	263	chpm
کانون	263	kanvn
کلاهک	263	klahk
ارزشمنده	262	arzshmndh
الاریک	262	alaryk
ایبل	262	aybl
بشناسیم	262	bshnasym
بنوشم	262	bnvshm
جرایم	262	jraym
ساختند	262	sakhtnd
سختش	262	skhtsh
سیلور	262	sylvr
صحت	262	sht
لالا	262	lala
لند	262	lnd
متحمل	262	mthml
هزارتو	262	hzartv
وول	262	vvl
کنترلت	262	kntrlt
ء	261	?
الکتریسیته	261	alktrysyth
امداد	261	amdad
اونهمه	261	avnhmh
اوک	261	avk
باریکلا	261	barykla
بیااینجا	261	byaaynja
خاردار	261	khardar
دریغ	261	drygh
رفته؟	261	rfth
سروکله	261	srvklh
شستن	261	shstn
طبیعتا	261	tbyta
غواصی	261	ghvasy
مارچ	261	march
مطالب	261	mtalb
هی؟	261	hy
کوچولوها	261	kvchvlvha
گوستاو	261	gvstav
آدالیند	260	adalynd
بادام	260	badam
تقویم	260	tghvym
تنسی	260	tnsy
جداش	260	jdash
دورین	260	dvryn
راهیم	260	rahym
ردا	260	rda
رومانتیک	260	rvmantyk
زوئی	260	zvy
سردسته	260	srdsth
فرستادند	260	frstadnd
قوزک	260	ghvzk
میبندی	260	mybndy
مینگ	260	myng
هیولاهای	260	hyvlahay
پادشاهم	260	padshahm
پادشاهه	260	padshahh
پرورشگاه	260	prvrshgah
اسمو	259	asmv
باختن	259	bakhtn
برک	259	brk
بهمن	259	bhmn
تسلی	259	tsly
جاکش	259	jaksh
دوا	259	dva
رنارد	259	rnard
معاشرت	259	mashrt
مقاوم	259	mghavm
نترسیدم	259	ntrsydm
همینکه	259	hmynkh
وایکینگ	259	vaykyng
وسطش	259	vstsh
وینچستر	259	vynchstr
چمبرز	259	chmbrz
کلینت	259	klynt
گرگها	259	grgha
آتیشی	258	atyshy
آدرنالین	258	adrnalyn
بانکدار	258	bankdar
تسکین	258	tskyn
تشریح	258	tshryh
تنهاییم	258	tnhayym
خوزه	258	khvzh
دابی	258	daby
دستامو	258	dstamv
زنو	258	znv
سلیم	258	slym
سمیر	258	smyr
شمشیری	258	shmshyry
فیلیکس	258	fylyks
لورنس	258	lvrns
مشنگ	258	mshng
میدهند	258	mydhnd
نایتیری	258	naytyry
نظافت	258	nzaft
پادگان	258	padgan
کتابا	258	ktaba
آنگاه	257	angah
ادبیات	257	adbyat
استعاره	257	astarh
اسد	257	asd
املت	257	amlt
بادکنک	257	badknk
تفنگو	257	tfngv
خاویر	257	khavyr
شرمساری	257	shrmsary
شکرگزاری	257	shkrgzary
ظریف	257	zryf
فاسکو	257	faskv
فرشتگان	257	frshtgan
میگشتی	257	mygshty
هلندی	257	hlndy
پیرمرده	257	pyrmrdh
چشماتون	257	chshmatvn
گوئن	257	gvn
آسوده	256	asvdh
بترکونم	256	btrkvnm
برید،	256	bryd
تانگو	256	tangv
جرسی	256	jrsy
دامنه	256	damnh
غاز	256	ghaz
فرانکشتاین	256	frankshtayn
لائو	256	lav
مسئوله	256	msvlh
موکلم	256	mvklm
هیتمن	256	hytmn
کشتنت	256	kshtnt
گروهت	256	grvht
اجناس	255	ajnas
باهش	255	bahsh
بخونمش	255	bkhvnmsh
تروریسم	255	trvrysm
تفاله	255	tfalh
جادوگران	255	jadvgran
خوبت	255	khvbt
داخلشه	255	dakhlshh
دوستتم	255	dvsttm
علاقت	255	laght
فقرا	255	fghra
متعصب	255	mtsb
مدیچی	255	mdychy
موتوری	255	mvtvry
میس	255	mys
ناجوری	255	najvry
هووم	255	hvvm
پیشبینی	255	pyshbyny
چیو؟	255	chyv
یهودیان	255	yhvdyan
آقایی	254	aghayy
اختلالات	254	akhtlalat
انصاف	254	ansaf
بازداشتش	254	bazdashtsh
بکشینش	254	bkshynsh
تریسا	254	trysa
توری	254	tvry
حالتی	254	halty
حرفامو	254	hrfamv
ساعتها	254	satha
سبیل	254	sbyl
شناسیم	254	shnasym
طلسمی	254	tlsmy
قناری	254	ghnary
لانا	254	lana
محترمانه	254	mhtrmanh
مراکز	254	mrakz
ورقه	254	vrghh
ولمون	254	vlmvn
پسشون	254	psshvn
یکاری	254	ykary
استخدامت	253	astkhdamt
افسرها	253	afsrha
بزرگان	253	bzrgan
تراس	253	tras
ترزا	253	trza
زانوهات	253	zanvhat
عروسکی	253	rvsky
غافلگیری	253	ghaflgyry
محضه	253	mhzh
مدلین	253	mdlyn
مراقبشون	253	mraghbshvn
مرزها	253	mrzha
موهامو	253	mvhamv
میلنگه	253	mylngh
نامحدود	253	namhdvd
نژادی	253	nzhady
واس	253	vas
چشمهاش	253	chshmhash
چماق	253	chmagh
کشند	253	kshnd
گیبسون	253	gybsvn
گیدیون	253	gydyvn
آکس	252	aks
انگشتی	252	angshty
بذاریمش	252	bzarymsh
توانی	252	tvany
خرفت	252	khrft
خواهرزاده	252	khvahrzadh
خوده	252	khvdh
دالتون	252	daltvn
دهانه	252	dhanh
روزولت	252	rvzvlt
عکسهای	252	kshay
قهرمانانه	252	ghhrmananh
لوسیا	252	lvsya
مایر	252	mayr
منتظرمه	252	mntzrmh
موافقه	252	mvafghh
میرقصه	252	myrghsh
میرونم	252	myrvnm
میلتون	252	myltvn
میگرفتی	252	mygrfty
نیام	252	nyam
وخیم	252	vkhym
پاتل	252	patl
کارلایل	252	karlayl
کاشف	252	kashf
کثیفت	252	ksyft
کوش	252	kvsh
کوچولوئه	252	kvchvlvh
ازگارد	251	azgard
ایون	251	ayvn
تیمم	251	tymm
حرفهات	251	hrfhat
دبیرستانی	251	dbyrstany
زند	251	znd
سیندرلا	251	syndrla
شگفتی	251	shgfty
فکرکردم	251	fkrkrdm
فکس	251	fks
مونتی	251	mvnty
پاسگاه	251	pasgah
پامون	251	pamvn
کلاهت	251	klaht
کورکورانه	251	kvrkvranh
آرزوم	250	arzvm
ادموند	250	admvnd
اسپارتی	250	asparty
انکارش	250	ankarsh
ایش	250	aysh
بازتاب	250	baztab
بخرن	250	bkhrn
جونتون	250	jvntvn
حقیر	250	hghyr
دالیا	250	dalya
رؤیای	250	ryay
سخنگو	250	skhngv
عمرمون	250	mrmvn
نوازی	250	nvazy
نگیرم	250	ngyrm
هاچی	250	hachy
پف	250	pf
گیرد	250	gyrd
آوریل	249	avryl
ابن	249	abn
اصطبل	249	astbl
التیام	249	altyam
ایمز	249	aymz
بونز	249	bvnz
ترقی	249	trghy
جمعشون	249	jmshvn
حوالی	249	hvaly
خوب،	249	khvb
دلتنگ	249	dltng
دیکی	249	dyky
رحمانه	249	rhmanh
علتش	249	ltsh
لاو	249	lav
لن	249	ln
موردم	249	mvrdm
نامناسب	249	namnasb
ندیدید	249	ndydyd
گالن	249	galn
اونهارو	248	avnharv
ببوسمت	248	bbvsmt
تابلوئه	248	tablvh
تهاجمی	248	thajmy
دوقلوها	248	dvghlvha
دپارتمان	248	dpartman
سنگه	248	sngh
فیوری	248	fyvry
نذاریم	248	nzarym
نفسش	248	nfssh
نمیافته	248	nmyafth
هدفشون	248	hdfshvn
کشورها	248	kshvrha
کماندارها	248	kmandarha
کنراد	248	knrad
گنجه	248	gnjh
ازادی	247	azady
اغوا	247	aghva
بذارشون	247	bzarshvn
تسا	247	tsa
خدمتکارها	247	khdmtkarha
خفنه	247	khfnh
دشمنانمون	247	dshmnanmvn
دورشون	247	dvrshvn
دیمیتری	247	dymytry
لنز	247	lnz
مردممون	247	mrdmmvn
میخنده	247	mykhndh
نخیرم	247	nkhyrm
هلنا	247	hlna
وادارش	247	vadarsh
ویزلی	247	vyzly
پدیده	247	pdydh
پذیرفت	247	pzyrft
کارگران	247	kargran
گرور	247	grvr
گنجشک	247	gnjshk
آستانه	246	astanh
اقل	246	aghl
بازوت	246	bazvt
برادرانم	246	bradranm
برنگشتم	246	brngshtm
بچش	246	bchsh
جایه	246	jayh
جسدها	246	jsdha
دوباکو	246	dvbakv
رؤیا	246	rya
سولونیوس	246	svlvnyvs
سیستمی	246	systmy
سینک	246	synk
مادرته	246	madrth
مارلین	246	marlyn
معشوق	246	mshvgh
نگذشته	246	ngzshth
همرات	246	hmrat
ولر	246	vlr
ویت	246	vyt
پوک	246	pvk
گیرین	246	gyryn
آمازون	245	amazvn
اسبی	245	asby
باشه،باشه	245	bashhbashh
برشته	245	brshth
رادنی	245	radny
سست	245	sst
سوتین	245	svtyn
شوگر	245	shvgr
عرفان	245	rfan
لگن	245	lgn
لیاقتشو	245	lyaghtshv
میگذرونه	245	mygzrvnh
نظره	245	nzrh
نورتون	245	nvrtvn
وسایلتون	245	vsayltvn
چشماشون	245	chshmashvn
کشو	245	kshv
گرند	245	grnd
یارم	245	yarm
ارو	244	arv
اندکی	244	andky
بالاش	244	balash
بران	244	bran
برخوردم	244	brkhvrdm
بکشنش	244	bkshnsh
تامون	244	tamvn
جوانه	244	jvanh
حلال	244	hlal
حلق	244	hlgh
دیترویت	244	dytrvyt
رمزگذاری	244	rmzgzary
زیتون	244	zytvn
سرنگون	244	srngvn
صوت	244	svt
فرستادمش	244	frstadmsh
مشکوکه	244	mshkvkh
ناقوس	244	naghvs
پدرت	244	pdrt
کجاها	244	kjaha
افرادتون	243	afradtvn
تهاجم	243	thajm
تونو	243	tvnv
جنتلمن	243	jntlmn
خردل	243	khrdl
داوسن	243	davsn
دخلت	243	dkhlt
رهبرشون	243	rhbrshvn
فلگ	243	flg
قالیچه	243	ghalychh
قدردان	243	ghdrdan
قصدم	243	ghsdm
لانگستراید	243	langstrayd
مسافرا	243	msafra
نخواه	243	nkhvah
نرسیدیم	243	nrsydym
نوبل	243	nvbl
نینجا	243	nynja
هامونو	243	hamvnv
همزاد	243	hmzad
پایانه	243	payanh
چرمی	243	chrmy
گوردن	243	gvrdn
اثاثیه	242	asasyh
اعصابت	242	asabt
ایدز	242	aydz
برندن	242	brndn
برگزاری	242	brgzary
تداخل	242	tdakhl
خیکی	242	khyky
درش	242	drsh
راهتون	242	rahtvn
طلاست	242	tlast
فروید	242	frvyd
قبلنا	242	ghblna
مردهایی	242	mrdhayy
مضحکه	242	mzhkh
نظرتو	242	nzrtv
پوارو	242	pvarv
کردم؟	242	krdm
کروات	242	krvat
گردند	242	grdnd
بدونند	241	bdvnnd
بوگندو	241	bvgndv
تعطیلی	241	ttyly
جبرانش	241	jbransh
جریانات	241	jryanat
داشتنش	241	dashtnsh
داعش	241	dash
دوازدهم	241	dvazdhm
شاتل	241	shatl
فیتزجرالد	241	fytzjrald
لیتر	241	lytr
مصالحه	241	msalhh
مضحک	241	mzhk
میونه	241	myvnh
نخورم	241	nkhvrm
نمیشین	241	nmyshyn
کاپور	241	kapvr
گدا	241	gda
گریدی	241	grydy
یورش	241	yvrsh
ارقام	240	argham
اشرافی	240	ashrafy
اطرافه	240	atrafh
اعتراضی	240	atrazy
انجی	240	anjy
اور	240	avr
ببندن	240	bbndn
بدها	240	bdha
جید	240	jyd
حول	240	hvl
خواهری	240	khvahry
دوئل	240	dvl
دوبل	240	dvbl
سربسرم	240	srbsrm
طوطی	240	tvty
قاچاقی	240	ghachaghy
قرمزی	240	ghrmzy
قویترین	240	ghvytryn
لزبین	240	lzbyn
مسلمان	240	mslman
مطمئنه	240	mtmnh
مفهومی	240	mfhvmy
موردور	240	mvrdvr
موها	240	mvha
میدونه؟	240	mydvnh
نرمه	240	nrmh
نظامیه	240	nzamyh
نگیم	240	ngym
واحدهای	240	vahdhay
ولاد	240	vlad
پنجمین	240	pnjmyn
کارمونو	240	karmvnv
کاستلو	240	kastlv
گرانت	240	grant
گلد	240	gld
یادآور	240	yadavr
یقینا	240	yghyna
آروم،	239	arvm
بازیهای	239	bazyhay
تکرارش	239	tkrarsh
خاطراتم	239	khatratm
دانیلز	239	danylz
رویاست	239	rvyast
سرزده	239	srzdh
شست	239	shst
شمرده	239	shmrdh
صداهایی	239	sdahayy
غرامت	239	ghramt
فرانسویه	239	fransvyh
فکرنکنم	239	fkrnknm
قلبمو	239	ghlbmv
ماکارونی	239	makarvny
ملاقاتم	239	mlaghatm
مهتاب	239	mhtab
میشنوین	239	myshnvyn
ناسو	239	nasv
نبوغ	239	nbvgh
ندن	239	ndn
چشمامو	239	chshmamv
کارساز	239	karsaz
گازم	239	gazm
گاما	239	gama
گاییده	239	gayydh
گرتا	239	grta
آرشیو	238	arshyv
ارتباطمون	238	artbatmvn
اسپنس	238	aspns
بلندگو	238	blndgv
بوت	238	bvt
بپیوندید	238	bpyvndyd
بیافت	238	byaft
تلفنو	238	tlfnv
تنوع	238	tnv
دردمون	238	drdmvn
دهنشون	238	dhnshvn
ساعتت	238	satt
ضربات	238	zrbat
طومار	238	tvmar
مادرتم	238	madrtm
ماریو	238	maryv
نجابت	238	njabt
هلند	238	hlnd
وسیع	238	vsy
پاشون	238	pashvn
پناهنده	238	pnahndh
کرگدن	238	krgdn
کوبو	238	kvbv
یانکی	238	yanky
آنجلی	237	anjly
اومم	237	avmm
بانکوک	237	bankvk
برسونید	237	brsvnyd
بلندش	237	blndsh
بگذاری	237	bgzary
تخیل	237	tkhyl
حضار	237	hzar
دراومد	237	dravmd
راهشو	237	rahshv
راهن	237	rahn
روبراهی؟	237	rvbrahy
زمستانی	237	zmstany
سفرتون	237	sfrtvn
سفرم	237	sfrm
شنوی؟	237	shnvy
فوران	237	fvran
قحبه	237	ghhbh
قرعه	237	ghrh
قواعد	237	ghvad
مادرها	237	madrha
مبدل	237	mbdl
ملاقاتمون	237	mlaghatmvn
میگند	237	mygnd
ناب	237	nab
نمیمونم	237	nmymvnm
نکبت	237	nkbt
ورنون	237	vrnvn
پرم	237	prm
کردنی	237	krdny
کفر	237	kfr
یچیزی	237	ychyzy
آرت	236	art
آلیو	236	alyv
آیزاک	236	ayzak
اسنیپ	236	asnyp
ببوسم	236	bbvsm
تبعیت	236	tbyt
تیزی	236	tyzy
جنایات	236	jnayat
دیالوگ	236	dyalvg
رسن	236	rsn
سوارکار	236	svarkar
فرداست	236	frdast
مجبورن	236	mjbvrn
مخلوقات	236	mkhlvghat
نویل	236	nvyl
پرتغالی	236	prtghaly
گناهکاره	236	gnahkarh
گوشیش	236	gvshysh
آیین	235	ayyn
اتمسفر	235	atmsfr
بازکن	235	bazkn
بساط	235	bsat
ترسا	235	trsa
ترسونه	235	trsvnh
توپخانه	235	tvpkhanh
خاطرم	235	khatrm
خرما	235	khrma
زنید	235	znyd
سرک	235	srk
سفرمون	235	sfrmvn
فضاپیما	235	fzapyma
قلو	235	ghlv
مبارزان	235	mbarzan
میگو	235	mygv
نات	235	nat
نفرستاده	235	nfrstadh
نمردم	235	nmrdm
وزنه	235	vznh
گرفتاری	235	grftary
گلدون	235	gldvn
اثباتش	234	asbatsh
بترسن	234	btrsn
بترسونی	234	btrsvny
بورلی	234	bvrly
تجمع	234	tjm
تیتر	234	tytr
خداجون	234	khdajvn
سوءتفاهم	234	svtfahm
عضویت	234	zvyt
قائم	234	gham
قتله	234	ghtlh
مجبورمون	234	mjbvrmvn
مطبوعاتی	234	mtbvaty
نه،اون	234	nhavn
نگید	234	ngyd
همراهمون	234	hmrahmvn
وقار	234	vghar
وقتشو	234	vghtshv
پنسیلوانیا	234	pnsylvanya
کستل	234	kstl
کیرش	234	kyrsh
بالاتره	233	balatrh
برکارد	233	brkard
بچرخی	233	bchrkhy
تنباکو	233	tnbakv
جینجر	233	jynjr
دیاز	233	dyaz
ردشون	233	rdshvn
عقد	233	ghd
مادرم	233	madrm
مجمع	233	mjm
مشکلاتت	233	mshklatt
ممه	233	mmh
میره؟	233	myrh
نفهم	233	nfhm
نمود	233	nmvd
نگاری	233	ngary
هیچگاه	233	hychgah
وبه	233	vbh
پلازا	233	plaza
چروک	233	chrvk
گوهر	233	gvhr
آبهام	232	abham
اتریش	232	atrysh
اربابت	232	arbabt
ارکستر	232	arkstr
ایکاروس	232	aykarvs
بالیوود	232	balyvvd
باکس	232	baks
بخندم	232	bkhndm
بداخلاق	232	bdakhlagh
بذاریش	232	bzarysh
بچرخه	232	bchrkhh
ترسوند	232	trsvnd
ترودی	232	trvdy
جزوی	232	jzvy
جزیی	232	jzyy
جشنواره	232	jshnvarh
خپل	232	khpl
دخیل	232	dkhyl
دورم	232	dvrm
دیجیتال	232	dyjytal
راجا	232	raja
رومون	232	rvmvn
سامون	232	samvn
صورتشون	232	svrtshvn
عقبی	232	ghby
میخوند	232	mykhvnd
میدند	232	mydnd
میکشند	232	mykshnd
نباشد	232	nbashd
نبینه	232	nbynh
نورانی	232	nvrany
نپرسیدی	232	nprsydy
پرز	232	prz
ژو	232	zhv
گاوها	232	gavha
گذشتم	232	gzshtm
گناهم	232	gnahm
ازبین	231	azbyn
بدهیم	231	bdhym
بگذرم	231	bgzrm
بیستم	231	bystm
حاضرین	231	hazryn
حرفشم	231	hrfshm
دادگاهی	231	dadgahy
ریپر	231	rypr
ساما	231	sama
شراکت	231	shrakt
فیش	231	fysh
قبلیش	231	ghblysh
قدرتشون	231	ghdrtshvn
قراردادی	231	ghrardady
ماردون	231	mardvn
مشهوره	231	mshhvrh
کیل	231	kyl
کیکی	231	kyky
یقه	231	yghh
آره،من	230	arhmn
انداختمش	230	andakhtmsh
تجربیات	230	tjrbyat
تراز	230	traz
تفنگتو	230	tfngtv
دروور	230	drvvr
زیرو	230	zyrv
شند	230	shnd
طبقات	230	tbghat
علاقم	230	laghm
فروپاشی	230	frvpashy
لاتسو	230	latsv
لتی	230	lty
مردو	230	mrdv
میومده	230	myvmdh
نشتی	230	nshty
نق	230	ngh
نمیشناسمش	230	nmyshnasmsh
پریدی	230	prydy
پیشگیری	230	pyshgyry
آغشته	229	aghshth
آیه	229	ayh
اهمم	229	ahmm
ایس	229	ays
بارونی	229	barvny
بردلی	229	brdly
بروند	229	brvnd
تکیلا	229	tkyla
خیابونه	229	khyabvnh
درگذشت	229	drgzsht
دنبالشن	229	dnbalshn
دوردست	229	dvrdst
رندل	229	rndl
روزش	229	rvzsh
رگه	229	rgh
سپاهیان	229	spahyan
سپرها	229	sprha
شروعه	229	shrvh
شلوغش	229	shlvghsh
موقتیه	229	mvghtyh
همکاران	229	hmkaran
پوتین	229	pvtyn
آرجون	228	arjvn
آهو	228	ahv
اسکندر	228	askndr
باجه	228	bajh
بدنتون	228	bdntvn
بیداره	228	bydarh
تارلی	228	tarly
جنسیت	228	jnsyt
دیجیتالی	228	dyjytaly
سرزنده	228	srzndh
عربستان	228	rbstan
میسازی	228	mysazy
همپتون	228	hmptvn
وایسادیم	228	vaysadym
پختن	228	pkhtn
پولداره	228	pvldarh
گذروند	228	gzrvnd
ارنست	227	arnst
اطلاعاتش	227	atlaatsh
انداختند	227	andakhtnd
اوری	227	avry
بتو	227	btv
برنادت	227	brnadt
ترسوها	227	trsvha
جنب	227	jnb
جیبش	227	jybsh
شاعرانه	227	sharanh
عینی	227	yny
فندک	227	fndk
میفروشن	227	myfrvshn
پاندی	227	pandy
چرخی	227	chrkhy
کراکن	227	krakn
بخاری	226	bkhary
برو،برو	226	brvbrv
جنگجویی	226	jngjvyy
حسب	226	hsb
دیروقته	226	dyrvghth
سالمندان	226	salmndan
مسجد	226	msjd
مهدکودک	226	mhdkvdk
مومیایی	226	mvmyayy
میبریمش	226	mybrymsh
میشینی	226	myshyny
هرکار	226	hrkar
پوشم	226	pvshm
چونگ	226	chvng
کردش	226	krdsh
ابتدای	225	abtday
برادرمو	225	bradrmv
بهاری	225	bhary
داستانم	225	dastanm
دردسره	225	drdsrh
دورت	225	dvrt
دیدینش	225	dydynsh
راینا	225	rayna
سازم	225	sazm
شاتگان	225	shatgan
مادر؟	225	madr
نردبان	225	nrdban
نکشتمش	225	nkshtmsh
واون	225	vavn
پاهامو	225	pahamv
کارتی	225	karty
کوئنتین	225	kvntyn
آنابل	224	anabl
ادرس	224	adrs
اومدنش	224	avmdnsh
ایر	224	ayr
برگردند	224	brgrdnd
بینگ	224	byng
تکاور	224	tkavr
جرویس	224	jrvys
خوب،من	224	khvbmn
خویش	224	khvysh
دافو	224	dafv
دبلیو	224	dblyv
رادا	224	rada
رفیقمون	224	rfyghmvn
ریلکس	224	rylks
شهرستان	224	shhrstan
فارست	224	farst
میریزی	224	myryzy
میفهمید	224	myfhmyd
میپره	224	myprh
نابینا	224	nabyna
نداشتین	224	ndashtyn
نمیزد	224	nmyzd
هرکولس	224	hrkvls
واقعیتش	224	vaghytsh
وایستید	224	vaystyd
پاملا	224	pamla
کندم	224	kndm
کنگو	224	kngv
کیج	224	kyj
گهواره	224	ghvarh
آرس	223	ars
استارت	223	astart
استرلینگ	223	astrlyng
باش،	223	bash
بلوز	223	blvz
بونگ	223	bvng
جولیانو	223	jvlyanv
درنگ	223	drng
دندونات	223	dndvnat
دورا	223	dvra
قراضه	223	ghrazh
مخم	223	mkhm
نمیخورن	223	nmykhvrn
نگیرید	223	ngyryd
کارشونو	223	karshvnv
کفن	223	kfn
کلیولند	223	klyvlnd
کود	223	kvd
گرمش	223	grmsh
آلترا	222	altra
استرن	222	astrn
المثل	222	almsl
انداختین	222	andakhtyn
باخته	222	bakhth
باهاشه	222	bahashh
بدلیل	222	bdlyl
برنز	222	brnz
بگیرینشون	222	bgyrynshvn
جهنمه	222	jhnmh
حقوقت	222	hghvght
خوشگلت	222	khvshglt
سواد	222	svad
صبرکنین	222	sbrknyn
قانعش	222	ghansh
مراکش	222	mraksh
مطالعات	222	mtalat
میپوشه	222	mypvshh
نیروگاه	222	nyrvgah
همونا	222	hmvna
هواشناسی	222	hvashnasy
کجاس؟	222	kjas
گذارم	222	gzarm
گوشکن	222	gvshkn
یای	222	yay
اخته	221	akhth
بخونین	221	bkhvnyn
برگردونن	221	brgrdvnn
بنشین	221	bnshyn
بیگناهه	221	bygnahh
تاکنون	221	taknvn
تعدادمون	221	tdadmvn
تمساح	221	tmsah
توهمات	221	tvhmat
خریدیم	221	khrydym
خفت	221	khft
داغونم	221	daghvnm
درستشون	221	drstshvn
دوتاش	221	dvtash
دیگه؟	221	dygh
رسونم	221	rsvnm
سوزونده	221	svzvndh
سیسیل	221	sysyl
فانتزی	221	fantzy
فستیوال	221	fstyval
قلبتون	221	ghlbtvn
لوشن	221	lvshn
میدونستین	221	mydvnstyn
نائب	221	nab
نشدید	221	nshdyd
نیوتون	221	nyvtvn
هانسل	221	hansl
پرتغال	221	prtghal
کابوسه	221	kabvsh
کتم	221	ktm
کنترلشون	221	kntrlshvn
بازنشست	220	baznshst
بخواهیم	220	bkhvahym
بشوند	220	bshvnd
بوکسور	220	bvksvr
تیموتی	220	tymvty
جهات	220	jhat
حسابشون	220	hsabshvn
رنگه	220	rngh
سخاوتمندانه	220	skhavtmndanh
سرنوشتمون	220	srnvshtmvn
سعادت	220	sadt
سومه	220	svmh
سیاهچال	220	syahchal
شرلی	220	shrly
عهدش	220	hdsh
مرحوم	220	mrhvm
مشق	220	mshgh
ننوشتم	220	nnvshtm
واکس	220	vaks
وضعت	220	vzt
پرینستون	220	prynstvn
پیروان	220	pyrvan
چندتاشون	220	chndtashvn
چگونگی	220	chgvngy
کاربرد	220	karbrd
کمش	220	kmsh
کوچولوش	220	kvchvlvsh
آخریشه	219	akhryshh
اسهال	219	ashal
القاعده	219	alghadh
امانات	219	amanat
تازگیا	219	tazgya
تعصب	219	tsb
جریحه	219	jryhh
جوئی	219	jvy
داووس	219	davvs
دفاتر	219	dfatr
روفوس	219	rvfvs
رپ	219	rp
سرداب	219	srdab
سرزنشش	219	srznshsh
شانسیه	219	shansyh
فیلیپس	219	fylyps
میخواستید	219	mykhvastyd
میلیمتری	219	mylymtry
نمیترسی	219	nmytrsy
نمیکردن	219	nmykrdn
نگرفتیم	219	ngrftym
پانزدهم	219	panzdhm
پردازی	219	prdazy
پنچ	219	pnch
کدها	219	kdha
گادفری	219	gadfry
گروهمون	219	grvhmvn
آهنگو	218	ahngv
ایزابلا	218	ayzabla
ببیند	218	bbynd
بمبی	218	bmby
ترشح	218	trshh
توانا	218	tvana
خاطراتش	218	khatratsh
خوردید	218	khvrdyd
دادستانی	218	dadstany
دونده	218	dvndh
راسو	218	rasv
رقصی	218	rghsy
زانوت	218	zanvt
شنوه	218	shnvh
عقبه	218	ghbh
فیلمو	218	fylmv
لطمه	218	ltmh
لیموناد	218	lymvnad
مادرشه	218	madrshh
مدیرعامل	218	mdyraml
میموند	218	mymvnd
نرفتیم	218	nrftym
همجنسباز	218	hmjnsbaz
هوراس	218	hvras
هیلاری	218	hylary
ورد	218	vrd
وگا	218	vga
پرایر	218	prayr
پسرعمو	218	psrmv
پنگ	218	png
کوهی	218	kvhy
آخرت	217	akhrt
آزمایی	217	azmayy
ارتقاء	217	artgha
ارزو	217	arzv
اسبت	217	asbt
الکترومغناطیسی	217	alktrvmghnatysy
باقیمونده	217	baghymvndh
بشمار	217	bshmar
توتو	217	tvtv
جاویدان	217	javydan
حاضریم	217	hazrym
رذل	217	rzl
رقصم	217	rghsm
ماجراست	217	majrast
مشاجره	217	mshajrh
موهاشو	217	mvhashv
مینهو	217	mynhv
نمون	217	nmvn
پائولا	217	pavla
گستاخانه	217	gstakhanh
یاش	217	yash
آهنگه	216	ahngh
افزاری	216	afzary
امروزم	216	amrvzm
بازها	216	bazha
باهوشم	216	bahvshm
برسد	216	brsd
بمونند	216	bmvnnd
جاودان	216	javdan
جنجال	216	jnjal
جیبی	216	jyby
دنور	216	dnvr
ذغال	216	zghal
راجاری	216	rajary
رولت	216	rvlt
ساتر	216	satr
عصربخیر	216	srbkhyr
فیبز	216	fybz
لانه	216	lanh
مستر	216	mstr
منعکس	216	mnks
مهمه؟	216	mhmh
میفتیم	216	myftym
نگذار	216	ngzar
کریسی	216	krysy
کلاهبردار	216	klahbrdar
کنسرو	216	knsrv
گتسبی	216	gtsby
گرگوری	216	grgvry
گولت	216	gvlt
آتشی	215	atshy
آرومباش	215	arvmbash
استروئید	215	astrvyd
اونجاها	215	avnjaha
بحالت	215	bhalt
بخشم	215	bkhshm
بخواهد	215	bkhvahd
بسکن	215	bskn
تامن	215	tamn
تحول	215	thvl
خوردنش	215	khvrdnsh
داوری	215	davry
دیمون	215	dymvn
زارا	215	zara
زارم	215	zarm
زحمتی	215	zhmty
زرهی	215	zrhy
زندانیان	215	zndanyan
سوگواری	215	svgvary
سینمای	215	synmay
شستشو	215	shstshv
فهمیدین؟	215	fhmydyn
مامانه	215	mamanh
مورلی	215	mvrly
میخورید	215	mykhvryd
هردفعه	215	hrdfh
هیجانی	215	hyjany
پرل	215	prl
کانا	215	kana
کلایو	215	klayv
آرد	214	ard
آرزوها	214	arzvha
اسمیه	214	asmyh
امانت	214	amant
اونیکی	214	avnyky
بارتون	214	bartvn
بسوزونیدش	214	bsvzvnydsh
بلای	214	blay
توویا	214	tvvya
جونا	214	jvna
دخترام	214	dkhtram
دختریه	214	dkhtryh
دزدیه	214	dzdyh
راهتو	214	rahtv
رختکن	214	rkhtkn
شاهدان	214	shahdan
عصای	214	say
عفونی	214	fvny
علیرضا	214	lyrza
مادی	214	mady
مرگشه	214	mrgshh
مسافرین	214	msafryn
مورتی	214	mvrty
میفتی	214	myfty
نامشخص	214	namshkhs
نورث	214	nvrs
هراس	214	hras
واترز	214	vatrz
واریس	214	varys
پنت	214	pnt
پیکان	214	pykan
کلین	214	klyn
گنگستر	214	gngstr
آبش	213	absh
آتلانتیک	213	atlantyk
اخم	213	akhm
باستر	213	bastr
تضمینی	213	tzmyny
تکن	213	tkn
جانوران	213	janvran
جهانه	213	jhanh
خطرناکن	213	khtrnakn
خندی	213	khndy
خواری	213	khvary
داروخونه	213	darvkhvnh
داستانها	213	dastanha
رادیواکتیو	213	radyvaktyv
سامان	213	saman
شهوتی	213	shhvty
صورتتو	213	svrttv
فاتح	213	fath
فرماندهان	213	frmandhan
فروشم	213	frvshm
قطاری	213	ghtary
محدودیتی	213	mhdvdyty
مدیو	213	mdyv
مراسمی	213	mrasmy
معاف	213	maf
مهیج	213	mhyj
هوامو	213	hvamv
واعظ	213	vaz
پنجابی	213	pnjaby
کتکش	213	ktksh
گراند	213	grand
آلات	212	alat
ازمن	212	azmn
بخونیش	212	bkhvnysh
برگردان	212	brgrdan
بوسم	212	bvsm
بوسید	212	bvsyd
بیمارستانی	212	bymarstany
خرگوشه	212	khrgvshh
درخته	212	drkhth
دیوونست	212	dyvvnst
روپوش	212	rvpvsh
ریشی	212	ryshy
سوسول	212	svsvl
سولاندو	212	svlandv
سیار	212	syar
صدق	212	sdgh
طرفداری	212	trfdary
غرش	212	ghrsh
لینچ	212	lynch
مزخرفیه	212	mzkhrfyh
منظومه	212	mnzvmh
میانگین	212	myangyn
نامزدت	212	namzdt
نس	212	ns
نووا	212	nvva
نگرانشم	212	ngranshm
هاوزر	212	havzr
همکارش	212	hmkarsh
واچ	212	vach
واکرها	212	vakrha
چیره	212	chyrh
کلینتون	212	klyntvn
کورپ	212	kvrp
گود	212	gvd
آزاردهنده	211	azardhndh
ابعاد	211	abad
انداختنش	211	andakhtnsh
انسانهای	211	ansanhay
بپذیرید	211	bpzyryd
تئون	211	tvn
تکونی	211	tkvny
جق	211	jgh
خیلیخوب	211	khylykhvb
درختها	211	drkhtha
سرنوشته	211	srnvshth
سرنوشتی	211	srnvshty
شواهدی	211	shvahdy
عروسیمون	211	rvsymvn
فولادی	211	fvlady
قائله	211	ghalh
مارها	211	marha
معتقدیم	211	mtghdym
مفیده	211	mfydh
میسا	211	mysa
میگفتیم	211	mygftym
ناپل	211	napl
ودر	211	vdr
کریسمسه	211	krysmsh
آوردمت	210	avrdmt
ابرقهرمان	210	abrghhrman
اعتقادات	210	atghadat
باهوشتر	210	bahvshtr
خانوادمون	210	khanvadmvn
داف	210	daf
دیویا	210	dyvya
راحتتر	210	rahttr
شوزه	210	shvzh
لانگدون	210	langdvn
محور	210	mhvr
مربا	210	mrba
مشروبی	210	mshrvby
مکث	210	mks
میگفتند	210	mygftnd
ناتموم	210	natmvm
واشینگتون	210	vashyngtvn
پراگ	210	prag
پوچی	210	pvchy
چا	210	cha
کانتینر	210	kantynr
کجات	210	kjat
کسای	210	ksay
یونیفورم	210	yvnyfvrm
آیینه	209	ayynh
برنسون	209	brnsvn
بیننده	209	bynndh
بیوولف	209	byvvlf
جلاد	209	jlad
خواجه	209	khvajh
دروغگوئه	209	drvghgvh
رال	209	ral
رقاصه	209	rghash
روزهایی	209	rvzhayy
سازش	209	sazsh
سکان	209	skan
شریدر	209	shrydr
غیرقانونیه	209	ghyrghanvnyh
فسخ	209	fskh
مزاحمم	209	mzahmm
موآنا	209	mvana
مونث	209	mvns
نذاره	209	nzarh
نمیمونی	209	nmymvny
پارلمان	209	parlman
کندرا	209	kndra
کوچولومون	209	kvchvlvmvn
گرفتیش؟	209	grftysh
گیت	209	gyt
آماتور	208	amatvr
آمبر	208	ambr
اوه،خدا	208	avhkhda
بمحض	208	bmhz
بنظرتون	208	bnzrtvn
بپوشون	208	bpvshvn
بپوشیم	208	bpvshym
ترسن	208	trsn
حملش	208	hmlsh
ختنه	208	khtnh
دخالتی	208	dkhalty
رانده	208	randh
زیباتر	208	zybatr
سایبر	208	saybr
سیلویا	208	sylvya
عصاره	208	sarh
قسط	208	ghst
لالیتا	208	lalyta
لق	208	lgh
مورس	208	mvrs
موشه	208	mvshh
میسی	208	mysy
نمایندگان	208	nmayndgan
همکارام	208	hmkaram
پرومتئوس	208	prvmtvs
پیرم	208	pyrm
کلاید	208	klayd
کمرش	208	kmrsh
آرزوت	207	arzvt
اسپارتان	207	aspartan
انجلس	207	anjls
باتوئه	207	batvh
باکی	207	baky
برادرات	207	bradrat
بومن	207	bvmn
تثبیت	207	tsbyt
تکذیب	207	tkzyb
جیش	207	jysh
جیپ	207	jyp
حقوقم	207	hghvghm
دماغه	207	dmaghh
دندوناش	207	dndvnash
دیوونم	207	dyvvnm
دیوید؟	207	dyvyd
روبرت	207	rvbrt
روسو	207	rvsv
سای	207	say
سرورم؟	207	srvrm
سفیدی	207	sfydy
قبرش	207	ghbrsh
قرارم	207	ghrarm
لهستانی	207	lhstany
ماتریکس	207	matryks
متوجهی؟	207	mtvjhy
منهدم	207	mnhdm
میفهمیدم	207	myfhmydm
میپرسن	207	myprsn
نامشروع	207	namshrv
نبش	207	nbsh
نردبون	207	nrdbvn
هاله	207	halh
هرمس	207	hrms
ورزشگاه	207	vrzshgah
وس	207	vs
وسترن	207	vstrn
پشیمونم	207	pshymvnm
آفریده	206	afrydh
آلمیدا	206	almyda
آنجلو	206	anjlv
القدس	206	alghds
انصراف	206	ansraf
اوه،لعنتی	206	avhlnty
اکتشاف	206	aktshaf
ایسته	206	aysth
اینستاگرام	206	aynstagram
بخواهم	206	bkhvahm
برازنده	206	brazndh
برمیداری	206	brmydary
برمیگردونه	206	brmygrdvnh
برندی	206	brndy
بیافتیم	206	byaftym
بیسکوییت	206	byskvyyt
ترنس	206	trns
تولیوس	206	tvlyvs
تونستند	206	tvnstnd
حفظش	206	hfzsh
خودمونی	206	khvdmvny
دزدا	206	dzda
سردرگم	206	srdrgm
سوالو	206	svalv
سودا	206	svda
شششش	206	shshshsh
شمردن	206	shmrdn
صحرای	206	shray
فعاله	206	falh
فلیپ	206	flyp
لاسلو	206	laslv
مارپیچ	206	marpych
مام	206	mam
میارید	206	myaryd
میدونم،	206	mydvnm
میپوشی	206	mypvshy
میگذرونم	206	mygzrvnm
نمیشنوی	206	nmyshnvy
هاها	206	haha
والدر	206	valdr
وضعم	206	vzm
چشمانش	206	chshmansh
چمدان	206	chmdan
کارمه	206	karmh
یوهان	206	yvhan
آس	205	as
آنهایی	205	anhayy
اطلاعتون	205	atlatvn
افتخارش	205	aftkharsh
اقلا	205	aghla
بابامه	205	babamh
بازوش	205	bazvsh
بدرفتاری	205	bdrftary
برعهده	205	brhdh
برگها	205	brgha
بعدیه	205	bdyh
بفروشن	205	bfrvshn
بپرسن	205	bprsn
بیکاری	205	bykary
تاکید	205	takyd
تایر	205	tayr
جواز	205	jvaz
خاطراتی	205	khatraty
خوشحالش	205	khvshhalsh
دیوی	205	dyvy
ستم	205	stm
فدراسیون	205	fdrasyvn
فرنی	205	frny
فیلد	205	fyld
لات	205	lat
مخرب	205	mkhrb
مخلوق	205	mkhlvgh
مسافرها	205	msafrha
مشروبات	205	mshrvbat
مونتانا	205	mvntana
مکالمات	205	mkalmat
ناهنجاری	205	nahnjary
نمیدین	205	nmydyn
واز	205	vaz
وزنت	205	vznt
وفاداره	205	vfadarh
پوشونده	205	pvshvndh
کشمکش	205	kshmksh
کوفت	205	kvft
یاقوت	205	yaghvt
آزادشون	204	azadshvn
استیگ	204	astyg
باورشون	204	bavrshvn
حراجی	204	hrajy
خشکه	204	khshkh
خندید	204	khndyd
خوشگذرونی	204	khvshgzrvny
رفاه	204	rfah
سارو	204	sarv
سانجی	204	sanjy
سومان	204	svman
سینی	204	syny
لامار	204	lamar
لایونل	204	layvnl
ماهیگیر	204	mahygyr
مفصله	204	mfslh
میشکنم	204	myshknm
ناتوانی	204	natvany
پرتت	204	prtt
چشاتو	204	chshatv
کشتین	204	kshtyn
کوهها	204	kvhha
کوکتل	204	kvktl
گراد	204	grad
آدرسی	203	adrsy
اوبرین	203	avbryn
بتواند	203	btvand
بنگاه	203	bngah
ترسیم	203	trsym
جلوتره	203	jlvtrh
خودنمایی	203	khvdnmayy
دانمارکی	203	danmarky
درستو	203	drstv
درمون	203	drmvn
راستی؟	203	rasty
روبین	203	rvbyn
مریل	203	mryl
منتظرمون	203	mntzrmvn
مویرا	203	mvyra
مکانش	203	mkansh
نکشت	203	nksht
پاهاشو	203	pahashv
پروا	203	prva
پلیسای	203	plysay
چاپلوسی	203	chaplvsy
کالدر	203	kaldr
کاملش	203	kamlsh
اسنک	202	asnk
اصولا	202	asvla
اهان	202	ahan
اینشتین	202	aynshtyn
بنوشی	202	bnvshy
بینایی	202	bynayy
جگ	202	jg
دختربچه	202	dkhtrbchh
دموکرات	202	dmvkrat
ذارن	202	zarn
راجو	202	rajv
سران	202	sran
شیء	202	shy
نه،تو	202	nhtv
هار	202	har
کوهن	202	kvhn
گروت	202	grvt
آنتوان	201	antvan
آگاتا	201	agata
ازدواجش	201	azdvajsh
باروز	201	barvz
بردگان	201	brdgan
بپذیر	201	bpzyr
تصورشو	201	tsvrshv
تمسخر	201	tmskhr
جونو	201	jvnv
خاخام	201	khakham
داند	201	dand
درموردت	201	drmvrdt
سث	201	ss
سرحد	201	srhd
شکه	201	shkh
شکوند	201	shkvnd
طاق	201	tagh
عددی	201	ddy
عطسه	201	tsh
قلبشون	201	ghlbshvn
لاولی	201	lavly
محافظان	201	mhafzan
مواجهه	201	mvajhh
نگاهشون	201	ngahshvn
همونو	201	hmvnv
واووو	201	vav
پوستا	201	pvsta
چپه	201	chph
کراسوس	201	krasvs
گمرک	201	gmrk
آریان	200	aryan
آمیزی	200	amyzy
بخورند	200	bkhvrnd
بزرگسال	200	bzrgsal
تیفانی	200	tyfany
ثابته	200	sabth
جنگله	200	jnglh
جوجو	200	jvjv
حاد	200	had
خوابن	200	khvabn
درمانت	200	drmant
دکس	200	dks
رورشاک	200	rvrshak
زنبورها	200	znbvrha
زهره	200	zhrh
ساویر	200	savyr
سیمان	200	syman
شرکتم	200	shrktm
شمردم	200	shmrdm
علیرغم	200	lyrghm
غلاف	200	ghlaf
منتقلش	200	mntghlsh
مهد	200	mhd
نذاشتن	200	nzashtn
وضعشه	200	vzshh
پرایم	200	praym
پرستارها	200	prstarha
پلیدی	200	plydy
پیدایش	200	pydaysh
چویی	200	chvyy
ژاکتت	200	zhaktt
کروگر	200	krvgr
کولر	200	kvlr
گرفتنه	200	grftnh
آمبرلا	199	ambrla
ابزاری	199	abzary
اعصابش	199	asabsh
اوپس	199	avps
بابامو	199	babamv
بازگو	199	bazgv
باشکوهه	199	bashkvhh
بعدش؟	199	bdsh
تریبیون	199	trybyvn
تریش	199	trysh
تیت	199	tyt
حرفشون	199	hrfshvn
خرخره	199	khrkhrh
دراماتیک	199	dramatyk
دروگو	199	drvgv
دستگیرشون	199	dstgyrshvn
دوستانمون	199	dvstanmvn
دیپ	199	dyp
زمانبندی	199	zmanbndy
قلمبه	199	ghlmbh
قو	199	ghv
محافظین	199	mhafzyn
ملخ	199	mlkh
میگرفتن	199	mygrftn
نافرمانی	199	nafrmany
نبضش	199	nbzsh
نخوابیدی	199	nkhvabydy
نرین	199	nryn
هواشو	199	hvashv
کردمش	199	krdmsh
گنگ	199	gng
اسلحت	198	aslht
اقایه	198	aghayh
اونقدرام	198	avnghdram
بازیچه	198	bazychh
بردید	198	brdyd
بروتوس	198	brvtvs
بنویسید	198	bnvysyd
بواسطه	198	bvasth
بوداپست	198	bvdapst
تشنگی	198	tshngy
تلو	198	tlv
جارد	198	jard
خاکش	198	khaksh
خوشه	198	khvshh
خوشگلن	198	khvshgln
خوکی	198	khvky
راهشه	198	rahshh
ساکنان	198	saknan
شباهتی	198	shbahty
صدقه	198	sdghh
ضربدر	198	zrbdr
عاشقته	198	ashghth
قورتش	198	ghvrtsh
ماموت	198	mamvt
محلول	198	mhlvl
مرسیا	198	mrsya
مکه	198	mkh
همایش	198	hmaysh
ویپ	198	vyp
پریا	198	prya
ژوپیتر	198	zhvpytr
کردنو	198	krdnv
آرا	197	ara
آرزویی	197	arzvyy
اخلاقیات	197	akhlaghyat
اعتماده	197	atmadh
اژدهاها	197	azhdhaha
ایلای	197	aylay
برادرام	197	bradram
برگردوندم	197	brgrdvndm
بزرگن	197	bzrgn
بسوزونید	197	bsvzvnyd
بویل	197	bvyl
جوونا	197	jvvna
حسابشو	197	hsabshv
حفر	197	hfr
خزنده	197	khzndh
خماری	197	khmary
ربا	197	rba
رینا	197	ryna
سمتم	197	smtm
عکسه	197	ksh
غلت	197	ghlt
فواد	197	fvad
قهوه؟	197	ghhvh
محراب	197	mhrab
مستعمره	197	mstmrh
معلول	197	mlvl
نبند	197	nbnd
هاری	197	hary
وکیلت	197	vkylt
وکیلش	197	vkylsh
ویرانی	197	vyrany
پرایس	197	prays
کوبی	197	kvby
گیدئون	197	gydvn
آونی	196	avny
ارنی	196	arny
اشعار	196	ashar
افریقا	196	afrygha
بتونند	196	btvnnd
بخشمت	196	bkhshmt
برابری	196	brabry
برادرای	196	bradray
بعدها	196	bdha
بینگلی	196	byngly
خفهشو	196	khfhshv
درشت	196	drsht
درمانده	196	drmandh
دوسشون	196	dvsshvn
رویس	196	rvys
شاشی	196	shashy
شبت	196	shbt
شناساییش	196	shnasayysh
شهید	196	shhyd
عراقی	196	raghy
فقرات	196	fghrat
مشهوری	196	mshhvry
معادل	196	madl
مقرر	196	mghrr
میکنین؟	196	myknyn
میگردین	196	mygrdyn
هواپیماست	196	hvapymast
ونگ	196	vng
وون	196	vvn
کرافورد	196	krafvrd
کنستانتین	196	knstantyn
کنندس	196	knnds
گرانش	196	gransh
آدمیزاد	195	admyzad
آلان	195	alan
آندریا	195	andrya
آنسوی	195	ansvy
احتیاطی	195	ahtyaty
ادل	195	adl
انحصاری	195	anhsary
اومدنم	195	avmdnm
برادریم	195	bradrym
بورد	195	bvrd
بکشونه	195	bkshvnh
بیلیون	195	bylyvn
تانکر	195	tankr
حقشه	195	hghshh
خوندمش	195	khvndmsh
دادنت	195	dadnt
سیاهپوست	195	syahpvst
لعنتیش	195	lntysh
مسالا	195	msala
میخورین	195	mykhvryn
میداشت	195	mydasht
میزند	195	myznd
نشئه	195	nshh
هایدی	195	haydy
هلگا	195	hlga
وبا	195	vba
وسعت	195	vst
پدرسگ	195	pdrsg
چم	195	chm
ژنو	195	zhnv
کریم	195	krym
گردونین	195	grdvnyn
گروهم	195	grvhm
یاروئه	195	yarvh
آبله	194	ablh
آملیا	194	amlya
آندروود	194	andrvvd
آنچنان	194	anchnan
آچار	194	achar
انسانم	194	ansanm
ایفل	194	ayfl
باوره	194	bavrh
باورکردنی	194	bavrkrdny
جزر	194	jzr
جستجوگر	194	jstjvgr
حضورتون	194	hzvrtvn
خش	194	khsh
رازها	194	razha
ریلی	194	ryly
سابقا	194	sabgha
سرجاشه	194	srjashh
ششصد	194	shshsd
شهرک	194	shhrk
طالع	194	tal
فسیل	194	fsyl
قضا	194	ghza
قیامت	194	ghyamt
محکومیت	194	mhkvmyt
مطمئنن	194	mtmnn
نامی	194	namy
نانا	194	nana
نبودید	194	nbvdyd
هاد	194	had
پاهاتون	194	pahatvn
پوسیده	194	pvsydh
چلسی	194	chlsy
کالب	194	kalb
کوئینتوس	194	kvyntvs
کولاک	194	kvlak
گرگور	194	grgvr
آبم	193	abm
آدمات	193	admat
ارتکاب	193	artkab
استایلز	193	astaylz
اسپاگتی	193	aspagty
اسکل	193	askl
اشتباهیه	193	ashtbahyh
بریدم	193	brydm
بیگانگان	193	bygangan
تاکتیک	193	taktyk
ترفند	193	trfnd
تشدید	193	tshdyd
تولدته	193	tvldth
جرعه	193	jrh
حرفاتون	193	hrfatvn
داربی	193	darby
داغونی	193	daghvny
دانست	193	danst
دستهام	193	dstham
دلواپس	193	dlvaps
دیدیمش	193	dydymsh
ذاریم	193	zarym
سه،	193	sh
شمشیرش	193	shmshyrsh
فال	193	fal
قلبشو	193	ghlbshv
متروپلیس	193	mtrvplys
مته	193	mth
موتورهای	193	mvtvrhay
میخواهند	193	mykhvahnd
میدانم	193	mydanm
میرقصی	193	myrghsy
میلرزه	193	mylrzh
پرستون	193	prstvn
چوبه	193	chvbh
کاپا	193	kapa
کراک	193	krak
کریشنای	193	kryshnay
کک	193	kk
گزارشت	193	gzarsht
گلگر	193	glgr
گمشید	193	gmshyd
گی؟	193	gy
آسا	192	asa
آهنگر	192	ahngr
آیوی	192	ayvy
اهرام	192	ahram
برو،برو،برو	192	brvbrvbrv
بمیرید	192	bmyryd
بیفتن	192	byftn
ترقه	192	trghh
خلاق	192	khlagh
رفتارهای	192	rftarhay
روزن	192	rvzn
سرازیر	192	srazyr
سرتم	192	srtm
عابد	192	abd
غفلت	192	ghflt
فضاپیمای	192	fzapymay
قبولت	192	ghbvlt
لوسیندا	192	lvsynda
میجر	192	myjr
نفرمون	192	nfrmvn
نیجریه	192	nyjryh
ویلکس	192	vylks
پاپس	192	paps
پدرشه	192	pdrshh
پذیرفتن	192	pzyrftn
کندو	192	kndv
گردو	192	grdv
ادواردو	191	advardv
امدی	191	amdy
اونوقته	191	avnvghth
بسپرش	191	bsprsh
بندازشون	191	bndazshvn
تحمله	191	thmlh
تشنمه	191	tshnmh
تقسیمش	191	tghsymsh
تقصیره	191	tghsyrh
حسودیت	191	hsvdyt
خاویار	191	khavyar
خونن	191	khvnn
درم	191	drm
دقیقی	191	dghyghy
راضیش	191	razysh
سامرز	191	samrz
سورپریز	191	svrpryz
شبهای	191	shbhay
ظاهرت	191	zahrt
غذاست	191	ghzast
متفکر	191	mtfkr
مجرای	191	mjray
میفروشم	191	myfrvshm
نمیخوامش	191	nmykhvamsh
نمیگیرن	191	nmygyrn
نکنند	191	nknnd
واژن	191	vazhn
ویرانگر	191	vyrangr
کوالسکی	191	kvalsky
کوانتومی	191	kvantvmy
گاربر	191	garbr
گاوه	191	gavh
گردید	191	grdyd
گریوز	191	gryvz
گفته؟	191	gfth
آمادگیش	190	amadgysh
آویزونش	190	avyzvnsh
ابداع	190	abda
ادیسون	190	adysvn
استف	190	astf
اسنارت	190	asnart
الکساندرا	190	alksandra
امتیازی	190	amtyazy
امشبه	190	amshbh
اینکارت	190	aynkart
ببازم	190	bbazm
بمیرین	190	bmyryn
تایم	190	taym
حرکتت	190	hrktt
حضورش	190	hzvrsh
خاور	190	khavr
خوایی	190	khvayy
خیاط	190	khyat
داریوش	190	daryvsh
دستاتونو	190	dstatvnv
دستیابی	190	dstyaby
دلسرد	190	dlsrd
سرشه	190	srshh
سوری	190	svry
شنونده	190	shnvndh
شوهرمه	190	shvhrmh
لیونل	190	lyvnl
مارتل	190	martl
مسافرتی	190	msafrty
معدود	190	mdvd
معماری	190	mmary
میشناخت	190	myshnakht
نگرد	190	ngrd
هریت	190	hryt
وارگاس	190	vargas
پیشته	190	pyshth
کارواش	190	karvash
کمیسر	190	kmysr
آبا	189	aba
اختیارات	189	akhtyarat
اسحله	189	ashlh
افتم	189	aftm
اولگ	189	avlg
ببرمتون	189	bbrmtvn
ببوسه	189	bbvsh
ببینمتون	189	bbynmtvn
براونینگ	189	bravnyng
بفهمونم	189	bfhmvnm
بفهمین	189	bfhmyn
بول	189	bvl
بکشیدشون	189	bkshydshvn
بیلیش	189	bylysh
تفنگی	189	tfngy
جونزی	189	jvnzy
حالام	189	halam
دارا	189	dara
دانشجویی	189	danshjvyy
دسیسه	189	dsysh
دوستیمون	189	dvstymvn
دیسکو	189	dyskv
ذهنمون	189	zhnmvn
شاهی	189	shahy
شناسمت	189	shnasmt
عشقبازی	189	shghbazy
لهش	189	lhsh
مؤسسه	189	mssh
ماشا	189	masha
متفرق	189	mtfrgh
مزایای	189	mzayay
معاش	189	mash
موثره	189	mvsrh
موعد	189	mvd
میداشتم	189	mydashtm
میرقصم	189	myrghsm
میپوشم	189	mypvshm
نمیکردیم	189	nmykrdym
هایشان	189	hayshan
هوشی	189	hvshy
واق	189	vagh
ولیعهد	189	vlyhd
پیچیدگی	189	pychydgy
کاج	189	kaj
گانیکوس	189	ganykvs
گیرمش	189	gyrmsh
آش	188	ash
آمرزش	188	amrzsh
امدید	188	amdyd
ببخشد	188	bbkhshd
برعکسش	188	brkssh
برمش	188	brmsh
بپذیرم	188	bpzyrm
ترسویی	188	trsvyy
تعقیبشون	188	tghybshvn
تلفنه	188	tlfnh
تنهاتون	188	tnhatvn
جنگو	188	jngv
خشایار	188	khshayar
خلقت	188	khlght
خودخواهانه	188	khvdkhvahanh
درازتر	188	draztr
دوستا	188	dvsta
ذهنشون	188	zhnshvn
رومان	188	rvman
سالمون	188	salmvn
ساکسون	188	saksvn
سفیدبرفی	188	sfydbrfy
سنسور	188	snsvr
سوپرمارکت	188	svprmarkt
عروسیم	188	rvsym
عمرشون	188	mrshvn
قبلیه	188	ghblyh
قحطی	188	ghhty
لارن	188	larn
لفتش	188	lftsh
لوسین	188	lvsyn
موعود	188	mvvd
میانبر	188	myanbr
میگذارم	188	mygzarm
نازل	188	nazl
نمیدونی؟	188	nmydvny
نکشم	188	nkshm
نیوفتاد	188	nyvftad
هردوتامون	188	hrdvtamvn
پائولو	188	pavlv
پاستا	188	pasta
پدرشو	188	pdrshv
چشاش	188	chshash
چیزینیست	188	chyzynyst
گذاشتیش	188	gzashtysh
گریسی	188	grysy
آرمسترانگ	187	armstrang
آشیل	187	ashyl
آموزشگاه	187	amvzshgah
آوردی؟	187	avrdy
استرداد	187	astrdad
الیزه	187	alyzh
اینگار	187	ayngar
باجرنگی	187	bajrngy
ببرنش	187	bbrnsh
بخرین	187	bkhryn
بدویین	187	bdvyyn
برسونین	187	brsvnyn
بزنیش	187	bznysh
جغرافیایی	187	jghrafyayy
خریدمش	187	khrydmsh
دهنتون	187	dhntvn
روحان	187	rvhan
روزالی	187	rvzaly
سربه	187	srbh
سرینا	187	sryna
سوزش	187	svzsh
عروسیت	187	rvsyt
عشقو	187	shghv
فضول	187	fzvl
قرآن	187	ghran
لایت	187	layt
مادرقحبه	187	madrghhbh
مامانمه	187	mamanmh
مصون	187	msvn
مفهومه؟	187	mfhvmh
مناسبیه	187	mnasbyh
منفور	187	mnfvr
منچستر	187	mnchstr
میدمش	187	mydmsh
میدونستید	187	mydvnstyd
میگویند	187	mygvynd
ناراحتش	187	narahtsh
نامرد	187	namrd
نظرمو	187	nzrmv
پاکستانی	187	pakstany
پسرجون	187	psrjvn
پولشویی	187	pvlshvyy
کارماین	187	karmayn
کانچا	187	kancha
آزارم	186	azarm
آلو	186	alv
اردوی	186	ardvy
اسکالی	186	askaly
اورست	186	avrst
بارانی	186	barany
ببندینش	186	bbndynsh
برادرا	186	bradra
براین	186	brayn
بهادار	186	bhadar
توء	186	tv
توم	186	tvm
جائیه	186	jayh
جلف	186	jlf
خوشگلیه	186	khvshglyh
رغم	186	rghm
ساختنش	186	sakhtnsh
ساق	186	sagh
سرعتم	186	srtm
سفته	186	sfth
عقربه	186	ghrbh
غذاتون	186	ghzatvn
مرحمت	186	mrhmt
مردنی	186	mrdny
مطب	186	mtb
نروژ	186	nrvzh
نشنال	186	nshnal
نشونی	186	nshvny
نمیمیره	186	nmymyrh
نه،نه،نه،نه	186	nhnhnhnh
هرمن	186	hrmn
همینطوریه	186	hmyntvryh
پاورز	186	pavrz
کاپ	186	kap
کشورتون	186	kshvrtvn
کنسول	186	knsvl
کیمی	186	kymy
گودو	186	gvdv
امانیم	185	amanym
اینجای	185	aynjay
ببین،من	185	bbynmn
بدبین	185	bdbyn
بدونم؟	185	bdvnm
برنگرده	185	brngrdh
بزنشون	185	bznshvn
بفرستمش	185	bfrstmsh
تاخت	185	takht
تحقق	185	thghgh
تشعشع	185	tshsh
تقدیس	185	tghdys
توپو	185	tvpv
حقته	185	hghth
خشنود	185	khshnvd
خطرش	185	khtrsh
دارنل	185	darnl
دربارشون	185	drbarshvn
دفتری	185	dftry
دوستایی	185	dvstayy
ذهنته	185	zhnth
شارما	185	sharma
شستم	185	shstm
عالیم	185	alym
لاله	185	lalh
لیانگ	185	lyang
لیتل	185	lytl
مخوف	185	mkhvf
مقدسات	185	mghdsat
مهمانان	185	mhmanan
مواقعی	185	mvaghy
مورگانا	185	mvrgana
مکنزی	185	mknzy
میادش	185	myadsh
مید	185	myd
میذارمش	185	myzarmsh
نمیمیری	185	nmymyry
همرام	185	hmram
وادارم	185	vadarm
پابرجا	185	pabrja
پاشه	185	pashh
پسرشون	185	psrshvn
پیچیدست	185	pychydst
کرام	185	kram
کریپتونی	185	kryptvny
کمبریج	185	kmbryj
گذاره	185	gzarh
آشاما	184	ashama
احساسیه	184	ahsasyh
ازمایشگاه	184	azmayshgah
انجلا	184	anjla
اژدر	184	azhdr
ایندیانا	184	ayndyana
بارگیری	184	bargyry
بازماندگان	184	bazmandgan
باگز	184	bagz
بشینن	184	bshynn
بوسیدی	184	bvsydy
بوگ	184	bvg
تالبوت	184	talbvt
تدوین	184	tdvyn
تعبیر	184	tbyr
جرثقیل	184	jrsghyl
دلا	184	dla
دهنمون	184	dhnmvn
دیا	184	dya
ری؟	184	ry
سیریوس	184	syryvs
فرناندو	184	frnandv
قاطر	184	ghatr
قرارگاه	184	ghrargah
ماهرانه	184	mahranh
مجزا	184	mjza
مشغله	184	mshghlh
ملنی	184	mlny
ورث	184	vrs
وکلا	184	vkla
ویلای	184	vylay
کبرا	184	kbra
یاران	184	yaran
اسنودن	183	asnvdn
انبوه	183	anbvh
برنزه	183	brnzh
برگشتند	183	brgshtnd
بکر	183	bkr
بینند	183	bynnd
تابه	183	tabh
تعقیبمون	183	tghybmvn
تمایلی	183	tmayly
جاسوسه	183	jasvsh
حفظت	183	hfzt
خفا	183	khfa
خیسه	183	khysh
دلبر	183	dlbr
دوساعت	183	dvsat
رفاقت	183	rfaght
غافل	183	ghafl
مالفوی	183	malfvy
محول	183	mhvl
مسیرهای	183	msyrhay
موقعه	183	mvghh
میده؟	183	mydh
میهمان	183	myhman
همسرم	183	hmsrm
پوششی	183	pvshshy
چاقی	183	chaghy
کلو	183	klv
کنان	183	knan
گرانبها	183	granbha
اردن	182	ardn
افتی	182	afty
اوناهاشن	182	avnahashn
بترسونمت	182	btrsvnmt
برونه	182	brvnh
بزرگترم	182	bzrgtrm
تروخدا	182	trvkhda
تکشون	182	tkshvn
جاتو	182	jatv
جارویس	182	jarvys
حاضرم	182	hazrm
دفه	182	dfh
دوید	182	dvyd
دیدمتون	182	dydmtvn
دیگم	182	dygm
روانه	182	rvanh
روزو	182	rvzv
روهم	182	rvhm
زندگیمه	182	zndgymh
سرایدار	182	sraydar
سوئدی	182	svdy
سوزانده	182	svzandh
سیمونز	182	symvnz
سیوا	182	syva
شخصیش	182	shkhsysh
طبلها	182	tblha
قصابی	182	ghsaby
قلبتو	182	ghlbtv
لئونادوس	182	lvnadvs
لاف	182	laf
ماشینتو	182	mashyntv
مزخرفاتی	182	mzkhrfaty
موقعیتتون	182	mvghyttvn
میبایست	182	mybayst
میشدند	182	myshdnd
میگذرونی	182	mygzrvny
ناتنی	182	natny
نظیری	182	nzyry
نماز	182	nmaz
نمیارن	182	nmyarn
نمیبرم	182	nmybrm
هنریک	182	hnryk
هولی	182	hvly
وردار	182	vrdar
پرستاره	182	prstarh
پوینت	182	pvynt
چه؟	182	chh
کفتار	182	kftar
کیتون	182	kytvn
یقین	182	yghyn
آمریکاییه	181	amrykayyh
اسلامی	181	aslamy
اسپرسو	181	asprsv
اشتباهم	181	ashtbahm
اولدمن	181	avldmn
اینکاره	181	aynkarh
باو	181	bav
برنگردم	181	brngrdm
بشناسمش	181	bshnasmsh
بنوشید	181	bnvshyd
بیسکویت	181	byskvyt
ترست	181	trst
جنگیه	181	jngyh
حرفمون	181	hrfmvn
خلاصش	181	khlassh
ردگیری	181	rdgyry
روشهای	181	rvshhay
شبم	181	shbm
شکنه	181	shknh
فرینگ	181	fryng
قطر	181	ghtr
لینگ	181	lyng
مامانمو	181	mamanmv
ماهره	181	mahrh
مایلو	181	maylv
میکروفن	181	mykrvfn
نامزدش	181	namzdsh
نبردم	181	nbrdm
هرکدومشون	181	hrkdvmshvn
هیپ	181	hyp
پستال	181	pstal
پیترسون	181	pytrsvn
کودتا	181	kvdta
کیست	181	kyst
کیفش	181	kyfsh
گاله	181	galh
گروههای	181	grvhhay
گلر	181	glr
آرش	180	arsh
آزمایشش	180	azmayshsh
ارضاء	180	arza
افته؟	180	afth
بذا	180	bza
برنمیگردی	180	brnmygrdy
بقدر	180	bghdr
بمبه	180	bmbh
بپرید	180	bpryd
بپوشید	180	bpvshyd
جشنی	180	jshny
دال	180	dal
دوشس	180	dvshs
سرمه	180	srmh
سفرهای	180	sfrhay
سمته	180	smth
شانسیم	180	shansym
شولتز	180	shvltz
فلاکت	180	flakt
فواره	180	fvarh
قرضش	180	ghrzsh
لعنتیا	180	lntya
ماهها	180	mahha
نجاتتون	180	njattvn
نفرم	180	nfrm
نمودار	180	nmvdar
هندرسون	180	hndrsvn
هویتش	180	hvytsh
وجد	180	vjd
پالس	180	pals
چکه	180	chkh
گریت	180	gryt
ابوت	179	abvt
اربابم	179	arbabm
استارسیتی	179	astarsyty
استقامت	179	astghamt
اهن	179	ahn
اوباما	179	avbama
برایس	179	brays
برخوردیم	179	brkhvrdym
بوسیدم	179	bvsydm
بکشتش	179	bkshtsh
تخلف	179	tkhlf
تندرو	179	tndrv
تنی	179	tny
توپه	179	tvph
تکزاس	179	tkzas
جائیکه	179	jaykh
خسارات	179	khsarat
درعوض	179	drvz
درگیرش	179	drgyrsh
دیدنی	179	dydny
زدنم	179	zdnm
سئوالی	179	svaly
ساختمونی	179	sakhtmvny
سروقت	179	srvght
شلخته	179	shlkhth
علنی	179	lny
قل	179	ghl
مایلید	179	maylyd
مقدسی	179	mghdsy
میفروشی	179	myfrvshy
میگشتیم	179	mygshtym
ناکجاآباد	179	nakjaabad
ناگوار	179	nagvar
نفهمیده	179	nfhmydh
نیگاش	179	nygash
همراهته	179	hmrahth
وحشیه	179	vhshyh
وراجی	179	vrajy
پروردگارا	179	prvrdgara
پیله	179	pylh
چیم	179	chym
کردنش	179	krdnsh
کفشای	179	kfshay
گانیکاس	179	ganykas
گروهه	179	grvhh
آلیشا	178	alysha
آپتیموس	178	aptymvs
اسپرینگ	178	aspryng
اطلاعاتت	178	atlaatt
ایروینگ	178	ayrvyng
بحثش	178	bhssh
بقای	178	bghay
بقتل	178	bghtl
بنیان	178	bnyan
بیداد	178	bydad
تمومی	178	tmvmy
تنهایی؟	178	tnhayy
جانم؟	178	janm
جگر	178	jgr
حرفامون	178	hrfamvn
درحقیقت	178	drhghyght
دشمنه	178	dshmnh
دهنمو	178	dhnmv
دکترای	178	dktray
دیلین	178	dylyn
رابرتز	178	rabrtz
زوال	178	zval
ظاهری	178	zahry
غذاتو	178	ghzatv
فاقد	178	faghd
لازمم	178	lazmm
متیوس	178	mtyvs
مداربسته	178	mdarbsth
میبخشید	178	mybkhshyd
میرفته	178	myrfth
میرود	178	myrvd
ناین	178	nayn
نمیشنوه	178	nmyshnvh
نمیفهمن	178	nmyfhmn
نیستی؟	178	nysty
واشینگتن	178	vashyngtn
ویزا	178	vyza
پابرجاست	178	pabrjast
پروازی	178	prvazy
پکن	178	pkn
چهاردهم	178	chhardhm
کار؟	178	kar
کرور	178	krvr
کومار	178	kvmar
آسونتره	177	asvntrh
استثناء	177	astsna
افشای	177	afshay
انچه	177	anchh
اونطرفه	177	avntrfh
ایستم	177	aystm
بالی	177	baly
بدوین	177	bdvyn
براک	177	brak
بریگز	177	brygz
بسرعت	177	bsrt
بلیز	177	blyz
بپرین	177	bpryn
بگی؟	177	bgy
ترسونده	177	trsvndh
تیپه	177	typh
جراتش	177	jratsh
حاکی	177	haky
حضانت	177	hzant
خصوصیت	177	khsvsyt
خمپاره	177	khmparh
خوشمزست	177	khvshmzst
دستوراتم	177	dstvratm
دنیاها	177	dnyaha
رازش	177	razsh
روبرتو	177	rvbrtv
زیپ	177	zyp
سوییچ	177	svyych
سیزدهم	177	syzdhm
صید	177	syd
علایم	177	laym
فارق	177	fargh
فای	177	fay
ماجرایی	177	majrayy
ماهرم	177	mahrm
میخوردیم	177	mykhvrdym
میوفتم	177	myvftm
نادون	177	nadvn
نایب	177	nayb
نظرمون	177	nzrmvn
همممم	177	hm
هندوستانی	177	hndvstany
وولف	177	vvlf
پررو	177	prrv
گمانم	177	gmanm
گوریل	177	gvryl
گید	177	gyd
آرورا	176	arvra
افکن	176	afkn
اقدامی	176	aghdamy
امیدت	176	amydt
اوبی	176	avby
باوجود	176	bavjvd
ببازه	176	bbazh
بربیایم	176	brbyaym
بریزید	176	bryzyd
بعضیها	176	bzyha
بگ	176	bg
تا؟	176	ta
تتو	176	ttv
تصوری	176	tsvry
جامع	176	jam
جین؟	176	jyn
دریاییه	176	dryayyh
دینو	176	dynv
رالی	176	raly
شاهانه	176	shahanh
شخصیم	176	shkhsym
صمیمانه	176	smymanh
ظرافت	176	zraft
لیک	176	lyk
مخصوصی	176	mkhsvsy
مرغی	176	mrghy
مغزشون	176	mghzshvn
مورتون	176	mvrtvn
مورگن	176	mvrgn
میرسند	176	myrsnd
میزنمت	176	myznmt
میمردم	176	mymrdm
ناتان	176	natan
ناچار	176	nachar
نوارها	176	nvarha
نوبی	176	nvby
هیوگو	176	hyvgv
والهالا	176	valhala
کاکرو	176	kakrv
کسیدی	176	ksydy
گلدن	176	gldn
یکنفر	176	yknfr
آبدار	175	abdar
آدماش	175	admash
آرنج	175	arnj
آسودگی	175	asvdgy
آشامها	175	ashamha
آنجی	175	anjy
اتلستن	175	atlstn
ادام	175	adam
استوری	175	astvry
السلطنه	175	alsltnh
امتحانات	175	amthanat
امیدم	175	amydm
اوکلند	175	avklnd
بخرید	175	bkhryd
بورگ	175	bvrg
تابع	175	tab
توروک	175	tvrvk
خبرنگارا	175	khbrngara
خبرهایی	175	khbrhayy
خردمند	175	khrdmnd
داروخانه	175	darvkhanh
داروهات	175	darvhat
دریاها	175	dryaha
رامال	175	ramal
رج	175	rj
ریبن	175	rybn
سازیم	175	sazym
شاهدش	175	shahdsh
شستشوی	175	shstshvy
عصبیه	175	sbyh
قدرتمندتر	175	ghdrtmndtr
لطفت	175	ltft
مزش	175	mzsh
مورفیس	175	mvrfys
میفتم	175	myftm
نظمی	175	nzmy
نواخته	175	nvakhth
نیگان	175	nygan
هرسال	175	hrsal
هندو	175	hndv
پروازت	175	prvazt
کشوی	175	kshvy
کلیدهای	175	klydhay
کوپ	175	kvp
گاردن	175	gardn
گیتس	175	gyts
آناتولی	174	anatvly
استادم	174	astadm
اسپانسر	174	aspansr
اسکنر	174	asknr
امرار	174	amrar
بامزست	174	bamzst
بفرمائین	174	bfrmayn
بچت	174	bcht
بکنمش	174	bknmsh
تامسون	174	tamsvn
تایتوس	174	taytvs
تردستون	174	trdstvn
تفنگش	174	tfngsh
تماشایی	174	tmashayy
تواضع	174	tvaz
حکمت	174	hkmt
خلوص	174	khlvs
خواهرته	174	khvahrth
داران	174	daran
دستاشو	174	dstashv
زناشویی	174	znashvyy
شتم	174	shtm
شونزده	174	shvnzdh
غلطا	174	ghlta
لباسو	174	lbasv
لش	174	lsh
منظورتو	174	mnzvrtv
نیاره	174	nyarh
ورش	174	vrsh
وسایلی	174	vsayly
وضعیه	174	vzyh
ویجو	174	vyjv
پافشاری	174	pafshary
پریود	174	pryvd
پسورد	174	psvrd
پنچر	174	pnchr
پیغامت	174	pyghamt
کلمبیایی	174	klmbyayy
آریوس	173	aryvs
اتاقو	173	ataghv
اجسام	173	ajsam
اسلید	173	aslyd
افتخارات	173	aftkharat
اکه	173	akh
ایدث	173	ayds
برقراره	173	brghrarh
برنگشتن	173	brngshtn
بسوزونش	173	bsvzvnsh
تحقیقاتم	173	thghyghatm
جینگ	173	jyng
خادم	173	khadm
خانوادتون	173	khanvadtvn
خوناشام	173	khvnasham
دبستان	173	dbstan
دزدیدیم	173	dzdydym
دمش	173	dmsh
دوختن	173	dvkhtn
دیپلماتیک	173	dyplmatyk
رفتن؟	173	rftn
سورا	173	svra
شوهره	173	shvhrh
طاووس	173	tavvs
عمیقه	173	myghh
غرورت	173	ghrvrt
غیاب	173	ghyab
فعالش	173	falsh
لقش	173	lghsh
مادون	173	madvn
مامورا	173	mamvra
مطلقه	173	mtlghh
منور	173	mnvr
نل	173	nl
نه،این	173	nhayn
نوچه	173	nvchh
هاوانا	173	havana
وداع	173	vda
وضعیتت	173	vzytt
ویراج	173	vyraj
پذیرم	173	pzyrm
پولای	173	pvlay
گزاری	173	gzary
آجیل	172	ajyl
آمادن	172	amadn
استرام	172	astram
امرسون	172	amrsvn
امشبو	172	amshbv
انتحاری	172	anthary
انجامه	172	anjamh
باهوبلی	172	bahvbly
برندت	172	brndt
بعدیم	172	bdym
بمانند	172	bmannd
بمانید	172	bmanyd
بندازیش	172	bndazysh
تصاویری	172	tsavyry
تمبر	172	tmbr
جائه	172	jah
جاس	172	jas
حقارت	172	hghart
دقیقآ	172	dghygha
دیرت	172	dyrt
رطوبت	172	rtvbt
سربازه	172	srbazh
سودش	172	svdsh
سیو	172	syv
شریان	172	shryan
شمایید	172	shmayyd
صبحگاهی	172	sbhgahy
قهرمانم	172	ghhrmanm
لارس	172	lars
لت	172	lt
مادرشو	172	madrshv
مبهوت	172	mbhvt
مقدماتی	172	mghdmaty
مهماندار	172	mhmandar
مچت	172	mcht
میبنده	172	mybndh
میکشتم	172	mykshtm
هایم	172	haym
هفتمین	172	hftmyn
واردی	172	vardy
والکر	172	valkr
وایستادی	172	vaystady
وزغ	172	vzgh
پوجا	172	pvja
پیروزیه	172	pyrvzyh
کارور	172	karvr
کاپلان	172	kaplan
کفشت	172	kfsht
کلاهم	172	klahm
کورتنی	172	kvrtny
گوله	172	gvlh
آدمکشی	171	admkshy
آمریکائی	171	amrykay
اکثرشون	171	aksrshvn
ایسلند	171	ayslnd
بانمکه	171	banmkh
بریان	171	bryan
تناقض	171	tnaghz
جاد	171	jad
جاهاتون	171	jahatvn
جود	171	jvd
دانستن	171	danstn
دلاور	171	dlavr
روگ	171	rvg
زندس	171	znds
ساعتش	171	satsh
شازده	171	shazdh
صبرم	171	sbrm
قهر	171	ghhr
لوکس	171	lvks
مادرت	171	madrt
میبندیم	171	mybndym
میزت	171	myzt
میگیرد	171	mygyrd
نمیرید	171	nmyryd
هایت	171	hayt
همراهشون	171	hmrahshvn
پسر؟	171	psr
پورشه	171	pvrshh
پولداری	171	pvldary
چایا	171	chaya
یابد	171	yabd
یافتم	171	yaftm
یدک	171	ydk
یکسره	171	yksrh
آخی	170	akhy
آرچی	170	archy
آلاباما	170	alabama
آورم	170	avrm
اتفاقای	170	atfaghay
ازاینکه	170	azaynkh
افتادند	170	aftadnd
افسرهای	170	afsrhay
امیدواره	170	amydvarh
اونس	170	avns
باشمش	170	bashmsh
بالین	170	balyn
باورکن	170	bavrkn
بیچ	170	bych
تناسب	170	tnasb
جلوتون	170	jlvtvn
جنگجوها	170	jngjvha
جوئل	170	jvl
خوشبو	170	khvshbv
دعاهای	170	dahay
دوطرفه	170	dvtrfh
دیزنی	170	dyzny
راحتش	170	rahtsh
راضیم	170	razym
سارا؟	170	sara
صاحبخونه	170	sahbkhvnh
عشقمون	170	shghmvn
عکسو	170	ksv
غ	170	gh
لادن	170	ladn
ماوریک	170	mavryk
مذکر	170	mzkr
مرل	170	mrl
مهمونت	170	mhmvnt
میباره	170	mybarh
میدزده	170	mydzdh
میکن	170	mykn
نارو	170	narv
نهاد	170	nhad
هموار	170	hmvar
ونزوئلا	170	vnzvla
پنل	170	pnl
پیداست	170	pydast
کمپل	170	kmpl
کنارشون	170	knarshvn
کوهنوردی	170	kvhnvrdy
آویز	169	avyz
ارزشمندی	169	arzshmndy
ارنستو	169	arnstv
اولسن	169	avlsn
اوه؟	169	avh
اپارتمان	169	apartman
ایجا	169	ayja
باتوجه	169	batvjh
بالون	169	balvn
بخاطرت	169	bkhatrt
بوردن	169	bvrdn
بگذاره	169	bgzarh
تشویقش	169	tshvyghsh
جسورانه	169	jsvranh
جنگجوهای	169	jngjvhay
درن	169	drn
دورمامو	169	dvrmamv
دوروبر	169	dvrvbr
رژ	169	rzh
سردار	169	srdar
سوالای	169	svalay
شانسته	169	shansth
شدنشون	169	shdnshvn
شینی	169	shyny
صفا	169	sfa
عاشقشه	169	ashghshh
فرانکو	169	frankv
قاطع	169	ghat
لالایی	169	lalayy
ماموریتت	169	mamvrytt
متاسفام	169	mtasfam
مدفون	169	mdfvn
مشتی	169	mshty
مشکلتون	169	mshkltvn
مشکلو	169	mshklv
مغزه	169	mghzh
ملبورن	169	mlbvrn
منصف	169	mnsf
نقدی	169	nghdy
نمیگرده	169	nmygrdh
نهر	169	nhr
نویسه	169	nvysh
نکشش	169	nkshsh
هیدروژن	169	hydrvzhn
وایستی	169	vaysty
وجدانت	169	vjdant
پادشاهت	169	padshaht
پایینتر	169	payyntr
پهباد	169	phbad
پهپاد	169	phpad
پولهای	169	pvlhay
چشمهام	169	chshmham
کرتیس	169	krtys
کورن	169	kvrn
کوکایین	169	kvkayyn
گریفندور	169	gryfndvr
گناهانت	169	gnahant
آخرهفته	168	akhrhfth
آرامبخش	168	arambkhsh
آشور	168	ashvr
ارتشه	168	artshh
اوکجا	168	avkja
باباشون	168	babashvn
باسنت	168	basnt
بپوشن	168	bpvshn
بیماریه	168	bymaryh
جزئیاتش	168	jzyatsh
حسو	168	hsv
دستوراتی	168	dstvraty
دورافتاده	168	dvraftadh
دوستون	168	dvstvn
دوهفته	168	dvhfth
راد	168	rad
رجوع	168	rjv
رزا	168	rza
رنجی	168	rnjy
ریپ	168	ryp
زنین	168	znyn
سوزانا	168	svzana
شناسن	168	shnasn
صبحت	168	sbht
صریح	168	sryh
عزیزدلم	168	zyzdlm
عمودی	168	mvdy
غالب	168	ghalb
مارکت	168	markt
متحیر	168	mthyr
مخفیه	168	mkhfyh
مسا	168	msa
مستاجر	168	mstajr
ملایمت	168	mlaymt
میبرید	168	mybryd
میفرستی	168	myfrsty
نخوابیده	168	nkhvabydh
نزاکت	168	nzakt
نشانگر	168	nshangr
نمیرین	168	nmyryn
نیکلاس	168	nyklas
همسرمه	168	hmsrmh
واندا	168	vanda
چینیه	168	chynyh
کوانتوم	168	kvantvm
گون	168	gvn
آرامگاه	167	aramgah
آزادیت	167	azadyt
الفبا	167	alfba
بابل	167	babl
بانوان	167	banvan
برگشتید	167	brgshtyd
بریزن	167	bryzn
بپاشه	167	bpashh
بپردازم	167	bprdazm
تیزه	167	tyzh
جداشون	167	jdashvn
جشنه	167	jshnh
حاضرید	167	hazryd
حالیته	167	halyth
خونوادش	167	khvnvadsh
دستخط	167	dstkht
ردای	167	rday
رسمیه	167	rsmyh
سنگها	167	sngha
صداست	167	sdast
عجبم	167	jbm
عجولانه	167	jvlanh
فاک	167	fak
قتی	167	ghty
قلدر	167	ghldr
لباسه	167	lbash
هزل	167	hzl
وایز	167	vayz
وبر	167	vbr
وکس	167	vks
پیگرد	167	pygrd
چشای	167	chshay
چوگان	167	chvgan
چیده	167	chydh
کرکس	167	krks
کشتیه	167	kshtyh
گرگه	167	grgh
یکجا	167	ykja
ارتباطه	166	artbath
استادانه	166	astadanh
ایندیا	166	ayndya
بارگذاری	166	bargzary
بایستیم	166	baystym
بپردازه	166	bprdazh
بپیونده	166	bpyvndh
بگیریدشون	166	bgyrydshvn
بیشعور	166	byshvr
جایگزینی	166	jaygzyny
خوبا	166	khvba
خوشحالیه	166	khvshhalyh
درشکه	166	drshkh
دعوامون	166	dvamvn
رهن	166	rhn
رومانوف	166	rvmanvf
روپر	166	rvpr
زنیه	166	znyh
ساردین	166	sardyn
شرکته	166	shrkth
شماس	166	shmas
شناختمش	166	shnakhtmsh
عمله	166	mlh
عیاشی	166	yashy
فناناپذیر	166	fnanapzyr
لاندی	166	landy
مادران	166	madran
مستراح	166	mstrah
مشکلیه	166	mshklyh
ملا	166	mla
منظورماینهکه	166	mnzvrmaynhkh
مهمن	166	mhmn
مواردی	166	mvardy
ناپذیری	166	napzyry
نقصی	166	nghsy
نمیدید	166	nmydyd
نمیگیم	166	nmygym
هایو	166	hayv
هوانگ	166	hvang
پستچی	166	pstchy
پلکان	166	plkan
پیشنهادش	166	pyshnhadsh
گذشتی	166	gzshty
گلابی	166	glaby
آشکارا	165	ashkara
ادمهای	165	admhay
امگا	165	amga
اندیشه	165	andyshh
اکبرت	165	akbrt
بالن	165	baln
برهم	165	brhm
بزرگمون	165	bzrgmvn
بشود	165	bshvd
بکشنت	165	bkshnt
تجارته	165	tjarth
تزئین	165	tzyn
تمایلات	165	tmaylat
تمنا	165	tmna
جرالد	165	jrald
جهاد	165	jhad
خشکشویی	165	khshkshvyy
خواهرتو	165	khvahrtv
خودشونه	165	khvdshvnh
دارما	165	darma
رائول	165	ravl
سخاوت	165	skhavt
سرچ	165	srch
سکسه	165	sksh
ظبط	165	zbt
قریب	165	ghryb
لباسامو	165	lbasamv
لوب	165	lvb
لوسیل	165	lvsyl
مختومه	165	mkhtvmh
مسلمه	165	mslmh
معاهده	165	mahdh
میپرم	165	myprm
ناراضی	165	narazy
نخوردن	165	nkhvrdn
نقشم	165	nghshm
نقصه	165	nghsh
هرشل	165	hrshl
همینکار	165	hmynkar
وکیله	165	vkylh
چیف	165	chyf
کاتر	165	katr
کیا؟	165	kya
آخرم	164	akhrm
ابجو	164	abjv
اسلیتر	164	aslytr
افتخارم	164	aftkharm
اودسا	164	avdsa
اولیا	164	avlya
باکلاس	164	baklas
ببخشیدا	164	bbkhshyda
بخوریش	164	bkhvrysh
بدری	164	bdry
براد	164	brad
بنتون	164	bntvn
بهترن	164	bhtrn
ترشی	164	trshy
جنسیس	164	jnsys
جوابشون	164	jvabshvn
حرفهاش	164	hrfhash
دای	164	day
درمورده	164	drmvrdh
رستم	164	rstm
زبونتو	164	zbvntv
سرمای	164	srmay
سمع	164	sm
سپردم	164	sprdm
فرضی	164	frzy
قطارها	164	ghtarha
لانگلی	164	langly
لومن	164	lvmn
لکتر	164	lktr
ماشینمو	164	mashynmv
مردود	164	mrdvd
مورمونت	164	mvrmvnt
موساد	164	mvsad
میتوانم	164	mytvanm
میخوایش	164	mykhvaysh
میگذرونیم	164	mygzrvnym
نامردی	164	namrdy
نداره؟	164	ndarh
نیاورد	164	nyavrd
وسایلتو	164	vsayltv
پوره	164	pvrh
چرک	164	chrk
کوچیکیه	164	kvchykyh
گستان	164	gstan
آرتی	163	arty
آلبانی	163	albany
آمادش	163	amadsh
ارثیه	163	arsyh
استادت	163	astadt
استراق	163	astragh
اشیا	163	ashya
امام	163	amam
ایستادیم	163	aystadym
بازوم	163	bazvm
براگا	163	braga
بسوز	163	bsvz
بفرستمت	163	bfrstmt
بیروت	163	byrvt
بیفتید	163	byftyd
ترغیب	163	trghyb
تسمه	163	tsmh
حشیش	163	hshysh
خبرنگارها	163	khbrngarha
خرسی	163	khrsy
خوردنی	163	khvrdny
دنبالش	163	dnbalsh
دوج	163	dvj
دووین	163	dvvyn
رگهای	163	rghay
سرگردون	163	srgrdvn
سفارشی	163	sfarshy
سلاحه	163	slahh
سیسیلیا	163	sysylya
شامپو	163	shampv
شرشون	163	shrshvn
شوهری	163	shvhry
عمرتون	163	mrtvn
فانتوم	163	fantvm
قلبه	163	ghlbh
لکنت	163	lknt
متاثر	163	mtasr
مزاج	163	mzaj
منظورشون	163	mnzvrshvn
میخورند	163	mykhvrnd
میشینیم	163	myshynym
میمرد	163	mymrd
ندادند	163	ndadnd
نصیحتت	163	nsyhtt
نقشش	163	nghshsh
نکات	163	nkat
همتونو	163	hmtvnv
پاسخی	163	paskhy
پس؟	163	ps
پسرتو	163	psrtv
کاشت	163	kasht
کلاست	163	klast
گرایی	163	grayy
آرایشگر	162	arayshgr
آمدیم	162	amdym
ابریشمی	162	abryshmy
اخ	162	akh
ادیث	162	adys
ارشان	162	arshan
اسلیترین	162	aslytryn
الکترا	162	alktra
امدم	162	amdm
اورلاندو	162	avrlandv
اینک	162	aynk
بتون	162	btvn
برندار	162	brndar
بزرگا	162	bzrga
بندازمت	162	bndazmt
بنویسن	162	bnvysn
بیماریش	162	bymarysh
تفتیش	162	tftysh
جب	162	jb
جسور	162	jsvr
حمال	162	hmal
خصومت	162	khsvmt
خورند	162	khvrnd
داغونت	162	daghvnt
دخترشون	162	dkhtrshvn
دخمه	162	dkhmh
درصدی	162	drsdy
دلخواه	162	dlkhvah
رایج	162	rayj
رزالی	162	rzaly
رونق	162	rvngh
سنگدل	162	sngdl
شانتی	162	shanty
شعری	162	shry
شناسین	162	shnasyn
طالبان	162	talban
عارضه	162	arzh
غرغر	162	ghrghr
ماهیه	162	mahyh
محفوظ	162	mhfvz
مرغه	162	mrghh
مسوول	162	msvvl
مطمعن	162	mtmn
من،	162	mn
مهرا	162	mhra
مچم	162	mchm
میذارین	162	myzaryn
نداشتید	162	ndashtyd
نپر	162	npr
هومم	162	hvmm
وادارت	162	vadart
وضعمون	162	vzmvn
پانسمان	162	pansman
چرته	162	chrth
کلارنس	162	klarns
کلن	162	kln
گزارشش	162	gzarshsh
آسپرین	161	aspryn
آنه	161	anh
اینهم	161	aynhm
بازاریابی	161	bazaryaby
بسر	161	bsr
بلبل	161	blbl
بیافتین	161	byaftyn
بیاورید	161	byavryd
بیماره	161	bymarh
بیمارهای	161	bymarhay
بینهایت	161	bynhayt
تاییدش	161	tayydsh
تراکیایی	161	trakyayy
جیگساو	161	jygsav
حرفاشو	161	hrfashv
خدمتی	161	khdmty
دات	161	dat
دانند	161	dannd
داونتون	161	davntvn
دخلشون	161	dkhlshvn
دستهاش	161	dsthash
دوسم	161	dvsm
دول	161	dvl
رژیمی	161	rzhymy
زورت	161	zvrt
سانتینو	161	santynv
سرکه	161	srkh
شعره	161	shrh
صفره	161	sfrh
فرستن	161	frstn
فروتن	161	frvtn
فیلمها	161	fylmha
لباسمو	161	lbasmv
لیسی	161	lysy
ماک	161	mak
میروند	161	myrvnd
میلیونی	161	mylyvny
میگرن	161	mygrn
نمردن	161	nmrdn
هاییه	161	hayyh
وبلاگ	161	vblag
ورژن	161	vrzhn
وستون	161	vstvn
پاتیل	161	patyl
پرداختش	161	prdakhtsh
چله	161	chlh
کاباره	161	kabarh
کارگردانی	161	kargrdany
کتابای	161	ktabay
کلیدش	161	klydsh
کنتس	161	knts
گریر	161	gryr
گیبز	161	gybz
ید	161	yd
آشغالها	160	ashghalha
آناستازیا	160	anastazya
اسپکلس	160	aspkls
بارب	160	barb
بازپرسی	160	bazprsy
بترسیم	160	btrsym
بلغور	160	blghvr
بنال	160	bnal
بندازیمش	160	bndazymsh
بچرخونم	160	bchrkhvnm
جملات	160	jmlat
حالیش	160	halysh
حیوونای	160	hyvvnay
درنتیجه	160	drntyjh
رانچو	160	ranchv
روبان	160	rvban
رویال	160	rvyal
سهمی	160	shmy
صافه	160	safh
فرصتشو	160	frstshv
فکره	160	fkrh
قدت	160	ghdt
ماشینهای	160	mashynhay
مرمر	160	mrmr
نست	160	nst
نشناختم	160	nshnakhtm
نعشه	160	nshh
نگرش	160	ngrsh
نیروهامون	160	nyrvhamvn
نیست،	160	nyst
هتله	160	htlh
هدفتون	160	hdftvn
وااو	160	vaav
وبعد	160	vbd
ولد	160	vld
پاتوق	160	patvgh
پادو	160	padv
چتون	160	chtvn
چیزاست	160	chyzast
کدومو	160	kdvmv
کفشات	160	kfshat
گیرتون	160	gyrtvn
یکیشونو	160	ykyshvnv
آدمم	159	admm
آز	159	az
آورند	159	avrnd
ارام	159	aram
اسپارت	159	aspart
املی	159	amly
انتظارات	159	antzarat
اینچنین	159	aynchnyn
بابات	159	babat
باردارم	159	bardarm
بجنب،	159	bjnb
برخوردار	159	brkhvrdar
بزغاله	159	bzghalh
بفرستشون	159	bfrstshvn
بمال	159	bmal
بپوشین	159	bpvshyn
بکنم؟	159	bknm
تابستانی	159	tabstany
تج	159	tj
تریلر	159	trylr
جاخالی	159	jakhaly
حرفارو	159	hrfarv
خدمتت	159	khdmtt
خشمت	159	khshmt
دزدهای	159	dzdhay
ریور	159	ryvr
زیرشیروونی	159	zyrshyrvvny
سردم	159	srdm
سنم	159	snm
سوالا	159	svala
سونا	159	svna
فانگ	159	fang
فروتنی	159	frvtny
قابلت	159	ghablt
قطاره	159	ghtarh
لبریز	159	lbryz
لوثر	159	lvsr
مامانتو	159	mamantv
متال	159	mtal
معلمم	159	mlmm
مونده؟	159	mvndh
میگردونه	159	mygrdvnh
نخاعی	159	nkhay
نکشیدم	159	nkshydm
پرینت	159	prynt
ژانگ	159	zhang
ژتون	159	zhtvn
آجای	158	ajay
آمون	158	amvn
آویزونه	158	avyzvnh
استعدادهای	158	astdadhay
استیونز	158	astyvnz
اعصابمو	158	asabmv
اورانیوم	158	avranyvm
اینباره	158	aynbarh
بتن	158	btn
برادوی	158	bradvy
برانت	158	brant
بسپارش	158	bsparsh
بقل	158	bghl
بوبو	158	bvbv
بوسش	158	bvssh
تذکر	158	tzkr
تعجبم	158	tjbm
تلخی	158	tlkhy
جوادی	158	jvady
خز	158	khz
دسترسه	158	dstrsh
روتون	158	rvtvn
زدیش	158	zdysh
سینمایی	158	synmayy
شنیداری	158	shnydary
غوطه	158	ghvth
فاکتور	158	faktvr
فرستادنش	158	frstadnsh
قسمتهای	158	ghsmthay
لباساش	158	lbasash
مادرشم	158	madrshm
محتاج	158	mhtaj
مخاطره	158	mkhatrh
مستعد	158	mstd
نادان	158	nadan
نمیگردم	158	nmygrdm
وایسادن	158	vaysadn
پدربزرگش	158	pdrbzrgsh
کارتت	158	kartt
کجایین	158	kjayyn
کفشم	158	kfshm
کنارمون	158	knarmvn
گرمت	158	grmt
گرمتر	158	grmtr
ازدواجتون	157	azdvajtvn
استریپ	157	astryp
اعتمادت	157	atmadt
افکارت	157	afkart
الوده	157	alvdh
بیارمت	157	byarmt
بیرحمانه	157	byrhmanh
تراش	157	trash
جوراه	157	jvrah
خبیث	157	khbys
داوود	157	davvd
دخترتو	157	dkhtrtv
دفنه	157	dfnh
راث	157	ras
رنگارنگ	157	rngarng
سوخاری	157	svkhary
شانسو	157	shansv
شلواری	157	shlvary
شنوایی	157	shnvayy
ضعفی	157	zfy
غلات	157	ghlat
فرستیم	157	frstym
فوی	157	fvy
قربون	157	ghrbvn
ماوراء	157	mavra
منظورمه	157	mnzvrmh
مورت	157	mvrt
میبردم	157	mybrdm
میکشیدم	157	mykshydm
ناخدای	157	nakhday
نانو	157	nanv
نجار	157	njar
ندادین	157	ndadyn
نمیایی	157	nmyayy
نمیتونسته	157	nmytvnsth
نوزدهم	157	nvzdhm
وبعدش	157	vbdsh
وکلای	157	vklay
پشیمان	157	pshyman
چهارمی	157	chharmy
چپمن	157	chpmn
کالای	157	kalay
کاوش	157	kavsh
کنتاکی	157	kntaky
کوبایی	157	kvbayy
کولین	157	kvlyn
کیشا	157	kysha
گاندور	157	gandvr
گاندی	157	gandy
گبی	157	gby
گوا	157	gva
گیک	157	gyk
آفت	156	aft
آلوین	156	alvyn
آنفولانزا	156	anfvlanza
استعدادش	156	astdadsh
بازبینی	156	bazbyny
براندون	156	brandvn
بسازید	156	bsazyd
بشنوین	156	bshnvyn
بطرز	156	btrz
بفرد	156	bfrd
بلر	156	blr
بلوار	156	blvar
ترکمون	156	trkmvn
تونی؟	156	tvny
جروم	156	jrvm
جما	156	jma
جوابگو	156	jvabgv
جوونم	156	jvvnm
حامد	156	hamd
خونشو	156	khvnshv
دافی	156	dafy
دوبی	156	dvby
دوستاتون	156	dvstatvn
ریدن	156	rydn
سوز	156	svz
صحبتش	156	shbtsh
عقلی	156	ghly
غلیظ	156	ghlyz
قدرتشو	156	ghdrtshv
لبهای	156	lbhay
مارجی	156	marjy
مالنا	156	malna
مامورها	156	mamvrha
مثانه	156	msanh
مجرده	156	mjrdh
مفیدی	156	mfydy
میبرند	156	mybrnd
میگیریمش	156	mygyrymsh
هرمان	156	hrman
هفتصد	156	hftsd
وحالا	156	vhala
وحشتناکیه	156	vhshtnakyh
پایپر	156	paypr
پدال	156	pdal
پدی	156	pdy
پرتا	156	prta
پیوندی	156	pyvndy
چارچوب	156	charchvb
کاشی	156	kashy
کاکتوس	156	kaktvs
کیب	156	kyb
گرینویل	156	grynvyl
گودمن	156	gvdmn
گوینده	156	gvyndh
یازدهم	156	yazdhm
ارزشت	155	arzsht
استتار	155	asttar
الدین	155	aldyn
العادس	155	alads
اندک	155	andk
انسداد	155	ansdad
اوره	155	avrh
اونیل	155	avnyl
اینه؟	155	aynh
باختیم	155	bakhtym
بانکه	155	bankh
بترکون	155	btrkvn
برکه	155	brkh
بشکنیم	155	bshknym
بیدارشو	155	bydarshv
جادوییه	155	jadvyyh
جداست	155	jdast
حرمتی	155	hrmty
خرابکار	155	khrabkar
خسیس	155	khsys
خندان	155	khndan
دانبار	155	danbar
درجا	155	drja
ریگن	155	rygn
سرت؟	155	srt
سفرش	155	sfrsh
سیبیل	155	sybyl
شالیمار	155	shalymar
شروعشه	155	shrvshh
صورتتون	155	svrttvn
علاج	155	laj
غدد	155	ghdd
غوغا	155	ghvgha
فکرمیکردم	155	fkrmykrdm
فیوریوسا	155	fyvryvsa
قصدش	155	ghsdsh
قضاوتت	155	ghzavtt
لج	155	lj
منتظری	155	mntzry
میفروشیم	155	myfrvshym
نزاع	155	nza
نمانده	155	nmandh
نوسان	155	nvsan
پاشم	155	pashm
پروازم	155	prvazm
چمنزار	155	chmnzar
کمون	155	kmvn
کوهستانی	155	kvhstany
گناهکارم	155	gnahkarm
یاره	155	yarh
یکیمون	155	ykymvn
آره،اون	154	arhavn
ابری	154	abry
احساسه	154	ahsash
امتیازات	154	amtyazat
انتخابم	154	antkhabm
اندروز	154	andrvz
اوضاعمون	154	avzamvn
ایل	154	ayl
ایمهوتپ	154	aymhvtp
برنان	154	brnan
بنویسیم	154	bnvysym
بودنمون	154	bvdnmvn
بوفه	154	bvfh
بکس	154	bks
تارس	154	tars
تضاد	154	tzad
تهدیده	154	thdydh
حتمی	154	htmy
خفقان	154	khfghan
دارها	154	darha
دراکو	154	drakv
دربیارین	154	drbyaryn
دریانوردی	154	dryanvrdy
دلی	154	dly
رزم	154	rzm
ساختمانی	154	sakhtmany
شهروندی	154	shhrvndy
ضدگلوله	154	zdglvlh
فرداش	154	frdash
متخصصین	154	mtkhssyn
مجسم	154	mjsm
مردنه	154	mrdnh
میگذشت	154	mygzsht
ناکار	154	nakar
نشاط	154	nshat
نعره	154	nrh
نمیتونستن	154	nmytvnstn
نیویورکی	154	nyvyvrky
هاک	154	hak
هتلی	154	htly
همراهیت	154	hmrahyt
پوشید	154	pvshyd
پوکه	154	pvkh
پیتزای	154	pytzay
چنگک	154	chngk
کتکت	154	ktkt
کفشهای	154	kfshhay
کوان	154	kvan
گرمایی	154	grmayy
یدکی	154	ydky
یر	154	yr
افرادشون	153	afradshvn
افکارم	153	afkarm
العملی	153	almly
اولاف	153	avlaf
بخورمش	153	bkhvrmsh
بدذات	153	bdzat
بلدین	153	bldyn
بکششون	153	bkshshvn
تایلندی	153	taylndy
جنسن	153	jnsn
خالصه	153	khalsh
خلاقانه	153	khlaghanh
خیالات	153	khyalat
دختر؟	153	dkhtr
دلپذیر	153	dlpzyr
روزنه	153	rvznh
سالیانه	153	salyanh
ستمگر	153	stmgr
سربازرس	153	srbazrs
شانگ	153	shang
شغله	153	shghlh
طغیان	153	tghyan
عایشه	153	ayshh
عینه	153	ynh
غذام	153	ghzam
قیافم	153	ghyafm
لمست	153	lmst
متوقفشون	153	mtvghfshvn
محبوس	153	mhbvs
مراقبه	153	mraghbh
مرموزی	153	mrmvzy
مشترکمون	153	mshtrkmvn
معروفی	153	mrvfy
مناظره	153	mnazrh
موذی	153	mvzy
میشناختمش	153	myshnakhtmsh
نمیخواستیم	153	nmykhvastym
هندریکس	153	hndryks
هنرمندان	153	hnrmndan
هیکس	153	hyks
وایساد	153	vaysad
پاشی	153	pashy
پنیری	153	pnyry
پهلوی	153	phlvy
پیتی	153	pyty
چمیدونم	153	chmydvnm
کاملآ	153	kamla
کنارتم	153	knartm
گانش	153	gansh
گانی	153	gany
یوتیوب	153	yvtyvb
آلفردو	152	alfrdv
اروپای	152	arvpay
اسرارآمیز	152	asraramyz
انگلیسیه	152	anglysyh
اونجاش	152	avnjash
اوهو	152	avhv
اوگامی	152	avgamy
بامداد	152	bamdad
بجرنگی	152	bjrngy
بموقع	152	bmvgh
بگیرنش	152	bgyrnsh
بیلیارد	152	bylyard
تعمیرکار	152	tmyrkar
خائنه	152	khanh
خب،پس	152	khbps
خفیف	152	khfyf
خیالاتی	152	khyalaty
درصده	152	drsdh
دستیارم	152	dstyarm
دلگرم	152	dlgrm
دنبالته	152	dnbalth
رقصید	152	rghsyd
رودریگو	152	rvdrygv
سرب	152	srb
سهمت	152	shmt
سواران	152	svaran
شریکم	152	shrykm
فکرای	152	fkray
لندنه	152	lndnh
محتویات	152	mhtvyat
مردنش	152	mrdnsh
مسحور	152	mshvr
مناظر	152	mnazr
موازی	152	mvazy
موهاشون	152	mvhashvn
مویی	152	mvyy
نمیبینیم	152	nmybynym
نمیدادی	152	nmydady
نگفتین	152	ngftyn
هودینی	152	hvdyny
واجد	152	vajd
پروازه	152	prvazh
پیژامه	152	pyzhamh
گذشتیم	152	gzshtym
گرداب	152	grdab
یهود	152	yhvd
آگوستین	151	agvstyn
آیس	151	ays
استعداده	151	astdadh
اصلاحات	151	aslahat
بازدارنده	151	bazdarndh
باسنم	151	basnm
بصیرت	151	bsyrt
بلندت	151	blndt
بنای	151	bnay
تاریخش	151	tarykhsh
تاول	151	tavl
تایمر	151	taymr
توبیخ	151	tvbykh
جسمانی	151	jsmany
حمید	151	hmyd
خب،تو	151	khbtv
خلافکارا	151	khlafkara
خندم	151	khndm
دورانی	151	dvrany
زمانهای	151	zmanhay
زودیاک	151	zvdyak
عاشقشون	151	ashghshvn
فوربز	151	fvrbz
قوله	151	ghvlh
مایعات	151	mayat
متیسون	151	mtysvn
مسخرس	151	mskhrs
مهلک	151	mhlk
نبره	151	nbrh
نترسین	151	ntrsyn
نمیایم	151	nmyaym
نمیبری	151	nmybry
وزش	151	vzsh
پایانش	151	payansh
پلاسما	151	plasma
چیزت	151	chyzt
کاپوت	151	kapvt
کهربا	151	khrba
کیلویی	151	kylvyy
یانه	151	yanh
آرکن	150	arkn
آیلند	150	aylnd
ارتفاعات	150	artfaat
ارجاع	150	arja
اشتغال	150	ashtghal
اشتها	150	ashtha
اهدای	150	ahday
اورا	150	avra
اونجات	150	avnjat
بارد	150	bard
بدجنسی	150	bdjnsy
بشری	150	bshry
تاز	150	taz
تحریر	150	thryr
تراکتور	150	traktvr
تریاک	150	tryak
تنزل	150	tnzl
حلبی	150	hlby
خیلیه	150	khylyh
دخلشو	150	dkhlshv
دفعات	150	dfat
دلینی	150	dlyny
دکور	150	dkvr
رسمیت	150	rsmyt
رنگیه	150	rngyh
سربازم	150	srbazm
سریعی	150	sryy
سلیمان	150	slyman
سواگر	150	svagr
شائولین	150	shavlyn
عضلانی	150	zlany
قدیمیش	150	ghdymysh
لذیذ	150	lzyz
ماره	150	marh
محتمل	150	mhtml
مخصوصه	150	mkhsvsh
مستانی	150	mstany
ممنوم	150	mmnvm
موشکی	150	mvshky
میبندن	150	mybndn
میتوانند	150	mytvannd
میخوابیم	150	mykhvabym
میرسونمت	150	myrsvnmt
ناعادلانه	150	naadlanh
نامربوط	150	namrbvt
ناچو	150	nachv
نظرشو	150	nzrshv
نپوشیدی	150	npvshydy
هموند	150	hmvnd
همگان	150	hmgan
پاسکال	150	paskal
پردازنده	150	prdazndh
پنهانش	150	pnhansh
چاد	150	chad
چشه؟	150	chshh
کارناوال	150	karnaval
کندریک	150	kndryk
کنسولگری	150	knsvlgry
گالوم	150	galvm
گرسیو	150	grsyv
گونگ	150	gvng
آشامه	149	ashamh
آشناییت	149	ashnayyt
احظار	149	ahzar
اطفال	149	atfal
اوناهاشش	149	avnahashsh
برابره	149	brabrh
تریشا	149	trysha
تقریبی	149	tghryby
تمشک	149	tmshk
توکو	149	tvkv
تپانچه	149	tpanchh
تیون	149	tyvn
تیپی	149	typy
جوآن	149	jvan
حقانی	149	hghany
خوبمون	149	khvbmvn
خودتی؟	149	khvdty
داداشی	149	dadashy
درده	149	drdh
دندونای	149	dndvnay
رویاهایی	149	rvyahayy
ریست	149	ryst
زوهان	149	zvhan
سوق	149	svgh
شرکتش	149	shrktsh
شهود	149	shhvd
شپ	149	shp
شیلی	149	shyly
ظروف	149	zrvf
عاقلی	149	aghly
فارادی	149	farady
قاهره	149	ghahrh
مائه	149	mah
مافیای	149	mafyay
ماهانه	149	mahanh
متحول	149	mthvl
معتقدن	149	mtghdn
مغزتو	149	mghztv
مورا	149	mvra
میخندن	149	mykhndn
ناصری	149	nasry
نظرم	149	nzrm
نفعی	149	nfy
هارمونی	149	harmvny
هرز	149	hrz
همینجوریه	149	hmynjvryh
هیچکدام	149	hychkdam
وبستر	149	vbstr
ونوس	149	vnvs
پالم	149	palm
پسرام	149	psram
پیرامون	149	pyramvn
کاساندرا	149	kasandra
کاشته	149	kashth
کنسلش	149	knslsh
کولت	149	kvlt
گلادیاتورها	149	gladyatvrha
گوبلز	149	gvblz
گورستان	149	gvrstan
ادراک	148	adrak
ازاینجا	148	azaynja
اسلون	148	aslvn
اسپکتر	148	aspktr
بریدگی	148	brydgy
بسوزون	148	bsvzvn
بلیر	148	blyr
تاکو	148	takv
ترد	148	trd
تولسا	148	tvlsa
تیرم	148	tyrm
جارز	148	jarz
جنگیده	148	jngydh
حضورت	148	hzvrt
حقمه	148	hghmh
خوابتون	148	khvabtvn
دایم	148	daym
دلت	148	dlt
دوربینهای	148	dvrbynhay
راف	148	raf
رییسم	148	ryysm
زنتو	148	zntv
زوریخ	148	zvrykh
سحرآمیز	148	shramyz
سیدی	148	sydy
شمشیرها	148	shmshyrha
صدمات	148	sdmat
عروسیه	148	rvsyh
قزل	148	ghzl
مالون	148	malvn
مردد	148	mrdd
مسیرمون	148	msyrmvn
منشا	148	mnsha
موتو	148	mvtv
میخوردی	148	mykhvrdy
میسوزونه	148	mysvzvnh
مینیون	148	mynyvn
میوفته؟	148	myvfth
میکشه؟	148	mykshh
نائومی	148	navmy
ندزدیدم	148	ndzdydm
نشنیدین	148	nshnydyn
نطر	148	ntr
نمیاد؟	148	nmyad
نمیگیریم	148	nmygyrym
نواک	148	nvak
نوعش	148	nvsh
وامونده	148	vamvndh
وودکا	148	vvdka
ویا	148	vya
ویراستار	148	vyrastar
پارکه	148	parkh
چشمانت	148	chshmant
کاربردی	148	karbrdy
کافئین	148	kafyn
کثافتی	148	ksafty
کریستو	148	krystv
کمرنگ	148	kmrng
یحتمل	148	yhtml
آزارت	147	azart
آزبورن	147	azbvrn
استالین	147	astalyn
اصلن	147	asln
انتقالش	147	antghalsh
اکسید	147	aksyd
بکشد	147	bkshd
تحریم	147	thrym
تفاوتش	147	tfavtsh
تناسلی	147	tnasly
جنگن	147	jngn
جهنمیه	147	jhnmyh
حوصلم	147	hvslm
خالیش	147	khalysh
خلاقیت	147	khlaghyt
خیابانی	147	khyabany
دراگون	147	dragvn
دولته	147	dvlth
رمبو	147	rmbv
روحمم	147	rvhmm
زرده	147	zrdh
ستد	147	std
شاهده	147	shahdh
عبارتی	147	barty
فول	147	fvl
فیلمش	147	fylmsh
لباستون	147	lbastvn
ماتور	147	matvr
مایو	147	mayv
متاستفم	147	mtastfm
محصور	147	mhsvr
مدوسا	147	mdvsa
مسئولم	147	msvlm
مصلحت	147	mslht
میمیرند	147	mymyrnd
نزول	147	nzvl
نصفشون	147	nsfshvn
نمایی	147	nmayy
نمکی	147	nmky
نمیگذره	147	nmygzrh
واردم	147	vardm
وفادارم	147	vfadarm
ویرا	147	vyra
پختم	147	pkhtm
پریشان	147	pryshan
پلنت	147	plnt
پول؟	147	pvl
چشماشو	147	chshmashv
کالبدشکافی	147	kalbdshkafy
کایزر	147	kayzr
کلاسم	147	klasm
کنیا	147	knya
کپ	147	kp
آبها	146	abha
آهنگم	146	ahngm
آوازه	146	avazh
آوردنت	146	avrdnt
آپ	146	ap
آیدا	146	ayda
ارول	146	arvl
استحقاق	146	asthghagh
استین	146	astyn
اعتمادش	146	atmadsh
انداختش	146	andakhtsh
اندازم	146	andazm
انگیزیه	146	angyzyh
اوگوی	146	avgvy
اوگی	146	avgy
اژدهاست	146	azhdhast
بارسلونا	146	barslvna
بافی	146	bafy
بباره	146	bbarh
بخنده	146	bkhndh
بدنشو	146	bdnshv
برآورد	146	bravrd
بزدلی	146	bzdly
بلال	146	blal
بچمون	146	bchmvn
تخیلات	146	tkhylat
ترتیبی	146	trtyby
ترسوی	146	trsvy
ترینیتی	146	trynyty
تقلبیه	146	tghlbyh
حسگر	146	hsgr
خالد	146	khald
خبرنگاری	146	khbrngary
خوابیدیم	146	khvabydym
خوبند	146	khvbnd
خونته	146	khvnth
دانشجوها	146	danshjvha
دغل	146	dghl
دلیلشو	146	dlylshv
دندونم	146	dndvnm
دوستامو	146	dvstamv
رفیق؟	146	rfygh
رقصیم	146	rghsym
روبن	146	rvbn
رولاند	146	rvland
سرورمون	146	srvrmvn
سماراتان	146	smaratan
سپاسگزار	146	spasgzar
شریل	146	shryl
شماله	146	shmalh
شکارش	146	shkarsh
ضعفش	146	zfsh
طولی	146	tvly
عجوزه	146	jvzh
غافلگیرت	146	ghaflgyrt
متوجهین	146	mtvjhyn
مختص	146	mkhts
مراد	146	mrad
مشاوران	146	mshavran
مطئنم	146	mtnm
مگنس	146	mgns
میگل	146	mygl
ناموسا	146	namvsa
نخوردیم	146	nkhvrdym
نفهمم	146	nfhmm
نمو	146	nmv
نواحی	146	nvahy
نیاین	146	nyayn
نیویورکه	146	nyvyvrkh
همسران	146	hmsran
همکلاسی	146	hmklasy
هور	146	hvr
ولگردها	146	vlgrdha
ویتنی	146	vytny
پاراگراف	146	paragraf
کارد	146	kard
کاسب	146	kasb
کوپه	146	kvph
گیرید	146	gyryd
آتیشش	145	atyshsh
آوه	145	avh
ابرهای	145	abrhay
ابرو	145	abrv
اختیارت	145	akhtyart
اختیاری	145	akhtyary
اغفال	145	aghfal
انو	145	anv
ایفا	145	ayfa
اینکارها	145	aynkarha
باباته	145	babath
ببینیشون	145	bbynyshvn
بترس	145	btrs
بخشیدم	145	bkhshydm
بهتریه	145	bhtryh
بپزم	145	bpzm
تلخه	145	tlkhh
تمدید	145	tmdyd
تکنیکی	145	tknyky
تیراندازها	145	tyrandazha
جنگهای	145	jnghay
خشنی	145	khshny
خلی	145	khly
خیانتکار	145	khyantkar
دایناسورها	145	daynasvrha
دگه	145	dgh
روشنه؟	145	rvshnh
زانوم	145	zanvm
زنمه	145	znmh
سالمن	145	salmn
شفقت	145	shfght
صاحبان	145	sahban
صداتونو	145	sdatvnv
طریقه	145	tryghh
عصبانیش	145	sbanysh
لاثبروک	145	lasbrvk
لطفن	145	ltfn
مادرزادی	145	madrzady
مارینا	145	maryna
مانوئل	145	manvl
مبلمان	145	mblman
متعال	145	mtal
مسیحیان	145	msyhyan
مشترکه	145	mshtrkh
مشخصاتش	145	mshkhsatsh
مطلوب	145	mtlvb
ممانعت	145	mmant
موزیکال	145	mvzykal
موننا	145	mvnna
میلیاردر	145	mylyardr
میپوشن	145	mypvshn
نمیشناختم	145	nmyshnakhtm
نکشیده	145	nkshydh
هوابرد	145	hvabrd
پدرسوخته	145	pdrsvkhth
پیتون	145	pytvn
چرتی	145	chrty
گدایی	145	gdayy
گردونن	145	grdvnn
آبگوشت	144	abgvsht
آسفالت	144	asfalt
امیل	144	amyl
ایلین	144	aylyn
بازداشتت	144	bazdashtt
بخای	144	bkhay
بدبختم	144	bdbkhtm
بدرقه	144	bdrghh
بدنسازی	144	bdnsazy
بسوزونه	144	bsvzvnh
بشنوند	144	bshnvnd
بشکونم	144	bshkvnm
بلید	144	blyd
تلفظش	144	tlfzsh
تنگی	144	tngy
تیشرت	144	tyshrt
جیلیان	144	jylyan
حدقه	144	hdghh
داروهایی	144	darvhayy
دنگ	144	dng
راما	144	rama
ربطش	144	rbtsh
روج	144	rvj
روندن	144	rvndn
زمستونی	144	zmstvny
سامری	144	samry
سرجاشون	144	srjashvn
سورتمه	144	svrtmh
سوسمار	144	svsmar
سکانس	144	skans
سیبری	144	sybry
طرحی	144	trhy
غرفه	144	ghrfh
لایقش	144	layghsh
لوپز	144	lvpz
مائووی	144	mavvy
مارنی	144	marny
مارین	144	maryn
مایکل؟	144	maykl
متواضع	144	mtvaz
مرتد	144	mrtd
مردمک	144	mrdmk
مسئولش	144	msvlsh
معطر	144	mtr
نبینیم	144	nbynym
نمیاریم	144	nmyarym
نیان	144	nyan
هدفه	144	hdfh
هنره	144	hnrh
پژمرده	144	pzhmrdh
چشمشون	144	chshmshvn
چندسال	144	chndsal
ژل	144	zhl
کابینه	144	kabynh
کلونل	144	klvnl
کنا	144	kna
آزادیه	143	azadyh
آشغالدونی	143	ashghaldvny
اسرع	143	asr
اطرافمون	143	atrafmvn
امشب؟	143	amshb
انتقامش	143	antghamsh
بسپر	143	bspr
بقایای	143	bghayay
بلوم	143	blvm
ترابل	143	trabl
تکالیف	143	tkalyf
تیررس	143	tyrrs
جیزل	143	jyzl
خداییش	143	khdayysh
دربان	143	drban
زویا	143	zvya
سودمند	143	svdmnd
فرن	143	frn
قبیل	143	ghbyl
لان	143	lan
لاکپشت	143	lakpsht
مادربزرگش	143	madrbzrgsh
ماکتو	143	maktv
مایک؟	143	mayk
مسبب	143	msbb
مستحکم	143	msthkm
منبعش	143	mnbsh
موثق	143	mvsgh
میخواستند	143	mykhvastnd
میخواند	143	mykhvand
میدرخشه	143	mydrkhshh
میشنیدم	143	myshnydm
نگهم	143	nghm
هوووم	143	hvm
وووه	143	vh
پاشا	143	pasha
پوندی	143	pvndy
کارکرد	143	karkrd
کسانیکه	143	ksanykh
یگانه	143	yganh
آزادیش	142	azadysh
آناناس	142	ananas
احترامه	142	ahtramh
ارن	142	arn
امتحانه	142	amthanh
انتقامم	142	antghamm
اومدنتون	142	avmdntvn
اووووه	142	avh
اوکانر	142	avkanr
بانداژ	142	bandazh
باهاته	142	bahath
برنامت	142	brnamt
برنگردی	142	brngrdy
بزرگوار	142	bzrgvar
بوشو	142	bvshv
بکنمت	142	bknmt
تال	142	tal
تخمام	142	tkhmam
تعمیرگاه	142	tmyrgah
خلسه	142	khlsh
خوامش	142	khvamsh
داداچ	142	dadach
دخترهایی	142	dkhtrhayy
درسته،	142	drsth
درمونده	142	drmvndh
دستورش	142	dstvrsh
دفاعیه	142	dfayh
رساند	142	rsand
ریسکش	142	rysksh
ریچموند	142	rychmvnd
سرایت	142	srayt
سرها	142	srha
سوراخش	142	svrakhsh
سیگنالی	142	sygnaly
شاینا	142	shayna
شلوارتو	142	shlvartv
شمارم	142	shmarm
شیب	142	shyb
طب	142	tb
فرسوده	142	frsvdh
فکرمی	142	fkrmy
قایقی	142	ghayghy
قدیس	142	ghdys
لباسشویی	142	lbasshvyy
مامانو	142	mamanv
مردش	142	mrdsh
مقصود	142	mghsvd
میبینند	142	mybynnd
میپذیرم	142	mypzyrm
نجوا	142	njva
نرماله	142	nrmalh
هارلم	142	harlm
هاشه	142	hashh
هواش	142	hvash
پژوهش	142	pzhvhsh
کاندیدای	142	kandyday
گندیده	142	gndydh
گومز	142	gvmz
یهودیه	142	yhvdyh
آلا	141	ala
ابلهانه	141	ablhanh
اسبا	141	asba
استادی	141	astady
استیوی	141	astyvy
اطلاعیه	141	atlayh
افسری	141	afsry
الوقوع	141	alvghv
انتخابه	141	antkhabh
بحثمون	141	bhsmvn
برخوردی	141	brkhvrdy
بیانگر	141	byangr
تاوب	141	tavb
تخطی	141	tkhty
ترسوندیم	141	trsvndym
تلاشتو	141	tlashtv
تهدیدت	141	thdydt
جلبک	141	jlbk
حتم	141	htm
خب،حالا	141	khbhala
دراومدن	141	dravmdn
رادیوی	141	radyvy
رحمتش	141	rhmtsh
رزومه	141	rzvmh
روما	141	rvma
ریچاردز	141	rychardz
زدش	141	zdsh
زرنگه	141	zrngh
سویل	141	svyl
سیمی	141	symy
شکوفا	141	shkvfa
ظهره	141	zhrh
فیلسوف	141	fylsvf
قلبته	141	ghlbth
مارت	141	mart
ملودی	141	mlvdy
منظر	141	mnzr
مواده	141	mvadh
میخواهین	141	mykhvahyn
ناامیدم	141	naamydm
ناخوش	141	nakhvsh
نشانت	141	nshant
نشناختی	141	nshnakhty
نشکسته	141	nshksth
نصفی	141	nsfy
نمیداره	141	nmydarh
نواختن	141	nvakhtn
نگراننباش	141	ngrannbash
نگیرین	141	ngyryn
هنا	141	hna
هوور	141	hvvr
واجب	141	vajb
وایستادم	141	vaystadm
وزارتخونه	141	vzartkhvnh
وقتو	141	vghtv
کاراکورت	141	karakvrt
کارکردن	141	karkrdn
کاور	141	kavr
کشتارگاه	141	kshtargah
کورم	141	kvrm
کوچ	141	kvch
گالاوان	141	galavan
گونی	141	gvny
گیجی	141	gyjy
یالله	141	yallh
آف	140	af
آلمانیه	140	almanyh
اتا	140	ata
اریس	140	arys
انتظارته	140	antzarth
انتقامه	140	antghamh
اونجاییم	140	avnjayym
اونیکه	140	avnykh
ایوانز	140	ayvanz
باتن	140	batn
بجه	140	bjh
براووس	140	bravvs
بمان	140	bman
بینز	140	bynz
تارت	140	tart
تاشا	140	tasha
تباهی	140	tbahy
تمرکزت	140	tmrkzt
جورا	140	jvra
حرمت	140	hrmt
خوکه	140	khvkh
خیابونها	140	khyabvnha
داشبورد	140	dashbvrd
داینامیک	140	daynamyk
ردپا	140	rdpa
رستاخیز	140	rstakhyz
رسند	140	rsnd
زبانی	140	zbany
سرجاتون	140	srjatvn
سوییت	140	svyyt
شبتون	140	shbtvn
شومینه	140	shvmynh
صرفنظر	140	srfnzr
طبع	140	tb
فراموششون	140	framvshshvn
فلاش	140	flash
فور	140	fvr
فکرته	140	fkrth
فیجی	140	fyjy
فیلما	140	fylma
ققنوس	140	ghghnvs
ماتوبو	140	matvbv
مانعی	140	many
مبنای	140	mbnay
متاسفه	140	mtasfh
مریلند	140	mrylnd
مشغولم	140	mshghvlm
مشکلاتم	140	mshklatm
مقاصد	140	mghasd
ملقب	140	mlghb
مگنا	140	mgna
میتونی؟	140	mytvny
میهمانی	140	myhmany
نابو	140	nabv
نرمی	140	nrmy
نشوند	140	nshvnd
نفهمید	140	nfhmyd
هشتصد	140	hshtsd
همدستی	140	hmdsty
همدم	140	hmdm
هوام	140	hvam
ورشکستگی	140	vrshkstgy
وسایلمون	140	vsaylmvn
ویو	140	vyv
کرانه	140	kranh
کلورادو	140	klvradv
کمبل	140	kmbl
کن،من	140	knmn
گزارشم	140	gzarshm
گندهه	140	gndhh
یامسیح	140	yamsyh
آدمارو	139	admarv
ادمه	139	admh
ادواردز	139	advardz
اسبش	139	asbsh
استانتون	139	astantvn
اسمشم	139	asmshm
اسمیتی	139	asmyty
اشتباهت	139	ashtbaht
اشو	139	ashv
افتادین	139	aftadyn
افتن	139	aftn
اگ	139	ag
اینترپل	139	ayntrpl
اینرو	139	aynrv
ایکه	139	aykh
باباست	139	babast
بارداره	139	bardarh
بالاتری	139	balatry
بالبوا	139	balbva
بالشت	139	balsht
بمدت	139	bmdt
بوو	139	bvv
ترول	139	trvl
تفنگا	139	tfnga
خرافاتی	139	khrafaty
خندق	139	khndgh
خوابیدی؟	139	khvabydy
دزدم	139	dzdm
دستگیرمون	139	dstgyrmvn
دومیش	139	dvmysh
رنگت	139	rngt
روحشون	139	rvhshvn
زولا	139	zvla
شونده	139	shvndh
ضبطش	139	zbtsh
طعمش	139	tmsh
غیرمجاز	139	ghyrmjaz
فراوانی	139	fravany
لنستر	139	lnstr
لیزری	139	lyzry
مجبورید	139	mjbvryd
مولکولی	139	mvlkvly
میبرین	139	mybryn
میموندم	139	mymvndm
نادره	139	nadrh
نزنن	139	nznn
نشنیدیم	139	nshnydym
نمیشید	139	nmyshyd
نورهای	139	nvrhay
نیکس	139	nyks
هممونو	139	hmmvnv
هولناک	139	hvlnak
وایلد	139	vayld
ولو	139	vlv
ویه	139	vyh
ویولون	139	vyvlvn
پان	139	pan
چاقال	139	chaghal
کبدش	139	kbdsh
کجائه	139	kjah
کجایید	139	kjayyd
کرمیت	139	krmyt
کلیتون	139	klytvn
گمنام	139	gmnam
گوست	139	gvst
آنگ	138	ang
احضاریه	138	ahzaryh
استودیوی	138	astvdyvy
اسمیگل	138	asmygl
اوضاعم	138	avzam
اولمون	138	avlmvn
اکسپلیارموس	138	aksplyarmvs
بفروشمش	138	bfrvshmsh
تام؟	138	tam
تروریستها	138	trvrystha
جهانیه	138	jhanyh
حافظت	138	hafzt
حدسم	138	hdsm
حماسه	138	hmash
خوندیم	138	khvndym
داریمش	138	darymsh
درهرحال	138	drhrhal
رفتارشون	138	rftarshvn
زرافه	138	zrafh
زیادتر	138	zyadtr
زیره	138	zyrh
سردت	138	srdt
شرمسار	138	shrmsar
فروکش	138	frvksh
لوتبروک	138	lvtbrvk
مارسلوس	138	marslvs
مثبتی	138	msbty
مرموزه	138	mrmvzh
مشکلاتمون	138	mshklatmvn
مکی	138	mky
میبودم	138	mybvdm
میدنایت	138	mydnayt
میشنون	138	myshnvn
نایوز	138	nayvz
نخوندم	138	nkhvndm
هرلحظه	138	hrlhzh
هیجانزده	138	hyjanzdh
پینکمن	138	pynkmn
چندوقت	138	chndvght
چینو	138	chynv
کادیلاک	138	kadylak
کاویا	138	kavya
کشورشون	138	kshvrshvn
کماندو	138	kmandv
گرنجر	138	grnjr
گنجی	138	gnjy
آنوقت	137	anvght
ارزان	137	arzan
افتاب	137	aftab
افتیم	137	aftym
التون	137	altvn
انگشتاش	137	angshtash
اکسل	137	aksl
باباتو	137	babatv
باطن	137	batn
بدار	137	bdar
بردین	137	brdyn
بلاها	137	blaha
بلندترین	137	blndtryn
بچرخم	137	bchrkhm
بگذارین	137	bgzaryn
بینندگان	137	bynndgan
تصویرش	137	tsvyrsh
تعفن	137	tfn
تنبلی	137	tnbly
حیاتیه	137	hyatyh
خب،این	137	khbayn
خورین	137	khvryn
دخترشو	137	dkhtrshv
دهانش	137	dhansh
دولان	137	dvlan
راوی	137	ravy
روبراهم	137	rvbrahm
رویت	137	rvyt
ریزش	137	ryzsh
زمخت	137	zmkht
ساقه	137	saghh
سالیه	137	salyh
سنگاپور	137	sngapvr
شانگهای	137	shanghay
شاهرگ	137	shahrg
شخصیتش	137	shkhsytsh
شدنیه	137	shdnyh
شوخیتون	137	shvkhytvn
صمیمیت	137	smymyt
عروسیش	137	rvsysh
عسلی	137	sly
فوتی	137	fvty
قتلی	137	ghtly
مورین	137	mvryn
موقعها	137	mvghha
مونید	137	mvnyd
میتوانی	137	mytvany
میخونیم	137	mykhvnym
میشویم	137	myshvym
مینداخت	137	myndakht
میوفتیم	137	myvftym
میگرفتیم	137	mygrftym
میگوید	137	mygvyd
نارحت	137	narht
نمیپرسی	137	nmyprsy
پسرعموی	137	psrmvy
پورنو	137	pvrnv
پیشگاه	137	pyshgah
پیچی	137	pychy
چارلستون	137	charlstvn
چیزاییه	137	chyzayyh
کارتم	137	kartm
کارمندای	137	karmnday
کاکائو	137	kakav
کردنمون	137	krdnmvn
کپه	137	kph
گشنته	137	gshnth
یوکی	137	yvky
آرامشی	136	aramshy
اصله	136	aslh
انگشتای	136	angshtay
اکانت	136	akant
بجنگند	136	bjngnd
بوووم	136	bvm
تاتون	136	tatvn
ترکوندن	136	trkvndn
تلسکوپ	136	tlskvp
تمیزکاری	136	tmyzkary
تولدشه	136	tvldshh
توک	136	tvk
جادوش	136	jadvsh
جایا	136	jaya
حصارها	136	hsarha
حقشون	136	hghshvn
خدشه	136	khdshh
دامپزشک	136	dampzshk
درموردشون	136	drmvrdshvn
دعوایی	136	dvayy
دمدمی	136	dmdmy
دمشق	136	dmshgh
دنیامون	136	dnyamvn
رایش	136	raysh
روایت	136	rvayt
سهمم	136	shmm
سوارکاری	136	svarkary
سپتون	136	sptvn
سپربلوط	136	sprblvt
سیسی	136	sysy
صرع	136	sr
علایق	136	laygh
فردا؟	136	frda
فیوز	136	fyvz
قدرتمون	136	ghdrtmvn
لاگرتا	136	lagrta
ماکس	136	maks
مبارزین	136	mbarzyn
متشخص	136	mtshkhs
متوسل	136	mtvsl
مزاحمش	136	mzahmsh
مسخرم	136	mskhrm
مصنوعیه	136	msnvyh
ملعون	136	mlvn
میشوم	136	myshvm
میکس	136	myks
نزدیکن	136	nzdykn
نمیخای	136	nmykhay
هردوش	136	hrdvsh
هنسون	136	hnsvn
پارگی	136	pargy
پیا	136	pya
کارهامون	136	karhamvn
گانتر	136	gantr
آررره	135	arh
آوردش	135	avrdsh
اتکا	135	atka
اختلافات	135	akhtlafat
اسماگ	135	asmag
اینورا	135	aynvra
باگ	135	bag
بعده	135	bdh
بورجیا	135	bvrjya
تارو	135	tarv
تواناییش	135	tvanayysh
خیاطی	135	khyaty
دزدیدنش	135	dzdydnsh
دزدین	135	dzdyn
دلگرمی	135	dlgrmy
رس	135	rs
ریکاردو	135	rykardv
زندم	135	zndm
سایوری	135	sayvry
سرعتمون	135	srtmvn
سمور	135	smvr
شیرو	135	shyrv
عدالته	135	dalth
عزیزمون	135	zyzmvn
عمومیه	135	mvmyh
فراره	135	frarh
فرای	135	fray
قافیه	135	ghafyh
قرقره	135	ghrghrh
لئونیداس	135	lvnydas
لبت	135	lbt
لعنتیتو	135	lntytv
مادرید	135	madryd
مارش	135	marsh
مشکلمون	135	mshklmvn
ملانی	135	mlany
موت	135	mvt
مکن	135	mkn
میکروب	135	mykrvb
نبراسکا	135	nbraska
نبود؟	135	nbvd
نخوندی	135	nkhvndy
نمیخواسته	135	nmykhvasth
نیافته	135	nyafth
نیشکر	135	nyshkr
هارنهال	135	harnhal
هون	135	hvn
هیپی	135	hypy
واردات	135	vardat
واینستا	135	vaynsta
ویس	135	vys
پایداره	135	paydarh
پیشینه	135	pyshynh
پیمانه	135	pymanh
کارشه	135	karshh
کالیفورنیا	135	kalyfvrnya
کلیده	135	klydh
کلیشه	135	klyshh
کملوت	135	kmlvt
کیفی	135	kyfy
گلبول	135	glbvl
گورکن	135	gvrkn
آخرشم	134	akhrshm
آرایشگاه	134	arayshgah
آموخته	134	amvkhth
ازهم	134	azhm
اشتعال	134	ashtal
اعتمادم	134	atmadm
اونان	134	avnan
بخندیم	134	bkhndym
بدزدین	134	bdzdyn
بزرگداشت	134	bzrgdasht
بشاش	134	bshash
بید	134	byd
تاشو	134	tashv
تاچر	134	tachr
تردیدی	134	trdydy
ترکیبات	134	trkybat
تم	134	tm
تماسم	134	tmasm
حنا	134	hna
خطایی	134	khtayy
رئیسش	134	ryssh
راهپیمایی	134	rahpymayy
ردشو	134	rdshv
ریختیم	134	rykhtym
سخاوتمند	134	skhavtmnd
سپاسگذار	134	spasgzar
سینگر	134	syngr
شرابی	134	shraby
عامه	134	amh
علاقمه	134	laghmh
غارها	134	gharha
غذامون	134	ghzamvn
فراموشم	134	framvshm
فرانکفورت	134	frankfvrt
لهت	134	lht
لیره	134	lyrh
معتاده	134	mtadh
معرفیت	134	mrfyt
مود	134	mvd
موسس	134	mvss
موسیقیه	134	mvsyghyh
موشها	134	mvshha
میرونه	134	myrvnh
ندازه	134	ndazh
نوارهای	134	nvarhay
نپوشیدم	134	npvshydm
نگذاشته	134	ngzashth
نیامده	134	nyamdh
هاردمن	134	hardmn
همراهه	134	hmrahh
همونم	134	hmvnm
ویزیت	134	vyzyt
پیمانکار	134	pymankar
پینکی	134	pynky
ژیانگ	134	zhyang
کارگرها	134	kargrha
گوگرد	134	gvgrd
یاس	134	yas
آپاچی	133	apachy
اسکوتر	133	askvtr
اغتشاش	133	aghtshash
القا	133	algha
باتم	133	batm
بازپروری	133	bazprvry
بالاها	133	balaha
بالتازار	133	baltazar
بلاهایی	133	blahayy
بنیادی	133	bnyady
بگذرونن	133	bgzrvnn
تاثیرات	133	tasyrat
تریور	133	tryvr
تمپلتون	133	tmpltvn
جیوه	133	jyvh
خفته	133	khfth
خواهشی	133	khvahshy
خوشتیپه	133	khvshtyph
دابلین	133	dablyn
دشمنمون	133	dshmnmvn
دمبه	133	dmbh
دوستدار	133	dvstdar
دومم	133	dvmm
دونفره	133	dvnfrh
دیابت	133	dyabt
دیدت	133	dydt
ذهنتو	133	zhntv
رنجش	133	rnjsh
زندانیه	133	zndanyh
سخنگوی	133	skhngvy
سرسخته	133	srskhth
سرویسه	133	srvysh
سلولت	133	slvlt
شلنگ	133	shlng
شیرفهم	133	shyrfhm
طرفمون	133	trfmvn
طرفو	133	trfv
لاگوئرتا	133	lagvrta
لغزش	133	lghzsh
متزلزل	133	mtzlzl
موتورسیکلت	133	mvtvrsyklt
موظف	133	mvzf
مکسول	133	mksvl
میاوردی	133	myavrdy
میخریم	133	mykhrym
میپری	133	mypry
میگردید	133	mygrdyd
نمیتوانم	133	nmytvanm
نیاید	133	nyayd
نینو	133	nynv
هامبورگ	133	hambvrg
هانکا	133	hanka
هاوک	133	havk
هشداری	133	hshdary
وجدانم	133	vjdanm
ویکوس	133	vykvs
پارش	133	parsh
پاسو	133	pasv
پاور	133	pavr
پشتتون	133	pshttvn
پیشاهنگ	133	pyshahng
گشتاپو	133	gshtapv
گناهکاران	133	gnahkaran
یاردی	133	yardy
آزرده	132	azrdh
آلتون	132	altvn
آهنگهای	132	ahnghay
آوو	132	avv
احمقیم	132	ahmghym
اربابی	132	arbaby
ازاون	132	azavn
اسپانیولی	132	aspanyvly
اصطلاحات	132	astlahat
الخلقه	132	alkhlghh
انگشتام	132	angshtam
اوردوز	132	avrdvz
ایت	132	ayt
ایمانت	132	aymant
ببرد	132	bbrd
ببینمش؟	132	bbynmsh
برادرمون	132	bradrmvn
برنجی	132	brnjy
بیابریم	132	byabrym
تنده	132	tndh
جداسازی	132	jdasazy
حکاکی	132	hkaky
حیا	132	hya
حیطه	132	hyth
خانمه	132	khanmh
خانوادشون	132	khanvadshvn
دام،	132	dam
درمیان	132	drmyan
دکتر؟	132	dktr
رزوس	132	rzvs
رونده	132	rvndh
رییست	132	ryyst
سانسور	132	sansvr
سفورزا	132	sfvrza
سناریو	132	snaryv
سودان	132	svdan
سین	132	syn
شدنمون	132	shdnmvn
شرکتت	132	shrktt
شکوندی	132	shkvndy
صادرات	132	sadrat
ظن	132	zn
عدن	132	dn
عزیزکم	132	zyzkm
عمت	132	mt
عوام	132	vam
فاشیست	132	fashyst
لاوت	132	lavt
ماتیلدا	132	matylda
مالیبو	132	malybv
ماورای	132	mavray
متروک	132	mtrvk
متعفن	132	mtfn
مجازاتت	132	mjazatt
منکر	132	mnkr
مودی	132	mvdy
مولکول	132	mvlkvl
میبخشه	132	mybkhshh
میخرن	132	mykhrn
نامگذاری	132	namgzary
نموده	132	nmvdh
نمیدونستن	132	nmydvnstn
نمیشناسیم	132	nmyshnasym
نودل	132	nvdl
نژادپرست	132	nzhadprst
نیرنگ	132	nyrng
هکتار	132	hktar
واااو	132	vav
پاسخگو	132	paskhgv
پوزخند	132	pvzkhnd
پوزه	132	pvzh
چچن	132	chchn
کارهارو	132	karharv
کوته	132	kvth
کیفه	132	kyfh
آدولف	131	advlf
آشغالو	131	ashghalv
آغوشت	131	aghvsht
آلترون	131	altrvn
اتل	131	atl
ازکجا	131	azkja
استخونی	131	astkhvny
اشپزخونه	131	ashpzkhvnh
امروزت	131	amrvzt
امیدش	131	amydsh
اهلی	131	ahly
اینجا،	131	aynja
بخوایی	131	bkhvayy
بدبو	131	bdbv
بدشانس	131	bdshans
بذارینش	131	bzarynsh
برخیز	131	brkhyz
بمیرند	131	bmyrnd
تاییدیه	131	tayydyh
تحرک	131	thrk
توعه	131	tvh
تیرهای	131	tyrhay
جوابتو	131	jvabtv
حذفش	131	hzfsh
خب،اون	131	khbavn
خواهرمو	131	khvahrmv
خودسر	131	khvdsr
خوشکلی	131	khvshkly
خونتو	131	khvntv
خونخوار	131	khvnkhvar
دالان	131	dalan
داوس	131	davs
درخواستش	131	drkhvastsh
دریانورد	131	dryanvrd
دفترتون	131	dftrtvn
دوپا	131	dvpa
ردمون	131	rdmvn
رفتی؟	131	rfty
روستاها	131	rvstaha
سردابه	131	srdabh
سطوح	131	stvh
سنجی	131	snjy
صدامونو	131	sdamvnv
عادل	131	adl
عصبیم	131	sbym
فعل	131	fl
فلزات	131	flzat
قابلتو	131	ghabltv
قتلش	131	ghtlsh
قدبلند	131	ghdblnd
قوز	131	ghvz
لغات	131	lghat
مرکب	131	mrkb
منجی	131	mnjy
منظور؟	131	mnzvr
موجه	131	mvjh
موکول	131	mvkvl
مگاترون	131	mgatrvn
میارمت	131	myarmt
میزنمش	131	myznmsh
نامریی	131	namryy
نصیبش	131	nsybsh
نفهمیدیم	131	nfhmydym
نمرد	131	nmrd
نمیندازه	131	nmyndazh
نگرانیت	131	ngranyt
نیتروژن	131	nytrvzhn
نیلوفر	131	nylvfr
هندونه	131	hndvnh
وز	131	vz
وصف	131	vsf
پاناما	131	panama
چرخیدن	131	chrkhydn
چشم،	131	chshm
چلیوس	131	chlyvs
کائنات	131	kanat
کاست	131	kast
کانیل	131	kanyl
کریستوف	131	krystvf
گارسیا	131	garsya
گاییدن	131	gayydn
گراس	131	gras
گیشا	131	gysha
احتراق	130	ahtragh
اغاز	130	aghaz
اورژانسیه	130	avrzhansyh
بارگاه	130	bargah
ببنید	130	bbnyd
برمیگردونیم	130	brmygrdvnym
برگردونش	130	brgrdvnsh
بلونده	130	blvndh
بلژیکی	130	blzhyky
بپردازیم	130	bprdazym
بچسبی	130	bchsby
بیهوشه	130	byhvshh
تاجگذاری	130	tajgzary
توافقنامه	130	tvafghnamh
تکثیر	130	tksyr
جریانی	130	jryany
جنکینز	130	jnkynz
جوآنا	130	jvana
جوانمرد	130	jvanmrd
حسابتون	130	hsabtvn
حله؟	130	hlh
خطرناکترین	130	khtrnaktryn
خفگی	130	khfgy
درخواستت	130	drkhvastt
درکنار	130	drknar
دستو	130	dstv
دمار	130	dmar
دندونت	130	dndvnt
دیکتاتور	130	dyktatvr
راموس	130	ramvs
رسمه	130	rsmh
رفیقای	130	rfyghay
ساری	130	sary
سالواتور	130	salvatvr
سردته	130	srdth
شترمرغ	130	shtrmrgh
شمایی	130	shmayy
شورشیان	130	shvrshyan
شیرها	130	shyrha
عابر	130	abr
عالین	130	alyn
فالکون	130	falkvn
فرده	130	frdh
قاتلم	130	ghatlm
مهارتی	130	mharty
ناقلا	130	naghla
ندو	130	ndv
نمیزدم	130	nmyzdm
وقتشون	130	vghtshvn
ویویان	130	vyvyan
پرداخته	130	prdakhth
چتونه	130	chtvnh
کاولی	130	kavly
کتلین	130	ktlyn
کلاریس	130	klarys
کنارتون	130	knartvn
کهکشانی	130	khkshany
گرسنته	130	grsnth
گویم	130	gvym
یاداوری	130	yadavry
آاه	129	aah
آبل	129	abl
آغوشم	129	aghvshm
آفرینش	129	afrynsh
اتهامی	129	athamy
اثرانگشت	129	asrangsht
ادامهبده	129	adamhbdh
استرالیایی	129	astralyayy
استعدادت	129	astdadt
انضباط	129	anzbat
اونچیزی	129	avnchyzy
اوه،من	129	avhmn
اینترپرایز	129	ayntrprayz
بازپرداخت	129	bazprdakht
بخوایش	129	bkhvaysh
بشناسن	129	bshnasn
بهتره؟	129	bhtrh
بولیوی	129	bvlyvy
بچ	129	bch
بکنیش	129	bknysh
تحسینش	129	thsynsh
تطهیر	129	tthyr
تمییز	129	tmyyz
تنشون	129	tnshvn
جالبش	129	jalbsh
جانشینی	129	janshyny
جراحات	129	jrahat
جزئیاتی	129	jzyaty
جلویش	129	jlvysh
جنگند	129	jngnd
جویان	129	jvyan
حسابه	129	hsabh
دردتون	129	drdtvn
دلداری	129	dldary
دکترهای	129	dktrhay
راستگو	129	rastgv
رایدن	129	raydn
رفیقات	129	rfyghat
رگبار	129	rgbar
زبانه	129	zbanh
زندانبان	129	zndanban
زیرپا	129	zyrpa
ساختش	129	sakhtsh
سرخود	129	srkhvd
سلاحهای	129	slahhay
سوتفاهم	129	svtfahm
سپرد	129	sprd
شاملش	129	shamlsh
شرایطش	129	shraytsh
شرطبندی	129	shrtbndy
طیف	129	tyf
عزل	129	zl
فراخوانده	129	frakhvandh
فرستادین	129	frstadyn
قبلآ	129	ghbla
لردهای	129	lrdhay
مؤدب	129	mdb
ماتی	129	maty
مارگاریتا	129	margaryta
مرسر	129	mrsr
مرسوم	129	mrsvm
مطمعنم	129	mtmnm
معتقدی	129	mtghdy
موضوعه	129	mvzvh
مولد	129	mvld
میرسلا	129	myrsla
میزی	129	myzy
نایست	129	nayst
هردوتاشون	129	hrdvtashvn
هوپر	129	hvpr
ولتاژ	129	vltazh
ویلیس	129	vylys
پاسبان	129	pasban
پونگ	129	pvng
چشممون	129	chshmmvn
کارتونی	129	kartvny
کاررو	129	karrv
کارگرا	129	kargra
کاکس	129	kaks
کسر	129	ksr
کشفش	129	kshfsh
گناهانم	129	gnahanm
گیریه	129	gyryh
یادگار	129	yadgar
آماری	128	amary
آنوبیس	128	anvbys
احمقت	128	ahmght
ازدواجشون	128	azdvajshvn
بآ	128	ba
باباتون	128	babatvn
بازیگران	128	bazygran
برادرهای	128	bradrhay
بزرگشون	128	bzrgshvn
بنوشه	128	bnvshh
بنکز	128	bnkz
بهاره	128	bharh
بودیش	128	bvdysh
بپزه	128	bpzh
بچسبون	128	bchsbvn
تخمات	128	tkhmat
تندر	128	tndr
توئن	128	tvn
جلوئه	128	jlvh
حقوقش	128	hghvghsh
خلاء	128	khla
خوانندگی	128	khvanndgy
خواهرها	128	khvahrha
خودمونیم	128	khvdmvnym
داروهاش	128	darvhash
دستوراتت	128	dstvratt
دشمنم	128	dshmnm
دندونام	128	dndvnam
راهمو	128	rahmv
رسان	128	rsan
روشنت	128	rvshnt
روغنی	128	rvghny
سوئد	128	svd
عرصه	128	rsh
فلندرز	128	flndrz
فلور	128	flvr
قشر	128	ghshr
مامانتون	128	mamantvn
مانسون	128	mansvn
محتوای	128	mhtvay
محدودی	128	mhdvdy
مدیونه	128	mdyvnh
مسلم	128	mslm
معلمی	128	mlmy
منزوی	128	mnzvy
موجی	128	mvjy
موسیو	128	mvsyv
میرقصن	128	myrghsn
میزدند	128	myzdnd
نامردیه	128	namrdyh
نامید	128	namyd
نرسون	128	nrsvn
نمیاین	128	nmyayn
وجیتا	128	vjyta
پیلگریم	128	pylgrym
پیونگ	128	pyvng
پیکولو	128	pykvlv
چهارراه	128	chharrah
چوبدستی	128	chvbdsty
ژائو	128	zhav
کراستی	128	krasty
کرونوس	128	krvnvs
گابریلا	128	gabryla
گازی	128	gazy
یادداشتی	128	yaddashty
آدرین	127	adryn
آره،درسته	127	arhdrsth
اختلاس	127	akhtlas
ارتباطم	127	artbatm
اسماشون	127	asmashvn
اسمرف	127	asmrf
الینور	127	alynvr
اوناس	127	avnas
اوووم	127	avm
بدینوسیله	127	bdynvsylh
بروسارد	127	brvsard
بسام	127	bsam
بولتن	127	bvltn
بپیوندی	127	bpyvndy
بچگیم	127	bchgym
بیشماری	127	byshmary
بیوفتین	127	byvftyn
تفنگه	127	tfngh
خانوادمو	127	khanvadmv
خوابیم	127	khvabym
دبز	127	dbz
دوخت	127	dvkht
رازهایی	127	razhayy
رویی	127	rvyy
زوجی	127	zvjy
سازد	127	sazd
سلحشور	127	slhshvr
سلما	127	slma
سویا	127	svya
سیرا	127	syra
سیفون	127	syfvn
شمارتو	127	shmartv
ضمیمه	127	zmymh
عمرمو	127	mrmv
قشنگت	127	ghshngt
لنا	127	lna
لوگن	127	lvgn
ماشینای	127	mashynay
محترمی	127	mhtrmy
مخالفتی	127	mkhalfty
مخدره	127	mkhdrh
مدونا	127	mdvna
مشامم	127	mshamm
مقابلت	127	mghablt
میپرسید	127	myprsyd
ندای	127	nday
نشنوم	127	nshnvm
نمیرسید	127	nmyrsyd
نورها	127	nvrha
نیروهایی	127	nyrvhayy
همکف	127	hmkf
هیتر	127	hytr
هیجده	127	hyjdh
وحشیگری	127	vhshygry
ورنر	127	vrnr
وگر	127	vgr
پار	127	par
پروفایل	127	prvfayl
چائو	127	chav
کارمندا	127	karmnda
کفشا	127	kfsha
کلاد	127	klad
کلونی	127	klvny
کلیف	127	klyf
کمکون	127	kmkvn
کوشش	127	kvshsh
گلوب	127	glvb
گوان	127	gvan
گولدن	127	gvldn
گوناگون	127	gvnagvn
اهریمنی	126	ahrymny
اوتو	126	avtv
ایدن	126	aydn
برآمدگی	126	bramdgy
برترین	126	brtryn
برقصن	126	brghsn
بزارمش	126	bzarmsh
بلاستر	126	blastr
بودنشون	126	bvdnshvn
بپذیریم	126	bpzyrym
بیرحمی	126	byrhmy
تائو	126	tav
تراشیده	126	trashydh
تکی	126	tky
حسابتو	126	hsabtv
حوض	126	hvz
خرافات	126	khrafat
خشنه	126	khshnh
خوابشون	126	khvabshvn
خودپرداز	126	khvdprdaz
داشتنت	126	dashtnt
دستاشون	126	dstashvn
دنیام	126	dnyam
دوقلوی	126	dvghlvy
راهنماییت	126	rahnmayyt
رعیت	126	ryt
روبروت	126	rvbrvt
روتو	126	rvtv
زدگی	126	zdgy
سراغتون	126	sraghtvn
شاشیدن	126	shashydn
شبیهه	126	shbyhh
شمارشو	126	shmarshv
شنای	126	shnay
شوره	126	shvrh
شیطانیه	126	shytanyh
شینم	126	shynm
صبحی	126	sbhy
ضلع	126	zl
عجول	126	jvl
عزم	126	zm
علاف	126	laf
غارتگر	126	ghartgr
غذاشون	126	ghzashvn
غضب	126	ghzb
فامیلش	126	famylsh
فردریکا	126	frdryka
فقره	126	fghrh
لاشخور	126	lashkhvr
ماد	126	mad
ماندلا	126	mandla
ماورا	126	mavra
مخازن	126	mkhazn
مرتفع	126	mrtf
مسلمانان	126	mslmanan
مناسبش	126	mnasbsh
منظورته	126	mnzvrth
میتوانیم	126	mytvanym
میدادند	126	mydadnd
میرسونی	126	myrsvny
میشناختن	126	myshnakhtn
ناشر	126	nashr
نامت	126	namt
نامنظم	126	namnzm
نباشند	126	nbashnd
نخاله	126	nkhalh
نمیرسونه	126	nmyrsvnh
نمیشناسیش	126	nmyshnasysh
نهصد	126	nhsd
نوبته	126	nvbth
نوربیت	126	nvrbyt
نگهداره	126	nghdarh
نیومن	126	nyvmn
هجی	126	hjy
پرستارا	126	prstara
پسرعموم	126	psrmvm
چد	126	chd
چس	126	chs
کاندی	126	kandy
کبابی	126	kbaby
کوههای	126	kvhhay
گنت	126	gnt
آسم	125	asm
آلوارز	125	alvarz
اساتید	125	asatyd
اسحاق	125	ashagh
اسمون	125	asmvn
اطلاعاته	125	atlaath
بارانداز	125	barandaz
بانمکی	125	banmky
بترسونم	125	btrsvnm
بسوزونیم	125	bsvzvnym
بونی	125	bvny
بگیرمت	125	bgyrmt
بیافتید	125	byaftyd
بیوفتم	125	byvftm
جسدت	125	jsdt
خندیدم	125	khndydm
دادلی	125	dadly
داستانا	125	dastana
دولین	125	dvlyn
رئیسی	125	rysy
رومانی	125	rvmany
رومیها	125	rvmyha
رینو	125	rynv
زدی؟	125	zdy
زفیر	125	zfyr
زمانت	125	zmant
زمینم	125	zmynm
سارامون	125	saramvn
سعیمون	125	symvn
شنها	125	shnha
غیرطبیعی	125	ghyrtbyy
فنس	125	fns
قبلن	125	ghbln
لنور	125	lnvr
متره	125	mtrh
مر	125	mr
مرهم	125	mrhm
مقعد	125	mghd
مهیب	125	mhyb
مکس؟	125	mks
میریام	125	myryam
نرسیدن	125	nrsydn
نمیترسه	125	nmytrsh
هاموند	125	hamvnd
هنرمنده	125	hnrmndh
وزنم	125	vznm
ولگردی	125	vlgrdy
پولدارک	125	pvldark
چقدرم	125	chghdrm
چوسان	125	chvsan
کارین	125	karyn
کسالت	125	ksalt
کمپر	125	kmpr
گلدی	125	gldy
آئورا	124	avra
آتوبات	124	atvbat
آلخاندرو	124	alkhandrv
اتفاقه	124	atfaghh
ارتشبد	124	artshbd
اسموک	124	asmvk
امتحانشون	124	amthanshvn
انباشته	124	anbashth
اوبرای	124	avbray
اوکی؟	124	avky
ایشیتا	124	ayshyta
بادبادک	124	badbadk
بالراج	124	balraj
برقصید	124	brghsyd
برمیگشت	124	brmygsht
بچها	124	bchha
تبهکاران	124	tbhkaran
تدریج	124	tdryj
ترکوندی	124	trkvndy
تونگ	124	tvng
تیرها	124	tyrha
ثروتمندترین	124	srvtmndtryn
جونه	124	jvnh
حرفاشون	124	hrfashvn
حکومتی	124	hkvmty
خدامه	124	khdamh
خیرت	124	khyrt
درمیارن	124	drmyarn
دزدن	124	dzdn
دوستانتون	124	dvstantvn
رستورانی	124	rstvrany
رفقات	124	rfghat
زنجیرها	124	znjyrha
سوروس	124	svrvs
سوییس	124	svyys
شخصیتت	124	shkhsytt
صبرانه	124	sbranh
صبوری	124	sbvry
طنز	124	tnz
قاتلش	124	ghatlsh
قوری	124	ghvry
لباسهات	124	lbashat
مادلین	124	madlyn
ماموری	124	mamvry
مجرمه	124	mjrmh
مخابرات	124	mkhabrat
مخترع	124	mkhtr
معیوب	124	myvb
منتظرمونه	124	mntzrmvnh
مهلکه	124	mhlkh
موافقید	124	mvafghyd
موفقی	124	mvfghy
موکلت	124	mvklt
میخایم	124	mykhaym
میداند	124	mydand
میگشتن	124	mygshtn
ناف	124	naf
نخون	124	nkhvn
نفستو	124	nfstv
نوادگان	124	nvadgan
نگرانیم	124	ngranym
هشتمین	124	hshtmyn
همراهان	124	hmrahan
هنریه	124	hnryh
وانیلی	124	vanyly
واگه	124	vagh
ووگل	124	vvgl
ویتو	124	vytv
پانم	124	panm
پایداری	124	paydary
پرستارم	124	prstarm
پسرهام	124	psrham
چری	124	chry
کاراکتر	124	karaktr
کارشناسان	124	karshnasan
کشیدند	124	kshydnd
گذارش	124	gzarsh
گناهکاری	124	gnahkary
گورتون	124	gvrtvn
آنت	123	ant
آنیتا	123	anyta
آیی	123	ayy
اربابش	123	arbabsh
الوی	123	alvy
اونای	123	avnay
اونیم	123	avnym
اینحا	123	aynha
بازرگان	123	bazrgan
ببخشمت	123	bbkhshmt
بجنگین	123	bjngyn
بخصوصی	123	bkhsvsy
بدستم	123	bdstm
بریجیت	123	bryjyt
بمالی	123	bmaly
بپذیره	123	bpzyrh
تایتان	123	taytan
تریا	123	trya
تنفسش	123	tnfssh
تهی	123	thy
توجهت	123	tvjht
توسان	123	tvsan
جراتشو	123	jratshv
حماسی	123	hmasy
دخترشه	123	dkhtrshh
درخواستم	123	drkhvastm
دنج	123	dnj
دنیات	123	dnyat
سبکی	123	sbky
ستیز	123	styz
سرگرمیه	123	srgrmyh
سینا	123	syna
فعالیتهای	123	falythay
فنون	123	fnvn
قبولی	123	ghbvly
قمارباز	123	ghmarbaz
لحضه	123	lhzh
لوتار	123	lvtar
لیر	123	lyr
متکبر	123	mtkbr
مخابراتی	123	mkhabraty
معموله	123	mmvlh
مهاجران	123	mhajran
موریا	123	mvrya
مولر	123	mvlr
میفهمین	123	myfhmyn
همبستر	123	hmbstr
همسایگی	123	hmsaygy
همگانی	123	hmgany
والس	123	vals
والش	123	valsh
ویتاکر	123	vytakr
پوستشون	123	pvstshvn
پیتر؟	123	pytr
پیشرو	123	pyshrv
پیمانی	123	pymany
چندنفر	123	chndnfr
چیزبرگر	123	chyzbrgr
کاراشون	123	karashvn
کرستر	123	krstr
کشاورزان	123	kshavrzan
کیفو	123	kyfv
گوشته	123	gvshth
یکیتون	123	ykytvn
ازونجا	122	azvnja
انتونی	122	antvny
اوپا	122	avpa
بازن	122	bazn
باشکوهی	122	bashkvhy
باهمیم	122	bahmym
بدنتو	122	bdntv
بمالم	122	bmalm
بنفورد	122	bnfvrd
بوسیدیم	122	bvsydym
تانر	122	tanr
تروا	122	trva
تضعیف	122	tzyf
تفرقه	122	tfrghh
تمرکزم	122	tmrkzm
جیز	122	jyz
خائنی	122	khany
خشخاش	122	khshkhash
خوابشو	122	khvabshv
خوندنش	122	khvndnsh
داروسازی	122	darvsazy
دانشجوهای	122	danshjvhay
دراصل	122	drasl
دشمنای	122	dshmnay
دقیقش	122	dghyghsh
ذهنمه	122	zhnmh
ردت	122	rdt
رمانتیکه	122	rmantykh
زمانمون	122	zmanmvn
زیان	122	zyan
سرکارم	122	srkarm
سوتی	122	svty
سوراخه	122	svrakhh
شکلش	122	shklsh
طاهرخانی	122	tahrkhany
قرصها	122	ghrsha
لاورنس	122	lavrns
لبخندت	122	lbkhndt
مایان	122	mayan
مایکلسون	122	mayklsvn
مدت؟	122	mdt
مرگتون	122	mrgtvn
مسلحه	122	mslhh
مسلمون	122	mslmvn
منگنه	122	mngnh
میاند	122	myand
میزش	122	myzsh
میگیرمت	122	mygyrmt
نامزدهای	122	namzdhay
نجومی	122	njvmy
ندون	122	ndvn
نصار	122	nsar
نمیپرسم	122	nmyprsm
نیستا	122	nysta
هاشم	122	hashm
هرجای	122	hrjay
همانطوری	122	hmantvry
همخونی	122	hmkhvny
همرو	122	hmrv
وکسلر	122	vkslr
پیرسون	122	pyrsvn
چشما	122	chshma
چلفتی	122	chlfty
چینکی	122	chynky
کلاسی	122	klasy
کمکهای	122	kmkhay
کوکی	122	kvky
کپک	122	kpk
کیلگریو	122	kylgryv
گاتو	122	gatv
گلدان	122	gldan
آزارش	121	azarsh
آلونک	121	alvnk
آلکاتراز	121	alkatraz
اسپرینگفیلد	121	aspryngfyld
اصالت	121	asalt
التماسم	121	altmasm
ایثن	121	aysn
اینچی	121	aynchy
باحالن	121	bahaln
بارته	121	barth
باف	121	baf
ببریمشون	121	bbrymshvn
برادرتو	121	bradrtv
برانسون	121	bransvn
برتی	121	brty
بشناسمت	121	bshnasmt
بلایت	121	blayt
بلدید	121	bldyd
بنگر	121	bngr
بپوشونه	121	bpvshvnh
تائوریل	121	tavryl
تاهو	121	tahv
توانستم	121	tvanstm
جودیت	121	jvdyt
خاصیه	121	khasyh
خزه	121	khzh
خوب،اون	121	khvbavn
خوشایندی	121	khvshayndy
خیار	121	khyar
داریل	121	daryl
دانشجویان	121	danshjvyan
درنهایت	121	drnhayt
درکم	121	drkm
دشمنانش	121	dshmnansh
ذهنمو	121	zhnmv
راگنر	121	ragnr
رخداد	121	rkhdad
رسوندیم	121	rsvndym
رمال	121	rmal
رودررو	121	rvdrrv
روستاهای	121	rvstahay
زمرد	121	zmrd
ساکسیفون	121	saksyfvn
سرکشی	121	srkshy
شبیهش	121	shbyhsh
شجاعتش	121	shjatsh
شجاعه	121	shjah
صدیقی	121	sdyghy
ضدحال	121	zdhal
عذابم	121	zabm
عزادار	121	zadar
علاقش	121	laghsh
علامته	121	lamth
فرابنفش	121	frabnfsh
قلبمون	121	ghlbmvn
قماربازی	121	ghmarbazy
لورانس	121	lvrans
لورنا	121	lvrna
متشکل	121	mtshkl
مجردم	121	mjrdm
مردیکه	121	mrdykh
مضر	121	mzr
مغزمون	121	mghzmvn
ممفیس	121	mmfys
مواظبم	121	mvazbm
موافقیم	121	mvafghym
میتونم؟	121	mytvnm
میلدرد	121	myldrd
میندازمت	121	myndazmt
میونگ	121	myvng
ناتمام	121	natmam
نمرات	121	nmrat
نمیرسیم	121	nmyrsym
نمیرفت	121	nmyrft
نگهدارنده	121	nghdarndh
نیمرو	121	nymrv
وفاداریت	121	vfadaryt
ویدا	121	vyda
چیزائی	121	chyzay
کفاره	121	kfarh
گذاشتنش	121	gzashtnsh
گرتل	121	grtl
یاروی	121	yarvy
آسونیه	120	asvnyh
آیرا	120	ayra
اااه	120	ah
ازتو	120	aztv
اسرائیلی	120	asrayly
الآنم	120	alanm
امتحانت	120	amthant
انتظارت	120	antzart
بازداشتم	120	bazdashtm
بجر	120	bjr
براورده	120	bravrdh
بروبچ	120	brvbch
بزند	120	bznd
بسازین	120	bsazyn
بولین	120	bvlyn
بگذرونید	120	bgzrvnyd
بیانکا	120	byanka
بیشه	120	byshh
تامل	120	taml
ترسوندمت	120	trsvndmt
ترسونی	120	trsvny
تروپ	120	trvp
تلقین	120	tlghyn
جمهوره	120	jmhvrh
جنایتی	120	jnayty
جیر	120	jyr
حمزه	120	hmzh
حوا	120	hva
خوبیش	120	khvbysh
دادیش	120	dadysh
داغی	120	daghy
دبیر	120	dbyr
درامد	120	dramd
دستوراتش	120	dstvratsh
دعوی	120	dvy
دوزخ	120	dvzkh
راکسی	120	raksy
رنو	120	rnv
زاندر	120	zandr
زدمت	120	zdmt
ساویتار	120	savytar
سعودی	120	svdy
سلامتیش	120	slamtysh
سوزاندن	120	svzandn
شورتی	120	shvrty
طلبه	120	tlbh
عکسم	120	ksm
فاسده	120	fasdh
فردو	120	frdv
فکرهای	120	fkrhay
فیت	120	fyt
فیله	120	fylh
مانکن	120	mankn
متناسب	120	mtnasb
متوالی	120	mtvaly
مجلات	120	mjlat
محتاطانه	120	mhtatanh
مشتاقه	120	mshtaghh
معلمت	120	mlmt
موقعیکه	120	mvghykh
میارند	120	myarnd
میتپه	120	mytph
میشنویم	120	myshnvym
میوفتاد	120	myvftad
نع	120	n
نفرست	120	nfrst
ننداختم	120	nndakhtm
نگفتید	120	ngftyd
هاجس	120	hajs
هفدهم	120	hfdhm
وجودشون	120	vjvdshvn
وهم	120	vhm
پاندای	120	panday
پاهاشون	120	pahashvn
پاکم	120	pakm
پدید	120	pdyd
پرهیز	120	prhyz
پوستان	120	pvstan
کابینت	120	kabynt
کارهاشون	120	karhashvn
کاندیدا	120	kandyda
کلئوپاترا	120	klvpatra
کلیدای	120	klyday
کماست	120	kmast
کیلن	120	kyln
گوشتون	120	gvshtvn
یادشه	120	yadshh
یکباره	120	ykbarh
آدماست	119	admast
آدمت	119	admt
آلما	119	alma
آلپ	119	alp
آموزی	119	amvzy
اتاقشون	119	ataghshvn
اتلی	119	atly
ارغوانی	119	arghvany
استخوون	119	astkhvvn
استراحته	119	astrahth
اسکر	119	askr
اصلیت	119	aslyt
الخمر	119	alkhmr
الکیه	119	alkyh
انسانیه	119	ansanyh
اونقد	119	avnghd
ایندی	119	ayndy
باارزشی	119	baarzshy
بشوره	119	bshvrh
تارگریان	119	targryan
تبش	119	tbsh
تعهدی	119	thdy
تمیزی	119	tmyzy
جدیکایا	119	jdykaya
خدمتش	119	khdmtsh
دردها	119	drdha
دزدیدین	119	dzdydyn
دونستنش	119	dvnstnsh
دوگانه	119	dvganh
رازداری	119	razdary
سانچز	119	sanchz
سهمیه	119	shmyh
سوزوندم	119	svzvndm
شاخص	119	shakhs
شارژش	119	sharzhsh
شناختمت	119	shnakhtmt
ضارب	119	zarb
فریدا	119	fryda
فهمین	119	fhmyn
لباساشو	119	lbasashv
مترسک	119	mtrsk
مخالفه	119	mkhalfh
معیار	119	myar
منسوخ	119	mnsvkh
ناهاره	119	naharh
نرن	119	nrn
نشناسه	119	nshnash
نوریس	119	nvrys
نگفتیم	119	ngftym
هاردی	119	hardy
همتا	119	hmta
هپ	119	hp
والترز	119	valtrz
وونگ	119	vvng
پاداشی	119	padashy
پالی	119	paly
پانچو	119	panchv
پونام	119	pvnam
کامپیوترت	119	kampyvtrt
کلیپ	119	klyp
کمپبل	119	kmpbl
کولا	119	kvla
کوچکم	119	kvchkm
گروهتون	119	grvhtvn
گروهشون	119	grvhshvn
گورمون	119	gvrmvn
آبت	118	abt
آبو	118	abv
آرومت	118	arvmt
آشنای	118	ashnay
آهنگری	118	ahngry
آپارتمانی	118	apartmany
اردنگی	118	ardngy
ازرا	118	azra
اسم؟	118	asm
انسولین	118	ansvlyn
ایام	118	ayam
بخواهند	118	bkhvahnd
برخورده	118	brkhvrdh
برعکسه	118	brksh
برنمیداره	118	brnmydarh
بروستر	118	brvstr
بسی	118	bsy
بیدال	118	bydal
بینیش؟	118	bynysh
تالی	118	taly
تلمبه	118	tlmbh
حالیم	118	halym
خرخون	118	khrkhvn
دراک	118	drak
دستاورد	118	dstavrd
دوشم	118	dvshm
دیدیشون	118	dydyshvn
ردیابیش	118	rdyabysh
رسون	118	rsvn
رقصیدم	118	rghsydm
ریگ	118	ryg
زنمو	118	znmv
زنی؟	118	zny
سوتای	118	svtay
سورپرایزی	118	svrprayzy
سیلوی	118	sylvy
سینو	118	synv
شایع	118	shay
شلوارک	118	shlvark
شنگول	118	shngvl
غرورم	118	ghrvrm
فان	118	fan
لینکن	118	lynkn
ماجراهای	118	majrahay
ماریسول	118	marysvl
ماشینشون	118	mashynshvn
متاهلم	118	mtahlm
متقاعدشون	118	mtghadshvn
مزد	118	mzd
مزمن	118	mzmn
مسافرخانه	118	msafrkhanh
مشکلاتش	118	mshklatsh
مغروره	118	mghrvrh
ملازم	118	mlazm
ملاقاتشون	118	mlaghatshvn
منصب	118	mnsb
مکنم	118	mknm
میبخشی	118	mybkhshy
میلادی	118	mylady
میمردی	118	mymrdy
میکائیل	118	mykayl
نداری؟	118	ndary
نمیبینن	118	nmybynn
نمیومدم	118	nmyvmdm
نوآه	118	nvah
نوجوانان	118	nvjvanan
هائی	118	hay
هجدهم	118	hjdhm
هدایتش	118	hdaytsh
هردوتاتون	118	hrdvtatvn
هلاک	118	hlak
وما	118	vma
ویرات	118	vyrat
پابرهنه	118	pabrhnh
پدرها	118	pdrha
پور	118	pvr
پیغامم	118	pyghamm
چر	118	chr
چشمتون	118	chshmtvn
ژول	118	zhvl
کارته	118	karth
کارگری	118	kargry
کلاسه	118	klash
کودوم	118	kvdvm
کیث	118	kys
گمشین	118	gmshyn
گناهانش	118	gnahansh
گندو	118	gndv
یکسانی	118	yksany
آتو	117	atv
آخریه	117	akhryh
آلیشیا	117	alyshya
آوار	117	avar
آیشا	117	aysha
اشتباهش	117	ashtbahsh
اشر	117	ashr
امنیتش	117	amnytsh
امیدمون	117	amydmvn
اواسط	117	avast
اوکانل	117	avkanl
بارناباس	117	barnabas
بازیافت	117	bazyaft
بدردت	117	bdrdt
بدهکاریم	117	bdhkarym
بزرگترش	117	bzrgtrsh
بزگ	117	bzg
بعد؟	117	bd
بهترینم	117	bhtrynm
بکشونم	117	bkshvnm
بگیرنت	117	bgyrnt
بیارند	117	byarnd
بیایند	117	byaynd
تخمک	117	tkhmk
ترافیکی	117	trafyky
تورنادو	117	tvrnadv
جابز	117	jabz
جرمش	117	jrmsh
جعلیه	117	jlyh
جنسیه	117	jnsyh
جوایز	117	jvayz
حامیان	117	hamyan
حواسمو	117	hvasmv
داردن	117	dardn
دانایی	117	danayy
درا	117	dra
درخور	117	drkhvr
دکترش	117	dktrsh
دکوراسیون	117	dkvrasyvn
دیه	117	dyh
زحمات	117	zhmat
سردتر	117	srdtr
شبنم	117	shbnm
شریکی	117	shryky
صنعا	117	sna
عبری	117	bry
عذرمیخوام	117	zrmykhvam
فارل	117	farl
فلکی	117	flky
قایقم	117	ghayghm
قرصا	117	ghrsa
مخالفان	117	mkhalfan
مدیران	117	mdyran
مسیج	117	msyj
مصاحبت	117	msahbt
مطلبی	117	mtlby
معلمه	117	mlmh
مقامی	117	mghamy
منتظرشون	117	mntzrshvn
موتورم	117	mvtvrm
مکرر	117	mkrr
مگراینکه	117	mgraynkh
میدزدن	117	mydzdn
ناپایدار	117	napaydar
نتونستند	117	ntvnstnd
نسب	117	nsb
نمیخواهی	117	nmykhvahy
نمیمیرم	117	nmymyrm
نپرسید	117	nprsyd
هاربر	117	harbr
هانگ	117	hang
هزاره	117	hzarh
هفتگی	117	hftgy
همرنگ	117	hmrng
همستر	117	hmstr
هولت	117	hvlt
هپاتیت	117	hpatyt
ویرجیل	117	vyrjyl
پادشاهشون	117	padshahshvn
پارسونز	117	parsvnz
پاروها	117	parvha
پانجی	117	panjy
پستان	117	pstan
چسبناک	117	chsbnak
کالور	117	kalvr
کانتور	117	kantvr
کتیبه	117	ktybh
کشد	117	kshd
کلون	117	klvn
کلیو	117	klyv
کوی	117	kvy
گرایش	117	graysh
یکصد	117	yksd
آآآ	116	a
آرژانتین	116	arzhantyn
آلزایمر	116	alzaymr
آیک	116	ayk
اتفاقها	116	atfaghha
ارگاسم	116	argasm
استخوانی	116	astkhvany
امممم	116	am
انجیر	116	anjyr
اوق	116	avgh
اونش	116	avnsh
بااستعداد	116	baastdad
بالت	116	balt
ببندمش	116	bbndmsh
ببینیدش	116	bbynydsh
بخشندگی	116	bkhshndgy
برگرفته	116	brgrfth
بزرگسالان	116	bzrgsalan
بکنی؟	116	bkny
تعریفش	116	tryfsh
تنشه	116	tnshh
تنظیمش	116	tnzymsh
توانش	116	tvansh
خراشه	116	khrashh
خروپف	116	khrvpf
خریدش	116	khrydsh
خفش	116	khfsh
خواستگار	116	khvastgar
دانیم	116	danym
درمانه	116	drmanh
دعوتشون	116	dvtshvn
دلسوز	116	dlsvz
دوستاتو	116	dvstatv
رامیرز	116	ramyrz
رویارویی	116	rvyarvyy
رویم	116	rvym
زانوی	116	zanvy
زودرس	116	zvdrs
سازها	116	sazha
سازگاری	116	sazgary
سمر	116	smr
سندرم	116	sndrm
شلدرک	116	shldrk
طاقچه	116	taghchh
عبادتگاه	116	badtgah
عزیزترین	116	zyztryn
غیرعادیه	116	ghyradyh
فوبار	116	fvbar
قرمزها	116	ghrmzha
قویتره	116	ghvytrh
ماشینمون	116	mashynmvn
مایله	116	maylh
مسالمت	116	msalmt
مسمومش	116	msmvmsh
مشتریان	116	mshtryan
مصدوم	116	msdvm
مفتی	116	mfty
مهدی	116	mhdy
میخانه	116	mykhanh
مینویسن	116	mynvysn
میوفتی	116	myvfty
نخی	116	nkhy
نقشمون	116	nghshmvn
هدفون	116	hdfvn
هوستون	116	hvstvn
هیت	116	hyt
ونه	116	vnh
پولارو	116	pvlarv
چراکه	116	chrakh
کادر	116	kadr
کاراتو	116	karatv
کثیفش	116	ksyfsh
کشتنشون	116	kshtnshvn
کشیک	116	kshyk
گریگوری	116	grygvry
یکنواخت	116	yknvakht
آمادس	115	amads
آنگد	115	angd
احساسو	115	ahsasv
ازدواجه	115	azdvajh
استارکوود	115	astarkvvd
استعدادم	115	astdadm
اعدامت	115	adamt
انداختید	115	andakhtyd
اهارا	115	ahara
اکران	115	akran
ایمانم	115	aymanm
بائو	115	bav
باتجربه	115	batjrbh
بارن	115	barn
باشه،من	115	bashhmn
بالاس	115	balas
باهت	115	baht
باهوشن	115	bahvshn
باپتیستا	115	baptysta
بترکونه	115	btrkvnh
بدنمو	115	bdnmv
برادرهام	115	bradrham
برخیزید	115	brkhyzyd
برنداشتم	115	brndashtm
بشما	115	bshma
بوست	115	bvst
بچرخیم	115	bchrkhym
تارک	115	tark
تایسون	115	taysvn
تماشاگران	115	tmashagran
توربو	115	tvrbv
حمایتت	115	hmaytt
خانومم	115	khanvmm
خلوتگاه	115	khlvtgah
خندیدیم	115	khndydym
دادنشون	115	dadnshvn
درخشانی	115	drkhshany
دشمنانم	115	dshmnanm
دودکش	115	dvdksh
راهها	115	rahha
راچل	115	rachl
راین	115	rayn
رنجرها	115	rnjrha
زیرک	115	zyrk
سالگیم	115	salgym
سانتیمتر	115	santymtr
ساندرز	115	sandrz
سنجش	115	snjsh
سهمش	115	shmsh
سوغاتی	115	svghaty
شیطنت	115	shytnt
صدهزار	115	sdhzar
صراحت	115	sraht
طلاهای	115	tlahay
عصبانیتت	115	sbanytt
عقلشو	115	ghlshv
علاقمندم	115	laghmndm
فرداشب	115	frdashb
قتاله	115	ghtalh
قصدت	115	ghsdt
لغوش	115	lghvsh
لولو	115	lvlv
لیما	115	lyma
مبلغی	115	mblghy
متقاعدت	115	mtghadt
مروان	115	mrvan
مغزشو	115	mghzshv
موندند	115	mvndnd
مونند	115	mvnnd
میخوایید	115	mykhvayyd
میرویم	115	myrvym
میمونید	115	mymvnyd
میمونین	115	mymvnyn
میکنمش	115	myknmsh
نتونستین	115	ntvnstyn
نخاع	115	nkha
نخواب	115	nkhvab
نمیخوریم	115	nmykhvrym
واترلو	115	vatrlv
وتیوس	115	vtyvs
پراکتور	115	praktvr
پزشکیه	115	pzshkyh
پلت	115	plt
چارلی؟	115	charly
چشمانی	115	chshmany
کلرمن	115	klrmn
کوپن	115	kvpn
گفتار	115	gftar
آتنا	114	atna
آمیزش	114	amyzsh
آویخته	114	avykhth
آگوستوس	114	agvstvs
ابلاغ	114	ablagh
ازونا	114	azvna
اصلیم	114	aslym
انداختیش	114	andakhtysh
انقباض	114	anghbaz
اینولا	114	aynvla
باتیستا	114	batysta
بخودت	114	bkhvdt
بدانم	114	bdanm
برادرانت	114	bradrant
برنگشتی	114	brngshty
ترکوند	114	trkvnd
تسلیحاتی	114	tslyhaty
تهدیدات	114	thdydat
ثبتش	114	sbtsh
جفتک	114	jftk
جوری؟	114	jvry
حسابمون	114	hsabmvn
خوانواده	114	khvanvadh
دنیاهای	114	dnyahay
دوماه	114	dvmah
رؤیاهای	114	ryahay
رادها	114	radha
رسوا	114	rsva
رقمی	114	rghmy
رنگو	114	rngv
زنهایی	114	znhayy
زودگذر	114	zvdgzr
زودیا	114	zvdya
زیرین	114	zyryn
سدیم	114	sdym
سرعتشون	114	srtshvn
شخم	114	shkhm
شرکای	114	shrkay
شمان	114	shman
شکوندم	114	shkvndm
صدور	114	sdvr
صورتیکه	114	svrtykh
عقلمو	114	ghlmv
فراریه	114	fraryh
قارچی	114	gharchy
قتلها	114	ghtlha
لندی	114	lndy
ماتیس	114	matys
ماست	114	mast
مالش	114	malsh
متاهلی	114	mtahly
معماست	114	mmast
موتورخونه	114	mvtvrkhvnh
موردش	114	mvrdsh
موستانگ	114	mvstang
موندین	114	mvndyn
مچش	114	mchsh
میگردونیم	114	mygrdvnym
نایجل	114	nayjl
نبری	114	nbry
ندارمش	114	ndarmsh
ندیدمشون	114	ndydmshvn
نمایشگر	114	nmayshgr
نمیداری	114	nmydary
نپوشیده	114	npvshydh
هاهاها	114	hahaha
هندسه	114	hndsh
هیچکدومش	114	hychkdvmsh
پاین	114	payn
پزشکان	114	pzshkan
پیرهنت	114	pyrhnt
کارامو	114	karamv
کرده؟	114	krdh
کلاهش	114	klahsh
آهنربا	113	ahnrba
ادارد	113	adard
ادمها	113	admha
ارزانی	113	arzany
استوانه	113	astvanh
اسلیم	113	aslym
اوز	113	avz
اونجای	113	avnjay
باده	113	badh
باربوسا	113	barbvsa
بازگشته	113	bazgshth
باسنش	113	basnsh
بتوانند	113	btvannd
بحثو	113	bhsv
بخششی	113	bkhshshy
براستی	113	brasty
برینم	113	brynm
بستند	113	bstnd
بلدیم	113	bldym
بودایی	113	bvdayy
بپردازی	113	bprdazy
تبه	113	tbh
تحقیقی	113	thghyghy
توجهات	113	tvjhat
جوامع	113	jvam
جوکه	113	jvkh
حدش	113	hdsh
خجالته	113	khjalth
خوشگلتر	113	khvshgltr
دعوام	113	dvam
دیدین؟	113	dydyn
رساندن	113	rsandn
روب	113	rvb
زخمها	113	zkhmha
سالیان	113	salyan
سراشیبی	113	srashyby
سرماخوردگی	113	srmakhvrdgy
سمتشون	113	smtshvn
سمج	113	smj
سنتر	113	sntr
سوالیه	113	svalyh
سوختم	113	svkhtm
سپردن	113	sprdn
سیدارت	113	sydart
شامپانزه	113	shampanzh
شاهکاره	113	shahkarh
شغلتون	113	shghltvn
عروسکه	113	rvskh
عزا	113	za
عشقشون	113	shghshvn
عوضشون	113	vzshvn
قاتلان	113	ghatlan
قوس	113	ghvs
لجبازی	113	ljbazy
لوول	113	lvvl
ماتیاس	113	matyas
متعدد	113	mtdd
مرگتونه	113	mrgtvnh
مرید	113	mryd
مشهورترین	113	mshhvrtryn
میتوانید	113	mytvanyd
میروم	113	myrvm
میش	113	mysh
میشناخته	113	myshnakhth
میمیرید	113	mymyryd
نخبه	113	nkhbh
نگاهمون	113	ngahmvn
نگهداشتن	113	nghdashtn
نیاوردیم	113	nyavrdym
نیروهاش	113	nyrvhash
هاو	113	hav
هشیار	113	hshyar
همانگونه	113	hmangvnh
وره	113	vrh
پالتو	113	paltv
پد	113	pd
چکاری	113	chkary
کارتونو	113	kartvnv
کافران	113	kafran
کثافتا	113	ksafta
کردنتون	113	krdntvn
کشتمت	113	kshtmt
کشیدین	113	kshydyn
کلکی	113	klky
کنمش	113	knmsh
کونمو	113	kvnmv
گارسیو	113	garsyv
گوک	113	gvk
آدل	112	adl
آرامیس	112	aramys
آره،اما	112	arhama
آلمانها	112	almanha
آنا؟	112	ana
اسبهای	112	asbhay
اسپارک	112	aspark
افسونگر	112	afsvngr
اقلیت	112	aghlyt
الموتیان	112	almvtyan
امه	112	amh
اینکارم	112	aynkarm
بارزینی	112	barzyny
بالدار	112	baldar
برمون	112	brmvn
بله،بله	112	blhblh
بن؟	112	bn
بپوسه	112	bpvsh
بچه؟	112	bchh
بیائید	112	byayd
تحسینت	112	thsynt
ترتیبشون	112	trtybshvn
جوابتون	112	jvabtvn
حست	112	hst
خشکش	112	khshksh
خندن	112	khndn
خوندیش	112	khvndysh
خیالتون	112	khyaltvn
دارتانیان	112	dartanyan
دردهای	112	drdhay
زیادش	112	zyadsh
ساکتی	112	sakty
ششمین	112	shshmyn
شقه	112	shghh
صندلیت	112	sndlyt
صورتمو	112	svrtmv
ضرورت	112	zrvrt
ظاهرم	112	zahrm
فامیلیش	112	famylysh
فرسا	112	frsa
فرصتو	112	frstv
فرما	112	frma
فلسطین	112	flstyn
فوقش	112	fvghsh
قبرستونی	112	ghbrstvny
لانینگ	112	lanyng
لوتوس	112	lvtvs
مابین	112	mabyn
متناوب	112	mtnavb
مجبورتون	112	mjbvrtvn
محسن	112	mhsn
میخاره	112	mykharh
میمیرین	112	mymyryn
میکشتی	112	mykshty
ناخوشایندی	112	nakhvshayndy
نبینمت	112	nbynmt
نسیت	112	nsyt
نشناس	112	nshnas
نفهمی	112	nfhmy
نگهدارید	112	nghdaryd
نیارم	112	nyarm
نیشت	112	nysht
واضحی	112	vazhy
پرتابش	112	prtabsh
پرخاشگر	112	prkhashgr
پستت	112	pstt
پسرشو	112	psrshv
پطرس	112	ptrs
پمپاژ	112	pmpazh
پیرز	112	pyrz
چندوقته	112	chndvghth
چیزمو	112	chyzmv
کاراشو	112	karashv
کاستر	112	kastr
کینگز	112	kyngz
گذاشتش	112	gzashtsh
گیجم	112	gyjm
آموخت	111	amvkht
آنهاست	111	anhast
آیوار	111	ayvar
ادمایی	111	admayy
ارثی	111	arsy
استراکر	111	astrakr
استیت	111	astyt
اسمها	111	asmha
اعصابه	111	asabh
افقی	111	afghy
انهدام	111	anhdam
اورت	111	avrt
اینش	111	aynsh
ایکران	111	aykran
بابونه	111	babvnh
بازیکنان	111	bazyknan
ببخشین؟	111	bbkhshyn
بدنمون	111	bdnmvn
بشاشه	111	bshashh
بکنیم؟	111	bknym
تانی	111	tany
تبار	111	tbar
تنظیمات	111	tnzymat
تپل	111	tpl
جانش	111	jansh
جایش	111	jaysh
جواهری	111	jvahry
جورجی	111	jvrjy
حبوبات	111	hbvbat
حسنین	111	hsnyn
خدات	111	khdat
خدمتکارا	111	khdmtkara
خدمتگزار	111	khdmtgzar
خوردنت	111	khvrdnt
دخترهام	111	dkhtrham
دنبالتن	111	dnbaltn
دوشت	111	dvsht
دوهزار	111	dvhzar
رابطم	111	rabtm
راحتیه	111	rahtyh
راملیلا	111	ramlyla
رصد	111	rsd
روزتون	111	rvztvn
زانوش	111	zanvsh
زتا	111	zta
سردر	111	srdr
غافلگیرش	111	ghaflgyrsh
غافلگیرم	111	ghaflgyrm
غواص	111	ghvas
فت	111	ft
فرستی	111	frsty
فست	111	fst
فلتچر	111	fltchr
فیدل	111	fydl
قدغن	111	ghdghn
قرضه	111	ghrzh
لنکستر	111	lnkstr
متقاعدم	111	mtghadm
مضخرفه	111	mzkhrfh
میدهیم	111	mydhym
نادرستی	111	nadrsty
نازنین	111	naznyn
نترسیده	111	ntrsydh
نریز	111	nryz
نفرتون	111	nfrtvn
نمیشود	111	nmyshvd
نویسندگی	111	nvysndgy
نیها	111	nyha
هامپتی	111	hampty
هایمان	111	hayman
هیه	111	hyh
وااای	111	vay
وانکو	111	vankv
ورودتون	111	vrvdtvn
وسواسی	111	vsvasy
وهله	111	vhlh
ویتمور	111	vytmvr
پاساژ	111	pasazh
پروتستان	111	prvtstan
پزی	111	pzy
پوف	111	pvf
چندانی	111	chndany
کری؟	111	kry
کشوندم	111	kshvndm
کشیدنت	111	kshydnt
گردین	111	grdyn
گلم	111	glm
گوشات	111	gvshat
گوگوریو	111	gvgvryv
آشغالای	110	ashghalay
آفلاین	110	aflayn
ابلیس	110	ablys
ادیس	110	adys
استشمام	110	astshmam
افکارش	110	afkarsh
الوار	110	alvar
الگویی	110	algvyy
انباره	110	anbarh
ایبتسن	110	aybtsn
ایری	110	ayry
بدانید	110	bdanyd
بدترم	110	bdtrm
بذاریدش	110	bzarydsh
برادره	110	bradrh
برنخوره	110	brnkhvrh
بروشور	110	brvshvr
بشمارم	110	bshmarm
بلاد	110	blad
بندیم	110	bndym
بوربن	110	bvrbn
تردستی	110	trdsty
ترکونده	110	trkvndh
تغییره	110	tghyyrh
توپها	110	tvpha
تیمه	110	tymh
جذبه	110	jzbh
حدث	110	hds
حسام	110	hsam
حسم	110	hsm
خلافش	110	khlafsh
خونه؟	110	khvnh
خوکها	110	khvkha
درهرصورت	110	drhrsvrt
دنبالمونه	110	dnbalmvnh
دوبله	110	dvblh
دونستین	110	dvnstyn
رابرتسون	110	rabrtsvn
ربودن	110	rbvdn
رختخوابت	110	rkhtkhvabt
رهایش	110	rhaysh
ریوی	110	ryvy
زری	110	zry
زنشو	110	znshv
سؤالات	110	salat
سراپا	110	srapa
سنگهای	110	snghay
سومالی	110	svmaly
شدیده	110	shdydh
شرما	110	shrma
شناسیش؟	110	shnasysh
شیلینگ	110	shylyng
ضایعات	110	zayat
طراحیش	110	trahysh
طنین	110	tnyn
عزیزه	110	zyzh
غاصب	110	ghasb
فریم	110	frym
قبالش	110	ghbalsh
قت	110	ght
قلقلک	110	ghlghlk
لاکشمی	110	lakshmy
لبنان	110	lbnan
مالکولم	110	malkvlm
مسترز	110	mstrz
مشقت	110	mshght
معرفیش	110	mrfysh
منتقد	110	mntghd
منوی	110	mnvy
میدیدیم	110	mydydym
میذاشتیم	110	myzashtym
میرسونیم	110	myrsvnym
میگردی؟	110	mygrdy
نخونده	110	nkhvndh
نشود	110	nshvd
نفرستادم	110	nfrstadm
نموندم	110	nmvndm
نمیتواند	110	nmytvand
نمیدونند	110	nmydvnnd
هدایای	110	hdayay
همراهشه	110	hmrahshh
همسفر	110	hmsfr
همکارات	110	hmkarat
هیولاهایی	110	hyvlahayy
وجودی	110	vjvdy
وسایلمو	110	vsaylmv
پادشاهش	110	padshahsh
پسرات	110	psrat
پناهگاهی	110	pnahgahy
پولشونو	110	pvlshvnv
پیرت	110	pyrt
پیغامتون	110	pyghamtvn
پیچید	110	pychyd
پیگیر	110	pygyr
ژامبون	110	zhambvn
کتری	110	ktry
کدی	110	kdy
کسری	110	ksry
کفشش	110	kfshsh
کونده	110	kvndh
گانر	110	ganr
گمت	110	gmt
گودوین	110	gvdvyn
گویندا	110	gvynda
ائتلاف	109	atlaf
اختراعش	109	akhtrash
استاین	109	astayn
استحکام	109	asthkam
استرایکر	109	astraykr
اقایان	109	aghayan
الوین	109	alvyn
انتظاره	109	antzarh
انتقامت	109	antghamt
اومار	109	avmar
باباجون	109	babajvn
باخودم	109	bakhvdm
بافته	109	bafth
بالدوین	109	baldvyn
ببیندت	109	bbyndt
بدوه	109	bdvh
بشمر	109	bshmr
بندت	109	bndt
بیزار	109	byzar
ترسیدیم	109	trsydym
تلویزیونه	109	tlvyzyvnh
تپ	109	tp
جابجاش	109	jabjash
جادوت	109	jadvt
خوردگی	109	khvrdgy
دئون	109	dvn
دهندگان	109	dhndgan
دیگل	109	dygl
رابینز	109	rabynz
روانپزشکی	109	rvanpzshky
رونان	109	rvnan
ریئس	109	rys
زاره	109	zarh
زوردان	109	zvrdan
زیبائی	109	zybay
ساختین	109	sakhtyn
سبقت	109	sbght
سلاحت	109	slaht
سلب	109	slb
سوابقش	109	svabghsh
سوزونه	109	svzvnh
شدیدتر	109	shdydtr
طرف؟	109	trf
طلبت	109	tlbt
عاشقونه	109	ashghvnh
عصرتون	109	srtvn
فرز	109	frz
فصلی	109	fsly
فکرتو	109	fkrtv
قربونت	109	ghrbvnt
قفلی	109	ghfly
لیرد	109	lyrd
مؤثر	109	msr
مالاریا	109	malarya
ماهیشماتی	109	mahyshmaty
مبهمه	109	mbhmh
متشکرم،	109	mtshkrm
مجازه	109	mjazh
مردمانی	109	mrdmany
مسخرت	109	mskhrt
مصیبتی	109	msybty
مظنونی	109	mznvny
معادلات	109	madlat
معروفترین	109	mrvftryn
مقالات	109	mghalat
مقدونیه	109	mghdvnyh
منطبق	109	mntbgh
میگویم	109	mygvym
نرسیدی	109	nrsydy
نه٬	109	nh
نوید	109	nvyd
نکند	109	nknd
نیازش	109	nyazsh
نیکل	109	nykl
هممم؟	109	hm
هیز	109	hyz
پرتم	109	prtm
پیشونی	109	pyshvny
پیشین	109	pyshyn
چخه	109	chkhh
چروکین	109	chrvkyn
کارولینای	109	karvlynay
کازینوی	109	kazynvy
کتنس	109	ktns
کریدی	109	krydy
کمربندتو	109	kmrbndtv
کمیل	109	kmyl
کندال	109	kndal
کنونی	109	knvny
گرنتام	109	grntam
گروگانها	109	grvganha
گورخر	109	gvrkhr
گینه	109	gynh
یونو	109	yvnv
ییگر	109	yygr
آمادگیشو	108	amadgyshv
آنجایی	108	anjayy
استنتون	108	astntvn
استنشاق	108	astnshagh
اشیای	108	ashyay
اینطوریه؟	108	ayntvryh
ایگ	108	ayg
بازیگره	108	bazygrh
ببرمشون	108	bbrmshvn
ببرها	108	bbrha
ببیننت	108	bbynnt
بلیکوف	108	blykvf
بنسون	108	bnsvn
بیافتم	108	byaftm
تختی	108	tkhty
تماست	108	tmast
تنته	108	tnth
تنگو	108	tngv
جذبش	108	jzbsh
خدماتی	108	khdmaty
خندیدی	108	khndydy
خوت	108	khvt
دارنلی	108	darnly
دستشوئی	108	dstshvy
دوجانبه	108	dvjanbh
دیکه	108	dykh
سانیر	108	sanyr
ساگارا	108	sagara
سرا	108	sra
سوسکه	108	svskh
شهوانی	108	shhvany
طرفین	108	trfyn
طلائی	108	tlay
عقلانی	108	ghlany
عود	108	vd
فاتحه	108	fathh
فدراله	108	fdralh
فراغت	108	fraght
فرجام	108	frjam
فردای	108	frday
فرصتیه	108	frstyh
فلسطینی	108	flstyny
فندق	108	fndgh
قاط	108	ghat
مارونی	108	marvny
ماچته	108	machth
مقصدمون	108	mghsdmvn
مهارتت	108	mhartt
موافقین	108	mvafghyn
میخان	108	mykhan
میخوابن	108	mykhvabn
میخوردن	108	mykhvrdn
میخوندی	108	mykhvndy
نجیبی	108	njyby
نمکه	108	nmkh
نمیبینمش	108	nmybynmsh
نمیرسم	108	nmyrsm
نواز	108	nvaz
نپال	108	npal
نکشین	108	nkshyn
نیومدین	108	nyvmdyn
واجبه	108	vajbh
واروس	108	varvs
واقعیتی	108	vaghyty
وندال	108	vndal
وندل	108	vndl
پشمی	108	pshmy
پورتوس	108	pvrtvs
پوشوندن	108	pvshvndn
پیشنهادتون	108	pyshnhadtvn
پیچه	108	pychh
چطورین؟	108	chtvryn
کارلتون	108	karltvn
کامپیوترم	108	kampyvtrm
کلاسیکه	108	klasykh
کمیابه	108	kmyabh
کورتز	108	kvrtz
کوهه	108	kvhh
کیز	108	kyz
گروبر	108	grvbr
گلبرگ	108	glbrg
گناهش	108	gnahsh
یوتا	108	yvta
آدا	107	ada
آرو	107	arv
آزاری	107	azary
آلتت	107	altt
آمریکاییها	107	amrykayyha
اجزای	107	ajzay
اخباری	107	akhbary
اعترافی	107	atrafy
انگ	107	ang
ایلیا	107	aylya
بااین	107	baayn
بادقت	107	badght
بازگشتم	107	bazgshtm
بالان	107	balan
بسپاری	107	bspary
بشناس	107	bshnas
بشوم	107	bshvm
بچگانه	107	bchganh
بیافتی	107	byafty
بیزارم	107	byzarm
بیمارم	107	bymarm
تاتل	107	tatl
ترسش	107	trssh
تفنگداران	107	tfngdaran
تلفنتون	107	tlfntvn
تکبر	107	tkbr
جانه	107	janh
جدیدته	107	jdydth
جلویه	107	jlvyh
جوابه	107	jvabh
جیکب	107	jykb
حتمآ	107	htma
حرکتمون	107	hrktmvn
خرچنگی	107	khrchngy
درای	107	dray
درگیره	107	drgyrh
دزدیم	107	dzdym
رقیق	107	rghygh
رهات	107	rhat
رورک	107	rvrk
روهیت	107	rvhyt
رویام	107	rvyam
سابرینا	107	sabryna
ساعتو	107	satv
سالشه؟	107	salshh
سرهای	107	srhay
سزاوارش	107	szavarsh
سندرز	107	sndrz
سیاستمداران	107	syastmdaran
سینکلر	107	synklr
شجاعتت	107	shjatt
شروعی	107	shrvy
شهرتون	107	shhrtvn
عاجز	107	ajz
عمره	107	mrh
عینکت	107	ynkt
فروم	107	frvm
قدرتهای	107	ghdrthay
قراردادمون	107	ghrardadmvn
لشت	107	lsht
مؤدبانه	107	mdbanh
مارلون	107	marlvn
متنفریم	107	mtnfrym
مشه	107	mshh
مصرفی	107	msrfy
مقصره	107	mghsrh
منده	107	mndh
میدونستند	107	mydvnstnd
میشورم	107	myshvrm
میپاشه	107	mypashh
میگردند	107	mygrdnd
ندادید	107	ndadyd
نمیدارم	107	nmydarm
نمیفتاد	107	nmyftad
نوبتت	107	nvbtt
نوشتمش	107	nvshtmsh
هایتان	107	haytan
هذیان	107	hzyan
هواکش	107	hvaksh
والاتر	107	valatr
وجهه	107	vjhh
ورودش	107	vrvdsh
ویلند	107	vylnd
پائولی	107	pavly
پستش	107	pstsh
پلانکتون	107	planktvn
پینک	107	pynk
چنانچه	107	chnanchh
کدوم؟	107	kdvm
کودکانه	107	kvdkanh
کونتون	107	kvntvn
کیلوگرم	107	kylvgrm
گذران	107	gzran
گردوند	107	grdvnd
گیلیس	107	gylys
یهودیا	107	yhvdya
آنجلینا	106	anjlyna
احترامات	106	ahtramat
احسن	106	ahsn
ازدحام	106	azdham
ازدواجی	106	azdvajy
استاکس	106	astaks
استراتژیک	106	astratzhyk
استگ	106	astg
المان	106	alman
انحصار	106	anhsar
انگشتان	106	angshtan
اواز	106	avaz
اوتر	106	avtr
اولد	106	avld
اینن	106	aynn
باخودت	106	bakhvdt
باربر	106	barbr
باروری	106	barvry
بالغی	106	balghy
براه	106	brah
برایتان	106	braytan
بردارش	106	brdarsh
برمیگردین	106	brmygrdyn
برمیگشتم	106	brmygshtm
بسمه	106	bsmh
بلفورت	106	blfvrt
بهیچ	106	bhych
بکشتت	106	bkshtt
بگذر	106	bgzr
بیگناهم	106	bygnahm
تاریخه	106	tarykhh
تشبیه	106	tshbyh
توتم	106	tvtm
جرائمی	106	jramy
حدسی	106	hdsy
حسابرسی	106	hsabrsy
خونمه	106	khvnmh
خونمو	106	khvnmv
دانمارک	106	danmark
دشمنامون	106	dshmnamvn
دشمنش	106	dshmnsh
دشواری	106	dshvary
دورتره	106	dvrtrh
دورشو	106	dvrshv
دگرگونی	106	dgrgvny
رستورانه	106	rstvranh
زالو	106	zalv
زیارت	106	zyart
زیرپوش	106	zyrpvsh
سرزمینهای	106	srzmynhay
سعیت	106	syt
شناختیم	106	shnakhtym
شناگر	106	shnagr
عشاق	106	shagh
عمرتو	106	mrtv
فرضا	106	frza
فروختیم	106	frvkhtym
فوقالعاده	106	fvghaladh
فیلمم	106	fylmm
لاشخورها	106	lashkhvrha
لاکهارت	106	lakhart
مانیکا	106	manyka
متاهله	106	mtahlh
مترومن	106	mtrvmn
محک	106	mhk
مسئولی	106	msvly
مسی	106	msy
میافتیم	106	myaftym
میدیدن	106	mydydn
میذاشتن	106	myzashtn
میچرخن	106	mychrkhn
میگذاره	106	mygzarh
میگفته	106	mygfth
ناخودآگاهش	106	nakhvdagahsh
نسا	106	nsa
نمیخواستن	106	nmykhvastn
نمیشناسن	106	nmyshnasn
نندازی	106	nndazy
نوبه	106	nvbh
نگهبانای	106	nghbanay
نگهبانه	106	nghbanh
نیک؟	106	nyk
هاید	106	hayd
هضمش	106	hzmsh
وارنر	106	varnr
واستاده	106	vastadh
ورجه	106	vrjh
ویتنامی	106	vytnamy
پتوی	106	ptvy
پرشین	106	prshyn
پریان	106	pryan
پلیسهای	106	plyshay
کاهو	106	kahv
کربی	106	krby
کلان	106	klan
کلرادو	106	klradv
کلیدو	106	klydv
کلیساست	106	klysast
گلخونه	106	glkhvnh
گوستاوو	106	gvstavv
آجری	105	ajry
آجی	105	ajy
آره،خب	105	arhkhb
آهنگساز	105	ahngsaz
آویزان	105	avyzan
آگست	105	agst
ارتشت	105	artsht
استراحتگاه	105	astrahtgah
استقرار	105	astghrar
استناد	105	astnad
استیشن	105	astyshn
اطرافتون	105	atraftvn
امو	105	amv
انتقالی	105	antghaly
اینطرفا	105	ayntrfa
بائر	105	bar
بالام	105	balam
برمیگردونی	105	brmygrdvny
بسوزونم	105	bsvzvnm
بشاشی	105	bshashy
بشون	105	bshvn
بع	105	b
بنویسین	105	bnvysyn
بکشیمشون	105	bkshymshvn
بگذرن	105	bgzrn
بیم	105	bym
تارتاروس	105	tartarvs
تحویلت	105	thvylt
تخمیت	105	tkhmyt
تواین	105	tvayn
جبر	105	jbr
حساسم	105	hsasm
حواله	105	hvalh
خا	105	kha
خدمتکاری	105	khdmtkary
خشکسالی	105	khshksaly
داریه	105	daryh
دربیارید	105	drbyaryd
درسم	105	drsm
درکشون	105	drkshvn
دزدیدیش	105	dzdydysh
دهمین	105	dhmyn
دودول	105	dvdvl
دوگل	105	dvgl
ربانی	105	rbany
روسا	105	rvsa
زادگاه	105	zadgah
زشتم	105	zshtm
زیرت	105	zyrt
سختتر	105	skhttr
سیتادل	105	sytadl
شادترین	105	shadtryn
صلحی	105	slhy
طرفدارهای	105	trfdarhay
عهدنامه	105	hdnamh
غمگینی	105	ghmgyny
فاوست	105	favst
فرصتت	105	frstt
فیلیپا	105	fylypa
لطفتون	105	ltftvn
لوزالمعده	105	lvzalmdh
لیاقتت	105	lyaghtt
ماشینشو	105	mashynshv
ماموریتش	105	mamvrytsh
متحدان	105	mthdan
مجازاتی	105	mjazaty
مجرمانه	105	mjrmanh
مدارا	105	mdara
معاونت	105	mavnt
ملیه	105	mlyh
منتظرتونه	105	mntzrtvnh
مندم	105	mndm
مهارتهای	105	mharthay
موادمخدر	105	mvadmkhdr
موریسون	105	mvrysvn
موطلایی	105	mvtlayy
میبازی	105	mybazy
میخندم	105	mykhndm
میدزدی	105	mydzdy
میسپارم	105	mysparm
نارسایی	105	narsayy
ناقصه	105	naghsh
نخوان	105	nkhvan
هرناندز	105	hrnandz
وخیمه	105	vkhymh
ورت	105	vrt
ویدئوی	105	vydvy
ویل؟	105	vyl
پاکان	105	pakan
پترا	105	ptra
پروازتون	105	prvaztvn
پلیسیم	105	plysym
پیراشکی	105	pyrashky
چنکوف	105	chnkvf
چیزیمون	105	chyzymvn
کارامون	105	karamvn
کانوی	105	kanvy
کرد؟	105	krd
کلنجار	105	klnjar
گارنر	105	garnr
یوگی	105	yvgy
آرزوهات	104	arzvhat
آلدو	104	aldv
ادبانه	104	adbanh
اسمشه	104	asmshh
امریکای	104	amrykay
انت	104	ant
انگیزترین	104	angyztryn
ایثر	104	aysr
اینجائی	104	aynjay
بازیمون	104	bazymvn
بالم	104	balm
بامپی	104	bampy
باوری	104	bavry
برانکس	104	branks
بقیشو	104	bghyshv
بمانم	104	bmanm
بیاریدشون	104	byarydshvn
بیسکوئیت	104	byskvyt
تترو	104	ttrv
ترکوندم	104	trkvndm
ترکیده	104	trkydh
تماستون	104	tmastvn
توباید	104	tvbayd
جدیدشون	104	jdydshvn
جراتی	104	jraty
جروبحث	104	jrvbhs
جماهیر	104	jmahyr
حلا	104	hla
خبرتون	104	khbrtvn
خبرچینی	104	khbrchyny
خجالتیه	104	khjaltyh
خعلی	104	khly
خلاصی	104	khlasy
دارنده	104	darndh
داستانهایی	104	dastanhayy
دفتره	104	dftrh
دفنشون	104	dfnshvn
دلاوری	104	dlavry
دوکز	104	dvkz
ذ	104	z
راستین	104	rastyn
رزیتا	104	rzyta
روشو	104	rvshv
زاکیا	104	zakya
زمینهای	104	zmynhay
ساندویچی	104	sandvychy
ساوانا	104	savana
سرشناس	104	srshnas
سلاحها	104	slahha
شاگردی	104	shagrdy
شناسنامه	104	shnasnamh
شکرگذاری	104	shkrgzary
شکلک	104	shklk
شیاد	104	shyad
شیو	104	shyv
صحبتم	104	shbtm
طنابها	104	tnabha
فاولر	104	favlr
فجیعی	104	fjyy
فراخوان	104	frakhvan
فکرایی	104	fkrayy
قرنها	104	ghrnha
لول	104	lvl
متمایز	104	mtmayz
متنفرند	104	mtnfrnd
مجادله	104	mjadlh
مجارستان	104	mjarstan
محافظتی	104	mhafzty
محضر	104	mhzr
مرتبطه	104	mrtbth
معروفم	104	mrvfm
مهمونمون	104	mhmvnmvn
موتورت	104	mvtvrt
مورالس	104	mvrals
موقرمز	104	mvghrmz
میبودی	104	mybvdy
میخندید	104	mykhndyd
میشینن	104	myshynn
میکشونه	104	mykshvnh
میکل	104	mykl
نامفهوم	104	namfhvm
نعنایی	104	nnayy
نفهمیم	104	nfhmym
نمیگفت	104	nmygft
نگذشت	104	ngzsht
نیکولز	104	nykvlz
هاب	104	hab
هتلم	104	htlm
هردوتا	104	hrdvta
هلم	104	hlm
ویولت	104	vyvlt
پشتتو	104	pshttv
پیشونیت	104	pyshvnyt
چاقویی	104	chaghvyy
کجائی	104	kjay
کرول	104	krvl
کریستا	104	krysta
کلاین	104	klayn
گفتنت	104	gftnt
آشغالن	103	ashghaln
آلتش	103	altsh
آموزا	103	amvza
ابهام	103	abham
استارلبز	103	astarlbz
اعتمادشون	103	atmadshvn
الیا	103	alya
امبولانس	103	ambvlans
امدن	103	amdn
اندازش	103	andazsh
انزوا	103	anzva
اولشم	103	avlshm
ایستر	103	aystr
اینقدرها	103	aynghdrha
باخودش	103	bakhvdsh
ببندیمش	103	bbndymsh
بسازند	103	bsaznd
بشمرم	103	bshmrm
بلغارستان	103	blgharstan
بلندم	103	blndm
بکوب	103	bkvb
بیریخت	103	byrykht
تجهیز	103	tjhyz
ترکشون	103	trkshvn
تیل	103	tyl
تیمتون	103	tymtvn
جانگو	103	jangv
جولیوس	103	jvlyvs
حالات	103	halat
حیواناتی	103	hyvanaty
خانمهای	103	khanmhay
خطرن	103	khtrn
درهر	103	drhr
دندونش	103	dndvnsh
دیپلمات	103	dyplmat
دیکتاتوری	103	dyktatvry
راندا	103	randa
رانندگیت	103	ranndgyt
رایحه	103	rayhh
رولند	103	rvlnd
روپرت	103	rvprt
زوبا	103	zvba
زیرکی	103	zyrky
سخره	103	skhrh
سرورها	103	srvrha
شاهدها	103	shahdha
شاون	103	shavn
شرافتمند	103	shraftmnd
شکله	103	shklh
شیث	103	shys
صداشونو	103	sdashvnv
صورتیه	103	svrtyh
علفزار	103	lfzar
عمان	103	man
فا	103	fa
فجیع	103	fjy
فروشیه	103	frvshyh
لباسهام	103	lbasham
لرزید	103	lrzyd
لزوم	103	lzvm
مامانته	103	mamanth
مراقبته	103	mraghbth
مستحقش	103	msthghsh
مسیرت	103	msyrt
مشروع	103	mshrv
معطوف	103	mtvf
مقتدر	103	mghtdr
موندنه	103	mvndnh
موهاتون	103	mvhatvn
میمونا	103	mymvna
میگ	103	myg
نامشخصه	103	namshkhsh
نجنگ	103	njng
ننداخته	103	nndakhth
نیترات	103	nytrat
هاا	103	haa
هارلان	103	harlan
هالووی	103	halvvy
هوابند	103	hvabnd
هیاهو	103	hyahv
ولنتینا	103	vlntyna
پش	103	psh
پوششت	103	pvshsht
پیامد	103	pyamd
چرخید	103	chrkhyd
چسبونده	103	chsbvndh
چفت	103	chft
کینم	103	kynm
گاوی	103	gavy
گاوین	103	gavyn
گاییدی	103	gayydy
یوسئونگ	103	yvsvng
آسمونه	102	asmvnh
استادش	102	astadsh
استحکامات	102	asthkamat
اسما	102	asma
اعانه	102	aanh
اودا	102	avda
اولمو	102	avlmv
ایز	102	ayz
ایین	102	ayyn
ببخشیم	102	bbkhshym
بزرگترها	102	bzrgtrha
بشتر	102	bshtr
بشکل	102	bshkl
بومبور	102	bvmbvr
بیر	102	byr
تز	102	tz
تعریفی	102	tryfy
تعطیلش	102	ttylsh
توافقمون	102	tvafghmvn
تونستی؟	102	tvnsty
تگ	102	tg
تیلا	102	tyla
ثانوی	102	sanvy
جاسمین	102	jasmyn
جالبتر	102	jalbtr
جذابیه	102	jzabyh
جنایتکاران	102	jnaytkaran
جنگها	102	jngha
حیون	102	hyvn
خرجی	102	khrjy
خیرخواه	102	khyrkhvah
دادخواهی	102	dadkhvahy
دانستم	102	danstm
درستت	102	drstt
دوستاشون	102	dvstashvn
دوستامه	102	dvstamh
دومنیک	102	dvmnyk
دیگس	102	dygs
رئوف	102	rvf
روحتم	102	rvhtm
رینولدز	102	rynvldz
ساختگیه	102	sakhtgyh
سقفه	102	sghfh
سموم	102	smvm
سنداستورم	102	sndastvrm
سوزوندی	102	svzvndy
سولارا	102	svlara
سپرت	102	sprt
شاشیدم	102	shashydm
شاهان	102	shahan
شاوشنک	102	shavshnk
شمارت	102	shmart
شماهم	102	shmahm
شنوید	102	shnvyd
شینیگامی	102	shynygamy
طبیعته	102	tbyth
طوریش	102	tvrysh
فرگوسن	102	frgvsn
فرید	102	fryd
فناپذیر	102	fnapzyr
فهمیدید؟	102	fhmydyd
فوریت	102	fvryt
فکرکردی	102	fkrkrdy
ق	102	gh
قابلمه	102	ghablmh
قاتلا	102	ghatla
قطعیه	102	ghtyh
قمر	102	ghmr
مارشا	102	marsha
ماندوا	102	mandva
ماهش	102	mahsh
مایکلز	102	mayklz
متفقین	102	mtfghyn
مجاور	102	mjavr
مخالفی	102	mkhalfy
مدلش	102	mdlsh
ملفیسنت	102	mlfysnt
منگ	102	mng
میخندی؟	102	mykhndy
میدونی،من	102	mydvnymn
میرقصیم	102	myrghsym
میریزیم	102	myryzym
میشناسند	102	myshnasnd
میندازمش	102	myndazmsh
میویس	102	myvys
ناخوشی	102	nakhvshy
نامادری	102	namadry
ناممکن	102	nammkn
نبرم	102	nbrm
نترسیدی	102	ntrsydy
هاوکینگ	102	havkyng
هری؟	102	hry
هنرمندی	102	hnrmndy
هنگامیکه	102	hngamykh
هولوگرام	102	hvlvgram
ووا	102	vva
پاتریشیا	102	patryshya
پارادوکس	102	paradvks
چاقم	102	chaghm
چشمامون	102	chshmamvn
کابال	102	kabal
کارگرهای	102	kargrhay
کتبی	102	ktby
کرگ	102	krg
کسشعر	102	ksshr
کلایتون	102	klaytvn
گردنه	102	grdnh
گریان	102	gryan
گوشزد	102	gvshzd
آفرید	101	afryd
آمیاس	101	amyas
ادلر	101	adlr
اسکراپی	101	askrapy
اسکینر	101	askynr
اعضاء	101	aza
افرادتو	101	afradtv
السلام	101	alslam
اموز	101	amvz
انیمیشن	101	anymyshn
اگوست	101	agvst
باارزشه	101	baarzshh
ببنیم	101	bbnym
بدور	101	bdvr
براینی	101	brayny
برطبق	101	brtbgh
بسختی	101	bskhty
بونو	101	bvnv
بینیه	101	bynyh
تخماش	101	tkhmash
تسریع	101	tsry
تقصیری	101	tghsyry
تلاششون	101	tlashshvn
تلوزیونی	101	tlvzyvny
تچ	101	tch
ثروتش	101	srvtsh
جامد	101	jamd
جرا	101	jra
جنایتکارها	101	jnaytkarha
جیزی	101	jyzy
حسودیش	101	hsvdysh
حمایتی	101	hmayty
خانوم؟	101	khanvm
خب،ما	101	khbma
خبرمون	101	khbrmvn
خدایانی	101	khdayany
خوابای	101	khvabay
داروساز	101	darvsaz
دوربینی	101	dvrbyny
دوستدارم	101	dvstdarm
رنگهای	101	rnghay
روبرتا	101	rvbrta
روزایی	101	rvzayy
ریدل	101	rydl
زاپاتا	101	zapata
زخمم	101	zkhmm
زرین	101	zryn
سرتونو	101	srtvnv
سردرگمی	101	srdrgmy
سمیه	101	smyh
شدگان	101	shdgan
شنویم	101	shnvym
صحبتمون	101	shbtmvn
صحبتهای	101	shbthay
صفرا	101	sfra
عبدالله	101	bdallh
عروق	101	rvgh
عینکم	101	ynkm
فروختمش	101	frvkhtmsh
فضاییه	101	fzayyh
قزاقستان	101	ghzaghstan
لاودا	101	lavda
لطیفه	101	ltyfh
مادرا	101	madra
ماهیانه	101	mahyanh
مخشو	101	mkhshv
میاریش	101	myarysh
میترسی؟	101	mytrsy
میشناختیش	101	myshnakhtysh
میلرزی	101	mylrzy
میلیونه	101	mylyvnh
نشنیدی؟	101	nshnydy
نفعت	101	nft
نمیزارن	101	nmyzarn
نمیگفتم	101	nmygftm
ننوشتی	101	nnvshty
نکشتن	101	nkshtn
نگیرن	101	ngyrn
هروتگار	101	hrvtgar
هیچکاک	101	hychkak
والار	101	valar
وایستم	101	vaystm
وایولت	101	vayvlt
وسیعی	101	vsyy
ولادیمیر	101	vladymyr
ولتری	101	vltry
پارازیت	101	parazyt
پتاسیم	101	ptasym
پدرشم	101	pdrshm
پرسن	101	prsn
پسته	101	psth
پسرو	101	psrv
پنجمی	101	pnjmy
پونتون	101	pvntvn
پوگو	101	pvgv
چمدونت	101	chmdvnt
کاربر	101	karbr
کتش	101	ktsh
گاتری	101	gatry
گردونید	101	grdvnyd
گوترد	101	gvtrd
گولد	101	gvld
آرامشه	100	aramshh
آقاهه	100	aghahh
اتاقمون	100	ataghmvn
اجدادمون	100	ajdadmvn
ارزوی	100	arzvy
اسماعیل	100	asmayl
اسپایک	100	aspayk
اشه	100	ashh
الغول	100	alghvl
باکو	100	bakv
بتوانم	100	btvanm
بخندن	100	bkhndn
بشناسیش	100	bshnasysh
بلکوی	100	blkvy
تاپر	100	tapr
تصمیماتی	100	tsmymaty
تعدیل	100	tdyl
تیلر	100	tylr
جایگر	100	jaygr
جرن	100	jrn
جریانش	100	jryansh
جسده	100	jsdh
جو؟	100	jv
حوش	100	hvsh
حکمی	100	hkmy
خوابمون	100	khvabmvn
خوب،پس	100	khvbps
خورخه	100	khvrkhh
دایه	100	dayh
درستکاری	100	drstkary
دریاست	100	dryast
دزدیدند	100	dzdydnd
دقایق	100	dghaygh
دیان	100	dyan
دیسپتیکان	100	dysptykan
ردراک	100	rdrak
ریزم	100	ryzm
زمانم	100	zmanm
زیردست	100	zyrdst
سلامتیت	100	slamtyt
سمینار	100	smynar
سنجاقک	100	snjaghk
سوارت	100	svart
شامی	100	shamy
شبونه	100	shbvnh
شماهاست	100	shmahast
شکاک	100	shkak
فرارش	100	frarsh
فرانچسکا	100	franchska
فرزندانم	100	frzndanm
فهمند	100	fhmnd
قاصد	100	ghasd
لاغره	100	laghrh
لگولاس	100	lgvlas
محبوبیت	100	mhbvbyt
مخاطب	100	mkhatb
مصرفه	100	msrfh
مطمئنید؟	100	mtmnyd
معطلشون	100	mtlshvn
مناقصه	100	mnaghsh
منبعی	100	mnby
موزلی	100	mvzly
موقعیتم	100	mvghytm
مونته	100	mvnth
میپرسیدم	100	myprsydm
ندزدیده	100	ndzdydh
نزدیکت	100	nzdykt
نفر؟	100	nfr
نمیشینی	100	nmyshyny
نمیفهمید	100	nmyfhmyd
نگهدارم	100	nghdarm
نیاوردن	100	nyavrdn
هاکو	100	hakv
ورای	100	vray
وینترز	100	vyntrz
پدرانه	100	pdranh
پرتاپ	100	prtap
پروازش	100	prvazsh
چهاره	100	chharh
ژولیت	100	zhvlyt
کالاهان	100	kalahan
کتابچه	100	ktabchh
کریل	100	kryl
کز	100	kz
کلوسو	100	klvsv
کوتاهش	100	kvtahsh
کودکستان	100	kvdkstan
کوکا	100	kvka
کیرمو	100	kyrmv
آره،تو	99	arhtv
آلتم	99	altm
آلدوس	99	aldvs
اجدادم	99	ajdadm
استخدامی	99	astkhdamy
اصطلاحی	99	astlahy
اعتنا	99	atna
افتند	99	aftnd
افراط	99	afrat
الاکی	99	alaky
الگوهای	99	algvhay
اونصورت	99	avnsvrt
اونن	99	avnn
بادیگارد	99	badygard
بازنویسی	99	baznvysy
باندازه	99	bandazh
برسلین	99	brslyn
برقه	99	brghh
برمیومد	99	brmyvmd
برنمیداری	99	brnmydary
بشناسید	99	bshnasyd
بورک	99	bvrk
بچست	99	bchst
بینتون	99	byntvn
تابستونه	99	tabstvnh
تاجی	99	tajy
تراشی	99	trashy
ترکید	99	trkyd
تساوی	99	tsavy
تشخیصش	99	tshkhyssh
تلاشتون	99	tlashtvn
تلفنتو	99	tlfntv
تماشاش	99	tmashash
تنهائی	99	tnhay
حالتش	99	haltsh
حلقت	99	hlght
حمایتش	99	hmaytsh
خبرشون	99	khbrshvn
خبرگزاری	99	khbrgzary
خدایی؟	99	khdayy
خشمش	99	khshmsh
خلا	99	khla
خواهرات	99	khvahrat
داستانیه	99	dastanyh
دانشمندا	99	danshmnda
دانشمندی	99	danshmndy
داگی	99	dagy
دخلمون	99	dkhlmvn
دغدغه	99	dghdghh
دلنشین	99	dlnshyn
دنبالمه	99	dnbalmh
دیگرو	99	dygrv
راستتون	99	rasttvn
زنایی	99	znayy
زندن	99	zndn
سلی	99	sly
شرکتهای	99	shrkthay
صفات	99	sfat
ضدعفونی	99	zdfvny
عمویم	99	mvym
فرانسوا	99	fransva
فشاره	99	fsharh
فونگ	99	fvng
قرارداده	99	ghrardadh
قسمته	99	ghsmth
قیر	99	ghyr
لازمشون	99	lazmshvn
لوگو	99	lvgv
لیان	99	lyan
مانعش	99	mansh
مسئولان	99	msvlan
مسکونی	99	mskvny
مغزتون	99	mghztvn
مقدارش	99	mghdarsh
ممنوعیت	99	mmnvyt
منطورم	99	mntvrm
منهای	99	mnhay
مهمونای	99	mhmvnay
مورداک	99	mvrdak
موندنت	99	mvndnt
مکانه	99	mkanh
میشمرم	99	myshmrm
میکنم؟	99	myknm
ناگفته	99	nagfth
نشناختمت	99	nshnakhtmt
نمیگین	99	nmygyn
نوردی	99	nvrdy
نیافتاد	99	nyaftad
هراسان	99	hrasan
همکاراش	99	hmkarash
هوود	99	hvvd
واژگون	99	vazhgvn
واگیردار	99	vagyrdar
وایسن	99	vaysn
وقتمونو	99	vghtmvnv
ویتکر	99	vytkr
پرداختی	99	prdakhty
پسرتم	99	psrtm
چراغو	99	chraghv
ژرف	99	zhrf
کاتلین	99	katlyn
کارآمد	99	karamd
کاغذها	99	kaghzha
کانور	99	kanvr
کتابدار	99	ktabdar
کلری	99	klry
کواید	99	kvayd
گذشتگی	99	gzshtgy
یاندو	99	yandv
یونایتد	99	yvnaytd
آرندل	98	arndl
آریادنی	98	aryadny
آیم	98	aym
ابونظیر	98	abvnzyr
اجابت	98	ajabt
اختاپوس	98	akhtapvs
اختیارش	98	akhtyarsh
ادبیه	98	adbyh
ارزونه	98	arzvnh
استکهاوس	98	astkhavs
اصلآ	98	asla
اطرافو	98	atrafv
اعتبارش	98	atbarsh
انجلینا	98	anjlyna
اندر	98	andr
انور	98	anvr
اونجاییکه	98	avnjayykh
بازداشته	98	bazdashth
بازگشتی	98	bazgshty
بترکه	98	btrkh
بدردنخور	98	bdrdnkhvr
برادرتم	98	bradrtm
بسپارم	98	bsparm
بفرستیمش	98	bfrstymsh
بنابرین	98	bnabryn
بپیچونی	98	bpychvny
بیشمار	98	byshmar
تئودن	98	tvdn
ترکی	98	trky
جانانه	98	jananh
جاک	98	jak
جرمت	98	jrmt
حرکاتش	98	hrkatsh
حماقته	98	hmaghth
خب،اگه	98	khbagh
خبرشو	98	khbrshv
خرگوشی	98	khrgvshy
خوب،این	98	khvbayn
خوشگلا	98	khvshgla
داستانای	98	dastanay
دایر	98	dayr
دز	98	dz
دورترین	98	dvrtryn
دولا	98	dvla
راجش	98	rajsh
ردپای	98	rdpay
رفتارتون	98	rftartvn
رفتنمون	98	rftnmvn
رودین	98	rvdyn
سایروس	98	sayrvs
سورن	98	svrn
شارژر	98	sharzhr
شانزدهم	98	shanzdhm
شوهرته	98	shvhrth
شیائوگوانگ	98	shyavgvang
ظرفشویی	98	zrfshvyy
عاری	98	ary
عقبش	98	ghbsh
علیهش	98	lyhsh
عمری	98	mry
غلام	98	ghlam
فداکار	98	fdakar
فراخونده	98	frakhvndh
فرستادیش	98	frstadysh
فرمانداری	98	frmandary
فکرکن	98	fkrkn
قسمتشه	98	ghsmtshh
لازلو	98	lazlv
لنوکس	98	lnvks
مالیا	98	malya
ماموریتم	98	mamvrytm
مجید	98	mjyd
محاسباتم	98	mhasbatm
مرام	98	mram
مطرحه	98	mtrhh
مطمین	98	mtmyn
منتشرش	98	mntshrsh
منه؟	98	mnh
موافقن	98	mvafghn
موردو	98	mvrdv
موزی	98	mvzy
مونتگومری	98	mvntgvmry
مکمل	98	mkml
مگنیتو	98	mgnytv
میترکونم	98	mytrkvnm
میزتون	98	myztvn
نابودیه	98	nabvdyh
نادانی	98	nadany
نمیندازم	98	nmyndazm
نوابی	98	nvaby
نیومکزیکو	98	nyvmkzykv
هرویین	98	hrvyyn
وسطشون	98	vstshvn
پشتشون	98	pshtshvn
پولیه	98	pvlyh
پیرزنه	98	pyrznh
چاندرا	98	chandra
کارتش	98	kartsh
کارگزار	98	kargzar
کامپتون	98	kamptvn
کریستف	98	krystf
کفشاتو	98	kfshatv
کلفتی	98	klfty
گرل	98	grl
آآ	97	aa
آبری	97	abry
آشامم	97	ashamm
آلیسه	97	alysh
اشباع	97	ashba
اقامتتون	97	aghamttvn
انجماد	97	anjmad
انحرافی	97	anhrafy
اوماتیکایا	97	avmatykaya
برادرانه	97	bradranh
براندا	97	branda
برحق	97	brhgh
برسونمتون	97	brsvnmtvn
بشکنن	97	bshknn
بعدآ	97	bda
بچشم	97	bchshm
بکشدش	97	bkshdsh
بکشمشون	97	bkshmshvn
بگذرونین	97	bgzrvnyn
بیعت	97	byt
تاثیرگذار	97	tasyrgzar
تاسک	97	task
تجارتی	97	tjarty
تصادفه	97	tsadfh
تعقیبه	97	tghybh
توجهم	97	tvjhm
توریستی	97	tvrysty
توهمه	97	tvhmh
توکه	97	tvkh
جدال	97	jdal
حر	97	hr
حرام	97	hram
حیوونه	97	hyvvnh
خلاصت	97	khlast
خوب،تو	97	khvbtv
خورید	97	khvryd
دردسرساز	97	drdsrsaz
دس	97	ds
دنبالمونن	97	dnbalmvnn
دکه	97	dkh
دیدارتون	97	dydartvn
دیوا	97	dyva
دیپلماسی	97	dyplmasy
راهه؟	97	rahh
رفیقش	97	rfyghsh
رنی	97	rny
رویاهاش	97	rvyahash
سالتزمن	97	saltzmn
سالشونه	97	salshvnh
سانتوس	97	santvs
سب	97	sb
سخنران	97	skhnran
سوسوکه	97	svsvkh
شادتر	97	shadtr
شدگی	97	shdgy
ضربانش	97	zrbansh
عزیزانم	97	zyzanm
علائمی	97	lamy
علاالدین	97	laaldyn
فرزندت	97	frzndt
فرناندز	97	frnandz
فونیکس	97	fvnyks
قرارتون	97	ghrartvn
لختم	97	lkhtm
لیلیان	97	lylyan
مجارستانی	97	mjarstany
مسیرم	97	msyrm
مورو	97	mvrv
میتونستین	97	mytvnstyn
میجنگید	97	myjngyd
میزبانی	97	myzbany
ناومی	97	navmy
نشوید	97	nshvyd
نمیسازه	97	nmysazh
نیوت	97	nyvt
هادسن	97	hadsn
هامه	97	hamh
هرب	97	hrb
هرصورت	97	hrsvrt
هنده	97	hndh
هورس	97	hvrs
هکرها	97	hkrha
واسط	97	vast
ورزیدن	97	vrzydn
وشما	97	vshma
ویچیتا	97	vychyta
ویکهام	97	vykham
پرداختم	97	prdakhtm
پشیزی	97	pshyzy
پلاکش	97	plaksh
پوشن	97	pvshn
کاتن	97	katn
کالف	97	kalf
کانلی	97	kanly
کاپون	97	kapvn
کرانچ	97	kranch
کسپر	97	kspr
کشتیرانی	97	kshtyrany
کلادیوس	97	kladyvs
گائیدم	97	gaydm
گارت	97	gart
گرجستان	97	grjstan
گوت	97	gvt
یواشتر	97	yvashtr
آره،ولی	96	arhvly
آموزشت	96	amvzsht
آنزیم	96	anzym
آنیا	96	anya
آوی	96	avy
اته	96	ath
استافنبرگ	96	astafnbrg
اسفنج	96	asfnj
اعتباریش	96	atbarysh
الفا	96	alfa
الکترو	96	alktrv
الیاف	96	alyaf
اندرز	96	andrz
ایمیلی	96	aymyly
باخ	96	bakh
بادهای	96	badhay
باریکه	96	barykh
باشم؟	96	bashm
بدردمون	96	bdrdmvn
بدگمان	96	bdgman
برانکارد	96	brankard
بریج	96	bryj
بعلت	96	blt
بلائی	96	blay
بورنز	96	bvrnz
بوسیده	96	bvsydh
بگمونم	96	bgmvnm
تحریکش	96	thryksh
تخمیه	96	tkhmyh
ترکه	96	trkh
تفنگها	96	tfngha
توروس	96	tvrvs
تیتان	96	tytan
جزغاله	96	jzghalh
جلودارش	96	jlvdarsh
جمی	96	jmy
جوینر	96	jvynr
حالاشم	96	halashm
حبسش	96	hbssh
حریق	96	hrygh
حسابها	96	hsabha
خدمتگذار	96	khdmtgzar
خوشحالی؟	96	khvshhaly
دانشمندم	96	danshmndm
دایسون	96	daysvn
دعواشون	96	dvashvn
دهنه	96	dhnh
رفیقیم	96	rfyghym
روسای	96	rvsay
زادگان	96	zadgan
زنتون	96	zntvn
سازن	96	sazn
سالگیش	96	salgysh
سدریک	96	sdryk
سرمونه	96	srmvnh
سندروم	96	sndrvm
شریفی	96	shryfy
صلحه	96	slhh
طوریکه	96	tvrykh
عهدی	96	hdy
غرقش	96	ghrghsh
فقراتش	96	fghratsh
فهمیدند	96	fhmydnd
فود	96	fvd
فکریه	96	fkryh
فیلیس	96	fylys
قبرت	96	ghbrt
قلدری	96	ghldry
قنداق	96	ghndagh
لاکوود	96	lakvvd
لبخندش	96	lbkhndsh
لبش	96	lbsh
لودندورف	96	lvdndvrf
لوگ	96	lvg
لیبرتی	96	lybrty
لیل	96	lyl
مختار	96	mkhtar
معرف	96	mrf
منتظرشم	96	mntzrshm
منتظرند	96	mntzrnd
مونیخ	96	mvnykh
میرسین	96	myrsyn
میفرستاد	96	myfrstad
میموندی	96	mymvndy
مینوشتم	96	mynvshtm
ناپاک	96	napak
نبایستی	96	nbaysty
نفرینی	96	nfryny
نیاریم	96	nyarym
هایس	96	hays
هدایا	96	hdaya
هرالد	96	hrald
هربرت	96	hrbrt
هلر	96	hlr
همسرمو	96	hmsrmv
همیش	96	hmysh
هواپیماش	96	hvapymash
هچ	96	hch
هیچیش	96	hychysh
واگنر	96	vagnr
ودرز	96	vdrz
وودز	96	vvdz
پاریسه	96	parysh
پریشون	96	pryshvn
پولام	96	pvlam
چنگم	96	chngm
چینگ	96	chyng
چیکو	96	chykv
کاراستارک	96	karastark
کارتهای	96	karthay
کالیبان	96	kalyban
کامپیوترش	96	kampyvtrsh
کانتی	96	kanty
کشاورزها	96	kshavrzha
کلمن	96	klmn
کلپنا	96	klpna
کنش	96	knsh
گائیده	96	gaydh
گارونا	96	garvna
گرام	96	gram
گشادت	96	gshadt
۱	96	?
آخه؟	95	akhh
آدرست	95	adrst
آکاتور	95	akatvr
آگاهانه	95	agahanh
آیلین	95	aylyn
احساساتیه	95	ahsasatyh
اختراعات	95	akhtraat
اذیتتون	95	azyttvn
اسطبل	95	astbl
اصولی	95	asvly
اعتنایی	95	atnayy
اعجوبه	95	ajvbh
افتادش	95	aftadsh
انبه	95	anbh
اونجا؟	95	avnja
بخام	95	bkham
بدینش	95	bdynsh
براتوا	95	bratva
برمیدارن	95	brmydarn
برگرداندن	95	brgrdandn
بپیوندم	95	bpyvndm
بیگلز	95	byglz
تروور	95	trvvr
ترویس	95	trvys
جامو	95	jamv
جسدشو	95	jsdshv
جنگیدند	95	jngydnd
خبرنگاره	95	khbrngarh
خمار	95	khmar
خنگول	95	khngvl
خواهشن	95	khvahshn
خوبو	95	khvbv
خوندید	95	khvndyd
خونیم	95	khvnym
داروهام	95	darvham
درخشنده	95	drkhshndh
دستشونه	95	dstshvnh
دعوتتون	95	dvttvn
رازا	95	raza
روزنبرگ	95	rvznbrg
ریاریو	95	ryaryv
زدایی	95	zdayy
زودباش،	95	zvdbash
سریعتره	95	srytrh
سوننا	95	svnna
سونوگرافی	95	svnvgrafy
شاهدا	95	shahda
شرابش	95	shrabsh
شرافتم	95	shraftm
شمش	95	shmsh
ضایعه	95	zayh
عزرا	95	zra
عکسشو	95	ksshv
غریزی	95	ghryzy
فریمن	95	frymn
فیزیکدان	95	fyzykdan
قراردادهای	95	ghrardadhay
لباساتون	95	lbasatvn
لبخندی	95	lbkhndy
لوئیزا	95	lvyza
لواط	95	lvat
لوبیای	95	lvbyay
لیستم	95	lystm
ماراتن	95	maratn
ماساژور	95	masazhvr
متکی	95	mtky
معشوقش	95	mshvghsh
موسسات	95	mvssat
مچاله	95	mchalh
مگامایند	95	mgamaynd
میخو	95	mykhv
میدوم	95	mydvm
میشوی	95	myshvy
ندا	95	nda
نصفشو	95	nsfshv
نعش	95	nsh
نعنا	95	nna
نگاهش	95	ngahsh
نیاکان	95	nyakan
هتر	95	htr
هرجوری	95	hrjvry
همراهیتون	95	hmrahytvn
همینجاس	95	hmynjas
هنوزه	95	hnvzh
هی،تو	95	hytv
ورمونت	95	vrmvnt
وزوز	95	vzvz
پاکو	95	pakv
پدافند	95	pdafnd
پسرخاله	95	psrkhalh
پلا	95	pla
پیرمردی	95	pyrmrdy
چاران	95	charan
چمدونم	95	chmdvnm
کاپشن	95	kapshn
کرسی	95	krsy
کرکمن	95	krkmn
کوبیده	95	kvbydh
گالی	95	galy
آتیشه	94	atyshh
آزوگ	94	azvg
آلمانیها	94	almanyha
آیسمن	94	aysmn
استعفای	94	astfay
اسمورف	94	asmvrf
اطلاعاتمون	94	atlaatmvn
التماسش	94	altmassh
امروزمون	94	amrvzmvn
انشعاب	94	anshab
اودن	94	avdn
اومدی؟	94	avmdy
بارمه	94	barmh
بارور	94	barvr
باغبون	94	baghbvn
بالیوودیها	94	balyvvdyha
بخرمش	94	bkhrmsh
برنزی	94	brnzy
برگشتنت	94	brgshtnt
بسپرم	94	bsprm
بشه؟	94	bshh
بندن	94	bndn
بچشی	94	bchshy
بگوید	94	bgvyd
تاریخیه	94	tarykhyh
تصادفیه	94	tsadfyh
تلاشمونو	94	tlashmvnv
تما	94	tma
توجهشون	94	tvjhshvn
ثروتمندان	94	srvtmndan
جوانتر	94	jvantr
جیگرم	94	jygrm
حسه	94	hsh
خدام	94	khdam
خنگه	94	khngh
خوندین	94	khvndyn
خیالیه	94	khyalyh
ددپول	94	ddpvl
درمیاریم	94	drmyarym
دروغگوها	94	drvghgvha
دشواره	94	dshvarh
دعواش	94	dvash
دودش	94	dvdsh
دیدبانی	94	dydbany
رابطش	94	rabtsh
راتلج	94	ratlj
رانجار	94	ranjar
رانش	94	ransh
رقیبت	94	rghybt
رکود	94	rkvd
ریسمان	94	rysman
زاوش	94	zavsh
زایان	94	zayan
سایرون	94	sayrvn
سرزنشم	94	srznshm
سمتتون	94	smttvn
سمتمون	94	smtmvn
سمه	94	smh
سنبل	94	snbl
شارلاتان	94	sharlatan
شنکر	94	shnkr
شونم	94	shvnm
ضخامت	94	zkhamt
طبیب	94	tbyb
علاءالدین	94	laaldyn
عمویت	94	mvyt
غربیه	94	ghrbyh
غمگینه	94	ghmgynh
فاحشگی	94	fahshgy
فرصتته	94	frstth
فرهاد	94	frhad
فومو	94	fvmv
فکرشون	94	fkrshvn
فیلمت	94	fylmt
قادره	94	ghadrh
قمقمه	94	ghmghmh
لولیتا	94	lvlyta
لوپ	94	lvp
لکسا	94	lksa
مبالغه	94	mbalghh
متان	94	mtan
متراکم	94	mtrakm
متروی	94	mtrvy
متمایل	94	mtmayl
محلیه	94	mhlyh
مدارکش	94	mdarksh
ملوین	94	mlvyn
موفقیتی	94	mvfghyty
میرین؟	94	myryn
میفرستمش	94	myfrstmsh
نصیبمون	94	nsybmvn
نطق	94	ntgh
نمیدانم	94	nmydanm
نمیشینم	94	nmyshynm
نه،ما	94	nhma
نواب	94	nvab
نواه	94	nvah
نوت	94	nvt
نوکری	94	nvkry
نگاهکن	94	ngahkn
نگذارید	94	ngzaryd
نیما	94	nyma
هم؟	94	hm
همسرته	94	hmsrth
همسرشون	94	hmsrshvn
هندیه	94	hndyh
هنور	94	hnvr
وارم	94	varm
وزنی	94	vzny
پاندیت	94	pandyt
پشتمون	94	pshtmvn
پوسایدون	94	pvsaydvn
پیشانی	94	pyshany
چاقوت	94	chaghvt
چیزهائی	94	chyzhay
کارتها	94	kartha
کالری	94	kalry
کردمو	94	krdmv
کسکش	94	ksksh
کلگان	94	klgan
کلیسایی	94	klysayy
کوانتیکو	94	kvantykv
کوفتیت	94	kvftyt
کچاپ	94	kchap
گازه	94	gazh
گذاران	94	gzaran
گذرونم	94	gzrvnm
گرامافون	94	gramafvn
گرسنم	94	grsnm
یکپارچه	94	ykparchh
آتلانتیس	93	atlantys
آدلیند	93	adlynd
آرزومه	93	arzvmh
آزکابان	93	azkaban
اجی	93	ajy
اسمیترز	93	asmytrz
اشنایدر	93	ashnaydr
افزایشه	93	afzayshh
اقیانوسی	93	aghyanvsy
الکترون	93	alktrvn
اندازها	93	andazha
اودو	93	avdv
اونوره	93	avnvrh
بارز	93	barz
بازا	93	baza
بازده	93	bazdh
بدرخشه	93	bdrkhshh
بسوزونی	93	bsvzvny
بولداگ	93	bvldag
بیاورد	93	byavrd
تاگ	93	tag
تریلی	93	tryly
تفنگدارها	93	tfngdarha
تفکرات	93	tfkrat
تیرت	93	tyrt
ثانویه	93	sanvyh
جسپ	93	jsp
جل	93	jl
جلدش	93	jldsh
جوزفین	93	jvzfyn
جیپسی	93	jypsy
حتمن	93	htmn
حرکاتت	93	hrkatt
خوابهای	93	khvabhay
خواهرمون	93	khvahrmvn
خوردی؟	93	khvrdy
داشتمش	93	dashtmsh
دیدنشون	93	dydnshvn
دینار	93	dynar
دیگش	93	dygsh
ذاشتم	93	zashtm
رومانتیکه	93	rvmantykh
روندم	93	rvndm
رونمایی	93	rvnmayy
ریج	93	ryj
سهل	93	shl
سکنه	93	sknh
سینش	93	synsh
شاسی	93	shasy
شامت	93	shamt
شکارشون	93	shkarshvn
صداقتت	93	sdaghtt
صدو	93	sdv
صورته	93	svrth
عاقبتت	93	aghbtt
عاقبتش	93	aghbtsh
فرانک؟	93	frank
فوتش	93	fvtsh
فیلمبردار	93	fylmbrdar
قسطنطنیه	93	ghstntnyh
لمبرت	93	lmbrt
لمسم	93	lmsm
لورنت	93	lvrnt
مالاکی	93	malaky
مانت	93	mant
ماندند	93	mandnd
مدیترانه	93	mdytranh
مغول	93	mghvl
ملیش	93	mlysh
موشی	93	mvshy
میخاستم	93	mykhastm
میندازین	93	myndazyn
میپرن	93	myprn
میکشنش	93	mykshnsh
میکشین	93	mykshyn
ناراحتیم	93	narahtym
ناکام	93	nakam
نعل	93	nl
نمیذاشتم	93	nmyzashtm
نوین	93	nvyn
نگر	93	ngr
نیرجارا	93	nyrjara
هارمون	93	harmvn
هانلی	93	hanly
هدفگیری	93	hdfgyry
همخونه	93	hmkhvnh
هملت	93	hmlt
همکارای	93	hmkaray
هیکلی	93	hykly
واردا	93	varda
وایستیم	93	vaystym
وگنر	93	vgnr
پارکش	93	parksh
پاشین	93	pashyn
پانک	93	pank
پروازمون	93	prvazmvn
پلیس؟	93	plys
پولدارم	93	pvldarm
چشمهاتو	93	chshmhatv
چنگش	93	chngsh
کاذب	93	kazb
کاستا	93	kasta
کانتری	93	kantry
کلماتش	93	klmatsh
کورتکسیفان	93	kvrtksyfan
کیلیان	93	kylyan
یدفعه	93	ydfh
یول	93	yvl
آتشفشانی	92	atshfshany
آرزوشو	92	arzvshv
آندرس	92	andrs
آکسلی	92	aksly
اتاقها	92	ataghha
احکام	92	ahkam
استاده	92	astadh
الروند	92	alrvnd
الریه	92	alryh
اناکین	92	anakyn
انتشارات	92	antsharat
انیس	92	anys
اورلئان	92	avrlan
اوه،اون	92	avhavn
ایوون	92	ayvvn
بادها	92	badha
بادکنکی	92	badknky
بارتز	92	bartz
بازگشایی	92	bazgshayy
ببریدشون	92	bbrydshvn
بخودش	92	bkhvdsh
برینی	92	bryny
بشماری	92	bshmary
بلین	92	blyn
بمبگذاری	92	bmbgzary
بندری	92	bndry
بنشینم	92	bnshynm
بچسبین	92	bchsbyn
تاابد	92	taabd
تصادفات	92	tsadfat
تصورت	92	tsvrt
تندو	92	tndv
تورنمنت	92	tvrnmnt
توشو	92	tvshv
تیتو	92	tytv
ثروتمنده	92	srvtmndh
جدل	92	jdl
جزوه	92	jzvh
جمعیتی	92	jmyty
جورم	92	jvrm
حریفت	92	hryft
خبرنگاران	92	khbrngaran
خدایانه	92	khdayanh
خطرم	92	khtrm
خطرناکتر	92	khtrnaktr
خوشامدگویی	92	khvshamdgvyy
داخلشون	92	dakhlshvn
دادمون	92	dadmvn
درصدش	92	drsdsh
دلربایی	92	dlrbayy
دوربینه	92	dvrbynh
دوقلوهای	92	dvghlvhay
دک	92	dk
دیپلم	92	dyplm
دیکنز	92	dyknz
رسونمت	92	rsvnmt
رهان	92	rhan
روزمون	92	rvzmvn
روکسان	92	rvksan
زنانی	92	znany
زندگیمونو	92	zndgymvnv
زیبات	92	zybat
ساقی	92	saghy
سفلیس	92	sflys
سنته	92	snth
سومش	92	svmsh
سونامی	92	svnamy
سوپراستار	92	svprastar
سیمکو	92	symkv
شریکت	92	shrykt
شقی	92	shghy
شمشیرهای	92	shmshyrhay
فاسدی	92	fasdy
فلسفی	92	flsfy
قایقش	92	ghayghsh
قشنگترین	92	ghshngtryn
لازانیا	92	lazanya
لانی	92	lany
لاکنو	92	laknv
لجباز	92	ljbaz
لوشس	92	lvshs
لوییز	92	lvyyz
محال	92	mhal
محرمانست	92	mhrmanst
مریک	92	mryk
مزخرفن	92	mzkhrfn
معابد	92	mabd
مندز	92	mndz
مهمم	92	mhmm
مکش	92	mksh
میدزدم	92	mydzdm
میرونی	92	myrvny
میزدین	92	myzdyn
میشمارم	92	myshmarm
میگوئل	92	mygvl
نئو	92	nv
نمیخونم	92	nmykhvnm
نگرانشون	92	ngranshvn
نگرانن	92	ngrann
هادلی	92	hadly
هرکدام	92	hrkdam
همراهیش	92	hmrahysh
وایات	92	vayat
وفادارن	92	vfadarn
ویلم	92	vylm
پایسل	92	paysl
پایینش	92	payynsh
پسرایی	92	psrayy
پهناور	92	phnavr
چکاره	92	chkarh
کارفرمای	92	karfrmay
کریس؟	92	krys
کفار	92	kfar
گفتگویی	92	gftgvyy
ییل	92	yyl
۲	92	?
آشکلیف	91	ashklyf
آلک	91	alk
آمبریج	91	ambryj
اترتون	91	atrtvn
ادعایی	91	adayy
ازار	91	azar
اظطراری	91	aztrary
افاده	91	afadh
افراده	91	afradh
انظار	91	anzar
اوپرا	91	avpra
بارلو	91	barlv
برداشتین	91	brdashtyn
بروکسل	91	brvksl
برگشتت	91	brgshtt
بریل	91	bryl
بسوزن	91	bsvzn
بصری	91	bsry
بفرستینش	91	bfrstynsh
بندیش	91	bndysh
بچمو	91	bchmv
بگمش	91	bgmsh
بگویی	91	bgvyy
بیلور	91	bylvr
تعجبه	91	tjbh
تمجید	91	tmjyd
تیان	91	tyan
جاهاشون	91	jahashvn
جنوبه	91	jnvbh
جون؟	91	jvn
خزعبلات	91	khzblat
خوانی	91	khvany
خوشحالتر	91	khvshhaltr
دانسته	91	dansth
دربیارن	91	drbyarn
دشمنانت	91	dshmnant
دقایقی	91	dghayghy
دملزا	91	dmlza
دهنی	91	dhny
دومت	91	dvmt
دووی	91	dvvy
راسخ	91	raskh
رختشویی	91	rkhtshvyy
رفیقام	91	rfygham
رنس	91	rns
رونوک	91	rvnvk
زوبریست	91	zvbryst
زوس	91	zvs
سارومان	91	sarvman
سایان	91	sayan
سلام،من	91	slammn
سپاسگذاریم	91	spasgzarym
سپاسگزاریم	91	spasgzarym
سگو	91	sgv
شانسمو	91	shansmv
شانسمونه	91	shansmvnh
شانون	91	shanvn
طرفشون	91	trfshvn
ظلمت	91	zlmt
عایق	91	aygh
عبوس	91	bvs
عسلمون	91	slmvn
عقلتون	91	ghltvn
عموزاده	91	mvzadh
عینکی	91	ynky
غرض	91	ghrz
فشن	91	fshn
فضله	91	fzlh
فیلیپین	91	fylypyn
لاشیفره	91	lashyfrh
لاغری	91	laghry
لباش	91	lbash
لودوس	91	lvdvs
ماراتون	91	maratvn
ماندگار	91	mandgar
ماکائو	91	makav
مبارزی	91	mbarzy
متا	91	mta
مجرمان	91	mjrman
مسر	91	msr
مشروبم	91	mshrvbm
مضخرف	91	mzkhrf
مطرحش	91	mtrhsh
معقولی	91	mghvly
مقوی	91	mghvy
ملکی	91	mlky
موضوعو	91	mvzvv
میارمشون	91	myarmshvn
میافتن	91	myaftn
میبریش	91	mybrysh
میخوابید	91	mykhvabyd
میچرخی	91	mychrkhy
میکشنت	91	mykshnt
میکشیدی	91	mykshydy
میگذاری	91	mygzary
میگفتین	91	mygftyn
نسلی	91	nsly
نمیدیدم	91	nmydydm
نمیرسن	91	nmyrsn
نمیمونیم	91	nmymvnym
نوبتی	91	nvbty
نورد	91	nvrd
نوشته؟	91	nvshth
نونا	91	nvna
نیایش	91	nyaysh
هامبرت	91	hambrt
همهء	91	hmh
وارلاک	91	varlak
پرداز	91	prdaz
پیتزبورگ	91	pytzbvrg
چاکی	91	chaky
چندماه	91	chndmah
چندگانه	91	chndganh
ژاپنیه	91	zhapnyh
کافرها	91	kafrha
کامپیوترها	91	kampyvtrha
کشیدنش	91	kshydnsh
کشیدید	91	kshydyd
کلایر	91	klayr
کلوزو	91	klvzv
کوبریک	91	kvbryk
کچ	91	kch
گالون	91	galvn
گروور	91	grvvr
گزار	91	gzar
گشنم	91	gshnm
گوشتش	91	gvshtsh
آدمن	90	admn
آراسته	90	arasth
آرلین	90	arlyn
آرن	90	arn
آروغ	90	arvgh
آریس	90	arys
آزمایشه	90	azmayshh
آغوشش	90	aghvshsh
آموزشش	90	amvzshsh
اتاقهای	90	ataghhay
اتخاذ	90	atkhaz
اتلاف	90	atlaf
احوالت	90	ahvalt
اخلاقش	90	akhlaghsh
ارتشم	90	artshm
استخدامم	90	astkhdamm
اسمهای	90	asmhay
اسپیر	90	aspyr
اسکورپ	90	askvrp
اشتباها	90	ashtbaha
اعترافات	90	atrafat
الساعه	90	alsah
الکس؟	90	alks
الکسا	90	alksa
الین	90	alyn
ببوسش	90	bbvssh
بختم	90	bkhtm
برچ	90	brch
برگشتی؟	90	brgshty
بفرستند	90	bfrstnd
بنویسش	90	bnvyssh
بویایی	90	bvyayy
بچرخونی	90	bchrkhvny
بیرونت	90	byrvnt
ترون	90	trvn
تفکیک	90	tfkyk
تمیزت	90	tmyzt
جودیث	90	jvdys
حیاتیش	90	hyatysh
خالصانه	90	khalsanh
خمینی	90	khmyny
خودآگاه	90	khvdagah
خودروی	90	khvdrvy
دارچین	90	darchyn
دردناکی	90	drdnaky
دلمو	90	dlmv
دودزا	90	dvdza
دیزل	90	dyzl
رؤیایی	90	ryayy
رابطت	90	rabtt
راضیه	90	razyh
رقابتی	90	rghabty
رهسپار	90	rhspar
روشش	90	rvshsh
روشنم	90	rvshnm
رومرو	90	rvmrv
سائرون	90	sarvn
سالوادور	90	salvadvr
سرکارت	90	srkart
سوختی	90	svkhty
سیلیا	90	sylya
صادقه	90	sadghh
ضعیفم	90	zyfm
طفلکی	90	tflky
عثمانی	90	smany
فرستادش	90	frstadsh
قالی	90	ghaly
قانونم	90	ghanvnm
لافایت	90	lafayt
لوکریشیا	90	lvkryshya
مباشر	90	mbashr
متیوز	90	mtyvz
مرشد	90	mrshd
مریلین	90	mrylyn
مسطح	90	msth
مظلوم	90	mzlvm
منشاء	90	mnsha
مکینتاش	90	mkyntash
میخواد؟	90	mykhvad
میدادین	90	mydadyn
میفهمیدی	90	myfhmydy
میپرسین	90	myprsyn
میگذاریم	90	mygzarym
ناامیدانه	90	naamydanh
نانی	90	nany
ناهارم	90	naharm
نایاب	90	nayab
نخوریم	90	nkhvrym
نسبیت	90	nsbyt
نشستین	90	nshstyn
نمیخوابم	90	nmykhvabm
نمیکند	90	nmyknd
نیارید	90	nyaryd
هالیوودی	90	halyvvdy
هاگن	90	hagn
هرا	90	hra
همشه	90	hmshh
هورایزن	90	hvrayzn
هیدرولیک	90	hydrvlyk
واردن	90	vardn
وحی	90	vhy
ویشنو	90	vyshnv
ویلتون	90	vyltvn
پاراسورس	90	parasvrs
پتروف	90	ptrvf
پرخاشگری	90	prkhashgry
پونیو	90	pvnyv
پیشنهادات	90	pyshnhadat
چسبوندن	90	chsbvndn
چیدن	90	chydn
کاراتون	90	karatvn
کایرو	90	kayrv
کتینس	90	ktyns
کلاچ	90	klach
کمانداران	90	kmandaran
کنیل	90	knyl
گال	90	gal
گالو	90	galv
یهودا	90	yhvda
یونیون	90	yvnyvn
۶	90	?
آزادن	89	azadn
اتوبوسه	89	atvbvsh
اجتماعات	89	ajtmaat
احمقیه	89	ahmghyh
استانداردهای	89	astandardhay
استدیو	89	astdyv
اسمان	89	asman
اسکس	89	asks
افریقایی	89	afryghayy
افزارها	89	afzarha
امادست	89	amadst
انگشتتو	89	angshttv
اورلف	89	avrlf
اونتو	89	avntv
ایشونم	89	ayshvnm
ایشونه	89	ayshvnh
ایمانی	89	aymany
باباتم	89	babatm
بالهای	89	balhay
ببینیش؟	89	bbynysh
بتوانیم	89	btvanym
تالاب	89	talab
تامارا	89	tamara
تجلیل	89	tjlyl
تحریف	89	thryf
تغیر	89	tghyr
تمرینه	89	tmrynh
جامه	89	jamh
جکوزی	89	jkvzy
حالیه	89	halyh
حیفه	89	hyfh
دخترات	89	dkhtrat
دربارم	89	drbarm
دریائی	89	dryay
دشمنا	89	dshmna
دقتی	89	dghty
دلیر	89	dlyr
دمه	89	dmh
دنورس	89	dnvrs
دوست؟	89	dvst
دوستمو	89	dvstmv
راداگاست	89	radagast
رجینالد	89	rjynald
روستامون	89	rvstamvn
ریت	89	ryt
ریف	89	ryf
ریوندل	89	ryvndl
زاییده	89	zayydh
زنته	89	znth
ساتان	89	satan
ساتو	89	satv
ساطع	89	sat
سوته	89	svth
سوزنی	89	svzny
شلیکی	89	shlyky
شکافته	89	shkafth
شکمی	89	shkmy
شیندلر	89	shyndlr
ضعفه	89	zfh
ظهیر	89	zhyr
قرارشون	89	ghrarshvn
قمه	89	ghmh
قیصر	89	ghysr
لشگرکشی	89	lshgrkshy
لگاتوس	89	lgatvs
ماموریتمون	89	mamvrytmvn
متیل	89	mtyl
مجاورت	89	mjavrt
مشاهدات	89	mshahdat
منصرفش	89	mnsrfsh
منقار	89	mnghar
مورمانت	89	mvrmant
موقعیه	89	mvghyh
میارزه	89	myarzh
نابودم	89	nabvdm
ناهارت	89	nahart
نبریم	89	nbrym
نزارم	89	nzarm
نزارید	89	nzaryd
نساخته	89	nsakhth
نشات	89	nshat
نشانگان	89	nshangan
نصبش	89	nsbsh
نلی	89	nly
نمادی	89	nmady
نمیزدی	89	nmyzdy
نیوفته	89	nyvfth
هرزگی	89	hrzgy
هلیکوپترها	89	hlykvptrha
همخوانی	89	hmkhvany
همکاریم	89	hmkarym
هوار	89	hvar
هیکلت	89	hyklt
وجو	89	vjv
ووک	89	vvk
ویزای	89	vyzay
پتیاره	89	ptyarh
پریشانی	89	pryshany
پیشگوی	89	pyshgvy
کاستل	89	kastl
کرافت	89	kraft
کردیش	89	krdysh
کشیشه	89	kshyshh
کلاسش	89	klassh
کلودیا	89	klvdya
گذاریم	89	gzarym
گذرا	89	gzra
گردنشون	89	grdnshvn
گرفتمشون	89	grftmshvn
،	88	?
آزادید	88	azadyd
آشنام	88	ashnam
آلمیتا	88	almyta
آییم	88	ayym
اباما	88	abama
اتاقشه	88	ataghshh
ارتششون	88	artshshvn
ارزونتر	88	arzvntr
استحقاقش	88	asthghaghsh
اسراییل	88	asrayyl
الیسا	88	alysa
امیدشون	88	amydshvn
اکسپرس	88	aksprs
ایرینا	88	ayryna
ایلیثیا	88	aylysya
باباشه	88	babashh
بادمجون	88	badmjvn
باعثه	88	bash
باما	88	bama
بدستت	88	bdstt
برنمیگردیم	88	brnmygrdym
بریش	88	brysh
بفروشیش	88	bfrvshysh
بندها	88	bndha
بنز	88	bnz
تبت	88	tbt
تحسینه	88	thsynh
تراین	88	trayn
تریستین	88	trystyn
تصورشم	88	tsvrshm
جعفر	88	jfr
جلودار	88	jlvdar
جنسه	88	jnsh
حسیه	88	hsyh
خانمم	88	khanmm
خاکسترش	88	khakstrsh
داستی	88	dasty
دانشگاهم	88	danshgahm
داین	88	dayn
درج	88	drj
درموردم	88	drmvrdm
درپوش	88	drpvsh
دلارو	88	dlarv
دوریم	88	dvrym
ذهنه	88	zhnh
رآکتور	88	raktvr
رومیان	88	rvmyan
زحل	88	zhl
سالسا	88	salsa
ستارزاده	88	starzadh
سدوم	88	sdvm
سرسبز	88	srsbz
سقفش	88	sghfsh
سیلوا	88	sylva
سینیور	88	synyvr
شاین	88	shayn
ضخیم	88	zkhym
عاشقمی	88	ashghmy
فایرفلای	88	fayrflay
فریدنیا	88	frydnya
قرصهای	88	ghrshay
قطرات	88	ghtrat
قلابیه	88	ghlabyh
قوانینه	88	ghvanynh
لباسشو	88	lbasshv
لعنتیو	88	lntyv
مؤسسان	88	mssan
مائو	88	mav
مارکی	88	marky
مافوقت	88	mafvght
مانوس	88	manvs
مایکا	88	mayka
متغیر	88	mtghyr
مشغولی	88	mshghvly
مصرفش	88	msrfsh
معدنچی	88	mdnchy
مفاصل	88	mfasl
مواظبشون	88	mvazbshvn
موقعیتمون	88	mvghytmvn
میدوه	88	mydvh
میشناختیم	88	myshnakhtym
میوفتن	88	myvftn
میگن؟	88	mygn
نتایجش	88	ntayjsh
ندیمه	88	ndymh
نرسیم	88	nrsym
نمیدونسته	88	nmydvnsth
نمیذاشت	88	nmyzasht
نگرانته	88	ngranth
هاوکینز	88	havkynz
همجنسگراها	88	hmjnsgraha
همینگوی	88	hmyngvy
هنسن	88	hnsn
هیروت	88	hyrvt
هیکاپ	88	hykap
واحدی	88	vahdy
ونس	88	vns
ویولن	88	vyvln
پزشکم	88	pzshkm
پولدارها	88	pvldarha
پولک	88	pvlk
چاخان	88	chakhan
چاپلوس	88	chaplvs
چیدوری	88	chydvry
کارآگاهی	88	karagahy
کارائیب	88	karayb
کاسیوس	88	kasyvs
کتکم	88	ktkm
کماکان	88	kmakan
کنوت	88	knvt
کوبید	88	kvbyd
کیت؟	88	kyt
گئورگ	88	gvrg
گریس؟	88	grys
گهگاهی	88	ghgahy
گوشام	88	gvsham
آتشه	87	atshh
آره،یه	87	arhyh
آکواریوم	87	akvaryvm
آیدی	87	aydy
ابرقدرت	87	abrghdrt
احساساتمون	87	ahsasatmvn
ارتشمون	87	artshmvn
استادان	87	astadan
استریکس	87	astryks
اطلاعاتم	87	atlaatm
البی	87	alby
انتقامی	87	antghamy
اومدنه	87	avmdnh
بادبانها	87	badbanha
بایرون	87	bayrvn
ببنبرگ	87	bbnbrg
ببیندش	87	bbyndsh
بخرج	87	bkhrj
بخششه	87	bkhshshh
بدیهی	87	bdyhy
برزیلی	87	brzyly
بریم،	87	brym
بنتلی	87	bntly
بچسبید	87	bchsbyd
بیاور	87	byavr
بیرد	87	byrd
بیهوشش	87	byhvshsh
تحلیلگر	87	thlylgr
ترز	87	trz
تزیین	87	tzyyn
توجهتون	87	tvjhtvn
تیممون	87	tymmvn
جورجینا	87	jvrjyna
حجاب	87	hjab
حده	87	hdh
حکمران	87	hkmran
خدمتکارم	87	khdmtkarm
خواره	87	khvarh
خواهرهای	87	khvahrhay
خواهین	87	khvahyn
خوبم،	87	khvbm
خوشبین	87	khvshbyn
دادنم	87	dadnm
درامر	87	dramr
دشمنات	87	dshmnat
دوربینت	87	dvrbynt
دورمون	87	dvrmvn
ذاشت	87	zasht
روحتون	87	rvhtvn
زنجیری	87	znjyry
ساختید	87	sakhtyd
سازیه	87	sazyh
سامرست	87	samrst
سبکه	87	sbkh
سزارین	87	szaryn
سوسا	87	svsa
سولی	87	svly
سوپرانو	87	svpranv
شاهپسند	87	shahpsnd
شنون	87	shnvn
شهرتش	87	shhrtsh
شکارت	87	shkart
شیتانا	87	shytana
ضریب	87	zryb
طلبم	87	tlbm
عاج	87	aj
فوتباله	87	fvtbalh
قابیل	87	ghabyl
قبلتر	87	ghbltr
قبولم	87	ghbvlm
قتلهای	87	ghtlhay
قرنه	87	ghrnh
قوای	87	ghvay
لمب	87	lmb
لیت	87	lyt
متورم	87	mtvrm
محصولی	87	mhsvly
محمود	87	mhmvd
محکومش	87	mhkvmsh
مراقبتم	87	mraghbtm
مغروری	87	mghrvry
مقاومه	87	mghavmh
من،من	87	mnmn
منش	87	mnsh
مونتاژ	87	mvntazh
میخوام؟	87	mykhvam
میخوامت	87	mykhvamt
میرسونن	87	myrsvnn
میسر	87	mysr
میشناسی؟	87	myshnasy
میلک	87	mylk
ناچیزی	87	nachyzy
نترسی	87	ntrsy
نتو	87	ntv
نرمش	87	nrmsh
نشستند	87	nshstnd
نشستید	87	nshstyd
نموندن	87	nmvndn
نمونی	87	nmvny
نمیای؟	87	nmyay
نمیخورد	87	nmykhvrd
نوره	87	nvrh
نگذاشت	87	ngzasht
هاپر	87	hapr
هلیوم	87	hlyvm
ویدیوی	87	vydyvy
ویلبر	87	vylbr
ویلو	87	vylv
پادتن	87	padtn
پاسخگویی	87	paskhgvyy
پیشخدمتی	87	pyshkhdmty
پیکاسو	87	pykasv
چانه	87	chanh
چاوز	87	chavz
چسبه	87	chsbh
کایرا	87	kayra
کسائی	87	ksay
کفشها	87	kfshha
کویینی	87	kvyyny
کیتای	87	kytay
کیم؟	87	kym
کیوبلیک	87	kyvblyk
گانگ	87	gang
گدازه	87	gdazh
گزینش	87	gzynsh
گوشیو	87	gvshyv
گپی	87	gpy
یکراست	87	ykrast
آبروریزی	86	abrvryzy
آره،این	86	arhayn
آیرس	86	ayrs
احترامیه	86	ahtramyh
ارگان	86	argan
ازما	86	azma
ازینا	86	azyna
استانیس	86	astanys
استشهاد	86	astshhad
اشخاصی	86	ashkhasy
امنیتیه	86	amnytyh
امیال	86	amyal
امیز	86	amyz
امیلی؟	86	amyly
اوانس	86	avans
ایتالیاییه	86	aytalyayyh
ایرانیان	86	ayranyan
ایلا	86	ayla
ایناها	86	aynaha
باربرا	86	barbra
باقیش	86	baghysh
بجو	86	bjv
بدویی	86	bdvyy
براهه	86	brahh
برقش	86	brghsh
بشمری	86	bshmry
بعدن	86	bdn
بهترم	86	bhtrm
بکند	86	bknd
بگیریمشون	86	bgyrymshvn
بیتو	86	bytv
بیچارگی	86	bychargy
تعبیه	86	tbyh
تل	86	tl
توانستند	86	tvanstnd
توجهه	86	tvjhh
جادوئه	86	jadvh
جاسوسم	86	jasvsm
جانیس	86	janys
حرومش	86	hrvmsh
حسگرهای	86	hsgrhay
حقیقیه	86	hghyghyh
خاد	86	khad
خشمم	86	khshmm
داریو	86	daryv
دانز	86	danz
دبیرستانم	86	dbyrstanm
دخلم	86	dkhlm
دستشوییه	86	dstshvyyh
دگا	86	dga
دیوارا	86	dyvara
راندال	86	randal
راچستر	86	rachstr
راگبی	86	ragby
رزماری	86	rzmary
رواز	86	rvaz
روستر	86	rvstr
زمینش	86	zmynsh
سائول	86	savl
ساحله	86	sahlh
ساقط	86	saght
سالتونه	86	saltvnh
سالمم	86	salmm
ساندی	86	sandy
ساکورا	86	sakvra
سرخرگ	86	srkhrg
سمیرا	86	smyra
سیاها	86	syaha
سیتا	86	syta
شادو	86	shadv
شمایین	86	shmayyn
صبحها	86	sbhha
صدم	86	sdm
طوریم	86	tvrym
عمرشو	86	mrshv
عمومه	86	mvmh
غبطه	86	ghbth
فارس	86	fars
قایقها	86	ghayghha
قشنگش	86	ghshngsh
قطعاتش	86	ghtatsh
لسلی	86	lsly
لقاح	86	lghah
متین	86	mtyn
مجاب	86	mjab
مدرکه	86	mdrkh
مرغابی	86	mrghaby
مسری	86	msry
مطبوع	86	mtbv
معمایی	86	mmayy
منت	86	mnt
موتوره	86	mvtvrh
مورلند	86	mvrlnd
مومبای	86	mvmbay
میبینیمت	86	mybynymt
میترکه	86	mytrkh
مینوشم	86	mynvshm
ندازی	86	ndazy
نمیشدی	86	nmyshdy
نوشتنش	86	nvshtnsh
همی	86	hmy
والدینی	86	valdyny
ورنا	86	vrna
ویدمور	86	vydmvr
پانگ	86	pang
پرسته	86	prsth
پرسکات	86	prskat
پسرشه	86	psrshh
پنیا	86	pnya
پوشانده	86	pvshandh
پولاتو	86	pvlatv
چسبیدی	86	chsbydy
چندصد	86	chndsd
چیزهاست	86	chyzhast
کارهاتون	86	karhatvn
گارانتی	86	garanty
گرای	86	gray
گوگولی	86	gvgvly
یوکیترو	86	yvkytrv
آب؟	85	ab
آدمخوار	85	admkhvar
آهنگش	85	ahngsh
آوازی	85	avazy
اجنه	85	ajnh
احتمالن	85	ahtmaln
احشام	85	ahsham
اریک؟	85	aryk
اصطلاحه	85	astlahh
الیزا	85	alyza
امانوئل	85	amanvl
انضباطی	85	anzbaty
اوماها	85	avmaha
ایمون	85	aymvn
اینجایم	85	aynjaym
بابو	85	babv
باحالترین	85	bahaltryn
باربری	85	barbry
باشما	85	bashma
ببیننش	85	bbynnsh
بترسونن	85	btrsvnn
بخشیدی	85	bkhshydy
بدستمون	85	bdstmvn
برم؟	85	brm
برنداشتی	85	brndashty
برگشتنم	85	brgshtnm
بریتنی	85	brytny
بسش	85	bssh
بقیشون	85	bghyshvn
بنفشه	85	bnfshh
بنینگ	85	bnyng
بپردازن	85	bprdazn
بیمارت	85	bymart
ترشیده	85	trshydh
تفنگمو	85	tfngmv
توقفگاه	85	tvghfgah
تکنسین	85	tknsyn
تگرگ	85	tgrg
جدیدمه	85	jdydmh
حسابشونو	85	hsabshvnv
حسابهای	85	hsabhay
حوری	85	hvry
حکایت	85	hkayt
خرگوشها	85	khrgvshha
خنجری	85	khnjry
خنگی	85	khngy
خوانندگان	85	khvanndgan
خوردت	85	khvrdt
خوشگلش	85	khvshglsh
دارکن	85	darkn
دراوردن	85	dravrdn
دراگو	85	dragv
درسش	85	drssh
دستامون	85	dstamvn
دلاریه	85	dlaryh
دمم	85	dmm
دموکراتیک	85	dmvkratyk
راشمن	85	rashmn
رییس؟	85	ryys
زاغه	85	zaghh
زانوهاش	85	zanvhash
ساکتش	85	saktsh
سخنرانیت	85	skhnranyt
سرزمینمون	85	srzmynmvn
سپاهی	85	spahy
شامو	85	shamv
شرکتها	85	shrktha
شناسان	85	shnasan
شناوره	85	shnavrh
شهرن	85	shhrn
صباح	85	sbah
طبی	85	tby
عباس	85	bas
علائمش	85	lamsh
غرورش	85	ghrvrsh
غولها	85	ghvlha
فالن	85	faln
فرمایید	85	frmayyd
فورس	85	fvrs
فکرتون	85	fkrtvn
قانعت	85	ghant
قبلم	85	ghblm
لایزا	85	layza
لایف	85	layf
لوسیوس	85	lvsyvs
متهمش	85	mthmsh
مجرمی	85	mjrmy
مردمتون	85	mrdmtvn
مشتم	85	mshtm
مطالبه	85	mtalbh
مقابلم	85	mghablm
مقصرم	85	mghsrm
موفقه	85	mvfghh
میزاشتم	85	myzashtm
میفرستمت	85	myfrstmt
میمونند	85	mymvnnd
میمی	85	mymy
میکشتت	85	mykshtt
میکه	85	mykh
نارسیس	85	narsys
نمایشت	85	nmaysht
نمیگفتی	85	nmygfty
نوآ	85	nva
نواده	85	nvadh
نوبو	85	nvbv
نگفتم؟	85	ngftm
نیفتی	85	nyfty
هاتسومومو	85	hatsvmvmv
هارا	85	hara
هاف	85	haf
هشداره	85	hshdarh
همراش	85	hmrash
همونجاییه	85	hmvnjayyh
هچل	85	hchl
وارسی	85	varsy
وجب	85	vjb
پارتیزان	85	partyzan
پرشیا	85	prshya
پروندت	85	prvndt
پریز	85	pryz
پشتکار	85	pshtkar
چندروز	85	chndrvz
چهارمه	85	chharmh
کاملن	85	kamln
کردنشه	85	krdnshh
کشتید	85	kshtyd
کشوندن	85	kshvndn
کفشام	85	kfsham
کلاسترتورم	85	klastrtvrm
کلکش	85	klksh
کوئینز	85	kvynz
کورالاین	85	kvralayn
کویینز	85	kvyynz
گائو	85	gav
گلیمت	85	glymt
آخرسر	84	akhrsr
آشنات	84	ashnat
آلارم	84	alarm
آهنگای	84	ahngay
آگرا	84	agra
ابرات	84	abrat
اتحادی	84	athady
اثاث	84	asas
ارزششون	84	arzshshvn
استدعا	84	astda
استعفاء	84	astfa
اطلاعاتو	84	atlaatv
اغوش	84	aghvsh
الترون	84	altrvn
الفی	84	alfy
امیلیو	84	amylyv
انتی	84	anty
انگلی	84	angly
اورگان	84	avrgan
اونوری	84	avnvry
بازیکنی	84	bazykny
باغبان	84	baghban
برهوت	84	brhvt
بمبهای	84	bmbhay
بندش	84	bndsh
بهمان	84	bhman
بچسبم	84	bchsbm
بیپ	84	byp
تاپاله	84	tapalh
تجملی	84	tjmly
تد؟	84	td
توقعی	84	tvghy
تیربار	84	tyrbar
تیورینگ	84	tyvryng
ثروتمندی	84	srvtmndy
جابرووکی	84	jabrvvky
جایگزینش	84	jaygzynsh
جرت	84	jrt
جکه	84	jkh
حشاشیون	84	hshashyvn
خبرو	84	khbrv
خرخر	84	khrkhr
خسارتی	84	khsarty
خواندم	84	khvandm
خونیه	84	khvnyh
دارلا	84	darla
داشتنه	84	dashtnh
دختراش	84	dkhtrash
دندانپزشک	84	dndanpzshk
دوریان	84	dvryan
دیدگی	84	dydgy
راجادی	84	rajady
رسونی	84	rsvny
رپر	84	rpr
ریلان	84	rylan
سالار	84	salar
سباستیان	84	sbastyan
سفارتخانه	84	sfartkhanh
سلمونی	84	slmvny
سوئیسی	84	svysy
سوالتون	84	svaltvn
سیاهپوش	84	syahpvsh
سیاهچاله	84	syahchalh
شاهه	84	shahh
شاگردان	84	shagrdan
شدنتون	84	shdntvn
شریکیم	84	shrykym
شفرد	84	shfrd
شماهام	84	shmaham
شیردل	84	shyrdl
صبحتون	84	sbhtvn
صحبتت	84	shbtt
عروسکم	84	rvskm
عیاره	84	yarh
فراریش	84	frarysh
قاسم	84	ghasm
قاپ	84	ghap
قربانیه	84	ghrbanyh
قلمداد	84	ghlmdad
لاته	84	lath
لاهور	84	lahvr
لاپوشونی	84	lapvshvny
لبم	84	lbm
لژیون	84	lzhyvn
لیسته	84	lysth
مارهای	84	marhay
ماوراءالطبیعه	84	mavraaltbyh
مترجمان	84	mtrjman
متنوع	84	mtnv
مردنت	84	mrdnt
مرغها	84	mrghha
مرگمون	84	mrgmvn
مشی	84	mshy
معاصر	84	masr
معذب	84	mzb
معناش	84	mnash
ملاقاته	84	mlaghath
ملزم	84	mlzm
مهربانانه	84	mhrbananh
مومباسا	84	mvmbasa
موهبته	84	mvhbth
میدو	84	mydv
مینداختی	84	myndakhty
میهو	84	myhv
میکنم،	84	myknm
ناوی	84	navy
نتوانست	84	ntvanst
نجوم	84	njvm
نقاشیه	84	nghashyh
نمیخواهیم	84	nmykhvahym
نمیگید	84	nmygyd
نیازت	84	nyazt
هارکین	84	harkyn
هاکلی	84	hakly
هایا	84	haya
هدایتگر	84	hdaytgr
همراهمه	84	hmrahmh
همونطوریه	84	hmvntvryh
وسایلشون	84	vsaylshvn
پروتون	84	prvtvn
پروندش	84	prvndsh
پنکه	84	pnkh
پیس	84	pys
ژیمناستیک	84	zhymnastyk
کاتالوگ	84	katalvg
کاربری	84	karbry
کارشناسی	84	karshnasy
کامی	84	kamy
کلافه	84	klafh
کولسن	84	kvlsn
کونشو	84	kvnshv
کویت	84	kvyt
کیارتان	84	kyartan
گازدار	84	gazdar
گرمسیری	84	grmsyry
گلدمن	84	gldmn
گناهانی	84	gnahany
گوانتانامو	84	gvantanamv
گولدان	84	gvldan
گولدور	84	gvldvr
یخبندان	84	ykhbndan
یخچاله	84	ykhchalh
یذره	84	yzrh
یونکای	84	yvnkay
آسانسورها	83	asansvrha
آسایی	83	asayy
آنطرف	83	antrf
اروین	83	arvyn
اشان	83	ashan
اطمینانی	83	atmynany
اظهاریه	83	azharyh
التماستون	83	altmastvn
المپیا	83	almpya
انعقاد	83	anghad
انوش	83	anvsh
انکه	83	ankh
اهله	83	ahlh
اونا؟	83	avna
اوه،تو	83	avhtv
اپرای	83	apray
اینکارارو	83	aynkararv
بتهوون	83	bthvvn
بخشیدمت	83	bkhshydmt
بدانند	83	bdannd
بدتون	83	bdtvn
برادرشه	83	bradrshh
برایمان	83	brayman
برتا	83	brta
برنمیدارم	83	brnmydarm
بریزین	83	bryzyn
بنکس	83	bnks
بچسبیم	83	bchsbym
بکشونی	83	bkshvny
بیاورم	83	byavrm
تاتو	83	tatv
تصمیمو	83	tsmymv
تعرض	83	trz
تماشات	83	tmashat
تمرکزمون	83	tmrkzmvn
توجیهی	83	tvjyhy
توچی	83	tvchy
توییم	83	tvyym
تکس	83	tks
تیروئید	83	tyrvyd
جربزه	83	jrbzh
جونده	83	jvndh
جونوری	83	jvnvry
خردش	83	khrdsh
خلافی	83	khlafy
خوب،ما	83	khvbma
خورشیده	83	khvrshydh
داداشش	83	dadashsh
دریاهای	83	dryahay
دندونپزشک	83	dndvnpzshk
دیرینه	83	dyrynh
رانسون	83	ransvn
راهبان	83	rahban
رعب	83	rb
رفقام	83	rfgham
رفیقی	83	rfyghy
رنگها	83	rngha
روتین	83	rvtyn
رونوشت	83	rvnvsht
رویاهامون	83	rvyahamvn
ریورز	83	ryvrz
زندانیا	83	zndanya
سراب	83	srab
سربازخونه	83	srbazkhvnh
سروران	83	srvran
سلولم	83	slvlm
سپت	83	spt
سیری	83	syry
سیکلت	83	syklt
شرکتمون	83	shrktmvn
شماهارو	83	shmaharv
شکونده	83	shkvndh
شیروانی	83	shyrvany
صربستان	83	srbstan
عشقمو	83	shghmv
فارنسوورث	83	farnsvvrs
فرست	83	frst
فرستادید	83	frstadyd
فصلش	83	fslsh
فوشان	83	fvshan
فینلی	83	fynly
قاطعانه	83	ghatanh
لوئی	83	lvy
لوردس	83	lvrds
ماتم	83	matm
متصله	83	mtslh
محافظم	83	mhafzm
مختلط	83	mkhtlt
مرگان	83	mrgan
مساعد	83	msad
مسیرها	83	msyrha
معجزست	83	mjzst
ملیت	83	mlyt
منبعت	83	mnbt
مولا	83	mvla
میبخشم	83	mybkhshm
ناامیدش	83	naamydsh
نخریدم	83	nkhrydm
ندازم	83	ndazm
نعناع	83	nna
نمیخواهد	83	nmykhvahd
نمیفهمیم	83	nmyfhmym
نمیمونن	83	nmymvnn
نگرانم	83	ngranm
هایزنبرگ	83	hayznbrg
هد	83	hd
هش	83	hsh
هوادار	83	hvadar
هولیس	83	hvlys
هیستینگز	83	hystyngz
واقعیتو	83	vaghytv
والریا	83	valrya
پاشیدن	83	pashydn
پالادیوم	83	paladyvm
پترزبورگ	83	ptrzbvrg
پذیرفتم	83	pzyrftm
پروژکتور	83	prvzhktvr
پیششه	83	pyshshh
پیلیت	83	pylyt
پیپین	83	pypyn
چسبیدن	83	chsbydn
کاریکه	83	karykh
کردار	83	krdar
کرولی	83	krvly
کشتیها	83	kshtyha
کوارک	83	kvark
کوس	83	kvs
کونشون	83	kvnshvn
کوهل	83	kvhl
کوچیکمون	83	kvchykmvn
گازهای	83	gazhay
گانگستری	83	gangstry
گذراندن	83	gzrandn
گودل	83	gvdl
گودی	83	gvdy
گوشاتو	83	gvshatv
آرزوهام	82	arzvham
آره،و	82	arhv
آزادین	82	azadyn
آلبوس	82	albvs
اخطاری	82	akhtary
اراجیف	82	arajyf
استخوانهای	82	astkhvanhay
اسکاندیناوی	82	askandynavy
اشفنی	82	ashfny
اشکها	82	ashkha
القاب	82	alghab
الکسی	82	alksy
امریس	82	amrys
انه	82	anh
اهداکننده	82	ahdaknndh
اولشون	82	avlshvn
اوهارا	82	avhara
اژدهایی	82	azhdhayy
بابایی؟	82	babayy
باشنش	82	bashnsh
بخوابونش	82	bkhvabvnsh
بخوابونم	82	bkhvabvnm
بدردبخور	82	bdrdbkhvr
برکلی	82	brkly
بریمش	82	brymsh
بسپارید	82	bsparyd
بهترینها	82	bhtrynha
بوشون	82	bvshvn
بوکا	82	bvka
بگو؟	82	bgv
بیارمشون	82	byarmshvn
تایلان	82	taylan
تراسک	82	trask
تسلا	82	tsla
تصمیمتون	82	tsmymtvn
تمامشون	82	tmamshvn
توانت	82	tvant
تولدتون	82	tvldtvn
تولدی	82	tvldy
تکالیفت	82	tkalyft
تکتون	82	tktvn
جودیا	82	jvdya
جوناه	82	jvnah
حمد	82	hmd
حوروس	82	hvrvs
خائنین	82	khanyn
خای	82	khay
خرناس	82	khrnas
خلیفه	82	khlyfh
خلیل	82	khlyl
خواستت	82	khvastt
خونشه	82	khvnshh
دزدگیر	82	dzdgyr
دستبندها	82	dstbndha
دلهره	82	dlhrh
دوده	82	dvdh
دورغ	82	dvrgh
ذائقه	82	zaghh
ذخایر	82	zkhayr
راحتی؟	82	rahty
رنگشون	82	rngshvn
روته	82	rvth
رودریگز	82	rvdrygz
روندا	82	rvnda
ریدر	82	rydr
زندانیم	82	zndanym
سربروس	82	srbrvs
سربلندی	82	srblndy
سرنوشتشون	82	srnvshtshvn
سعیتو	82	sytv
سمفونی	82	smfvny
سینگانیا	82	synganya
شادیه	82	shadyh
شبش	82	shbsh
شجره	82	shjrh
شرورانه	82	shrvranh
شمشیرزن	82	shmshyrzn
شمشیره	82	shmshyrh
شوهرمو	82	shvhrmv
طرفای	82	trfay
طلاییه	82	tlayyh
ظرفها	82	zrfha
علاقمندی	82	laghmndy
علمیه	82	lmyh
غنائم	82	ghnam
فرصتمون	82	frstmvn
فرنکی	82	frnky
فریتز	82	frytz
فشفشه	82	fshfshh
فلو	82	flv
فلیک	82	flyk
فنتون	82	fntvn
قراردادش	82	ghrardadsh
قلبهای	82	ghlbhay
قلبو	82	ghlbv
لادا	82	lada
لاینس	82	layns
لذتش	82	lztsh
لردها	82	lrdha
لیمویی	82	lymvyy
متوسطه	82	mtvsth
مدینه	82	mdynh
معتبره	82	mtbrh
مقطع	82	mght
مهرداد	82	mhrdad
موندگار	82	mvndgar
مچمو	82	mchmv
میانسال	82	myansal
میبریمت	82	mybrymt
میدزدیم	82	mydzdym
مینوشیم	82	mynvshym
نبردن	82	nbrdn
نریخته	82	nrykhth
نزدیکای	82	nzdykay
نمایشم	82	nmayshm
نمیخوایی	82	nmykhvayy
نمیومدی	82	nmyvmdy
نکبتی	82	nkbty
نگرانیه	82	ngranyh
نیارین	82	nyaryn
نیشگون	82	nyshgvn
هاپس	82	haps
هلال	82	hlal
همبازی	82	hmbazy
همگام	82	hmgam
هندوها	82	hndvha
واقعین	82	vaghyn
واو،	82	vav
وتر	82	vtr
وجودمون	82	vjvdmvn
پستانداران	82	pstandaran
پماد	82	pmad
پوستها	82	pvstha
چاوا	82	chava
کارنی	82	karny
کاسترو	82	kastrv
کاغذبازی	82	kaghzbazy
کمری	82	kmry
کن،صبر	82	knsbr
کینی	82	kyny
گاوهای	82	gavhay
گریک	82	gryk
آدمام	81	admam
آلبی	81	alby
آپشن	81	apshn
آگاهم	81	agahm
استوایی	81	astvayy
استینر	81	astynr
اسمای	81	asmay
اسونه	81	asvnh
افرا	81	afra
اقتدار	81	aghtdar
الماسی	81	almasy
انرژیه	81	anrzhyh
انقدری	81	anghdry
اولنا	81	avlna
اکتشافات	81	aktshafat
اگزوز	81	agzvz
اینهارو	81	aynharv
باتون	81	batvn
بازارهای	81	bazarhay
بالغه	81	balghh
بخندین	81	bkhndyn
بدیمش	81	bdymsh
برمه	81	brmh
برمیگشتی	81	brmygshty
بهترینش	81	bhtrynsh
بودنتون	81	bvdntvn
بیتی	81	byty
بیشتراز	81	byshtraz
بیلو	81	bylv
تبلت	81	tblt
تحقیقاتش	81	thghyghatsh
تندیس	81	tndys
تنهاشون	81	tnhashvn
تورات	81	tvrat
توروالد	81	tvrvald
جاکوب	81	jakvb
جریکو	81	jrykv
جنگلبان	81	jnglban
حساسیتی	81	hsasyty
خالم	81	khalm
خبریه	81	khbryh
دامنت	81	damnt
دخترهات	81	dkhtrhat
درآمدی	81	dramdy
دراورده	81	dravrdh
درمانگر	81	drmangr
دریم	81	drym
دستمزدت	81	dstmzdt
دستیارش	81	dstyarsh
دسیما	81	dsyma
دق	81	dgh
دندوناتو	81	dndvnatv
دورانت	81	dvrant
دوستشم	81	dvstshm
دوستهام	81	dvstham
راوند	81	ravnd
رباها	81	rbaha
روباتی	81	rvbaty
رونالدو	81	rvnaldv
زانوهام	81	zanvham
زبر	81	zbr
ساختمونو	81	sakhtmvnv
سناتورها	81	snatvrha
سوالها	81	svalha
سک	81	sk
سیج	81	syj
سیلین	81	sylyn
سیگارها	81	sygarha
شبهه	81	shbhh
شلوارمو	81	shlvarmv
شیروونی	81	shyrvvny
ص	81	s
طوره	81	tvrh
عواطف	81	vatf
غمناک	81	ghmnak
فرفری	81	frfry
فروشن	81	frvshn
فشارم	81	fsharm
فوموفو	81	fvmvfv
فیلیسیتی	81	fylysyty
قبلیمون	81	ghblymvn
قلع	81	ghl
قلقلی	81	ghlghly
لاورا	81	lavra
لختش	81	lkhtsh
لنفاوی	81	lnfavy
لیاح	81	lyah
ماریکو	81	marykv
متفاوتن	81	mtfavtn
مجهول	81	mjhvl
مدهی	81	mdhy
مذاب	81	mzab
مزاحمتی	81	mzahmty
مصلوب	81	mslvb
معبده	81	mbdh
معترض	81	mtrz
مقاوت	81	mghavt
منابعی	81	mnaby
منحنی	81	mnhny
میافتم	81	myaftm
میزو	81	myzv
مینه	81	mynh
میچرخونه	81	mychrkhvnh
میگرفته	81	mygrfth
ناتانیل	81	natanyl
ناهارخوری	81	naharkhvry
نرسم	81	nrsm
نفهمیدن	81	nfhmydn
نمونم	81	nmvnm
نمیتونی؟	81	nmytvny
نمیشناسمت	81	nmyshnasmt
نوشتیم	81	nvshtym
نوشتین	81	nvshtyn
هاینریش	81	haynrysh
همگرایی	81	hmgrayy
وارو	81	varv
وایستادن	81	vaystadn
وحشتی	81	vhshty
وراج	81	vraj
وک	81	vk
پرسیدیم	81	prsydym
پشتوانه	81	pshtvanh
پلیسو	81	plysv
پند	81	pnd
پیاپی	81	pyapy
چراغهای	81	chraghhay
چیزهاییه	81	chyzhayyh
چین؟	81	chyn
ژنوم	81	zhnvm
کراون	81	kravn
کردین؟	81	krdyn
کشمیر	81	kshmyr
کلایتس	81	klayts
کمار	81	kmar
کنیاک	81	knyak
کوز	81	kvz
کیکو	81	kykv
گذرونه	81	gzrvnh
گردنشو	81	grdnshv
گرفتنشون	81	grftnshvn
گوشمون	81	gvshmvn
یاسمین	81	yasmyn
یخه	81	ykhh
آشغالت	80	ashghalt
آهنه	80	ahnh
اتوبوسی	80	atvbvsy
استراتون	80	astratvn
اسراری	80	asrary
اسپون	80	aspvn
اسکندریه	80	askndryh
اشتباست	80	ashtbast
افتادنش	80	aftadnsh
اقبالی	80	aghbaly
الیمپوس	80	alympvs
امری	80	amry
انتخابشون	80	antkhabshvn
انداختنت	80	andakhtnt
انگلیسیها	80	anglysyha
اوانز	80	avanz
اورجا	80	avrja
اوصاف	80	avsaf
باخبرم	80	bakhbrm
بازوکا	80	bazvka
بازیکنای	80	bazyknay
بازیگرم	80	bazygrm
ببرتش	80	bbrtsh
ببینی؟	80	bbyny
ببینیمت	80	bbynymt
بخوانم	80	bkhvanm
بدخلق	80	bdkhlgh
بدرستی	80	bdrsty
برداشتند	80	brdashtnd
برنداشته	80	brndashth
بسیج	80	bsyj
بشکنید	80	bshknyd
بچسبه	80	bchsbh
تارات	80	tarat
تاوانشو	80	tavanshv
تحملم	80	thmlm
تخصصش	80	tkhsh
تماسش	80	tmassh
توییتر	80	tvyytr
جذابم	80	jzabm
جند	80	jnd
جورائی	80	jvray
جیمسون	80	jymsvn
حرم	80	hrm
خاکه	80	khakh
خطریم	80	khtrym
خنجرت	80	khnjrt
خوشتیپی	80	khvshtypy
داستانمون	80	dastanmvn
دقیقن	80	dghyghn
دوور	80	dvvr
راحتیا	80	rahtya
راهروها	80	rahrvha
روسپی	80	rvspy
رومانو	80	rvmanv
سامانه	80	samanh
سانرا	80	sanra
سایزش	80	sayzsh
سوارها	80	svarha
سوسیالیست	80	svsyalyst
سپید	80	spyd
سیمور	80	symvr
شانکار	80	shankar
شبکیه	80	shbkyh
شخصیتهای	80	shkhsythay
شردر	80	shrdr
شورشو	80	shvrshv
صادقی	80	sadghy
طالب	80	talb
طوفانه	80	tvfanh
غزه	80	ghzh
فلفلی	80	flfly
فینیک	80	fynyk
قرصی	80	ghrsy
قسمی	80	ghsmy
قشنگم	80	ghshngm
قلپ	80	ghlp
لاتبروک	80	latbrvk
لاما	80	lama
لمون	80	lmvn
لوتز	80	lvtz
مادرزاد	80	madrzad
مامان،	80	maman
ماورایی	80	mavrayy
مایلیم	80	maylym
متحدین	80	mthdyn
متعارف	80	mtarf
محبوبه	80	mhbvbh
مزخرفاتو	80	mzkhrfatv
منتظرتن	80	mntzrtn
مهاجرین	80	mhajryn
مهبل	80	mhbl
موشا	80	mvsha
میافتاد	80	myaftad
میامد	80	myamd
میکروسکوپ	80	mykrvskvp
نادری	80	nadry
نخواستیم	80	nkhvastym
ندیدیمش	80	ndydymsh
نظافتچی	80	nzaftchy
نورش	80	nvrsh
نوسازی	80	nvsazy
هایپریون	80	haypryvn
والکری	80	valkry
وزنشه	80	vznshh
ولکان	80	vlkan
ویلون	80	vylvn
پادشاهتون	80	padshahtvn
پرستانه	80	prstanh
پسرهات	80	psrhat
پهلوون	80	phlvvn
پیچش	80	pychsh
چاقوها	80	chaghvha
چندتا؟	80	chndta
چنگمون	80	chngmvn
چپتون	80	chptvn
چکشون	80	chkshvn
کاغذه	80	kaghzh
کامودوس	80	kamvdvs
کثیفیه	80	ksyfyh
کجاشو	80	kjashv
کلاغه	80	klaghh
کلسیم	80	klsym
کنج	80	knj
کوانگ	80	kvang
کیفتون	80	kyftvn
گداها	80	gdaha
گرداند	80	grdand
گرن	80	grn
گشتین	80	gshtyn
گندست	80	gndst
گواتمالا	80	gvatmala
گوسفندها	80	gvsfndha
یئون	80	yvn
یوان	80	yvan
یودا	80	yvda
،خب	79	khb
آتوس	79	atvs
آخرای	79	akhray
آموزگار	79	amvzgar
آندال	79	andal
آگی	79	agy
ابهت	79	abht
اتاقیم	79	ataghym
اجراهای	79	ajrahay
اخلاقت	79	akhlaght
ارتعاش	79	artash
اسلاگهورن	79	aslaghvrn
اسکوفیلد	79	askvfyld
اشتباهاتم	79	ashtbahatm
اعتبارم	79	atbarm
افتادید	79	aftadyd
افتخاریه	79	aftkharyh
اما؟	79	ama
انبر	79	anbr
اوضات	79	avzat
اومالی	79	avmaly
ایب	79	ayb
اینجات	79	aynjat
بابابزرگم	79	bababzrgm
بازپس	79	bazps
باوفا	79	bavfa
ببرتت	79	bbrtt
بترکونی	79	btrkvny
بخندید	79	bkhndyd
بدشانسیه	79	bdshansyh
بدقت	79	bdght
برنن	79	brnn
بفرستیش	79	bfrstysh
بندازند	79	bndaznd
بندگی	79	bndgy
بینیمت	79	bynymt
تاتاگلیا	79	tataglya
تاریکیه	79	tarykyh
تالارهای	79	talarhay
ترساندن	79	trsandn
ترسند	79	trsnd
تروریسته	79	trvrysth
تریبیانی	79	trybyany
جزای	79	jzay
جوانب	79	jvanb
حمومه	79	hmvmh
خریم	79	khrym
خشمی	79	khshmy
خواهره	79	khvahrh
خوب،حالا	79	khvbhala
خیانته	79	khyanth
دروید	79	drvyd
دلبندم	79	dlbndm
دوستمی	79	dvstmy
دویدی	79	dvydy
رآس	79	ras
راندن	79	randn
رمزه	79	rmzh
روسری	79	rvsry
رومه	79	rvmh
ریشت	79	rysht
زاکربرگ	79	zakrbrg
زبانت	79	zbant
ساکی	79	saky
سبوس	79	sbvs
سلامم	79	slamm
سوتو	79	svtv
سور	79	svr
سولیوان	79	svlyvan
سیارات	79	syarat
شدس	79	shds
شرابه	79	shrabh
شغلمو	79	shghlmv
صدبار	79	sdbar
صندلیش	79	sndlysh
عاجزانه	79	ajzanh
غایب	79	ghayb
غیرمعمول	79	ghyrmmvl
فابیو	79	fabyv
فاخته	79	fakhth
فرمانده؟	79	frmandh
فنلاند	79	fnland
فیلمسازی	79	fylmsazy
قایقت	79	ghayght
قلوه	79	ghlvh
لبات	79	lbat
لطیفی	79	ltyfy
لورتا	79	lvrta
لیستت	79	lystt
مابقی	79	mabghy
مارلو	79	marlv
ماهیتابه	79	mahytabh
محرم	79	mhrm
محقر	79	mhghr
مدرنه	79	mdrnh
مرتبا	79	mrtba
مرزه	79	mrzh
مزخرفت	79	mzkhrft
مسافری	79	msafry
مشتت	79	mshtt
مشروبش	79	mshrvbsh
مقاربتی	79	mgharbty
ممنونت	79	mmnvnt
مندل	79	mndl
منصفانست	79	mnsfanst
موافقی؟	79	mvafghy
مولدر	79	mvldr
موچ	79	mvch
مکنده	79	mkndh
مگدا	79	mgda
میایید	79	myayyd
میترسند	79	mytrsnd
میترسیدی	79	mytrsydy
میسوخت	79	mysvkht
میلا	79	myla
ناگواری	79	nagvary
نخل	79	nkhl
نمیندازی	79	nmyndazy
نورت	79	nvrt
نگفتند	79	ngftnd
هاته	79	hath
هارپی	79	harpy
هتلش	79	htlsh
همر	79	hmr
همکارهای	79	hmkarhay
واروو	79	varvv
والله	79	vallh
واگیر	79	vagyr
واینسا	79	vaynsa
ورودیه	79	vrvdyh
وودهاس	79	vvdhas
ویلیامسون	79	vylyamsvn
پخمه	79	pkhmh
پوزیدون	79	pvzydvn
پیترو	79	pytrv
پیچوندن	79	pychvndn
چیک	79	chyk
ژانت	79	zhant
ژوراسیک	79	zhvrasyk
کوب	79	kvb
کوشی	79	kvshy
گابو	79	gabv
گراف	79	graf
گرمم	79	grmm
گرچن	79	grchn
گودزیلا	79	gvdzyla
گورتونو	79	gvrtvnv
گورش	79	gvrsh
گیتی	79	gyty
گیرا	79	gyra
یوحنا	79	yvhna
آخرو	78	akhrv
آدمش	78	admsh
آرایشی	78	arayshy
آلفونسو	78	alfvnsv
آلونزو	78	alvnzv
آمیخته	78	amykhth
آنجلیکا	78	anjlyka
آنفولانزای	78	anfvlanzay
آیلا	78	ayla
آیوا	78	ayva
ادکلن	78	adkln
اسممون	78	asmmvn
اسپارکی	78	asparky
اسکول	78	askvl
السیر	78	alsyr
المر	78	almr
اورن	78	avrn
بارکش	78	barksh
باشک	78	bashk
ببخشش	78	bbkhshsh
بترسید	78	btrsyd
بدترن	78	bdtrn
بذارمت	78	bzarmt
بریتانیای	78	brytanyay
بسوزونن	78	bsvzvnn
بلندتره	78	blndtrh
بلندشون	78	blndshvn
بنه	78	bnh
بچرخونه	78	bchrkhvnh
بکوبم	78	bkvbm
بگند	78	bgnd
بیوکا	78	byvka
تحقیقاتمون	78	thghyghatmvn
تدبیر	78	tdbyr
ترسبی	78	trsby
ترمل	78	trml
تلنگر	78	tlngr
توهه	78	tvhh
جهیزیه	78	jhyzyh
جوانمردانه	78	jvanmrdanh
جیرجیرک	78	jyrjyrk
جیه	78	jyh
خریدیش	78	khrydysh
خواهرشه	78	khvahrshh
خوردنم	78	khvrdnm
خوشمزس	78	khvshmzs
خویشاوندی	78	khvyshavndy
داجرز	78	dajrz
داروئه	78	darvh
داکوتای	78	dakvtay
درشو	78	drshv
دستگاهه	78	dstgahh
دستگیریش	78	dstgyrysh
دعواتون	78	dvatvn
دلتنگی	78	dltngy
دورتان	78	dvrtan
دونستند	78	dvnstnd
دوون	78	dvvn
دچارش	78	dcharsh
دکترت	78	dktrt
راتر	78	ratr
رادیاتور	78	radyatvr
راستای	78	rastay
ربطه	78	rbth
زدنی	78	zdny
ساختاری	78	sakhtary
سالخورده	78	salkhvrdh
ساکشن	78	sakshn
سلا	78	sla
سوگ	78	svg
سیرابی	78	syraby
سیمبا	78	symba
شادمانی	78	shadmany
شاغل	78	shaghl
شمارمو	78	shmarmv
شیرینیه	78	shyrynyh
شیکشا	78	shyksha
صدد	78	sdd
صندلیم	78	sndlym
صندوقدار	78	sndvghdar
طنابو	78	tnabv
عاشقشونم	78	ashghshvnm
عمار	78	mar
عموتون	78	mvtvn
غزل	78	ghzl
غورباقه	78	ghvrbaghh
فارگو	78	fargv
قدرتو	78	ghdrtv
قراردادها	78	ghrardadha
قلبشه	78	ghlbshh
لنون	78	lnvn
لوت	78	lvt
ماچو	78	machv
ماکیجا	78	makyja
مت؟	78	mt
محضی	78	mhzy
مدله	78	mdlh
مدیرم	78	mdyrm
مراقبشم	78	mraghbshm
مشتعل	78	mshtl
مهندسین	78	mhndsyn
میخواین؟	78	mykhvayn
میریخت	78	myrykht
میلت	78	mylt
میلته	78	mylth
میکرو	78	mykrv
میکشد	78	mykshd
ناامیدتون	78	naamydtvn
ناراحتتون	78	narahttvn
نانوایی	78	nanvayy
نخواستن	78	nkhvastn
نمیکشیم	78	nmykshym
نه،اما	78	nhama
نهان	78	nhan
نگامون	78	ngamvn
نیماه	78	nymah
هئیت	78	hyt
هراسی	78	hrasy
همشهری	78	hmshhry
هوریک	78	hvryk
هیچکس؟	78	hychks
وراثت	78	vrast
ویتویکی	78	vytvyky
ویستلر	78	vystlr
پاکشون	78	pakshvn
پایینم	78	payynm
پستم	78	pstm
پناهندگی	78	pnahndgy
پگوئنو	78	pgvnv
پیشنهاده	78	pyshnhadh
چکی	78	chky
چیزیست	78	chyzyst
کارتن	78	kartn
کافمن	78	kafmn
کاپیتان؟	78	kapytan
کبک	78	kbk
کدکس	78	kdks
کرال	78	kral
کرینکسس	78	krynkss
کشتنه	78	kshtnh
کلنگ	78	klng
کمدم	78	kmdm
کمونیستی	78	kmvnysty
کنترلشو	78	kntrlshv
کوئینان	78	kvynan
کواک	78	kvak
کونتا	78	kvnta
کیدو	78	kydv
کیرتو	78	kyrtv
گرفتتش	78	grfttsh
گشوده	78	gshvdh
گفتمش	78	gftmsh
گوریه؟	78	gvryh
۰	78	?
آبیاری	77	abyary
آره،فکر	77	arhfkr
آرچ	77	arch
آرگو	77	argv
آزمایشگاهم	77	azmayshgahm
آغل	77	aghl
اتریشی	77	atryshy
اختلاط	77	akhtlat
اخطاره	77	akhtarh
ارتفاعش	77	artfash
استیج	77	astyj
اسنپ	77	asnp
اسپارتانها	77	aspartanha
اسکورچ	77	askvrch
الجزایر	77	aljzayr
المانی	77	almany
امنه؟	77	amnh
اونجایین	77	avnjayyn
اوین	77	avyn
اکتشافی	77	aktshafy
ایزوله	77	ayzvlh
ایلینویز	77	aylynvyz
اینقدرا	77	aynghdra
بازوها	77	bazvha
بازوهات	77	bazvhat
بازوهای	77	bazvhay
بالگرد	77	balgrd
باچا	77	bacha
بایستن	77	baystn
ببرهای	77	bbrhay
ببینتش	77	bbyntsh
بدنشه	77	bdnshh
برادرهات	77	bradrhat
برایتون	77	braytvn
براید	77	brayd
برایشان	77	brayshan
برنمیگردن	77	brnmygrdn
بروس؟	77	brvs
بزارشون	77	bzarshvn
بسنده	77	bsndh
بلاگ	77	blag
بنشینی	77	bnshyny
بپوشونی	77	bpvshvny
بچرخید	77	bchrkhyd
بیب	77	byb
بیمارا	77	bymara
بینانه	77	bynanh
تئوکیلوس	77	tvkylvs
تاراج	77	taraj
تخمش	77	tkhmsh
تماسهای	77	tmashay
جنسا	77	jnsa
جنگلهای	77	jnglhay
جیگری	77	jygry
حا	77	ha
حاشا	77	hasha
خجالتم	77	khjaltm
خدمتکاران	77	khdmtkaran
خروجه	77	khrvjh
خطاها	77	khtaha
خواهرا	77	khvahra
خویشاوند	77	khvyshavnd
خیری	77	khyry
خیلخب	77	khylkhb
دامین	77	damyn
داییم	77	dayym
درازیه	77	drazyh
دراوردم	77	dravrdm
دش	77	dsh
دوتاست	77	dvtast
ذکاوت	77	zkavt
رئیس؟	77	rys
رئیستون	77	rystvn
راحتت	77	rahtt
رادیولوژی	77	radyvlvzhy
رامش	77	ramsh
رفتنی	77	rftny
رگها	77	rgha
زندانیها	77	zndanyha
ساختون	77	sakhtvn
ستسونا	77	stsvna
سرش	77	srsh
سرشونو	77	srshvnv
سرطانه	77	srtanh
سلاحش	77	slahsh
سیاستمدارها	77	syastmdarha
سیمس	77	syms
شاداب	77	shadab
شرافتی	77	shrafty
شورلت	77	shvrlt
شوری	77	shvry
شکارچیه	77	shkarchyh
شکستیم	77	shkstym
شکنم	77	shknm
عامیانه	77	amyanh
عقلشون	77	ghlshvn
علاقمنده	77	laghmndh
عملیش	77	mlysh
غارنشین	77	gharnshyn
فعالیتی	77	falyty
فوربس	77	fvrbs
فیل؟	77	fyl
قانعم	77	ghanm
لنگلی	77	lngly
لورده	77	lvrdh
مالدر	77	maldr
مالکش	77	malksh
ماژول	77	mazhvl
مایونز	77	mayvnz
متیلامین	77	mtylamyn
مرغوب	77	mrghvb
مشکوکم	77	mshkvkm
معجزات	77	mjzat
معطلی	77	mtly
منیکس	77	mnyks
مهمونامون	77	mhmvnamvn
مهمونم	77	mhmvnm
موادش	77	mvadsh
میترکونه	77	mytrkvnh
میرتل	77	myrtl
مینوشت	77	mynvsht
میپرسیم	77	myprsym
میگردد	77	mygrdd
ناخوشاینده	77	nakhvshayndh
ناچیزه	77	nachyzh
نماید	77	nmayd
نمه	77	nmh
نمیشناسید	77	nmyshnasyd
نمیگم؟	77	nmygm
نن	77	nn
نومریوس	77	nvmryvs
نگرانتون	77	ngrantvn
نیکوس	77	nykvs
هانسن	77	hansn
هرکجا	77	hrkja
هرکدوممون	77	hrkdvmmvn
همنوع	77	hmnv
همونقدری	77	hmvnghdry
هوبرت	77	hvbrt
هی،من	77	hymn
هیدر	77	hydr
وارلگان	77	varlgan
واقعآ؟	77	vagha
والد	77	vald
ویگو	77	vygv
پارچ	77	parch
پتک	77	ptk
پسرهایی	77	psrhayy
پلیسیه	77	plysyh
پنجاب	77	pnjab
پولامو	77	pvlamv
پیجر	77	pyjr
پیشخون	77	pyshkhvn
پیشمه	77	pyshmh
کاتو	77	katv
کارانه	77	karanh
کارمونه	77	karmvnh
کاپوآ	77	kapva
کتابتون	77	ktabtvn
کریش	77	krysh
کلفته	77	klfth
کونمون	77	kvnmvn
کوچیکتره	77	kvchyktrh
گردنتو	77	grdntv
گروگانگیری	77	grvgangyry
گوو	77	gvv
گیملی	77	gymly
یافتیم	77	yaftym
یاوه	77	yavh
ینگ	77	yng
یکروز	77	ykrvz
آسونش	76	asvnsh
آوردیش؟	76	avrdysh
آپدیت	76	apdyt
اتاقا	76	atagha
اتهاماتی	76	athamaty
اتوود	76	atvvd
ادنا	76	adna
ارزن	76	arzn
اروپاست	76	arvpast
استنس	76	astns
اسکایلارک	76	askaylark
اشتراسر	76	ashtrasr
اصلحه	76	aslhh
اظهارنامه	76	azharnamh
افتادگی	76	aftadgy
افتضاحم	76	aftzahm
الماسها	76	almasha
امریکاست	76	amrykast
اوضاعی	76	avzay
اکی	76	aky
بادش	76	badsh
بارشون	76	barshvn
بارهامز	76	barhamz
باسه	76	bash
بالابر	76	balabr
باهاما	76	bahama
ببین،	76	bbyn
برروی	76	brrvy
برسونمش	76	brsvnmsh
برمن	76	brmn
برندگان	76	brndgan
برکستون	76	brkstvn
بزها	76	bzha
بستین	76	bstyn
بلینی	76	blyny
بندرت	76	bndrt
بنفس	76	bnfs
بورزم	76	bvrzm
بپزی	76	bpzy
ترایسی	76	traysy
تستش	76	tstsh
جدیدن	76	jdydn
جوونک	76	jvvnk
حضوری	76	hzvry
خدماتت	76	khdmatt
خردمندانه	76	khrdmndanh
خطراتی	76	khtraty
خطش	76	khtsh
داخلم	76	dakhlm
درتو	76	drtv
درخشه	76	drkhshh
دردآور	76	drdavr
دستمالی	76	dstmaly
دعوتمون	76	dvtmvn
دفنت	76	dfnt
دلینجر	76	dlynjr
دوربینم	76	dvrbynm
دوستداران	76	dvstdaran
ذلیل	76	zlyl
راجه	76	rajh
راستگویی	76	rastgvyy
رباینده	76	rbayndh
رستگار	76	rstgar
رسونیم	76	rsvnym
رل	76	rl
رودریک	76	rvdryk
ریپلی	76	ryply
زشتیه	76	zshtyh
زه	76	zh
زویلا	76	zvyla
سارمان	76	sarman
سازند	76	saznd
سالهایی	76	salhayy
سرمشق	76	srmshgh
سفیدش	76	sfydsh
سوس	76	svs
سونینا	76	svnyna
سیث	76	sys
شاهرخ	76	shahrkh
شهرتی	76	shhrty
شکوهی	76	shkvhy
صراحتا	76	srahta
صندلیه	76	sndlyh
ضعیفن	76	zyfn
طحال	76	thal
طلبانه	76	tlbanh
ظاهرشون	76	zahrshvn
عالیه،	76	alyh
عروقی	76	rvghy
عقیم	76	ghym
فردریکسن	76	frdryksn
فلوری	76	flvry
فنجونی	76	fnjvny
فنستر	76	fnstr
فون	76	fvn
فیلیپه	76	fylyph
قاطیش	76	ghatysh
قبرها	76	ghbrha
قرصه	76	ghrsh
قیاس	76	ghyas
لرزان	76	lrzan
لودو	76	lvdv
ماسئو	76	masv
ماهان	76	mahan
مبدا	76	mbda
مرکوری	76	mrkvry
مضطربم	76	mztrbm
مطمعنی	76	mtmny
مظهر	76	mzhr
معترف	76	mtrf
معقولانه	76	mghvlanh
مقادیر	76	mghadyr
ملتی	76	mlty
ملحفه	76	mlhfh
مهارتش	76	mhartsh
موضوعش	76	mvzvsh
موقعیته	76	mvghyth
موگلی	76	mvgly
مکانهای	76	mkanhay
مگنوم	76	mgnvm
میبینیش؟	76	mybynysh
میت	76	myt
میداشتی	76	mydashty
میذارمت	76	myzarmt
میکنمت	76	myknmt
ناسزا	76	nasza
نانوا	76	nanva
نتایجی	76	ntayjy
نتونید	76	ntvnyd
نزنش	76	nznsh
نمیجنگم	76	nmyjngm
ننا	76	nna
نیجر	76	nyjr
هنلی	76	hnly
هواداران	76	hvadaran
واترگیت	76	vatrgyt
وامی	76	vamy
وایسته	76	vaysth
ولنتاینه	76	vlntaynh
ویلمر	76	vylmr
پاهامون	76	pahamvn
پرقدرت	76	prghdrt
پروازهای	76	prvazhay
پشتتم	76	pshttm
پوشکین	76	pvshkyn
پولدارا	76	pvldara
پیروانش	76	pyrvansh
پیچوند	76	pychvnd
چام	76	cham
چرخشی	76	chrkhshy
چرخوندن	76	chrkhvndn
چغندر	76	chghndr
چینه	76	chynh
کاغذا	76	kaghza
کاملت	76	kamlt
کنارش	76	knarsh
کوبیدن	76	kvbydn
کپیتال	76	kpytal
کینگزلی	76	kyngzly
کینگزمن	76	kyngzmn
گارلند	76	garlnd
گرفتارم	76	grftarm
گفتنه	76	gftnh
گوون	76	gvvn
یوهانسن	76	yvhansn
آرامشت	75	aramsht
آریال	75	aryal
آسانی	75	asany
آمو	75	amv
ااا	75	a
ادرین	75	adryn
ارتباطشون	75	artbatshvn
اسلو	75	aslv
افرادمو	75	afradmv
افسرای	75	afsray
امانید	75	amanyd
اندونزی	75	andvnzy
اونز	75	avnz
اپی	75	apy
اکسیر	75	aksyr
ایدی	75	aydy
ایستادین	75	aystadyn
ایلیش	75	aylysh
اینکارش	75	aynkarsh
اینیم	75	aynym
بازکردن	75	bazkrdn
بالینی	75	balyny
باگزی	75	bagzy
ببوسیم	75	bbvsym
بردمت	75	brdmt
برساند	75	brsand
برگردد	75	brgrdd
برگردوندنش	75	brgrdvndnsh
بزرگتون	75	bzrgtvn
بزرگمه	75	bzrgmh
بسم	75	bsm
بفهمونه	75	bfhmvnh
بوکسر	75	bvksr
بچهها	75	bcha
بیانش	75	byansh
تاتا	75	tata
تاره	75	tarh
تاوقتی	75	tavghty
تدریجی	75	tdryjy
تراوش	75	travsh
تعقیبیم	75	tghybym
توانسته	75	tvansth
تولیدات	75	tvlydat
تولیدی	75	tvlydy
توماسه	75	tvmash
تومن	75	tvmn
توهینی	75	tvhyny
توپهای	75	tvphay
جدیدیه	75	jdydyh
جرو	75	jrv
حتمیه	75	htmyh
خارجیه	75	kharjyh
خواص	75	khvas
خوایید	75	khvayyd
خودخواهم	75	khvdkhvahm
خوشگلترین	75	khvshgltryn
خوکچه	75	khvkchh
دارمشون	75	darmshvn
دخلی	75	dkhly
ددشات	75	ddshat
درکس	75	drks
دستورم	75	dstvrm
دوساله	75	dvsalh
دیترسون	75	dytrsvn
دیون	75	dyvn
ردم	75	rdm
روبو	75	rvbv
روشنفکر	75	rvshnfkr
زنشه	75	znshh
ساکرامنتو	75	sakramntv
سرشماری	75	srshmary
سفیدها	75	sfydha
سوارشون	75	svarshvn
سیگار؟	75	sygar
شامم	75	shamm
شرل	75	shrl
شمسی	75	shmsy
شنیدمش	75	shnydmsh
شهرش	75	shhrsh
شیلر	75	shylr
صبحش	75	sbhsh
عریان	75	ryan
غذامو	75	ghzamv
فازی	75	fazy
فروشیم	75	frvshym
فعالسازی	75	falsazy
فلسیتی	75	flsyty
قضات	75	ghzat
قلقلکم	75	ghlghlkm
لاستیکی	75	lastyky
لایمن	75	laymn
لشتو	75	lshtv
مادرانه	75	madranh
مادمازل	75	madmazl
مبتدی	75	mbtdy
مجازاتم	75	mjazatm
مدنظر	75	mdnzr
مسرت	75	msrt
مسوولیت	75	msvvlyt
مسیره	75	msyrh
مصالح	75	msalh
مهاجمین	75	mhajmyn
موندنم	75	mvndnm
میبردن	75	mybrdn
میبنی	75	mybny
میترسیم	75	mytrsym
میفرستادم	75	myfrstadm
مینویسیم	75	mynvysym
نامعقول	75	namghvl
ناپا	75	napa
نای	75	nay
نفرستادی	75	nfrstady
نمیفهمی؟	75	nmyfhmy
نمیکشن	75	nmykshn
نوشم	75	nvshm
هاوی	75	havy
همسان	75	hmsan
همهی	75	hmhy
همکارتون	75	hmkartvn
هواپیمائی	75	hvapymay
واج	75	vaj
وانهدا	75	vanhda
پاسور	75	pasvr
پاسپورتم	75	paspvrtm
پاوره	75	pavrh
پایم	75	paym
پدرتی	75	pdrty
پرتشون	75	prtshvn
پرستارش	75	prstarsh
پیونده	75	pyvndh
پیکی	75	pyky
چسبیدم	75	chsbydm
چهرت	75	chhrt
چیزهارو	75	chyzharv
کاتاپا	75	katapa
کرامر	75	kramr
کفشاش	75	kfshash
کلیر؟	75	klyr
گرانشی	75	granshy
گسل	75	gsl
گلدار	75	gldar
گولمون	75	gvlmvn
گیبونز	75	gybvnz
آگرون	74	agrvn
آگنس	74	agns
آیندت	74	ayndt
اذهان	74	azhan
ارم	74	arm
اریکسون	74	aryksvn
استورات	74	astvrat
استیناف	74	astynaf
اسپرت	74	asprt
اسکایپ	74	askayp
اسکمندر	74	askmndr
الجثه	74	aljsh
امنیته	74	amnyth
اندازیم	74	andazym
اویدیوس	74	avydyvs
ایثان	74	aysan
اینقدری	74	aynghdry
ایگی	74	aygy
بازگشتت	74	bazgshtt
بتیاتوس	74	btyatvs
برادراش	74	bradrash
براو	74	brav
بزنیمش	74	bznymsh
بسط	74	bst
بنجن	74	bnjn
بنیانگذار	74	bnyangzar
بپرن	74	bprn
بیکران	74	bykran
تبهکاری	74	tbhkary
ترسوندم	74	trsvndm
ترکها	74	trkha
تعقیبی	74	tghyby
تغییرپذیرها	74	tghyyrpzyrha
توجیح	74	tvjyh
توهمی	74	tvhmy
تیله	74	tylh
تیگ	74	tyg
جاوید	74	javyd
جداگونه	74	jdagvnh
جنجالی	74	jnjaly
جوشه	74	jvshh
جوگر	74	jvgr
حساسیه	74	hsasyh
حقیقت؟	74	hghyght
حواسشو	74	hvasshv
خانوادتو	74	khanvadtv
خروار	74	khrvar
خطم	74	khtm
خلبانان	74	khlbanan
خودتونم	74	khvdtvnm
خویه	74	khvyh
خی	74	khy
خیابانها	74	khyabanha
دانستند	74	danstnd
دخترشم	74	dkhtrshm
درمونگاه	74	drmvngah
دریافتی	74	dryafty
دزدیدش	74	dzdydsh
دلخوری	74	dlkhvry
دوستیه	74	dvstyh
رحمه	74	rhmh
روندی	74	rvndy
روو	74	rvv
روکه	74	rvkh
زارن	74	zarn
زندگیته	74	zndgyth
زولو	74	zvlv
سئوالات	74	svalat
ساعتهای	74	sathay
سال؟	74	sal
سالروز	74	salrvz
سایلس	74	sayls
سختگیر	74	skhtgyr
سناریوی	74	snaryvy
سیاحت	74	syaht
سیبی	74	syby
سیستمهای	74	systmhay
شانستون	74	shanstvn
شایرون	74	shayrvn
شغلمه	74	shghlmh
شفاهی	74	shfahy
شهرتت	74	shhrtt
عذابی	74	zaby
عصرونه	74	srvnh
غدا	74	ghda
غرایز	74	ghrayz
غیبشون	74	ghybshvn
فایر	74	fayr
فرانچسکو	74	franchskv
فردایی	74	frdayy
فرستادنت	74	frstadnt
فروشش	74	frvshsh
فولکس	74	fvlks
قایقه	74	ghayghh
قمری	74	ghmry
قوسی	74	ghvsy
قول؟	74	ghvl
قیمته	74	ghymth
لازاروس	74	lazarvs
لباسیه	74	lbasyh
لفروی	74	lfrvy
مارماهی	74	marmahy
ماشینیه	74	mashynyh
مالا	74	mala
مخمل	74	mkhml
مدارکت	74	mdarkt
مدرکت	74	mdrkt
مدیونیم	74	mdyvnym
مراجع	74	mraj
مستلزم	74	mstlzm
مستمری	74	mstmry
مشروبه	74	mshrvbh
مظنونه	74	mznvnh
معشوقت	74	mshvght
مقامت	74	mghamt
مقصدش	74	mghsdsh
منظورمون	74	mnzvrmvn
موهبتی	74	mvhbty
مکاشفه	74	mkashfh
میخوایین	74	mykhvayyn
میسازند	74	mysaznd
میکشیدن	74	mykshydn
نزدیکیا	74	nzdykya
نفرستادن	74	nfrstadn
نمیخاد	74	nmykhad
نه،فقط	74	nhfght
نواری	74	nvary
نوشید	74	nvshyd
نیامد	74	nyamd
نیسن	74	nysn
همند	74	hmnd
هوه	74	hvh
هیدن	74	hydn
هیروشیما	74	hyrvshyma
واری	74	vary
واقعیات	74	vaghyat
والدینمون	74	valdynmvn
وایس	74	vays
وصول	74	vsvl
وضعیتمون	74	vzytmvn
ویدت	74	vydt
ویکد	74	vykd
پادریک	74	padryk
پارکینسون	74	parkynsvn
پاریسی	74	parysy
پرفروش	74	prfrvsh
پستاندار	74	pstandar
پشمک	74	pshmk
پیترز	74	pytrz
چرا،	74	chra
چیکارت	74	chykart
کابلی	74	kably
کامیلا	74	kamyla
کاپیتانی	74	kapytany
کتابفروشی	74	ktabfrvshy
کرست	74	krst
کریدنس	74	krydns
کلاهتو	74	klahtv
کیتانا	74	kytana
کیهان	74	kyhan
کیکه	74	kykh
گشایی	74	gshayy
گشتند	74	gshtnd
گمانه	74	gmanh
یافتگان	74	yaftgan
یاملا	74	yamla
یوکو	74	yvkv
آئورت	73	avrt
آرواره	73	arvarh
آستن	73	astn
آسیای	73	asyay
آلگرا	73	algra
آممم	73	am
آون	73	avn
آکی	73	aky
ااه	73	aah
اختیارم	73	akhtyarm
ارز	73	arz
اشتاین	73	ashtayn
اشتراکی	73	ashtraky
اعتبارت	73	atbart
البداهه	73	albdahh
الطاف	73	altaf
الم	73	alm
امیده	73	amydh
امیلیان	73	amylyan
اندریا	73	andrya
ایستی	73	aysty
بالفطره	73	balftrh
ببازیم	73	bbazym
ببریشون	73	bbryshvn
بخوابند	73	bkhvabnd
بذارمشون	73	bzarmshvn
برادلی	73	bradly
برهان	73	brhan
برگشتنش	73	brgshtnsh
بشنومش	73	bshnvmsh
بلرزونمش	73	blrzvnmsh
بکسون	73	bksvn
بینیت	73	bynyt
بیکارم	73	bykarm
تالیس	73	talys
تجاریه	73	tjaryh
تجدیدنظر	73	tjdydnzr
تراشیدن	73	trashydn
تراکم	73	trakm
ترومپت	73	trvmpt
تقاصش	73	tghassh
تلفنشو	73	tlfnshv
تماشاچیان	73	tmashachyan
تنمه	73	tnmh
ثورن	73	svrn
جاب	73	jab
جانوری	73	janvry
جغدها	73	jghdha
جلوته	73	jlvth
جیگره	73	jygrh
حاظرم	73	hazrm
حرکتو	73	hrktv
حفظم	73	hfzm
خانومت	73	khanvmt
خدایگان	73	khdaygan
خرسها	73	khrsha
خمیده	73	khmydh
خواربار	73	khvarbar
خودبخود	73	khvdbkhvd
خونگیه	73	khvngyh
دادگاهه	73	dadgahh
دخترانه	73	dkhtranh
درختای	73	drkhtay
درخشانه	73	drkhshanh
درخواستتون	73	drkhvasttvn
دلارت	73	dlart
دونستید	73	dvnstyd
دیکته	73	dykth
رباتها	73	rbatha
رسانده	73	rsandh
رقصت	73	rghst
روحها	73	rvhha
روزبه	73	rvzbh
ریوا	73	ryva
زوک	73	zvk
زیگفرید	73	zygfryd
سابقتون	73	sabghtvn
سامن	73	samn
سخاوتمندی	73	skhavtmndy
سرخپوستی	73	srkhpvsty
سردبیر	73	srdbyr
سرمقاله	73	srmghalh
سماجت	73	smajt
سیاهش	73	syahsh
سیسیلی	73	sysyly
شاشید	73	shashyd
شرتت	73	shrtt
شوکر	73	shvkr
شیطونه	73	shytvnh
صندل	73	sndl
عبرتی	73	brty
عنتر	73	ntr
عکسایی	73	ksayy
غذاشو	73	ghzashv
غربه	73	ghrbh
غوله	73	ghvlh
فرهان	73	frhan
فضانوردی	73	fzanvrdy
فنر	73	fnr
فیبر	73	fybr
فینگرلینگ	73	fyngrlyng
قبولشون	73	ghbvlshvn
قشنگتر	73	ghshngtr
قلبها	73	ghlbha
قهرمانت	73	ghhrmant
لرزیدن	73	lrzydn
لوبوس	73	lvbvs
لیانا	73	lyana
لیسانس	73	lysans
مادرهای	73	madrhay
مالزی	73	malzy
متخصصان	73	mtkhssan
متضاد	73	mtzad
مدیریتی	73	mdyryty
مربای	73	mrbay
مستعاره	73	mstarh
مندار	73	mndar
مهمونها	73	mhmvnha
موردعلاقه	73	mvrdlaghh
موریارتی	73	mvryarty
موضعی	73	mvzy
موچولو	73	mvchvlv
میترسیدن	73	mytrsydn
میتون	73	mytvn
میپیچه	73	mypychh
میکا	73	myka
میگفتید	73	mygftyd
نادرسته	73	nadrsth
نامعلومه	73	namlvmh
ناپایداره	73	napaydarh
نذاشتیم	73	nzashtym
نمادین	73	nmadyn
نمیدادن	73	nmydadn
نهی	73	nhy
نوسترداموس	73	nvstrdamvs
نیمن	73	nymn
نیویا	73	nyvya
هانکوک	73	hankvk
هدویگ	73	hdvyg
هرچقدرم	73	hrchghdrm
همسره	73	hmsrh
همیچین	73	hmychyn
هورد	73	hvrd
هیلتون	73	hyltvn
هینز	73	hynz
ورودت	73	vrvdt
وولکان	73	vvlkan
پادری	73	padry
پادشاهمون	73	padshahmvn
پاستیل	73	pastyl
پاپیون	73	papyvn
پدرت؟	73	pdrt
پدینگتون	73	pdyngtvn
پراز	73	praz
پرداختن	73	prdakhtn
پسرعموت	73	psrmvt
پشمالوی	73	pshmalvy
چای؟	73	chay
چیزمون	73	chyzmvn
چیکار؟	73	chykar
کارگرای	73	kargray
کاس	73	kas
کالوم	73	kalvm
کایلی	73	kayly
کمونیستها	73	kmvnystha
کمک؟	73	kmk
کنستانس	73	knstans
کنسله	73	knslh
کوئیل	73	kvyl
کچله	73	kchlh
کیمبرلی	73	kymbrly
گاگا	73	gaga
گرسنشه	73	grsnshh
گریف	73	gryf
گشنشه	73	gshnshh
گلوشو	73	glvshv
گمبل	73	gmbl
گیاهخوار	73	gyahkhvar
۱۰	73	?
آااه	72	ah
آبسولم	72	absvlm
آسمانها	72	asmanha
آشغالم	72	ashghalm
آنانیا	72	ananya
آورید	72	avryd
آگو	72	agv
آیرین	72	ayryn
آیندمون	72	ayndmvn
ابزارهای	72	abzarhay
احترامت	72	ahtramt
ارزشن	72	arzshn
استبداد	72	astbdad
استرا	72	astra
استنباط	72	astnbat
اسنایدر	72	asnaydr
اصلاحش	72	aslahsh
اصلیمون	72	aslymvn
اعتراضات	72	atrazat
الما	72	alma
انبساط	72	anbsat
انوی	72	anvy
اورسلا	72	avrsla
اولمه	72	avlmh
ایشالا	72	ayshala
اینست	72	aynst
بارونه	72	barvnh
بایبل	72	baybl
بایه	72	bayh
بدلی	72	bdly
بدنته	72	bdnth
برفه	72	brfh
بروکز	72	brvkz
برگشتش	72	brgshtsh
بزاریش	72	bzarysh
بزرگترا	72	bzrgtra
بلوری	72	blvry
بمانی	72	bmany
بپیچید	72	bpychyd
بکشونیم	72	bkshvnym
بیدارتون	72	bydartvn
بیماریهای	72	bymaryhay
بینمشون	72	bynmshvn
تجربش	72	tjrbsh
تحملت	72	thmlt
تخصیص	72	tkhsys
تفاهمی	72	tfahmy
تفنگاتون	72	tfngatvn
تقلبه	72	tghlbh
توفو	72	tvfv
تیرش	72	tyrsh
جادوگرم	72	jadvgrm
جاروی	72	jarvy
جدیت	72	jdyt
جذامی	72	jzamy
جسپر	72	jspr
جهادی	72	jhady
جواد	72	jvad
حب	72	hb
حرکتم	72	hrktm
حسوده	72	hsvdh
خانمت	72	khanmt
خواهرانم	72	khvahranm
خودارضایی	72	khvdarzayy
خونس	72	khvns
دانشمندها	72	danshmndha
داوران	72	davran
درایمن	72	draymn
درمانم	72	drmanm
دلچسب	72	dlchsb
دوستهات	72	dvsthat
دومینو	72	dvmynv
دیدنه	72	dydnh
راستیتش	72	rastytsh
رایگانه	72	rayganh
رفتارها	72	rftarha
رهبرمون	72	rhbrmvn
ریان	72	ryan
زان	72	zan
زورم	72	zvrm
سالگردمون	72	salgrdmvn
سایمن	72	saymn
سدی	72	sdy
سراسری	72	srasry
سرحالی	72	srhaly
سریه	72	sryh
سطحیه	72	sthyh
سنسورهای	72	snsvrhay
سوءظن	72	svzn
سوارم	72	svarm
سوج	72	svj
سگای	72	sgay
سیخونک	72	sykhvnk
سیدو	72	sydv
شغال	72	shghal
شغلتو	72	shghltv
شهربازی	72	shhrbazy
شینه	72	shynh
شیهان	72	shyhan
ضعفت	72	zft
عا	72	a
عصری	72	sry
عطرش	72	trsh
عقبم	72	ghbm
علیل	72	lyl
غرغرو	72	ghrghrv
فراگیر	72	fragyr
فروت	72	frvt
فلورنس	72	flvrns
فکرمو	72	fkrmv
فکرمون	72	fkrmvn
قطعن	72	ghtn
قواره	72	ghvarh
قیف	72	ghyf
قیمتت	72	ghymtt
لاخ	72	lakh
لامپرت	72	lamprt
لبهات	72	lbhat
لغتی	72	lghty
لوکرزیا	72	lvkrzya
مادرت؟	72	madrt
مارول	72	marvl
مامانتم	72	mamantm
مخلوطی	72	mkhlvty
مسعود	72	msvd
منقبض	72	mnghbz
مواضب	72	mvazb
موشهای	72	mvshhay
میافتی	72	myafty
میبردی	72	mybrdy
میخک	72	mykhk
میشوید	72	myshvyd
میفرستند	72	myfrstnd
مینداختم	72	myndakhtm
مینو	72	mynv
نامزدها	72	namzdha
نجاته	72	njath
نهایتش	72	nhaytsh
نهمین	72	nhmyn
نوشتید	72	nvshtyd
نپخته	72	npkhth
نکشیدی	72	nkshydy
نگرفتید	72	ngrftyd
نگهتون	72	nghtvn
نیشش	72	nyshsh
نیفت	72	nyft
هرکدومتون	72	hrkdvmtvn
هیمالیا	72	hymalya
والنتاین	72	valntayn
وایگند	72	vaygnd
ویز	72	vyz
پاته	72	path
پارت	72	part
پارکمن	72	parkmn
پانسیون	72	pansyvn
پاپریکا	72	papryka
پاپو	72	papv
پرتره	72	prtrh
پرودوم	72	prvdvm
پسراش	72	psrash
پسرشم	72	psrshm
پونس	72	pvns
پیرها	72	pyrha
چرون	72	chrvn
چشمتو	72	chshmtv
ژوهانسبورگ	72	zhvhansbvrg
کالو	72	kalv
کاما	72	kama
کاپوچینو	72	kapvchynv
کراوس	72	kravs
کرش	72	krsh
کروکودیل	72	krvkvdyl
کشورو	72	kshvrv
کلب	72	klb
کمدت	72	kmdt
کمونیسم	72	kmvnysm
کورسو	72	kvrsv
کورلئونه	72	kvrlvnh
کیهانی	72	kyhany
گایتوند	72	gaytvnd
گذشتت	72	gzshtt
گلوشون	72	glvshvn
گوشیتو	72	gvshytv
یاکوزا	72	yakvza
یکهو	72	ykhv
ییتس	72	yyts
۳	72	?
آوردیمش	71	avrdymsh
بردتش	71	brdtsh
خوندگی	71	khvndgy
خیارشور	71	khyarshvr
درازا	71	draza
رودر	71	rvdr
میگین؟	71	mygyn
هدلی	71	hdly
جیم؟	70	jym
شدش؟	70	shdsh
طوری؟	70	tvry
هنری؟	70	hnry
اینطور؟	69	ayntvr
بدویید	69	bdvyyd
شنیدین؟	69	shnydyn
میافته؟	69	myafth
کین؟	69	kyn
برقصی؟	68	brghsy
دلورس؟	68	dlvrs
والتر؟	68	valtr
کنه؟	68	knh
اونه؟	67	avnh
مورد؟	67	mvrd
وقت؟	67	vght
وقته؟	67	vghth
چارلز؟	67	charlz
جانی؟	66	jany
رسیدیم؟	66	rsydym
امروز؟	65	amrvz
ببین؟	65	bbyn
بودیم؟	65	bvdym
واقعیه؟	65	vaghyh
تنها؟	64	tnha
جرمی؟	64	jrmy
دارم؟	64	darm
داریش؟	64	darysh
مطمئنین؟	64	mtmnyn
کدومشون؟	64	kdvmshvn
بیداری؟	63	bydary
عشق؟	63	shgh
پروفسور؟	63	prvfsvr
چیزی؟	63	chyzy
الینا؟	62	alyna
برادرت	62	bradrt
دونه؟	62	dvnh
رز؟	62	rz
واضحه؟	62	vazhh
کتاب؟	62	ktab
کلانتر؟	62	klantr
اینطوری؟	61	ayntvry
تمومه؟	61	tmvmh
خدا؟	61	khda
خوبن؟	61	khvbn
غلطا؟	61	ghlta
فرستاده؟	61	frstadh
نفرن؟	61	nfrn
کوین؟	61	kvyn
قبول؟	60	ghbvl
چند؟	60	chnd
ادوارد؟	59	advard
بلا؟	59	bla
جنی؟	59	jny
نوشیدنی؟	59	nvshydny
چقدره؟	59	chghdrh
گشنته؟	59	gshnth
توماس؟	58	tvmas
جیمز؟	58	jymz
دونستی؟	58	dvnsty
مونی؟	58	mvny
نمیبینی؟	58	nmybyny
همه؟	58	hmh
اسکات؟	57	askat
بانی؟	57	bany
بیل؟	57	byl
روزیه؟	57	rvzyh
زودی؟	57	zvdy
سردته؟	57	srdth
باب؟	56	bab
بالاست	56	balast
ترس؟	56	trs
جناب؟	56	jnab
داد؟	56	dad
درست؟	56	drst
مثلا؟	56	msla
اشتباه؟	55	ashtbah
البته،	55	albth
بده؟	55	bdh
دیدید؟	55	dydyd
لین؟	55	lyn
همشون؟	55	hmshvn
پسرم؟	55	psrm
استیو؟	54	astyv
اندی؟	54	andy
بدونی؟	54	bdvny
بروبیرون	54	brvbyrvn
دختر،	54	dkhtr
دوستتدارم	54	dvsttdarm
شام؟	54	sham
کافیه؟	54	kafyh
استیفن؟	53	astyfn
اید؟	53	ayd
ممممم	53	m
منو؟	53	mnv
کارل؟	53	karl
آبجو؟	52	abjv
آرتور؟	52	artvr
بخیر،	52	bkhyr
بودم؟	52	bvdm
بینین؟	52	bynyn
چطورید؟	52	chtvryd
کارولاین؟	52	karvlayn
گذشت؟	52	gzsht
ازدواج؟	51	azdvaj
اسمتون؟	51	asmtvn
بیای؟	51	byay
خوشگله؟	51	khvshglh
شان؟	51	shan
اینجوری؟	50	aynjvry
برادر؟	50	bradr
تایلر؟	50	taylr
تفنگ؟	50	tfng
جونم؟	50	jvnm
صبحبخیر	50	sbhbkhyr
میخوری؟	50	mykhvry
گرسنته؟	50	grsnth
آلیس؟	49	alys
بپرسم؟	49	bprsm
جاست	49	jast
جس؟	49	js
جیک؟	49	jyk
داشتی؟	49	dashty
سرهنگ؟	49	srhng
شکلیه؟	49	shklyh
مادرش	49	madrsh
مشکلی؟	49	mshkly
ناموسا؟	49	namvsa
وضعشه؟	49	vzshh
پادشاه؟	49	padshah
پو؟	49	pv
کشتی؟	49	kshty
اهوم	48	ahvm
تکوننخور	48	tkvnnkhvr
درحالجستجو	48	drhaljstjv
دونم،	48	dvnm
مشکل؟	48	mshkl
میرید؟	48	myryd
میپرسی؟	48	myprsy
چطوریه؟	48	chtvryh
انتقام؟	47	antgham
اه؟	47	ah
اونوقت؟	47	avnvght
خانواده؟	47	khanvadh
رودی؟	47	rvdy
غذا؟	47	ghza
لی؟	47	ly
مشروب؟	47	mshrvb
میکردی؟	47	mykrdy
هیو؟	47	hyv
کدومش؟	47	kdvmsh
اوهخدایمن	46	avhkhdaymn
بابی؟	46	baby
بازم؟	46	bazm
بکشینشون	46	bkshynshvn
حرکتکن	46	hrktkn
روری؟	46	rvry
شارلوت؟	46	sharlvt
متاسفی؟	46	mtasfy
مریضی؟	46	mryzy
معذرتمیخوام	46	mzrtmykhvam
منمهمینطور	46	mnmhmyntvr
هستیم؟	46	hstym
گوشم	46	gvshm
صبرکن،	45	sbrkn
معامله؟	45	mamlh
میخونی؟	45	mykhvny
کت؟	45	kt
آدام؟	44	adam
آنچهگذشت	44	anchhgzsht
بنظرم	44	bnzrm
جنگ؟	44	jng
حالیته؟	44	halyth
شاید؟	44	shayd
مشکلیه؟	44	mshklyh
مواد؟	44	mvad
میگذره؟	44	mygzrh
پدرم؟	44	pdrm
پرسی؟	44	prsy
کاب؟	44	kab
ککا	44	kka
کیوو	44	kyvv
ازاینطرف	43	azayntrf
اسمش؟	43	asmsh
اوه،پسر	43	avhpsr
بزنبریم	43	bznbrym
جرج؟	43	jrj
داشت؟	43	dasht
ربکا؟	43	rbka
زندان؟	43	zndan
شلوغه؟	43	shlvghh
پلیسی؟	43	plysy
آقایون؟	42	aghayvn
بسه،	42	bsh
بلدی؟	42	bldy
بیلی؟	42	byly
تامی؟	42	tamy
خوبین؟	42	khvbyn
داخل؟	42	dakhl
شش،	42	shsh
لوسی؟	42	lvsy
هفت،	42	hft
هنک؟	42	hnk
پنج،	42	pnj
کسی؟	42	ksy
که؟	42	kh
،نه	41	nh
آرررره	41	arh
استاد؟	41	astad
اسمت؟	41	asmt
الیزابت؟	41	alyzabt
تدی؟	41	tdy
تونم؟	41	tvnm
حاضرین؟	41	hazryn
خواهرت؟	41	khvahrt
ریک؟	41	ryk
شاهزاده؟	41	shahzadh
مارک؟	41	mark
مجبورم؟	41	mjbvrm
میدونی،	41	mydvny
میشی؟	41	myshy
هستش؟	41	hstsh
هوووو	41	hv
هیچوقت؟	41	hychvght
کارول؟	41	karvl
امی؟	40	amy
اوهم	40	avhm
توست	40	tvst
جاش؟	40	jash
جردن؟	40	jrdn
خیلیخوبه	40	khylykhvbh
روووو	40	rv
زن؟	40	zn
سام؟	40	sam
ستوان؟	40	stvan
شراب؟	40	shrab
شو؟	40	shv
شکر؟	40	shkr
قراری؟	40	ghrary
لیزا؟	40	lyza
مادرم؟	40	madrm
مامانی؟	40	mamany
نقشه؟	40	nghshh
کاریه؟	40	karyh
کایل؟	40	kayl
کیو؟	40	kyv
،آره	39	arh
آخیش	39	akhysh
اوه،خدایا	39	avhkhdaya
بار؟	39	bar
بزرگ؟	39	bzrg
بهتری؟	39	bhtry
بیاتو	39	byatv
تاتانکا	39	tatanka
راس؟	39	ras
سالی؟	39	saly
شانس؟	39	shans
شببخیر	39	shbbkhyr
شیطان؟	39	shytan
میشناسم؟	39	myshnasm
نشد؟	39	nshd
نمیدونستی؟	39	nmydvnsty
همسرت؟	39	hmsrt
پاول؟	39	pavl
گروهبان؟	39	grvhban
آرره	38	arrh
امکاننداره	38	amkanndarh
بفرمایید؟	38	bfrmayyd
بورن؟	38	bvrn
بکشی؟	38	bkshy
بینید؟	38	bynyd
ترجمهازنیلوفرمهر	38	trjmhaznylvfrmhr
دخترا؟	38	dkhtra
سسکا	38	sska
شدین؟	38	shdyn
عجلهکن	38	jlhkn
عصبانی؟	38	sbany
مری؟	38	mry
میکنید؟	38	myknyd
نمیکنی؟	38	nmykny
نمیگی؟	38	nmygy
هرگز؟	38	hrgz
چته	38	chth
یا؟	38	ya
آه؟	37	ah
استرایدر	37	astraydr
ام؟	37	am
باحاله،	37	bahalh
بروکنار	37	brvknar
جویی؟	37	jvyy
خدایا،	37	khdaya
خط؟	37	kht
فرار؟	37	frar
قرار؟	37	ghrar
لورا؟	37	lvra
مارلی؟	37	marly
پدرش	37	pdrsh
چهار؟	37	chhar
گاییدمش	37	gayydmsh
اد؟	36	ad
اسلحه؟	36	aslhh
بازی؟	36	bazy
برت؟	36	brt
حالی؟	36	haly
دارم،چون	36	darmchvn
دنیل؟	36	dnyl
دوری؟	36	dvry
راستش،	36	rastsh
ریچارد؟	36	rychard
سروان؟	36	srvan
منخوبم	36	mnkhvbm
میخواست؟	36	mykhvast
میدونیچیه؟	36	mydvnychyh
نظر؟	36	nzr
همینطوره؟	36	hmyntvrh
هی،هی،هی	36	hyhyhy
ولی؟	36	vly
وگرنه؟	36	vgrnh
گرگ؟	36	grg
گفتش؟	36	gftsh
آآآه	35	ah
بمونی؟	35	bmvny
بمیری؟	35	bmyry
خواهر؟	35	khvahr
خوشحال؟	35	khvshhal
دستش	35	dstsh
دیو؟	35	dyv
راب؟	35	rab
شی؟	35	shy
عجیب؟	35	jyb
عزیزم،	35	zyzm
فایتینگ	35	faytyng
لئونارد؟	35	lvnard
ماری؟	35	mary
مرد؟	35	mrd
مگان؟	35	mgan
میشل؟	35	myshl
نیکی؟	35	nyky
هستند؟	35	hstnd
هیوجین	35	hyvjyn
واقعن؟	35	vaghn
ادی؟	34	ady
اوهوی	34	avhvy
اینجوریه؟	34	aynjvryh
اینطوره؟	34	ayntvrh
بودن؟	34	bvdn
تمومشد	34	tmvmshd
حقیقتی؟	34	hghyghty
خوبید؟	34	khvbyd
رقص؟	34	rghs
شهردار؟	34	shhrdar
شکلات؟	34	shklat
فرودو؟	34	frvdv
مارکوس؟	34	markvs
مراقبباش	34	mraghbbash
نام؟	34	nam
ندیدیش؟	34	ndydysh
نیومد؟	34	nyvmd
ووووو	34	v
پنی؟	34	pny
چیه،	34	chyh
آپریل؟	33	apryl
اووف	33	avvf
ایگریت	33	aygryt
بذارببینم	33	bzarbbynm
بلیط؟	33	blyt
بگردش	33	bgrdsh
جانمی	33	janmy
جسی؟	33	jsy
جی؟	33	jy
خوندیش؟	33	khvndysh
داداش؟	33	dadash
داگ؟	33	dag
دختره؟	33	dkhtrh
درنیاد	33	drnyad
دزد؟	33	dzd
دهلها،	33	dhlha
دیزی؟	33	dyzy
ردیفه؟	33	rdyfh
رفقا؟	33	rfgha
صداتم	33	sdatm
عجیبه،	33	jybh
عه؟	33	h
قسمتش؟	33	ghsmtsh
لیلی؟	33	lyly
متاسفم،	33	mtasfm
متوجهین؟	33	mtvjhyn
میخواید؟	33	mykhvayd
میشنوین؟	33	myshnvyn
هم،	33	hm
پنج؟	33	pnj
گفتن؟	33	gftn
گلگونه	33	glgvnh
آره،همینطوره	32	arhhmyntvrh
بد؟	32	bd
برمیاد؟	32	brmyad
بزنینش	32	bznynsh
جیغش	32	jyghsh
جیکوب؟	32	jykvb
خطرناکه؟	32	khtrnakh
دوتا؟	32	dvta
دین؟	32	dyn
رادها،	32	radha
رادهای	32	radhay
شدید؟	32	shdyd
فکرته؟	32	fkrth
لو؟	32	lv
مارشال؟	32	marshal
نه،ممنون	32	nhmmnvn
نورمن؟	32	nvrmn
والت؟	32	valt
وسلام	32	vslam
وودی؟	32	vvdy
پاتیلم	32	patylm
پاکن	32	pakn
پپر؟	32	ppr
پیت؟	32	pyt
کاترین؟	32	katryn
کجایین؟	32	kjayyn
کول؟	32	kvl
الی؟	31	aly
اوهوم؟	31	avhvm
بابابزرگ؟	31	bababzrg
بارومیر	31	barvmyr
برین،	31	bryn
بشکنش	31	bshknsh
بعله؟	31	blh
توئه؟	31	tvh
جالبه؟	31	jalbh
جیسون؟	31	jysvn
حاضر؟	31	hazr
خوری؟	31	khvry
دن؟	31	dn
دنی؟	31	dny
دیمن؟	31	dymn
سوارشو	31	svarshv
سوزان؟	31	svzan
شیطونم	31	shytvnm
قیمتی؟	31	ghymty
مستی؟	31	msty
مگی؟	31	mgy
میبینید؟	31	mybynyd
میکشی؟	31	mykshy
نرسیدیم؟	31	nrsydym
نمیدونم؟	31	nmydvnm
پاریس؟	31	parys
آاااه	30	ah
آیدان	30	aydan
ارتش؟	30	artsh
الیس؟	30	alys
اوممم	30	avm
باشی؟	30	bashy
برایان؟	30	brayan
بله،البته	30	blhalbth
بودین؟	30	bvdyn
بیباک	30	bybak
بیرون؟	30	byrvn
توشه؟	30	tvshh
حرفم	30	hrfm
داکیولا	30	dakyvla
درخشی	30	drkhshy
دونا؟	30	dvna
راهبهآینده	30	rahbhayndh
زواتانئو	30	zvatanv
ساتسو	30	satsv
شدم؟	30	shdm
شنیدید؟	30	shnydyd
شکار؟	30	shkar
عاشقشی؟	30	ashghshy
فارامیر	30	faramyr
فهمید؟	30	fhmyd
قتل؟	30	ghtl
مادربزرگ؟	30	madrbzrg
ماریا؟	30	marya
مرسی،	30	mrsy
مرلین؟	30	mrlyn
مواظبباش	30	mvazbbash
مینسک	30	mynsk
نزدی؟	30	nzdy
نمیخوای؟	30	nmykhvay
هاروی؟	30	harvy
هفته؟	30	hfth
ویکتوریا؟	30	vyktvrya
پاتس؟	30	pats
پوشیدی؟	30	pvshydy
کشتیش؟	30	kshtysh
کمک،	30	kmk
گردنش	30	grdnsh
