محمدی	mohammadi,mhmdi,mohaddi	S	1
حسینی	hosseini,hsini	S	2
احمدی	ahmadi,ahmdi	S	3
رضائی	razai,rzai	S	4
مرادی	moradi,mradi	S	5
حیدری	heydari,hidri,heidari	S	6
کریمی	karimi,krimi	S	7
موسوی	mousavi,moosooi	S	8
جعفری	jafari,jfri	S	9
قاسمی	ghasemi,ghasmi	S	10
عباسی	abbasi,abasi	S	11
رحیمی	rahimi,rhimi	S	12
ابراهیمی	ibrahimi,abrahimi	S	13
زارعی	zarei,zari	S	14
صادقی	sadeghi,sadghi	S	15
محمودی	mohammadi,mhmoodi,mahmoudi	S	16
غلامی	gholami,ghlami	S	17
اکبری	akbari,akbri	S	18
باقری	bagheri,baghri	S	19
میرزائی	mirzaei,mirzai	S	20
زارع	zarei,zar,zareh	S	21
قربانی	ghorbani,ghrbani	S	22
صالحی	salehi,salhi	S	23
امیری	amiri	S	24
اسدی	asadi,asdi	S	25
یوسفی	yousefi,ioosfi	S	26
نظری	nazari,nzri	S	27
نوروزی	nowruzian,nooroozi,norouzi	S	28
عزیزی	azizi	S	29
نوری	noori,nuri	S	30
کرمی	kermani,krmi,karami	S	31
کاظمی	kazemi,kazmi	S	32
هاشمی	hashemi,hashmi	S	33
رستمی	rostami,rstmi	S	34
رحمانی	rahmani,rhmani	S	35
شریفی	sharifi,shrifi	S	36
سلیمانی	soleimani,slimani	S	37
نجفی	najafi,njfi	S	38
طاهری	taheri,tahri	S	39
امینی	amini	S	40
صفری	saffari,sfri,safri	S	41
رمضانی	ramazani,rmzani	S	42
خسروی	khosravi,khsrooi	S	43
حسنی	hasani,hsni	S	44
بابائی	babaei,babai	S	45
بهرامی	bahrami,bhrami	S	46
سلطانی	soltani,sltani	S	47
دهقانی	dehqani,dhghani	S	48
اسماعیلی	ismaili,asmaili	S	49
ملکی	maleki,mlki	S	50
گودرزی	goudarzi,goodrzi	S	51
نصیری	nasiri,nsiri	S	52
عبدی	abdi	S	53
قنبری	ghanbari,ghnbri	S	54
رجبی	rajabi,rjbi	S	55
زمانی	zamani,zmani	S	56
فتحی	fathi,fthi	S	57
سعیدی	saidi,sidi	S	58
منصوری	mansouri,mnsoori	S	59
بیات	bayat,biat	S	60
حسن‌زاده	hasanzadeh,hsnzade	S	61
رنجبر	ranjbar,rnjbr	S	63
سلیمی	salimi,slimi	S	66
شفیعی	shafiei,shfii	S	67
خلیلی	khalili,khlili	S	68
محمدزاده	mohammadzadeh,mhmdzade	S	69
علیزاده	alizadeh,alizade	S	70
رسولی	rasouli,rsooli	S	71
اسکندری	eskandari,askndri	S	72
حبیبی	habibi,hbibi	S	73
لطفی	lotfi,ltfi	S	74
رئیسی	raisi,risi	S	75
نادری	naderi,nadri	S	76
دهقان	dahghan,dhghan,dehghan	S	77
عسگری	asgari,asgri	S	78
ناصری	naseri,nasri	S	79
قادری	ghadiri,ghadri	S	80
رشیدی	rashidi,rshidi	S	81
غفاری	ghafari,ghfari,ghaffari	S	82
بختیاری	bakhtiari,bkhtiari	S	83
سالاری	salari	S	84
توکلی	tavakoli,tookli	S	85
عابدی	abedi,aabdi	S	86
شهبازی	shahbazi,shhbazi	S	87
شعبانی	shabani,shbani	S	88
نعمتی	ni'mati,nmti	S	89
یزدانی	yazdani,izdani	S	90
اسمعیلی	ismaili,asmili	S	92
انصاری	ansari	S	93
عظیمی	azimi	S	94
جمشیدی	jamshidi,jmshidi	S	95
جلالی	jalali,jlali	S	96
عبدالهی	abdollahi,abdalhi	S	97
فرجی	faraji,frji	S	98
عسکری	askari,askri,asgari	S	99
همتی	hamati,hmti	S	100
داودی	davoodi,davdi	S	101
جمالی	jamali,jmali	S	102
رفیعی	rafiei,rfii	S	103
طالبی	talebi,talbi	S	104
تیموری	timuri,timoori	S	105
کیانی	kiani	S	106
حسن‌پور	hasanpour,hsnpoor	S	107
مختاری	mokhtari,mkhtari	S	108
حاتمی	hatami,hatmi	S	109
کشاورز	farmer,kshavrz,keshavarz	S	110
شجاعی	shojaei,shjai	S	111
اصغری	asghari,asghri	S	112
خانی	khani	S	113
یعقوبی	yaghoubi,ighoobi,yaqoubi	S	114
معصومی	masoumi,msoomi	S	115
آقائی	aghaei,aghai	S	116
عبداللهی	abdollahi,abdallhi	S	117
حمیدی	hamidi,hmidi	S	118
فرهادی	farhadi,frhadi	S	119
محمدپور	mohammadpour,mhmdpoor	S	120
سهرابی	sohrabi,shrabi,sohraabi	S	121
رحمتی	rahmati,rhmti	S	122
اسلامی	eslami,aslami	S	123
کمالی	kamali,kmali	S	124
درویشی	darvishi,drooishi	S	125
ایزدی	izadi,aizdi	S	126
مقدم	moghadam,mghdm,moqaddam	S	127
شکری	shokri,shkri,shakuri	S	128
محمدیان	mohammadian,mhmdian	S	129
جوکار	javakar,jookar,javkar	S	130
عبادی	abadi,ebadi	S	131
مهدوی	mahdavi,mhdooi	S	132
خزائی	khazai,khzai	S	133
بخشی	bakhshi,bkhshi	S	134
ترابی	torabi,trabi	S	135
براتی	barati,brati	S	136
محبی	mohabbi,mhbi	S	137
مظفری	mozafari,mzfri	S	138
فتاحی	fattahi,ftahi	S	139
میری	miri	S	140
فلاح	fallah,flah,falah	S	141
ریگی	rigi	S	142
ایمانی	imani,aimani	S	143
افشاری	afshari	S	144
قهرمانی	champion,ghhrmani	S	145
شیخی	sheikhi,shikhi,sheykhi	S	146
صمدی	samadi,smdi	S	147
طهماسبی	tahmasbi,thmasbi,tahmasebi	S	148
جباری	jabari,jbari	S	149
امامی	imami,amami	S	150
محسنی	mohseni,mhsni	S	151
آزادی	azadi	S	152
ذوالفقاری	zolfaqari,zvalfghari	S	153
عرب	arab,arb	S	154
امیدی	omidi,amidi	S	155
برزگر	farmer,brzgr,barzegar	S	156
ناروئی	naroui,narvi	S	157
بهمنی	bahmani,bhmni	S	158
سیفی	seyfi,sifi	S	160
پناهی	panahi,pnahi	S	161
ملائی	malai,mlai	S	162
چراغی	chiraghi,chraghi	S	163
جوادی	javadi,jvadi	S	164
فلاحی	fallahi,flahi	S	165
خادمی	khadami,khadmi	S	166
صابری	saberi,sabri	S	167
خدادادی	khodayadi,khdadadi	S	168
سلمانی	salmani,slmani	S	170
مولائی	molaei,moolai	S	171
شیری	shiri	S	172
جهانگیری	jahangiri,jhangiri	S	173
امانی	emani,amani	S	174
شمسی	shamsi,shmsi	S	176
مؤمنی	momeni,mmni	S	177
حاجی‌زاده	hajizade	S	178
شاکری	shakiri,shakri	S	179
صفائی	safai,sfai	S	180
فیروزی	firoozi	S	181
افشار	afshar	S	182
زاهدی	zahdi	S	183
زنگنه	zangeneh,zngne,zanganeh	S	184
احمدیان	ahmadian,ahmdian	S	185
فراهانی	farahani,frahani	S	186
رضوی	razavi,rzooi	S	187
اسفندیاری	esfandiari,asfndiari	S	188
شهریاری	shahriari,shhriari	S	189
ربیعی	rabiei,rbii,rabii	S	190
ذاکری	zaheri,zakri,zakeri	S	191
عطائی	attai,atai	S	192
جلیلی	jalili,jlili	S	193
علوی	alavi,alooi	S	194
فیضی	feyzi,fizi	S	195
احمدزاده	ahmadzadeh,ahmdzade	S	196
یاری	yari,iari	S	197
ویسی	veisi,vaisi	S	198
عابدینی	abedini,aabdini	S	199
تاجیک	tajik	S	200
دارابی	darabi	S	201
مجیدی	majidi,mjidi	S	202
سوری	souri,soori,suri	S	203
رضازاده	rzazade	S	204
فاضلی	fazeli,fazli	S	205
خدائی	khodaei,khdai	S	206
کارگر	worker,kargr,kargar	S	208
صیادی	siyadi,siadi	S	209
کشاورزی	keshavarzi,kshavrzi	S	211
صدیقی	sadeghi,sdighi,sediqi	S	212
شرفی	sharafi,shrfi	S	213
جهانی	jahani,jhani	S	214
یاوری	yavari,iavri	S	215
مسعودی	masoudi,msoodi	S	217
تقوی	taqvi,tghooi	S	218
سیدی	seyedi,sidi	S	220
سواری	savari,svari	S	221
سجادی	sajadi,sjadi	S	222
کلانتری	kalantari,klantri	S	224
غفوری	ghafouri,ghfoori	S	225
دشتی	dashti,dshti	S	226
سبحانی	sobhani,sbhani	S	227
اصلانی	aslani	S	228
مهری	mahri,mhri,mehri	S	229
جعفرزاده	jafarzadeh,jfrzade	S	230
فرخی	farrokhi,frkhi	S	232
فولادی	fooladi	S	233
مردانی	mardani,mrdani	S	234
پیری	piri	S	235
واحدی	vahidi,vaahdi	S	236
بیگدلی	bigdeli,bigdli	S	237
طباطبائی	tabatabai,tbatbai	S	238
لطیفی	latifi,ltifi	S	239
نصرتی	nasrati,nsrti	S	240
عبدلی	abdali,abdli	S	241
سعادتی	saadati,sadti	S	242
بهادری	bahadari,bhadri	S	243
اشرفی	ashrafi,ashrfi	S	244
قبادی	ghavadi,ghbadi	S	245
خالقی	khalighi,khalghi	S	246
زندی	zandi,zndi	S	247
حدادی	haddadi,hdadi	S	249
ملاحی	mollahi,mlahi	S	251
افتخاری	aftakhari,aftkhari	S	253
یاراحمدی	iarahmdi	S	254
روستا	rostam,roosta	S	255
مرتضوی	mortezavi,mrtzooi	S	256
روستائی	rostayi,roostai	S	257
شیرازی	shirazi	S	258
احمدپور	ahmadpour,ahmdpoor	S	259
خیری	kheiri,khiri	S	260
فدائی	fadai,fdai	S	261
بلوچ	baluch,blooch	S	262
رستگار	rostegar,rstgar,rastgar	S	263
الماسی	almasi	S	264
سارانی	sarani	S	265
جلیلیان	jalilian,jlilian	S	266
داوری	dawari,davri	S	267
شیروانی	shirvani	S	269
مرادیان	moradian,mradian	S	270
مقصودی	maqsoodi,mghsoodi	S	271
زینلی	zeynali,zinli	S	272
شمس	shams,shms	S	273
کریمیان	karimian,krimian	S	274
بیرانوند	biranoond	S	275
فرامرزی	farahmazar,framrzi	S	276
رضوانی	rizvani,rzvani	S	277
پارسا	parsa	S	278
ترکاشوند	torkashvand,trkashoond	S	279
ابراهیم‌زاده	ibrahimzadeh,abrahimzade	S	280
طیبی	tayebi,tibi	S	281
ساعدی	saadi,sadi	S	282
عساکره	asakereh,asakre	S	283
عامری	amiri,aamri	S	284
عزتی	ezati,azti,ezzati	S	285
وفائی	vafaee,vafai	S	286
آزاد	azad	S	287
فریدونی	fariduni,fridooni	S	288
حیدریان	heidarian,hidrian	S	289
دوستی	dosti,doosti	S	290
حقیقی	haghighi,hghighi	S	291
وکیلی	vakili	S	292
نیازی	niazi,niyazi	S	293
اکبرزاده	akbarzadeh,akbrzade	S	294
فاطمی	fatemi,fatmi	S	295
بیگی	biggy,bigi	S	296
قدیمی	ghadimi,ghdimi	S	297
بلوچی	baluchi,bloochi	S	298
ضیائی	ziaei,ziai	S	299
ساکی	saki	S	300
عاشوری	ashouri,aashoori	S	301
نعیمی	naimi,nimi	S	302
هدایتی	hedayati,hdaiti	S	303
خرمی	khorrami,khrmi	S	304
مهرابی	mehrabi,mhrabi	S	305
صحرائی	desert,shrai	S	306
خراسانی	khorasani,khrasani	S	307
خضری	khadari,khzri	S	308
الیاسی	elyasi,aliasi	S	309
بیاتی	biyati,biati	S	310
خالدی	khaledi,khaldi	S	312
مددی	modadi,mddi	S	313
کوهی	kohi,koohi	S	314
صبوری	sabouri,sboori	S	315
عربی	arabi,arbi	S	316
روحانی	rohani,roohani	S	317
صداقت	sadaqat,sdaght,sedaghat	S	318
نجاتی	najati,njati	S	319
خورشیدی	khorshidi	S	320
بامری	bamari,bamri	S	321
سرلک	sarlak,srlk	S	322
شهرکی	shahraki,shhrki	S	323
روحی	rohi,roohi	S	324
پرویزی	parvizi,prooizi	S	325
گنجی	ganjii,gnji	S	326
شریعتی	shariati,shriti	S	327
کاویانی	kaviani	S	329
مقدسی	maqdisi,mghdsi	S	330
شبانی	shabani,shbani	S	331
صادقیان	sadeghian,sadghian	S	332
نورمحمدی	noormohammadi,noormhmdi	S	333
خواجه	khadjeh,khoaje	S	334
قائدی	ghaderi,ghadi	S	335
البوغبیش	alboghabish,albooghbish	S	336
افضلی	afzali,afzli	S	337
باوی	bavi	S	338
فضلی	fazli,fzli	S	339
شهابی	shahabi,shhabi	S	340
معینی	moieni,mini	S	341
سلگی	solegi,slgi	S	342
غریبی	gharibi,ghribi	S	343
قریشی	gharishi,ghrishi	S	344
خدری	khodari,khdri	S	345
عباسیان	abasian	S	346
نیسی	nissi,nisi	S	347
آذری	azari,azri	S	348
شاهی	shahi	S	350
بشیری	bashiri,bshiri	S	352
شیخ	sheikh,shikh	S	353
رضاپور	rezapour,rzapoor,razapur	S	354
بهزادی	behzadi,bhzadi	S	355
بارانی	barani	S	356
مصطفوی	mostafavi,mstfooi	S	357
آقاجانی	aghajani	S	358
محمدنژاد	mhmdnzhad	S	359
اسماعیل‌زاده	ismailzadeh,asmailzade	S	360
رجائی	rajaei,rjai	S	361
باقرزاده	bagherzadeh,baghrzade	S	362
میر	mir	S	363
شاه‌محمدی	shahmohammadi,shahmhmdi	S	364
طاهرخانی	taherkhani,tahrkhani	S	365
شهسواری	shahsavari,shhsvari	S	366
مظاهری	mozaheri,mzahri	S	367
محمدخانی	mhmdkhani	S	368
رنجبری	ranjbari,rnjbri	S	370
بهاری	bahari,bhari	S	371
فاتحی	fatahi,fathi	S	372
رزاقی	razaghi,rzaghi	S	373
حیاتی	hayati,hiati	S	375
قاسم‌زاده	ghasemzadeh,ghasmzade	S	376
درخشان	brilliant,drkhshan,derakhshan	S	377
مقیمی	moghimi,mghimi	S	378
مالکی	maleki,malki	S	379
سالمی	salami,salmi	S	380
جابری	jabari,jabri	S	381
علیخانی	alikhani	S	382
براهوئی	barahoui,brahvi	S	383
شیرمحمدی	shirmhmdi	S	384
الهی	elahi,alhi	S	385
عمرانی	omrani,amrani	S	386
علی‌آبادی	aliabadi	S	387
هوشمند	intelligent,hooshmnd,hushmand	S	388
پاشائی	pashayi,pashai	S	389
رضائیان	razayan,rzaian	S	390
صدری	sadrie,sdri,sadri	S	391
معتمدی	mo'tamedi,mtmdi	S	392
ربانی	rabbani,rbani,rabani	S	393
حیدرزاده	heydarzadeh,hidrzade	S	394
حشمتی	hashmati,hshmti	S	395
وزیری	vaziri	S	396
احسانی	ehsani,ahsani	S	397
سمیعی	samiei,smii	S	398
عبدالملکی	abdolmaleki,abdalmlki	S	399
کرد	kurd,krd	S	400
شکوری	shakouri,shkoori	S	401
توسلی	tavassoli,toosli	S	402
مسلمی	moslemi,mslmi	S	403
روزبهانی	roozbehani,roozbhani	S	405
حصاری	hosseini,hsari	S	406
شکوهی	shokouhi,shkoohi	S	407
احمدوند	ahmadvand,ahmdoond	S	408
اژدری	dragonian,azhdri,ezhderi	S	409
اربابی	arbabi	S	410
میرحسینی	mirhsini	S	411
روشنی	roshani,rooshni	S	412
آقامحمدی	aghamohammadi,aghamhmdi	S	413
قدیری	ghadiri,ghdiri	S	414
پارسائی	parsai	S	415
عمادی	emadi,amadi	S	416
گلی	goli,gli	S	417
هادی	hadi	S	418
یونسی	younesi,ioonsi	S	419
منتظری	montazeri,mntzri	S	420
حمید	hamid,hmid	S	421
دریس	dariz,dris,doris	S	422
مصطفائی	mostafavi,mstfai	S	423
ستوده	setoudeh,stoode,sotude	S	424
سعادت	saadat,sadt	S	425
حسنوند	hasanvand,hsnoond	S	426
آقازاده	aghazadeh,aghazade	S	427
هوشیار	hoshyar,hooshiar,hushyar	S	428
کاوسی	kavosi,kavsi	S	429
بهشتی	beheshti,bhshti	S	430
یزدی	yazdi,izdi	S	431
یادگاری	memorial,iadgari	S	432
جوانمردی	jvanmrdi	S	433
ستاری	setareh,stari	S	434
محمودیان	mahmoudian,mhmoodian	S	435
خدایاری	khodaiyari,khdaiari	S	436
ملک‌زاده	malekzadeh,mlkzade	S	437
بهروزی	behroozi,bhroozi	S	438
مشایخی	mashayekhi,mshaikhi	S	439
حضرتی	hazrati,hzrti	S	440
لک	lak,lk	S	441
کردی	kordi,krdi	S	442
ریحانی	rihani	S	444
ریاحی	riyahi,riahi	S	445
آخوندی	akhoondi,akhondi	S	446
کبیری	kabiri,kbiri	S	447
قنواتی	qanavati,ghnvati,ghanavati	S	448
منوچهری	manouchehri,mnoochhri	S	450
ارجمند	arjmand,arjmnd	S	451
سنچولی	sancholi,snchooli	S	452
خدابخشی	khodabakhshi,khdabkhshi	S	454
بازیار	bazyar,baziar,baziyar	S	455
نخعی	nakhai,nkhi	S	456
چگینی	chagini,chgini	S	457
فروتن	furutan,frootn,forutan	S	458
حق‌شناس	haqshenas,hghshnas	S	459
صیدی	seyedi,sidi	S	460
زینالی	zeynali,zinali	S	461
احدی	ahadi,ahdi	S	464
ذبیحی	zabihih,zbihi	S	466
یارمحمدی	iarmhmdi	S	467
اسدزاده	asadzadeh,asdzade	S	468
بوعذار	bouazdar,boozar	S	469
نقدی	naghdi,nghdi	S	470
مرادپور	moradpour,mradpoor	S	471
گلستانی	golestani,glstani	S	472
فرزانه	farzaneh,frzane,farzane	S	473
قلندری	qalandari,ghlndri	S	474
جعفرپور	jafarpoor,jfrpoor	S	475
ایوبی	ayyubi,aioobi	S	477
جعفریان	jafariyan,jfrian	S	478
امیریان	amirian	S	479
محرمی	mahrami,mhrmi	S	480
سلامی	salami,slami	S	481
نجاری	carpentry,njari	S	482
حاجیان	hajian	S	483
درزاده	darzadeh,drzade	S	484
کرمانی	kermani,krmani	S	485
شکاری	hunter,shkari	S	486
رهنما	rahnama,rhnma	S	487
اقبالی	egbali,aghbali	S	488
ابوالحسنی	aboulhasani,abvalhsni	S	489
صفدری	safdari,sfdri	S	490
دولتی	doulati,doolti	S	491
گرجی	gurji,grji,gorji	S	492
کولیوند	koliwand,koolioond	S	493
کوشکی	koushki,kooshki	S	494
حقی	haqi,hghi,haghi	S	495
فروغی	foroughi,frooghi	S	496
غضنفری	ghazanfari,ghznfri	S	497
محمودآبادی	mahmoodabadi,mhmoodabadi	S	498
بدری	badri,bdri	S	499
شیبانی	sheibani,shibani	S	500
خلج	khalaj,khlj	S	501
نصری	nasri,nsri	S	502
نبوی	nabavi,nbooi	S	504
صفرزاده	sefarzadeh,sfrzade	S	505
محمدحسینی	mhmdhsini	S	507
قیصری	qaysari,ghisri	S	508
بابازاده	babazadeh,babazade	S	509
نریمانی	narimani,nrimani	S	510
اسدپور	asadpour,asdpoor	S	511
اخلاقی	akhlaghi	S	512
خاوری	khavari,khavri	S	513
معروفی	ma'roufi,mroofi	S	514
علائی	alai	S	515
اعظمی	azemi,azmi,azami	S	516
سیاحی	siyahi,siahi	S	517
راستگو	rastgo,rastgoo	S	519
منفرد	monfared,mnfrd	S	520
صوفی	sufi,soofi	S	521
مدنی	modani,mdni,madani	S	522
محمودزاده	mahmoudzadeh,mhmoodzade	S	523
عیوضی	ayoobi,aioozi	S	524
دانشور	daneshvar,danshoor	S	525
کلهر	khalar,klhr	S	526
شاهمرادی	shahmaradi,shahmradi	S	527
پاپی	papi	S	528
شهیدی	shahidi,shhidi	S	530
شیردل	lionheart,shirdl,shirdel	S	531
کوهستانی	kouhestani,koohstani	S	532
آشوری	ashouri,ashoori	S	533
نصراصفهانی	nsrasfhani	S	534
فرهمند	farahmand,frhmnd,farremand	S	535
ایرانی	iranian,airani	S	536
بذرافشان	bazarafshan,bzrafshan	S	537
قائمی	ghaemi,ghami	S	538
رضایی	razai,rzaii,rezayi	S	539
چنانی	chenani,chnani	S	542
چوپانی	shepherd,choopani	S	543
قمری	qomari,ghmri,qamari	S	544
شهنوازی	shahnawazi,shhnvazi	S	545
باباخانی	babakhani	S	546
جواهری	jewelry,jvahri,javaheri	S	547
جدیدی	jadidi,jdidi	S	548
زحمت‌کش	zahmatkash,zhmtksh	S	549
روشن	roushan,rooshn,rowshan	S	550
طاهریان	taherian,tahrian	S	551
مشهدی	moshadi,mshhdi,mashhadi	S	554
قدرتی	ghodrati,ghdrti	S	555
محرابی	mahrami,mhrabi	S	556
خلجی	khalaji,khlji	S	557
صمیمی	samimi,smimi	S	558
عیدی	eidi,aidi,eydi	S	559
ظفری	zafari,zfri	S	560
افراسیابی	afrasiyab,afrasiabi	S	561
میرجلیلی	mirjalili,mirjlili	S	563
غیاثی	gheyasi,ghiasi	S	564
دالوند	dalvand,daloond	S	565
نوذری	nozari,noozri	S	566
اکرمی	akhami,akrmi	S	567
نوربخش	noorbakhsh,noorbkhsh	S	568
اکبرپور	akbarpour,akbrpoor	S	569
بحرینی	bahraini,bhrini	S	570
برومند	boroumand,broomnd,borumand	S	571
بصیری	basiri,bsiri	S	572
جودکی	joodaki,joodki	S	573
شیرزاد	shirzad	S	574
وحیدی	vahidi	S	575
فرمانی	farmani,frmani	S	579
راستی	rasti	S	580
میرشکاری	mirshkari	S	581
شیرزادی	shirzadi	S	582
دلاوری	delavari,dlavri	S	583
فخری	fakhri,fkhri	S	585
نقوی	naghavi,nghooi	S	586
نورانی	noorani	S	587
میرزاخانی	mirzakhani	S	588
اعتمادی	etemadi,atmadi	S	589
مافی	mafi	S	590
صفاری	saffari,sfari	S	592
دانش	danesh,dansh	S	594
داداشی	dadashi	S	595
زند	zand,znd	S	596
صفرپور	safarpour,sfrpoor	S	598
برجی	borji,brji	S	599
مهاجری	mohajeri,mhajri	S	600
نامداری	namdari	S	601
رجب‌زاده	rajabzadeh,rjbzade	S	603
بیرامی	birami	S	604
جاوید	javid	S	605
کاکاوند	kakavand,kakavnd	S	606
حکیمی	hakimi,hkimi	S	607
شجاع	brave,shja,shojae	S	608
قرائی	ghorai,ghrai	S	609
کنعانی	konaani,knani	S	610
حجتی	hojjati,hjti	S	612
حجازی	hojjati,hjazi	S	613
پروین	parvin,prooin	S	614
دهقانیان	dehghanian,dhghanian	S	615
حسنلو	hasanlu,hsnloo	S	616
پورعلی	pourali,poorli	S	618
بیگلری	biglari,biglri	S	619
حافظی	hafezi,hafzi	S	620
گوهری	gohari,goohri	S	621
یگانه	unique,igane,yeganeh	S	622
جوانمرد	jvanmrd,javanmard	S	623
خاکی	khaki	S	624
ناظری	nazari,nazri	S	625
نصرالهی	nasrollahi,nsralhi	S	626
فارسی	farsi	S	627
گراوند	geravand,gravnd	S	628
ابوالفتحی	abvalfthi	S	629
پورمحمد	pourmohammad,poormhmd	S	630
سروری	sarvari,sroori	S	631
جهاندیده	worldseer,jhandide	S	632
امیدوار	optimistic,amidvar,omidvar	S	633
خدابنده	khodabandeh,khdabnde	S	635
مبارکی	mobaraki,mbarki	S	636
بردبار	bardbar,brdbar,bordbar	S	638
سرگزی	sargazi,srgzi	S	639
خاکپور	khakpour,khakpoor	S	640
حقیقت	haqiqiqat,hghight,haqiqat	S	641
ایزانلو	eizanloo,aizanloo	S	642
کیخا	keykha,kikha	S	643
خلفی	khalafi,khlfi	S	644
پهلوان	hero,phlvan,pahlevan	S	645
صفوی	safavid,sfooi	S	646
رهبر	leader,rhbr,rahbar	S	647
مینائی	minaei,minai	S	648
حامدی	hamedi,hamdi	S	649
خزاعی	khazaei,khzai	S	650
مروتی	marvati,mrooti	S	651
عادلی	adeli,aadli	S	652
کاوه	kaveh,kave	S	653
سبزی	sabzi,sbzi	S	654
دودانگه	doodanghe,doodange	S	655
مطلبی	matlabi,mtlbi	S	656
گرامی	gharami,grami,gerami	S	657
سعدی	saadi,sdi,saedi	S	658
رحیم‌پور	rahimpour,rhimpoor	S	659
سپهری	sepahri,sphri	S	660
حیدرپور	hayderpour,hidrpoor,heydarpoor	S	661
رحیمیان	rahimian,rhimian	S	662
حسینیان	hosseinian,hsinian	S	663
نوبخت	nobakht,noobkht	S	664
مالمیر	malmir	S	665
ابوالقاسمی	aboulghasemi,abvalghasmi	S	666
فهیمی	fahimi,fhimi	S	667
صدقی	sadeghi,sdghi	S	668
بیابانی	desertdweller,biabani	S	669
عقیلی	aqili,aghili	S	670
فخاری	fakhari,fkhari	S	671
راشدی	rashti,rashdi	S	672
کاشانی	kashani	S	674
کوچکی	koochaki,koochki	S	676
سهیلی	sohaili,shili	S	677
درویش	darvish,drooish	S	678
دادخواه	dadvah,dadkhoae,dadkhah	S	679
کشوری	keshvari,kshoori	S	680
مهربان	kind,mhrban,mehrban	S	681
بهرامیان	bhramian	S	682
خرم	khorram,khrm	S	683
ساجدی	sajadi,sajdi	S	684
ترک	turk,trk	S	685
خواجوی	khajavi,khoajooi	S	686
خلیفه	khalifa,khlife,khalifeh	S	687
دورقی	doraki,doorghi	S	688
لشگری	lashgari,lshgri	S	689
یوسفیان	yousefian,ioosfian	S	690
اسعدی	asadi,asdi	S	691
مولوی	mowlavi,moolooi	S	694
عشقی	ishqi,ashghi,eshghi	S	695
لشکری	lashkari,lshkri	S	696
موسویان	mousavian,moosooian	S	697
جهانشاهی	jahanshahi,jhanshahi	S	698
ناظمی	nazemi,nazmi	S	699
اسدیان	asadyan,asdian	S	700
ابراهیمیان	abrahimian	S	702
فتوحی	fotuhi,ftoohi	S	703
نیک‌بخت	nikbakht,nikbkht	S	704
نصاری	nasari,nsari	S	705
موحدی	movahedi,moohdi	S	706
صارمی	saremi,sarmi	S	707
جوهری	jewelry,joohri	S	708
فیاضی	fayyazi,fiazi	S	709
اکبریان	akbariyan,akbrian	S	710
سلطانیان	soltanian,sltanian	S	711
اسحاقی	ishaqi,ashaghi	S	712
نودهی	noudahi,noodhi	S	713
شریف‌زاده	sharifzadeh,shrifzade	S	714
پودینه	mint,poodine,poodineh	S	716
قیاسی	ghayasi,ghiasi	S	718
خاکسار	khaaksaar,khaksar	S	719
دهنوی	dahani,dhnooi	S	720
اصغرزاده	asgharzadeh,asghrzade	S	723
عزیزیان	azizian	S	724
غیبی	gheibi,ghibi	S	725
عنایتی	enayati,anaiti	S	726
انوری	anvari,anoori	S	727
سپاهی	sepahi,spahi	S	728
برهانی	barahani,brhani	S	729
واعظی	va'izi,vaazi,vaezi	S	730
توانا	tavana,tvana	S	731
باقریان	baghrian	S	732
صالح	saleh,salh	S	733
سرداری	sardari,srdari	S	734
وطن‌دوست	patriot,vatndoost	S	735
سجادیان	sajadian,sjadian	S	736
خیرآبادی	kheirabadi,khirabadi	S	737
بحرانی	bahrani,bhrani	S	739
فرح‌بخش	farahbakhsh,frhbkhsh	S	740
صانعی	sanai,sani	S	741
متقی	moteqi,mtghi,mottaghi	S	742
امرائی	amarai,amrai	S	743
رخشانی	rokhsani,rkhshani	S	744
غبیشاوی	ghabishavi,ghbishavi	S	745
زنگی‌آبادی	zangiabadi,zngiabadi	S	746
پورمند	pourmand,poormnd,poormand	S	747
دادگر	justicemaker,dadgr,dadgar	S	748
لویمی	louimi,looimi	S	749
رحمانیان	rahmanian,rhmanian	S	750
شریفیان	sharifian,shrifian	S	751
صدیق	sadiq,sdigh,seddigh	S	752
کر	kar,kr	S	753
حسامی	hosseini,hsami	S	754
علیرضائی	alirezaei,alirzai	S	755
دارائی	darayi,darai	S	756
قوامی	qavami,ghvami	S	757
اصفهانی	isfahani,asfhani	S	758
قاسمیان	ghasemian,ghasmian	S	759
سنجری	sanjari,snjri	S	761
رزمی	razmi,rzmi	S	762
سعید	saeed,sid,saeid	S	763
خاتمی	khatami,khatmi	S	764
مرادزاده	moradzadeh,mradzade	S	765
محمدرضائی	mohammadzaei,mhmdrzai	S	766
هنرمند	artist,hnrmnd,honarmand	S	767
خسروانی	khosravani,khsrvani	S	768
فلاحتی	fallahi,flahti	S	769
سالاروند	salarvand,salaroond	S	770
خالدیان	khaledian,khaldian	S	772
ایزدپناه	izadpanah,aizdpnae	S	773
آقابابائی	aghababai	S	775
نادی	nadi	S	776
ظهیری	zohairi,zhiri	S	777
عزیزپور	azizpour,azizpoor	S	778
محبوبی	mahboubi,mhboobi	S	779
خادم	khadam,khadm,khadem	S	781
هراتی	herati,hrati	S	784
علیمرادی	alimoradi,alimradi	S	785
نامور	namvar,namoor	S	786
زمانیان	zamaniyan,zmanian	S	787
کاظم‌زاده	kazemzadeh,kazmzade	S	788
مؤیدی	moayyedi,midi	S	789
چهاردولی	chahardouli,chhardooli	S	790
خیرخواه	kheirkhah,khirkhoae	S	791
جانی	jani	S	792
مرزبان	mrzban,marzban	S	793
سرحدی	sarhadi,srhdi	S	794
جوان	young,jvan,javan	S	796
باغبانی	gardening,baghbani	S	797
وطن‌خواه	patriot,vatnkhoae	S	798
خجسته	khajasteh,khjste,khojasteh	S	799
شمشیری	shamsiri,shmshiri	S	800
اسماعیل‌پور	ismailpour,asmailpoor	S	802
غلامیان	gholamian,ghlamian	S	803
شفائی	shafa'i,shfai	S	805
نصراللهی	nasrollahi,nsrallhi	S	806
کدخدائی	khodkhodai,kdkhdai	S	807
صابر	saber,sabr	S	808
قدمی	qadami,ghdmi	S	809
مصطفی‌زاده	mostafazadeh,mstfizade	S	811
عارفی	arefi,aarfi	S	812
پولادی	poladi,pooladi	S	813
میرشکار	mirshakar,mirshkar	S	814
نیکنام	nikanam,niknam	S	815
سیف	saif,sif,seyf,seif	S	816
مهدیان	mahdian,mhdian,mahdyan	S	817
کلهری	kalhari,klhri	S	818
شاهرخی	shahrokhi,shahrkhi	S	819
زندیه	zandieh,zndie	S	820
امیرخانی	amirkhani	S	822
امجدیان	amjadiyan,amjdian	S	823
بحری	bahri,bhri	S	824
هاشمیان	hashmian	S	825
باجلان	bajlan,bajelan	S	826
معظمی	moezami,mzmi	S	827
چگنی	chagani,chgni	S	828
پهلوانی	pahlavani,phlvani	S	830
پاکدل	pakdel,pakdl	S	831
اسداللهی	asadollahi,asdallhi	S	832
کامرانی	kamrani	S	833
توکلیان	tavakolian,tooklian	S	834
مرادخانی	moradkhani,mradkhani	S	835
جنتی	jannati,jnti	S	836
طلائی	talayi,tlai	S	837
حداد	haddad,hdad	S	838
عبدالخانی	abdolkhani,abdalkhani	S	839
مظلومی	majloumi,mzloomi	S	840
عینی	ayni,aini,eyni	S	841
دریائی	searelated,driai	S	842
خیراندیش	khairandish,khirandish,kheyrandish	S	843
قربانیان	ghorbaniyan,ghrbanian	S	844
ساداتی	sadati	S	845
مرشدی	morshedi,mrshdi	S	846
مریدی	moridi,mridi	S	847
مولودی	mouloudi,mooloodi	S	849
دبیری	dabiri,dbiri	S	850
صباغی	sabbaghi,sbaghi	S	852
امجدی	amjadi,amjdi	S	853
مرتضائی	mortezaei,mrtzai	S	855
بوستانی	bustani,boostani	S	856
هادیان	hadian	S	857
قلیزاده	gholizadeh,ghlizade	S	858
خطیبی	khatibi,khtibi	S	859
کاکائی	kakayi,kakai	S	860
مومنی	momeni,moomni	S	861
ذوالقدر	zolghadr,zvalghdr	S	862
عبودی	aboudi,aboodi	S	863
مزرعه	farm,mzre,mazra'e	S	865
نامدار	namdar	S	866
حمزهء	hamzeh,hmzh	S	868
دلیری	deliri,dliri	S	869
خردمند	wise,khrdmnd,kharadmand	S	870
زنگوئی	zangoi,zngvi	S	871
نوروزیان	noroozian,nooroozian	S	872
طوسی	tusi,toosi	S	873
دیلمی	deylami,dilmi	S	874
جاویدی	javadi,javidi	S	875
باقرپور	bagherpour,baghrpoor	S	876
بهبودی	behboudi,bhboodi	S	877
سلامت	salamat,slamt	S	878
کوثری	kowsari,koosri	S	879
محمدنیا	mohammadiya,mhmdnia	S	880
زبیدی	zabidi,zbidi	S	881
مطوری	motori,mtoori	S	882
ظهرابی	zohraabi,zhrabi	S	883
ناطقی	nateghi,natghi	S	884
یحیائی	yahyaei,ihiai	S	885
مهربانی	kindness,mhrbani	S	886
عالی	aali,ali	S	887
نیرومند	mighty,niroomnd,nirumand	S	888
برخورداری	barkhordari,brkhordari	S	889
پایدار	paidar,paydar	S	891
رهبری	rahbari,rhbri	S	892
شکیبا	shakiba,shkiba	S	893
خدامرادی	khodamradi,khdamradi	S	894
گروسی	gharousi,groosi	S	895
جهانیان	jahaniyan,jhanian	S	896
طرفی	tarafi,trfi	S	897
غلامرضائی	gholamrezai,ghlamrzai	S	899
نکوئی	nekoui,nkvi	S	900
نظامی	nazemi,nzami	S	901
شقاقی	shaghaghi,shghaghi	S	902
جلیلوند	jalilvand,jliloond	S	903
خداپرست	godworshipper,khdaprst	S	904
بزی	bazi,bzi	S	905
داورپناه	davarpanah,davrpnae	S	906
معماری	mirmohammadi,mmari	S	907
نمازی	namazi,nmazi	S	909
جلالوند	jalalvand,jlaloond	S	910
موسائی	mousavi,moosai	S	911
ثقفی	saqafi,sghfi	S	912
کاظمیان	kazemian,kazmian	S	913
رزمجوئی	razzamjoi,rzmjvi	S	915
صلواتی	salavati,slvati	S	916
تنها	tanha,tnha	S	917
پقه	paqeh,pghe	S	918
نظریان	nazarian,nzrian	S	920
نباتی	nabati,nbati	S	921
ورمزیار	varmzyar,varmziar	S	922
اسدالهی	asadollahi,asdalhi	S	923
کاشی	kashi	S	924
اخوان	akhavan,akhoan	S	925
توحیدی	tavakoli,toohidi,tavahidi	S	927
ملک	malek,mlk,malak	S	929
زائری	zaeri,zari	S	931
بهروز	behrouz,bhrooz,behruz	S	934
میرمحمدی	mirmhmdi	S	935
کرامتی	karami,kramti	S	936
سرائی	sarayi,srai	S	937
صاحبی	sahebi,sahbi,sahabi	S	938
قانع	qan'eh,ghan,ghanee	S	939
کامیاب	kamyab,kamiab	S	942
حق‌پرست	haqparast,hghprst	S	943
قدسی	ghdsi,ghodsi	S	944
جدگال	jadgal,jdgal	S	946
شادمان	shadman	S	947
عزیززاده	azizzade	S	948
دلیر	deliar,dlir,dalir	S	949
میراحمدی	mirahmadi,mirahmdi	S	950
رستمیان	rostamian,rstmian	S	952
ترکی	turk,trki,torki	S	953
بزرگی	bigness,bzrgi	S	954
بهادر	bahador,bhadr	S	956
ایروانی	iravani,airvani	S	957
راد	rad	S	958
شاملو	shamloo	S	959
انتظاری	entazari,antzari	S	960
حزباوی	hazbavi,hzbavi	S	961
احمدنژاد	ahmadinejad,ahmdnzhad	S	962
میرزاده	mirzadeh,mirzade	S	963
شیرخانی	shirkhani	S	964
چاوشی	chavoshi,chavshi	S	966
خمر	khammar,khmr,khmar	S	967
قنبرزاده	ghanbarzadeh,ghnbrzade	S	968
مومیوند	momyand,moomioond	S	969
بقائی	baghai,bghai	S	972
پروانه	butterfly,prvane,parvane	S	974
رسول‌زاده	rasoulzadeh,rsoolzade	S	976
شریف	sharif,shrif	S	977
رحمنی	rahmani,rhmni	S	978
غیاثوند	ghayasvand,ghiasoond	S	979
قاضی	qazi,ghazi	S	980
حاجی	haji	S	981
گریوانی	gharivani,grivani	S	982
ایری	eiri,airi	S	983
صلاحی	salahian,slahi	S	984
محمدلو	mhmdloo	S	985
سعادتمند	saadatmand,sadtmnd	S	986
ابوطالبی	abotalebi,abootalbi	S	987
نوریان	nourian,noorian	S	988
رنجبران	ranjbaran,rnjbran	S	989
الوندی	alvandi,aloondi	S	990
امینیان	aminian	S	992
حقانی	haqani,hghani	S	994
ظاهری	zahiri,zahri	S	995
عموری	amouri,amoori	S	996
ریکی	riki	S	997
سیاوشی	siavashi,siavshi	S	998
میرزاپور	mirzapor,mirzapoor	S	999
بانشی	banshi	S	1001
غریب	gharib,ghrib	S	1003
آذریان	azarian,azrian	S	1004
شایسته	shayesteh,shaiste	S	1005
عالمی	alami,aalmi	S	1006
مکوندی	makvandi,mkoondi	S	1007
توفیقی	tavakoli,toofighi	S	1008
هداوند	hedayatvand,hdavnd	S	1009
فقیهی	faghihi,fghihi	S	1010
آقاخانی	aghakhani	S	1011
بهلولی	behlouli,bhlooli	S	1012
شریفات	sharifat,shrifat	S	1014
برزگری	brzgri	S	1015
اباذری	abadari,abazri	S	1016
ارجمندی	arjmandi,arjmndi	S	1017
جهان‌بخش	jahanbakhsh,jhanbkhsh	S	1018
عبدالوند	abdolvand,abdaloond	S	1019
فرضی	farzi,frzi	S	1020
برزوئی	barzoui,brzvi	S	1021
ثابتی	sabati,sabti	S	1022
عثمانی	othmani,asmani	S	1023
مؤذنی	moazeni,mzni	S	1024
کشتکار	keshtekar,kshtkar	S	1025
نامجو	namjoo	S	1026
دیناروند	dinarvand,dinaroond	S	1029
ملکیان	malekian,mlkian	S	1030
دریانورد	seafarer,drianoord	S	1031
شاکر	shaker,shakr	S	1032
کهریزی	kahrizi,khrizi	S	1034
سبزواری	sabzevari,sbzvari	S	1036
افسری	afsari,afsri	S	1037
شاوردی	shavardi,shavrdi	S	1038
منصوریان	mansourian,mnsoorian	S	1039
قویدل	gavidel,ghooidl	S	1040
وحدانی	vahdani	S	1041
آراسته	arranged,araste	S	1042
ساسانی	sasanian,sasani	S	1043
بنائی	banaei,bnai	S	1044
سپهوند	sepahvand,sphoond	S	1045
مهاجر	migrant,mhajr,mohajer	S	1046
مزینانی	mazinani,mzinani	S	1048
تجری	tajri,tjri	S	1049
عراقی	iraqi,araghi	S	1051
آقاپور	aghapour,aghapoor	S	1052
داودآبادی	davoodabadi,davdabadi	S	1053
محمودپور	mahmoodpour,mhmoodpoor	S	1055
پورمحمدی	pourmohammadi,poormhmdi	S	1056
درخشانی	derakhshani,drkhshani	S	1058
جوانی	javani,jvani	S	1060
نیک‌نام	niknam	S	1061
نظرپور	nazarpour,nzrpoor	S	1062
جلالیان	jalalian,jlalian	S	1063
آهنگری	ironworker,ahngri	S	1064
استوار	esteemed,astvar	S	1065
شاهینی	shahini	S	1066
عرفانی	erfani,arfani	S	1067
فخرائی	fakhraei,fkhrai	S	1068
اعرابی	arabian,arabi	S	1069
مداح	maddah,mdah	S	1070
قیطاسی	gheitasi,ghitasi	S	1071
قراگوزلو	gharagozlou,ghragoozloo	S	1072
دلاور	delaavar,dlavr	S	1073
چمنی	chameni,chmni	S	1074
ریاضی	riazi	S	1075
رفعتی	rafati,rfti	S	1076
جامعی	jamai,jami	S	1078
نامی	nami	S	1080
ممبینی	mombini,mmbini	S	1082
میرزازاده	mirzazadeh,mirzazade	S	1083
پاینده	payandeh,painde	S	1084
کیائی	kiai	S	1087
آبیار	abyar,abiar	S	1088
خداوردی	khdavrdi,khodaavardi	S	1089
شاهین	shahin	S	1090
دهواری	dehvari,dhvari	S	1091
نقیبی	naghbi,nghibi	S	1092
صیاد	seyyad,siad,sayad	S	1093
وثوقی	vozoghi,vasooghi	S	1094
پرهیزکار	paryzkar,prhizkar	S	1095
جنادله	janadeleh,jnadle	S	1096
حمزه	hamzeh,hmze,hamze	S	1097
اشراقی	ishraqi,ashraghi	S	1099
صحراگرد	shragrd	S	1100
منافی	monafi,mnafi	S	1101
دانائی	danai	S	1103
یزدان‌پرست	yazdanparast,izdanprst	S	1104
آدینه	adineh,adine	S	1105
ترکمان	turkman,trkman	S	1106
فکری	fekri,fkri	S	1107
اینانلو	einanlu,ainanloo	S	1109
عبیات	abiyat,abiat	S	1110
امین	amin	S	1111
فروزان	foroozan,froozan,foruzan	S	1113
علمی	alami,almi	S	1114
زرگانی	zargani,zrgani	S	1115
سراوانی	saravani,sravani	S	1116
همایونی	homayouni,hmaiooni	S	1117
بوالحسنی	bohlhasani,bvalhsni	S	1119
قایدی	ghaedi,ghaidi	S	1120
پیرهادی	pirhadi	S	1121
طبسی	tabasi,tbsi	S	1122
سلمانیان	salmanian,slmanian	S	1124
شیرانی	shirani	S	1125
محمدبیگی	mhmdbigi	S	1126
ولی	vali	S	1127
چناری	chinari,chnari	S	1128
گمشادزهی	gomshadzehi,gmshadzhi	S	1129
جدی	jadi,jdi	S	1130
زرگر	zargar,zrgr	S	1131
درودی	darudi,droodi	S	1132
منجزی	monjazi,mnjzi	S	1133
مهدی	mahdi,mhdi,mehdi	S	1135
لرستانی	loristani,lrstani	S	1136
علیجانی	alijani	S	1137
خدامی	khodami,khdami	S	1138
خسروجردی	khosrojerdi,khsroojrdi	S	1139
ندیمی	nadimi,ndimi	S	1140
همایون	homayoun,hmaioon,hamayun,homayun	S	1143
عبیداوی	obaidavi,abidavi	S	1144
قرقانی	gharghani,ghrghani	S	1145
آزادبخت	azadbakht,azadbkht	S	1146
محمدآبادی	mohammadabadi,mhmdabadi	S	1147
صنعتی	sana'ti,snti	S	1148
قانعی	ghani	S	1149
بخشنده	bakhshandeh,bkhshnde,bakhshande	S	1150
طارمی	taremi,tarmi	S	1151
نیکوئی	nikoui,nikvi	S	1152
بغدادی	baghdadi,bghdadi	S	1153
فردوسی	ferdowsi,frdoosi	S	1154
ایرانمنش	airanmnsh	S	1155
هوشمندی	hoshmandi,hooshmndi	S	1157
سلحشور	warrior,slhshoor	S	1158
مشکانی	moshkani,mshkani	S	1159
پیروی	peyrovi,pirooi	S	1160
نصرآبادی	nasrabadi,nsrabadi	S	1161
حاجیلو	hajilu,hajiloo	S	1162
مرسلی	marseli,mrsli	S	1163
تمیمی	tamimi,tmimi	S	1164
پرتوی	partovi,prtooi	S	1165
فرقانی	farghani,frghani	S	1166
مزارعی	mazarei,mzari	S	1167
قشقائی	qashqai,ghshghai	S	1168
نیستانی	neystani,nistani	S	1169
بیکی	biki	S	1170
مجرد	single,mjrd	S	1171
فرزین	farzin,frzin	S	1172
سلجوقی	seljuk,sljooghi	S	1173
گلزاری	golzari,glzari	S	1177
خسروآبادی	khsrvabadi	S	1178
بازگیر	bazgir	S	1181
بهارلو	baharloo,bharloo,baharlu	S	1182
اشتری	ashtari,ashtri	S	1183
فرحانی	farahani,frhani	S	1184
کابلی	kabli	S	1186
صحرانورد	shranoord	S	1188
نجمی	najmi,njmi	S	1189
خندان	khandan,khndan	S	1190
نیکو	niko,nikoo,niku	S	1191
بهمئی	bahmeyi,bhmi	S	1192
بازدار	bazdar	S	1193
معافی	moafi,mafi	S	1194
رستگاری	salvation,rstgari	S	1195
استیری	astiri	S	1197
مفاخری	mofakhari,mfakhri	S	1198
مظلوم	mazloom,mzloom	S	1199
خمسهء	khamsa,khmsh	S	1200
ملازاده	mollazadeh,mlazade	S	1201
حاصلی	haseli,hasli	S	1202
صالحیان	salehian,salhian	S	1203
طاوسی	tavousi,tavsi	S	1204
پورحسن	pourhasan,poorhsn	S	1205
اسحقی	esfahani,ashghi	S	1208
علیمردانی	alimardani,alimrdani	S	1210
گرمابی	garmabi,grmabi	S	1212
نوابی	nawabi,nvabi	S	1213
نجفیان	najafian,njfian	S	1214
سادات	sadaat,sadat	S	1215
بوربور	borbor,boorboor	S	1216
فریدی	faridi,fridi	S	1217
نصیرزاده	nasirzadeh,nsirzade	S	1219
خدارحمی	khodarakhmi,khdarhmi,khodarahmi	S	1220
سعیدیان	saeidian,sidian	S	1222
دادور	dadvar,dadoor	S	1223
عموئی	amoui,amvi	S	1224
خالصی	khalasi,khalsi	S	1225
لکزائی	lakhzai,lkzai	S	1226
سلامات	salamat,slamat	S	1227
پورحسین	pourhossein,poorhsin	S	1228
قیم	qaim,ghim,ghayem	S	1229
مطهری	mottehri,mthri,motehari	S	1230
زلقی	zolqi,zlghi	S	1231
خزلی	khazali,khzli	S	1232
سرخه	sorkheh,srkhe	S	1233
سروش	soroush,sroosh,sorush	S	1234
بهنام	behnam,bhnam	S	1235
قلاوند	ghalavand,ghlavnd	S	1236
کیان	kian,kiyan	S	1238
صادق	sadegh,sadgh	S	1240
فصیحی	fasihi,fsihi	S	1241
بروایه	baravaye,brvaie	S	1242
محققی	mohaqqeqi,mhghghi	S	1244
بغلانی	baghlani,bghlani	S	1245
مدرسی	modarresi,mdrsi	S	1246
نورائی	noorani,noorai	S	1247
درزی	darzi,drzi	S	1248
بذرافکن	bazarafkan,bzrafkn	S	1249
مجدی	mojadi,mjdi	S	1250
دانشمند	scholar,danshmnd,daneshmand	S	1251
میرباقری	mirbagheri,mirbaghri	S	1252
حردانی	hordani,hrdani	S	1253
کهن‌سال	ancient,khnsal	S	1254
رازقی	razaghi,razghi,razeghi	S	1256
نودهء	nodah,noodh	S	1257
برغمدی	barghamdi,brghmdi	S	1258
افخمی	afkhami,afkhmi	S	1260
مصلحی	moslehiy,mslhi	S	1261
هارونی	harouni,harooni	S	1262
سخائی	skhai	S	1265
درگاهی	dargahi,drgahi	S	1266
نیری	neyri,niri	S	1267
طالب‌زاده	talebzadeh,talbzade	S	1268
نوشادی	noshadi,nooshadi	S	1269
اونق	oonagh,aoongh	S	1270
احمدلو	ahmadloo,ahmdloo	S	1271
ابطحی	abtahi,abthi	S	1273
شاهسونی	shahsavani,shahsooni	S	1275
استادی	ostadie,astadi	S	1276
آقاجری	aghajari,aghajri	S	1277
نیکخواه	nikkhah,nikkhoae	S	1278
حسینخانی	hosseinkhani,hsinkhani	S	1279
برقی	barghi,brghi	S	1280
جنگی	jangi,jngi	S	1281
مسیبی	mossebi,msibi	S	1282
لشنی	lashani,lshni	S	1283
احمدی‌نژاد	ahmadinejad,ahmdinzhad	S	1284
گلشنی	golshani,glshni	S	1285
وهابی	wahhabi,vahabi	S	1287
قزلباش	qizilbash,ghzlbash	S	1289
رشوند	rashvand,rshoond	S	1291
زرین	zarrin,zrin	S	1293
کمانی	kamani,kmani	S	1294
الهائی	elahi,alhai	S	1295
شادکام	shadkam	S	1296
نیک‌خواه	nikkhah,nikkhoae	S	1297
محمدیاری	mohammadiyari,mhmdiari	S	1298
ندائی	nedaei,ndai	S	1299
جمشیدیان	jamshidian,jmshidian	S	1300
هرمزی	harmzi,hrmzi	S	1303
سنائی	senai,snai	S	1305
میاحی	miahi	S	1306
افروز	afrooz,afruz	S	1307
اختیاری	ikhtiyari,akhtiari	S	1309
شجاعیان	shojaian,shjaian	S	1310
سیدحسینی	sidhsini	S	1311
ذوقی	zoghi,zooghi	S	1312
شیراوند	shiravand,shiravnd	S	1313
پازوکی	pazouki,pazooki	S	1315
دریکوند	drikoond	S	1317
گزمه	ghazmeh,gzme	S	1318
کیهانی	kiani,kihani	S	1319
گیلانی	gilanian,gilani	S	1320
فقیه	faqih,fghie	S	1321
ندری	nadri,ndri	S	1322
اولیائی	ouliayi,aooliai	S	1323
تقوائی	taqvaei,tghvai	S	1324
ثابت	sabet,sabt	S	1325
کاملی	kamali,kamli	S	1326
خداکرمی	khdakrmi	S	1327
بیانی	bayani,biani	S	1328
دلشاد	delshad,dlshad	S	1329
فرهنگ	farhang,frhng	S	1331
مقامی	maqami,mghami	S	1332
آرام	aram	S	1333
مقدمی	moghadami,mghdmi	S	1334
کیا	kia,kiya	S	1335
گرگیچ	gorgich,grgich	S	1336
گلیج	golij,glij	S	1337
مقدس	maqdas,mghds,moqaddas	S	1339
طلوعی	tolu'i,tlooi	S	1340
رضانژاد	razanjad,rzanzhad	S	1343
موحد	movahed,moohd,movahhed	S	1344
نوائی	navaei,nvai	S	1345
اویسی	oveyssi,aooisi	S	1346
تدین	tadinin,tdin,tadayyon	S	1347
ارشدی	arshadi,arshdi	S	1349
داورزنی	davarzani,davrzni	S	1351
بهمن	bahman,bhmn	S	1353
نگهداری	negahdari,nghdari	S	1355
مداحی	madhahi,mdahi	S	1356
هژبری	hajbari,hzhbri	S	1357
خدادوست	goddoost,khdadoost,khoddadoust	S	1358
نورزهی	noorzehi,noorzhi	S	1359
شامی	shami	S	1360
سرخوش	sorkhkhush,srkhosh,sorkhush	S	1362
اردستانی	ardestani,ardstani	S	1363
متولی	mutawali,mtooli	S	1364
لنگری	langari,lngri	S	1366
ادیبی	adibi	S	1367
براری	barari,brari	S	1368
بدیعی	badi'i,bdii	S	1369
الهیاری	elahiari,alhiari	S	1370
فیلی	fili	S	1371
کوه‌کن	koohkn	S	1372
رادمهر	radmehr,radmhr	S	1374
اسفندیار	esfandiar,asfndiar	S	1375
ایرجی	iraji,airji	S	1376
میکائیلی	mikaeili,mikaili	S	1377
رئوفی	raoufi,rvfi	S	1379
باستانی	ancient,bastani	S	1380
باصری	basri	S	1382
ملکان	mlkan,malakan	S	1383
بنیادی	bonyadi,bniadi	S	1384
کمری	kamari,kmri	S	1385
عبدالحسینی	abdolhosseini,abdalhsini	S	1387
پورحسینی	pourhosseini,poorhsini	S	1388
مجدم	mojadam,mjdm	S	1389
دربندی	darbandi,drbndi	S	1390
باباپور	babapour,babapoor	S	1391
بشارتی	basharti,bsharti	S	1392
جهان‌بین	jahanbin,jhanbin	S	1393
سلیمیان	soleymian,slimian	S	1394
وطنی	vatanian,vatni	S	1395
چاکری	chakri	S	1396
ساعی	saei,sai,sa'i	S	1397
اردشیری	ardeshiri,ardshiri	S	1400
شبان	shepherd,shban,shaban	S	1401
شکراللهی	shokrallahi,shkrallhi	S	1402
خوشدل	khoshdel,khoshdl	S	1403
بلالی	belali,blali	S	1406
خانمحمدی	khanmhmdi	S	1407
کتابی	ketabi,ktabi	S	1408
شاهوردی	shahvardi,shahoordi	S	1409
مشتاقی	mushtaqi,mshtaghi	S	1410
عجمی	ajami,ajmi	S	1413
صداقتی	sadaqati,sdaghti	S	1414
پاشازاده	pashazadeh,pashazade	S	1415
علی	ali,alii	S	1416
آصفی	asefi,asfi	S	1417
کاشفی	kashafi,kashfi	S	1420
روئین‌تن	roeintan,rvintn	S	1421
زرینی	zarrini,zrini	S	1423
نگهبان	guardian,nghban	S	1424
ارزانی	arzani	S	1425
عابد	abed,aabd	S	1426
بیژنی	bijani,bizhni	S	1428
شیرعلی	shirali,shirli	S	1429
ناجی	naji	S	1431
جوزی	jouzi,joozi	S	1433
زرگری	zargari,zrgri	S	1434
گرشاسبی	gharshasbi,grshasbi	S	1435
جعفرنژاد	jafarnejad,jfrnzhad	S	1437
شوندی	shavandi,shoondi	S	1438
افروغ	afrogh,afroogh	S	1440
مرجانی	marjani,mrjani	S	1441
کمائی	kamai,kmai	S	1442
مشایخ	mashayekh,mshaikh	S	1443
حلفی	halafi,hlfi	S	1445
ترکمن	turkmen,trkmn	S	1447
مظهری	mazaheri,mzhri	S	1448
دانشی	daneshi,danshi	S	1449
سرمدی	sarmadi,srmdi	S	1450
شامحمدی	shahmohammadi,shamhmdi	S	1452
نیکبخت	nikbakht,nikbkht	S	1454
سرابی	sarabian,srabi	S	1457
صبری	sabri,sbri	S	1458
گنجعلی	ganjali,gnjli	S	1459
اعلائی	alaei,alai	S	1461
فغانی	faghani,fghani	S	1463
پرنیان	parnian,prnian	S	1464
سروی	saravi,srooi,sarvi	S	1465
دری	dari,dri,dorri	S	1466
علیپور	alipour,alipoor	S	1467
شاکرمی	shakeri,shakrmi	S	1469
رادمنش	radmanesh,radmnsh	S	1470
زیبائی	beauty,zibai	S	1471
نجار	carpenter,njar,najjar	S	1472
غلامحسینی	gholamhosseini,ghlamhsini	S	1473
ندرلو	naderloo,ndrloo	S	1475
زلفی	zolfi,zlfi	S	1476
تاجی	taji	S	1477
خدمتی	khadmati,khdmti	S	1478
پناهنده	refugee,pnahnde	S	1479
رشنو	rashnou,rshnoo	S	1480
خدابخش	khodabakhsh,khdabkhsh	S	1482
صباحی	sabahi,sbahi	S	1483
شهدادی	shahdadi,shhdadi	S	1484
مهرجو	mehrjou,mhrjoo,mehrju	S	1487
هنرور	honarvar,hnroor	S	1488
رودباری	rudbari,roodbari	S	1490
صمصامی	samsami,smsami	S	1491
پرورش	parvaresh,proorsh	S	1492
بایرامی	bayrami,bairami	S	1493
سیدآبادی	seyedabadi,sidabadi	S	1494
طاهرزاده	taherzadeh,tahrzade	S	1495
قنبریان	ghanbarian,ghnbrian	S	1498
کرباسی	karabasi,krbasi	S	1500
ترکمانی	torkamani,trkmani	S	1501
بسطامی	bastami,bstami	S	1502
خانجانی	khajani,khanjani	S	1503
راعی	raei,rai	S	1504
آتشی	atashi,atshi	S	1505
دانیالی	daniali	S	1506
پرهیزکاری	abstinence,prhizkari	S	1507
شادی	shadi	S	1509
امیرزاده	amirzadeh,amirzade	S	1510
شیرالی	shirali	S	1511
سراجی	seraji,sraji	S	1512
علیائی	aliayi,aliai	S	1513
صفا	safa,sfa	S	1515
قائدرحمتی	ghadrhmti	S	1516
رشید	rashid,rshid	S	1517
ادهمی	adhami,adhmi	S	1518
فهندژسعدی	fhndzhsdi	S	1521
کیوانی	keyvani,kivani	S	1522
زراعتی	agricultural,zrati	S	1523
شهری	shahri,shhri	S	1524
پویا	poya,pooia,pouya,puya	S	1525
ضرغامی	zarghami,zrghami	S	1527
آقایاری	aghayari,aghaiari	S	1528
بیگدلو	bigdelo,bigdloo	S	1529
آذر	azar,azr	S	1530
مازندرانی	mazandarani,mazndrani	S	1531
زنگانه	zanganeh,zngane	S	1534
آهنی	ahani,ahni	S	1535
دانا	dana	S	1536
پوراحمدی	pourahmadi,poorahmdi	S	1537
فیروزآبادی	firoozabadi	S	1538
زارعیان	zarian	S	1539
پردل	pardel,prdl	S	1540
شمسائی	shamsai,shmsai	S	1542
عبدالمالکی	abdolmaleki,abdalmalki	S	1543
کوهکن	kouhkan,koohkn	S	1544
شیدائی	shidaee,shidai	S	1545
بذرگر	bzrgr	S	1547
توکل	tavakkol,tookl,tavakol	S	1548
سلیمانیان	soleimanian,slimanian	S	1549
مؤمن	momen,mmn	S	1550
بداغی	badaghi,bdaghi	S	1551
پیرزاده	pirzadeh,pirzade	S	1552
اختری	akhteri,akhtri	S	1553
ساقی	saqi,saghi	S	1554
فاتح	fateh,fath	S	1555
کامران	kamran	S	1556
برادران	brothers,bradran	S	1557
کماسی	kamaasi,kmasi	S	1558
نواصر	navasr,nvasr	S	1560
هدایت	hedayat,hdait	S	1561
میرشاهی	mirsahai,mirshahi	S	1563
زهرائی	zahraei,zhrai	S	1564
روزبه	roozbeh,roozbe,ruzbeh	S	1565
ابدالی	abdali	S	1566
پاسبان	guardian,pasban	S	1569
جبلی	jabali,jbli	S	1571
بهاروند	baharvand,bharoond	S	1572
دماوندی	damavandi,dmavndi	S	1573
همتیان	hametian,hmtian	S	1574
پاداش	reward,padash	S	1575
محجوب	mahjoob,mhjoob,mahjub	S	1576
وفادار	vafadar	S	1577
راه‌پیما	pathwalker,rahpima	S	1578
نسیمی	nasimi,nsimi	S	1579
دامنی	dami,damni	S	1581
اقبال	iqbal,aghbal,eghbal	S	1583
نادعلی	nadali,nadli	S	1584
محیاپورلری	mohyapourlari,mhiapoorlri	S	1588
نوراللهی	noorollahi,noorallhi	S	1589
عزیزخانی	azizkhani	S	1590
نصیرپور	nasirpour,nsirpoor	S	1591
دلفی	delfi,dlfi	S	1592
حدادیان	haddadian,hdadian	S	1594
دغاغله	daghagheleh,dghaghle	S	1595
رازانی	razani	S	1596
احمدآبادی	ahmadabadi,ahmdabadi	S	1597
سراج	siraj,sraj,seraj	S	1598
گلشن	golshan,glshn	S	1599
مهدیخانی	mahdikhani,mhdikhani	S	1600
مردی	mardi,mrdi	S	1601
موسیوند	mousivand,moosioond	S	1602
فانی	fani	S	1603
محقق	researcher,mhghgh,mohaghghegh	S	1604
طالبیان	talabian,talbian	S	1606
خوانساری	khansari,khoansari	S	1607
تبریزی	tabrizi,tbrizi	S	1608
همدانی	hamadani,hmdani	S	1610
قرنجیک	gharanjik,ghrnjik	S	1612
حمدی	hamdi,hmdi	S	1613
شافعی	shafiei,shafi	S	1616
عطار	attar,atar	S	1617
دیوسالار	deyusalar,dioosalar	S	1618
دهانی	dahani,dhani	S	1620
خلخالی	khalkhali,khlkhali	S	1621
امیرپور	amirpour,amirpoor	S	1622
صبور	sabour,sboor,sabur	S	1623
گلابی	gholabi,glabi,golabi	S	1624
فرهنگیان	farhangian,frhngian	S	1625
آرامش	calmness,aramsh,aramesh	S	1626
درخشنده	shining,drkhshnde,derakhshande	S	1627
عطاری	attari,atari	S	1628
بایزیدی	bayazidi,baizidi	S	1630
باغبان	gardener,baghban	S	1631
نویدی	navaidi,nooidi	S	1634
حمیداوی	hamidavi,hmidavi	S	1635
بازوند	bazvand,bazoond	S	1636
نامنی	namani,namni	S	1637
پاکزاد	pakzad	S	1638
درستکار	darustkar,drstkar	S	1640
خان‌زاده	khanzadeh,khanzade	S	1641
جاهدی	jahadi,jahdi	S	1642
شایان	shayan,shaian	S	1645
رسائی	rasaei,rsai	S	1647
عصمتی	asimati,asmti	S	1648
سیار	seyar,siar	S	1649
مصدق	mosaddegh,msdgh	S	1651
رزمجو	razmjou,rzmjoo	S	1654
فعله‌گری	fahlergari,flhgri	S	1655
نیکوکار	benefactor,nikookar	S	1658
سیری	siri	S	1659
پیریائی	piryaei,piriai	S	1660
جودی	joudi,joodi,judi	S	1661
سورانی	sourani,soorani	S	1662
مرادقلی	moradgholi,mradghli	S	1664
قاضی‌زاده	ghazizade	S	1665
رئیسیان	raeisian,risian	S	1666
خاکباز	khakbaz	S	1667
خلیلیان	khalilian,khlilian	S	1668
گودرزوندچگینی	goudarzvandchegini,goodrzoondchgini	S	1671
سیاح	traveler,siah	S	1672
شوشتری	shushtari,shooshtri	S	1674
یارعلی	yarali,iarli	S	1675
بلوکی	blouki,blooki	S	1677
کهن	kohan,khn	S	1679
پسندیده	preferred,psndide	S	1681
جاودان	immortal,javdan	S	1683
ادیب	adib	S	1685
اوجی	ooji,aooji	S	1686
شوقی	shoghi,shooghi,showghi	S	1687
ملازهی	malazahi,mlazhi	S	1689
زنده‌دل	zndhdl	S	1690
شفیع‌زاده	shafizadeh,shfizade	S	1691
آجورلو	ajurlu,ajoorloo	S	1692
دلدار	deldar,dldar	S	1695
فولادوند	fooladvand,fooladoond	S	1696
کلائی	kolai,klai	S	1698
سعیداوی	saeidavi,sidavi	S	1699
قنبرپور	ghanbarpour,ghnbrpoor	S	1700
رکنی	rokni,rkni	S	1703
مهرانی	mehrani,mhrani	S	1704
حمیدیان	hamidian,hmidian	S	1705
خنجری	khanjari,khnjri	S	1706
می‌رانی	mirani	S	1707
حمودی	hamoudi,hmoodi	S	1708
زاهد	zahid,zahd,zahed	S	1710
مسرور	masrour,msroor,masrur	S	1711
چنارانی	chanarani,chnarani	S	1713
هوشنگی	houshangi,hooshngi	S	1715
قمی	qomi,ghmi	S	1716
پورابراهیم	pourabrahimi,poorabrahim	S	1717
میرزائیان	mirzaian	S	1718
مرندی	marandi,mrndi	S	1719
محمدقاسمی	mohammadghasemi,mhmdghasmi	S	1720
شاطری	shateri,shatri	S	1721
عروجی	arouji,arooji	S	1722
قدیانی	qadiani,ghdiani	S	1723
احراری	ahrari	S	1724
عمارلو	amarlu,amarloo	S	1725
رشیدیان	rashidian,rshidian	S	1727
شنبدی	shanbadi,shnbdi	S	1728
میرزاوند	mirzavand,mirzavnd	S	1729
خورسندی	khorsandi,khorsndi	S	1730
ملاحسینی	molahosseini,mlahsini	S	1732
جمال‌زاده	jamalzadeh,jmalzade	S	1733
فروزنده	farouzandeh,frooznde,foruzande	S	1734
متین	matin,mtin	S	1737
کارخانه	factory,karkhane	S	1738
خمیسی	khamisi,khmisi	S	1739
حنیفی	hanifi,hnifi	S	1740
دلفانی	delfani,dlfani	S	1741
دستجردی	dastjardi,dstjrdi	S	1742
حمادی	hammadi,hmadi,hamadi	S	1743
بهبهانی	behbahani,bhbhani	S	1744
اسماعیلیان	ismailians,asmailian	S	1745
مهرپور	mehrpour,mhrpoor	S	1746
مؤذن	muezzin,mzn	S	1747
مهرآبادی	mehrabadi,mhrabadi	S	1748
چابک	chabok,chabk	S	1749
دهقان‌زاده	dehghanzadeh,dhghanzade	S	1750
کرانی	karani,krani	S	1751
کعبی	kabei,kbi	S	1752
کمیجانی	kamijani,kmijani	S	1753
سقائی	saqai,sghai	S	1754
کاتبی	katabi,katbi	S	1755
رادفر	radfar,radfr	S	1756
والی	wali,vaali,vali	S	1757
مهبودی	mahboudi,mhboodi	S	1758
شعبان	sha'ban,shban,shaban	S	1761
قدوسی	ghodosi,ghdoosi	S	1763
کشانی	kashani,kshani	S	1764
علمداری	elmdari,almdari	S	1765
برزنونی	barzanuni,brznooni	S	1766
پیرمحمدی	pirmhmdi	S	1767
شربتی	sharbaty,shrbti	S	1768
گلوی	goloui,glooi	S	1769
پاکدامن	pakdaman,pakdamn	S	1770
سواعدی	savaedi,svadi	S	1771
شرافتی	sharafati,shrafti	S	1772
علیمحمدی	alimhmdi	S	1773
پیروزی	victory,piroozi,pirouzi	S	1774
خداشناس	godknower,khdashnas	S	1776
جامی	jami	S	1777
آهنگر	ironworker,ahngr	S	1778
جاسمی	jasemi,jasmi	S	1779
حیدرنژاد	haydarnajad,hidrnzhad	S	1781
ثنائی	senaei,snai	S	1782
تنهائی	tanhaei,tnhai	S	1783
جوادزاده	javadzadeh,jvadzade	S	1784
نظرزاده	nazarzadeh,nzrzade	S	1785
نجات	nejat,njat	S	1786
نوروزپور	noroozpoor,nooroozpoor	S	1789
اردونی	arduni,ardooni	S	1790
زهیری	zahiri,zhiri	S	1792
ضمیری	zamiri,zmiri	S	1793
پژمان	pezhman,pzhman	S	1794
کرمیان	kermiyan,krmian	S	1797
جاهد	jahad,jahd,jahed	S	1799
پیران	piran	S	1800
گائینی	ghaeni,gaini	S	1801
پیرمرادی	pirmoradi,pirmradi	S	1802
سامانی	samani	S	1803
رمضانیان	ramazaniyan,rmzanian	S	1804
ممبنی	mombini,mmbni	S	1805
روشنائی	roshanaei,rooshnai	S	1806
جهانگیر	jahangir,jhangir	S	1807
پرویز	parviz,prooiz	S	1808
چلداوی	chaldavi,chldavi	S	1809
برازنده	barazandeh,braznde,barazande	S	1811
خوشبخت	khoshbakht,khoshbkht	S	1813
جرجانی	jorjani,jrjani	S	1814
دلبری	delbari,dlbri	S	1815
کمانگر	bowman,kmangr,kamangar	S	1816
مفیدی	mofidi,mfidi	S	1818
آرمند	armend,armnd,armand	S	1819
الفتی	alfati,alfti	S	1821
فاضل	fazel,fazl	S	1822
یاقوتی	yaquti,iaghooti	S	1823
کیومرثی	kiumarsi,kioomrsi	S	1824
برآهوئی	barahoui,brahvi	S	1825
نظافت	nazafat,nzaft	S	1826
خوش‌بخت	hoshbakht,khoshbkht	S	1827
شعاعی	shahabi,shai	S	1828
افشین	afshin	S	1829
زالی	zali	S	1830
علیدادی	alidadi	S	1831
قارلقی	gharlghi	S	1832
معماریان	mirmarian,mmarian	S	1833
بدوی	badawi,bdooi	S	1834
جاویدان	javidan	S	1835
نورالدینی	nooraldini	S	1837
خداداد	khodaydad,khdadad,khodadad	S	1838
کردلو	kordlou,krdloo	S	1839
فرخ	farokh,frkh,farrokh	S	1841
فلاح‌پور	fallahpour,flahpoor	S	1842
کردزنگنه	kordzangeneh,krdzngne	S	1844
گودینی	goodini	S	1845
منیری	moniri,mniri	S	1846
فرهنگی	farhangi,frhngi	S	1847
آزاده	azadeh,azade	S	1848
نهتانی	nahtani,nhtani	S	1850
مکاری	makari,mkari	S	1852
آذرخش	azarakhsh,azrkhsh	S	1853
مشیری	moshiri,mshiri	S	1854
اوجاقی	ovajagi,aoojaghi	S	1855
خالوئی	khaloui,khalvi	S	1856
هلالی	helali,hlali	S	1857
طولابی	toulabi,toolabi	S	1858
عبدالمحمدی	abdalmhmdi	S	1860
زبردست	zabardast,zbrdst	S	1861
عفراوی	afrawi,afravi	S	1863
خورسند	khorsand,khorsnd	S	1864
صفریان	safarian,sfrian	S	1865
آشنا	acquainted,ashna	S	1867
دینی	dini	S	1868
نصرآزادانی	nasrabadani,nsrazadani	S	1869
سالم	salem,salm	S	1870
افراز	afraz	S	1871
ایزی	ezi,aizi,izi	S	1872
ملکشاهی	malekshahi,mlkshahi	S	1873
بیدکی	bidaki,bidki	S	1874
جنگجو	warrior,jngjoo	S	1875
اروجی	arouji,arooji	S	1876
بدخشان	badakhshan,bdkhshan	S	1878
لاری	lari	S	1880
بربری	barbari,brbri	S	1881
نقابی	naghabi,nghabi	S	1882
وجدانی	vejdani,vajdani	S	1884
قنبرزهی	ghanbarzahi,ghnbrzhi	S	1886
طائی	tayi,tai	S	1887
حسام	hossam,hsam,hesam	S	1890
معزی	moazzi,mzi	S	1891
درستی	dorrusti,drsti,dorosti	S	1892
فردی	fardi,frdi	S	1893
اصغرپور	asgarpour,asghrpoor	S	1894
فنائی	fanai,fnai	S	1896
بساطی	basati,bsati	S	1898
فاریابی	faryabi,fariabi	S	1899
روشن‌ضمیر	roshanzamir,rooshnzmir	S	1900
آسترکی	astaraki,astrki	S	1902
آسوده	asoudeh,asoode,asudeh	S	1904
علیشاهی	alishahi	S	1906
شریعت	shari'at,shrit,sharieat	S	1907
دهداری	dehdari,dhdari	S	1908
طاهرپور	taherpoor,tahrpoor	S	1909
راسخ	rasekh,raskh	S	1912
بادپا	badpa	S	1913
دادرس	dadras,dadrs	S	1914
طاهرآبادی	taherabadi,tahrabadi	S	1917
تاتاری	tatari	S	1918
ایازی	iyazi,aiazi,ayazi	S	1921
شاهسون	shahson,shahsoon,shahsoun	S	1923
صولتی	soleiti,soolti	S	1924
کیخسروی	keykhosravi,kikhsrooi	S	1925
یدالهی	yadollahi,idalhi	S	1926
بابادی	babadi	S	1927
روشندل	roshandel,rooshndl	S	1928
مختارزاده	mokhtarzadeh,mkhtarzade	S	1929
سلحشوری	solhshoori,slhshoori	S	1930
قزل	qazal,ghzl	S	1932
گندمی	gandomi,gndmi	S	1933
جغتائی	joghatai,jghtai	S	1934
مروی	marvi,mrooi	S	1936
یوسفوند	yousefvand,ioosfoond	S	1937
کدخدا	khodakha,kdkhda	S	1938
آئینی	ayni,aini	S	1939
امیدیان	omidian,amidian	S	1940
غفاریان	ghafarian,ghfarian	S	1941
بی‌باک	fearless,bibak	S	1943
سالار	salar	S	1944
آرین	arian,arin,ariyan	S	1945
شهبازیان	shahbazian,shhbazian	S	1946
شیاسی	shiasi	S	1947
بدرلو	badrlou,bdrloo	S	1948
اللهی	alahi,allhi,elaahi	S	1949
عباسلو	abbasloo,abasloo	S	1950
کوهساری	kuhsari,koohsari	S	1951
جوادیان	javadian,jvadian	S	1953
کشمیری	kashmiri,kshmiri	S	1955
صافی	safi	S	1956
صفائیان	safavian,sfaian	S	1957
رباطی	robati,rbati	S	1958
نیک‌پی	nikpay,nikpi	S	1960
ایرانشاهی	iranshahi,airanshahi	S	1961
غفارزاده	ghaffarzadeh,ghfarzade	S	1965
کردبچه	kordbacheh,krdbche	S	1966
کاردان	kardan	S	1968
فرد	fard,frd	S	1969
جبارزاده	jabbarzadeh,jbarzade	S	1970
ترابیان	torabian,trabian	S	1971
ساری	sari	S	1972
پویان	puyan,pooian,pouyan	S	1974
بابا	baba	S	1975
عامریان	amirian,aamrian	S	1977
پولادوند	poladvand,pooladoond	S	1978
شادمانی	shadmani	S	1979
عربلو	arablou,arbloo	S	1980
کهزادی	kahzadi,khzadi	S	1981
بای	bay,bai	S	1984
وحدتی	vahdati,vahdti	S	1985
رجبیان	rajabian,rjbian	S	1988
آزادمنش	azadmanesh,azadmnsh	S	1989
تیموریان	timurian,timoorian	S	1990
ابوترابی	abutalebi,abootrabi	S	1992
لاجوردی	lajvardi,lajoordi	S	1993
عبیری	abiri	S	1994
وطن‌پرست	patriot,vatnprst	S	1997
پوربافرانی	pourbafrani,poorbafrani	S	1998
روان‌بخش	ravanshakh,rvanbkhsh	S	1999
محمدامینی	mhmdamini	S	2000
محمد	mohammad,mhmd	S	2002
شیرزاده	shirzadeh,shirzade	S	2003
عجم	ajami,ajm	S	2005
بهارلوئی	baharlooei,bharlvi	S	2006
سمائی	samai,smai	S	2007
زرقانی	zarqani,zrghani	S	2008
فضلعلی	fazlali,fzlli	S	2010
نیک‌روش	nikrosh,nikroosh	S	2011
تسلیمی	taslemi,tslimi	S	2013
نایبی	naeibi,naibi	S	2014
مزیدی	mazidi,mzidi	S	2016
رخشان	rakhshan,rkhshan	S	2017
استکی	estaki,astki	S	2018
فرهادیان	farhadian,frhadian	S	2019
آبادیان	abadian	S	2020
خوشرو	khushru,khoshroo	S	2021
ارشادی	arshadi	S	2022
صمدزاده	samadzadeh,smdzade	S	2023
فسنقری	fasangari,fsnghri	S	2024
معلمی	moallemi,mlmi	S	2026
جوادپور	javadpour,jvadpoor	S	2027
شاه‌آبادی	shahabadi	S	2029
خاکساری	khaksari	S	2030
فرخنده	farokhandeh,frkhnde,farkhondeh	S	2032
پارسه	parsa,parse	S	2033
اصلاحی	islahi,aslahi	S	2034
آذرنیا	azarnia,azrnia	S	2037
فدوی	fadavi,fdooi	S	2038
آزموده	tested,azmoode	S	2039
کرملاچعب	kermalajab,krmlachb	S	2041
یاسینی	yasini,iasini	S	2042
پایمرد	paymard,paimrd	S	2043
معنوی	mnooi	S	2044
قدمگاهی	ghadamgahi,ghdmgahi	S	2045
مهدویان	mahdavian,mhdooian	S	2046
قزوینی	qazvini,ghzooini	S	2047
لرکی	larki,lrki	S	2048
معین	mo'in,min,moein	S	2049
شاهدی	shahidi,shahdi	S	2051
امامقلی	imamgholi,amamghli	S	2052
سیدموسوی	sidmoosooi	S	2053
حاجتی	hajati,hajti	S	2055
افراشته	afrashte	S	2056
گرگیج	gorgij,grgij	S	2057
اسگندری	asgandari,asgndri	S	2059
بحیرائی	bahirai,bhirai	S	2060
پیرانی	pirani	S	2061
پیراسته	pirasteh,piraste	S	2063
سیلاوی	silavi	S	2064
ممشلی	mameshli,mmshli	S	2065
شایگان	shayegan,shaigan,shaygan	S	2067
اشرف	ashraf,ashrf	S	2068
اکرامی	ekrami,akrami	S	2069
قاسملو	ghasemlou,ghasmloo	S	2071
خوئینی	khomeini,khoini	S	2072
اصغریان	asgharian,asghrian	S	2073
چنگیزی	changizian,chngizi	S	2074
سامی	sami	S	2075
میرهاشمی	mirhashimi,mirhashmi	S	2076
ارباب	arbab	S	2078
خضرلو	khazrlou,khzrloo	S	2079
اسفندی	esfandi,asfndi	S	2080
ظریفی	zarifi,zrifi	S	2081
اقتداری	eqtadari,aghtdari	S	2082
اجاقی	ojaghi,ajaghi	S	2083
سویزی	sweezy,sooizi	S	2084
اسفندیارپور	esfandiarpour,asfndiarpoor	S	2085
بینا	bina	S	2086
بهمدی	bahmadi,bhmdi	S	2087
پورعباس	pourabbas,poorbas	S	2088
مرشدلو	morshedloo,mrshdloo	S	2089
توانگر	tavangar,tvangr	S	2092
عسکریان	asgarian,askrian	S	2093
یاسمی	yasemi,iasmi	S	2094
شرافت	sharafat,shraft,sherafat	S	2095
بهزاد	behzad,bhzad	S	2096
هوشیاری	hoshyari,hooshiari	S	2097
پیمان	payman,piman,peyman	S	2098
مراقی	moraghi,mraghi	S	2101
نورالهی	noorollahi,nooralhi	S	2103
حق‌جو	haghjoo,hghjoo	S	2104
دیانی	deyani,diani	S	2105
فعلی	fli	S	2106
صفار	saffar,sfar,safar	S	2107
پیام	payam,piam	S	2108
امیراحمدی	amirahmdi	S	2109
میرزایی	mirzaei,mirzaii	S	2111
هاتفی	hatefi,hatfi	S	2114
ساریخانی	sarikhani	S	2115
فیروزبخت	firoozbakht,firoozbkht	S	2116
قرشی	qureshi,ghrshi	S	2118
فرید	farid,frid	S	2119
قندی	qandi,ghndi	S	2120
نوروززاده	noroozadeh,nooroozzade	S	2121
هوتی	hooti	S	2122
فیاض	fayyaz,fiaz	S	2125
کیانپور	kianpour,kianpoor	S	2126
نصیریان	nasirian,nsirian	S	2128
مقیسهء	moghiseh,mghish	S	2129
قدمیاری	ghadamiari,ghdmiari	S	2130
پیرایش	piraeesh,piraish	S	2131
قادرپور	ghadirpour,ghadrpoor	S	2132
مهرآور	mehravar,mhravr	S	2133
حق‌دوست	haqdoost,hghdoost	S	2134
نادریان	naderian,nadrian	S	2135
محتشمی	mohtashami,mhtshmi	S	2136
بختیار	bakhtiar,bkhtiar,bakhtyar	S	2137
گرزین	ghorzin,grzin	S	2138
مشکی	moshki,mshki,meshki	S	2139
قندهاری	qandahari,ghndhari	S	2140
انصاریان	ansarian	S	2144
اورنگی	orangi,aoorngi	S	2146
ابوعلی	abooli	S	2147
بهره‌مند	bahrmand,bhrhmnd	S	2148
ضیغمی	zighami,zighmi	S	2149
تکلو	taklu,tkloo	S	2150
سیاری	siyari,siari	S	2151
رودینی	roudini,roodini	S	2152
عیدانی	eidani,aidani	S	2153
ضرابی	zarabi,zrabi	S	2154
استواری	estavari,astvari	S	2155
گرگانی	gorgani,grgani	S	2157
جنامی	janami,jnami	S	2160
نبی	nabi,nbi	S	2161
گمار	ghomar,gmar	S	2162
شیرافکن	lionthrower,shirafkn,shirafkan	S	2164
رسولیان	rasoulian,rsoolian	S	2166
خسرویان	khosravian,khsrooian	S	2167
هروی	heravi,hrooi	S	2168
دریاباری	daryabari,driabari	S	2169
اخلاصی	ikhlasi,akhlasi	S	2170
محبتی	mohabati,mhbti	S	2171
قیاسوند	qiasvand,ghiasoond	S	2172
مکرمی	makrami,mkrmi	S	2173
اکبرنژاد	akbarnezhad,akbrnzhad	S	2175
میرزابیگی	mirzabigi	S	2177
باطنی	batni	S	2178
سگوند	sagvand,sgoond	S	2179
عاملی	amali,aamli	S	2181
غفرانی	ghafrani,ghfrani	S	2182
عبدالی	abdali	S	2183
اردلان	ardalan,ardlan	S	2184
عاطفی	aatifi,aatfi,aatofi	S	2185
بهداروند	bahdarvand,bhdaroond	S	2187
سامری	samari,samri	S	2189
کافی	kafi	S	2190
حدیدی	hossaini,hdidi	S	2191
مسائلی	masaeli,msali	S	2192
قادریان	ghaderian,ghadrian	S	2195
کفاش	shoemaker,kfash	S	2196
شکیبائی	shakibai,shkibai	S	2197
شهرآبادی	shahrabadi,shhrabadi	S	2198
عابدیان	abadian,aabdian	S	2199
احمدخانی	ahmadkhani,ahmdkhani	S	2200
کلوندی	kalvandi,kloondi	S	2201
اورنگ	orang,aoorng,owrang	S	2203
آگاه	agha,agae,agah	S	2204
آقامیری	aghamiri	S	2206
مردانه	mardaneh,mrdane	S	2207
کشاورزیان	keshavarzian,kshavrzian	S	2209
بندری	bandari,bndri	S	2211
طهرانی	tehrani,thrani	S	2212
علیاری	alyari,aliari	S	2213
برزکار	brzkar	S	2214
محیط	mohit,mhit	S	2215
عنبری	anbri	S	2217
دولت‌خواه	dolatkhah,dooltkhoae	S	2219
البرزی	alborzi,albrzi	S	2220
سرافراز	sarafraz,srafraz	S	2221
شیخلو	sheikhloo,shikhloo	S	2222
راضی	razi	S	2223
ملکوتی	malakouti,mlkooti	S	2226
حاجیانی	hajiani	S	2227
زنجانی	zanjani,znjani	S	2229
داوطلب	volunteer,davtlb	S	2231
دیناری	dinary,dinari	S	2232
خنفری	khanfari,khnfri	S	2235
دیانت	diyanat,diant	S	2237
شیبک	shibak,shibk	S	2239
پارسائیان	parsaiyan,parsaian	S	2240
کسائی	kassai,ksai	S	2242
نیک‌سرشت	niksarshat,niksrsht	S	2243
روهنده	rohandeh,roohnde	S	2245
عبیدی	obeidi,abidi	S	2247
افتاده	aftadeh,aftade	S	2249
بیکدلی	bikdeli,bikdli	S	2250
بابالو	babalu,babaloo	S	2251
نیکدل	nikdel,nikdl	S	2252
مقصودلو	maqsoudloo,mghsoodloo	S	2253
زعفرانی	zaferani,zfrani	S	2254
کرابی	karabi,krabi	S	2255
گلزار	golzar,glzar	S	2259
نوحی	nohi,noohi	S	2260
رضی	razi,rzi,raziy	S	2261
پزشکی	pezeshki,pzshki	S	2262
دویران	doviran,dooiran	S	2263
آق	agha,agh	S	2264
باستان	bastan	S	2265
نجارزاده	najarzadeh,njarzade	S	2268
شیرمحمدلی	shirmhmdli	S	2269
راستین	rastin	S	2271
عفتی	ifti,afti	S	2272
بازوبندی	bazovandi,bazoobndi	S	2273
واثقی	vafaqi,vaasghi	S	2274
رفیع	rafie,rfi,rafi'	S	2275
سیدزاده	seyedzadeh,sidzade	S	2276
نفر	nafer,nfr	S	2277
پیرزادی	pirzadi	S	2279
ناصریان	nasirian,nasrian	S	2280
یعقوبیان	yaqoubian,ighoobian	S	2282
شکرزاده	shokrzadeh,shkrzade	S	2283
صدر	sadr,sdr	S	2284
سرگلزائی	sargolzai,srglzai	S	2286
فلاحیان	falahian,flahian	S	2287
رجبلو	rajablu,rjbloo	S	2288
خانزاده	khanzaadeh,khanzade,khanzadeh	S	2289
تاج‌بخش	tajbakhsh,tajbkhsh	S	2290
شهیکی	shahiki,shhiki	S	2291
حسنخانی	hasankhani,hsnkhani	S	2292
سینائی	sinai	S	2293
رعنائی	rahnai,rnai	S	2294
برون	baroon,broon	S	2295
عبدیان	abdian	S	2297
خرمالی	khurmali,khrmali	S	2298
کیاء	kia	S	2300
شریفی‌نیا	sharifinia,shrifinia	S	2301
پرواز	parvaz,prvaz	S	2302
آموزگار	teacher,amoozgar	S	2303
برخوردار	barkhordar,brkhordar	S	2304
مودی	moodi	S	2306
نواصری	navasari,nvasri	S	2307
آذرگون	azargoon,azrgoon	S	2309
قشلاقی	qashlaqi,ghshlaghi	S	2313
پدرام	pedram,pdram	S	2314
پاکروان	pakrovan,pakrvan	S	2315
دریکوندی	darikondi,drikoondi	S	2316
نوبهار	nobahar,noobhar	S	2318
رعیتی	raeiti,riti	S	2320
عارفخانی	arefkhani,aarfkhani	S	2321
مزروعی	mazrouei,mzrooi	S	2322
فیروز	firooz,firuz	S	2325
تورانی	tourani,toorani	S	2326
کامکار	kamkar	S	2327
نادرپور	naderpour,nadrpoor	S	2328
میرکی	mirkhi,mirki	S	2330
پیوندی	payvandi,pioondi	S	2331
اعتصامی	etesami,atsami	S	2332
بی‌نیاز	binaaz,biniaz	S	2333
صیامی	siyami,siami	S	2334
وفا	vafa	S	2336
عسگریان	asgariyan,asgrian	S	2337
نفری	nafri,nfri,nafari	S	2338
بابائیان	babayan,babaian	S	2339
باسره	basreh,basre	S	2340
احمدنیا	ahmadnia,ahmdnia	S	2341
کیقبادی	keykabadi,kighbadi	S	2342
ریوندی	riyandi,rioondi	S	2345
جولائی	jolayi,joolai	S	2346
غزنوی	ghaznavid,ghznooi	S	2348
اسکندرزاده	iskanderzadeh,askndrzade	S	2349
خورشیدوند	khorasani,khorshidoond	S	2351
علوانی	alavani,alvani	S	2352
حمزوی	hamzavi,hmzooi	S	2353
شعیبی	shoaibi,shibi	S	2357
خیاطی	sewing,khiati	S	2358
صمدیان	samadian,smdian	S	2359
پروینی	parvini,prooini	S	2360
صباغ	sabbagh,sbagh	S	2361
گری	ghari,gri	S	2363
زیارتی	ziyarti,ziarti	S	2364
تابش	tabesh,tabsh	S	2366
باشتنی	bashtani,bashtni	S	2367
پرتو	partow,prtoo	S	2368
چعب	chab,chb	S	2369
بالدی	baldi	S	2370
امیرحسینی	amirhosseini,amirhsini	S	2373
عارف	aref,aarf	S	2374
پیروز	victorious,pirooz,piruz,pirouz	S	2375
فرهانی	farahani,frhani	S	2376
فرهودی	farhoodi,frhoodi	S	2377
پوریان	pourian,poorian,puryan	S	2378
سوادکوهی	savadkouhian,svadkoohi	S	2379
خاکشور	khakshoor	S	2381
شمالی	shomali,shmali	S	2382
بازرگان	bazargan,bazrgan	S	2383
قطبی	qotbi,ghtbi	S	2386
خوارزمی	khoarzmi	S	2387
نظیفی	nazifi,nzifi	S	2388
قهاری	ghahari,ghhari	S	2390
حبیبیان	habibian,hbibian	S	2391
فتحعلی	fathali,fthli	S	2394
بیضائی	beizaei,bizai	S	2395
سلاجقه	seljuk,slajghe	S	2396
صفاریان	safarian,sfarian	S	2397
فکوری	fakouri,fkoori	S	2398
بوژمهرانی	boujamhrani,bvzhmhrani	S	2399
عبدالرحیمی	abdalrhimi	S	2400
برنا	boruna,brna,borna	S	2402
مهدور	mahdoor,mhdoor	S	2403
بلوردی	balourdi,bloordi	S	2404
فراست	farast,frast,ferasat	S	2405
مغانلو	moghanloo,mghanloo	S	2406
فیروزهء	turquoise,firoozh	S	2408
اصانلو	asanloo	S	2409
جهان‌دیده	worldseer,jhandide	S	2410
خدادادیان	khodaydadian,khdadadian	S	2411
عسکرزاده	askarzadeh,askrzade	S	2412
سعیدپور	saeidpoor,sidpoor	S	2413
سبزعلی	sabzali,sbzli,sabzeali	S	2414
دادفر	dadfar,dadfr	S	2415
کشفی	kashfi,kshfi	S	2416
زینی	zini	S	2418
نیک‌بین	nikbin	S	2419
پیرمرادیان	pirmoradian,pirmradian	S	2420
آزمون	azmoon,azmun	S	2421
کسرائی	kasraei,ksrai	S	2422
ایراندوست	iranidost,airandoost	S	2423
نصر	nasr,nsr	S	2425
افشون	afshoon	S	2426
واحد	vahid,vaahd,vahed	S	2427
کلاتهء	kalateh,klath	S	2429
سیستانی	sistani	S	2430
زیدی	zeidi,zidi	S	2431
جعفرآبادی	jafarabadi,jfrabadi	S	2432
زابلی	zaboli,zabli	S	2433
دوکوهکی	dookouhaki,dookoohki	S	2435
خواجوئی	khajouei,khoajvi	S	2437
خرقانی	kharaqani,khrghani	S	2441
اردلانی	ardalani,ardlani	S	2442
گندم‌کار	gndmkar	S	2444
هنری	henry,hnri	S	2445
ساده	sadeh,sade	S	2446
تشکری	tashakkori,tshkri	S	2447
محمدحسنی	mhmdhsni	S	2448
سنجابی	sanjabi,snjabi	S	2449
گلچین	golchin,glchin	S	2452
شیرمردی	shirmardi,shirmrdi	S	2453
مطور	motor,mtoor	S	2456
ساعدموچشی	saadmocheshi,sadmoochshi	S	2457
ایرانپور	iranpour,airanpoor	S	2458
گشتاسبی	gashtasbi,gshtasbi	S	2459
فداکار	sacrificer,fdakar	S	2460
دین‌محمدی	deenmohammadi,dinmhmdi	S	2461
آژ	ajz,azh	S	2462
زندکریمی	zandkarimi,zndkrimi	S	2463
پاشاپور	pashapur,pashapoor	S	2464
زینعلی	zeynali,zinli,zeinali	S	2465
شاهسوند	shahsavand,shahsoond	S	2466
یداللهی	yadollahi,idallhi	S	2467
مهدیزاده	mahdizadeh,mhdizade	S	2468
شهبا	shehba,shhba	S	2469
مصلح	mosleh,mslh	S	2471
کثیری	kasiri,ksiri	S	2472
ثامری	thameri,samri	S	2473
بستانی	bastani,bstani	S	2474
زیاری	ziyari,ziari	S	2475
شیرکوند	shirkond,shirkoond	S	2476
مبینی	mobini,mbini	S	2477
بالائی	balai	S	2479
آقاسی	aghasi	S	2481
کارآمد	karamad,karamd	S	2482
نیک‌فرجام	nikfarjam,nikfrjam	S	2483
مرعشی	marashi,mrshi	S	2484
مباشری	mobasheri,mbashri	S	2485
صحرائیان	sahraiyan,shraian	S	2486
لیراوی	liravi	S	2487
منصورزاده	mansourzadeh,mnsoorzade	S	2488
پیمانی	peymani,pimani	S	2489
افشارمنش	afsharmanesh,afsharmnsh	S	2490
قادرزاده	ghadirzadeh,ghadrzade	S	2491
بلوری	baloori,bloori	S	2492
بدلی	badli,bdli	S	2493
شاکراردکانی	shakerardakani,shakrardkani	S	2494
زیرک	zirak,zirk	S	2495
بخشیان	bakhshiyan,bkhshian	S	2498
آرمان	arman	S	2499
روزی‌طلب	roozitaleh,roozitlb	S	2500
کرامت	karamat,kramt,keramat	S	2503
ایلخانی	ilkhani,ailkhani	S	2506
سجودی	sajoodi,sjoodi	S	2507
اعلمی	aalami,almi	S	2508
صباغیان	sabbaghian,sbaghian	S	2509
افرا	afarah,afra	S	2511
عوضی	avazi,aoozi	S	2513
عنافجه	anavjeh,anafje	S	2514
دیلم	deylam,dilm	S	2515
پازکی	pazaki,pazki	S	2516
مجدمی	mojdami,mjdmi	S	2519
امیرآبادی	amirabadi	S	2520
باوفا	bavafa,bavfa	S	2521
مهرپرور	mehrparvar,mhrproor	S	2523
فکور	fakour,fkoor,fakur	S	2524
حسین	hosseini,hsin,hossein	S	2525
افشاریان	afsharian	S	2527
عاقلی	aghili,aaghli	S	2530
هادوی	hadiwi,hadooi	S	2531
ارغوانی	arghavani,arghvani	S	2532
صدوقی	sadooghi,sdooghi	S	2533
فخرآبادی	fakhrabadi,fkhrabadi	S	2534
فرازمند	farazmand,frazmnd	S	2536
آذرشب	azarshab,azrshb	S	2537
روان	ravan,rvan	S	2538
دمرچلی	damarchali,dmrchli	S	2539
برزو	barzoo,brzoo,borzu	S	2540
بیدار	bidar	S	2542
خادمیان	khadamian,khadmian	S	2544
جهانگرد	jahangard,jhangrd	S	2545
حسن	hassan,hsn,hasan	S	2546
ناصحی	nasiri,nashi	S	2547
معصومیان	masoumiyan,msoomian	S	2549
حوت	whale,hoot	S	2550
بازیاری	baziyari,baziari	S	2551
رضانیا	razania,rzania	S	2553
خدایار	khodayar,khdaiar	S	2554
آذرنوش	azarnush,azrnoosh	S	2555
نظیری	naziri,nziri	S	2556
معبودی	maaboodi,mboodi	S	2557
سندگل	sandehgol,sndgl	S	2558
ستایش	praise,staish,setayesh	S	2559
فندرسکی	fandereski,fndrski	S	2560
معتمد	mo'tamed,mtmd,moetamed	S	2561
شاپوری	shapouri,shapoori	S	2562
اللهیاری	alahyari,allhiari	S	2563
کاویان	kaviyan,kavian,kavyan	S	2565
زردشت	zarathustra,zrdsht,zardosht	S	2566
یغمائی	yaghmaei,ighmai	S	2567
مختاریان	mokhtarian,mkhtarian	S	2568
حمیدزاده	hamidzadeh,hmidzade	S	2570
راسخی	rasakhi,raskhi	S	2571
مطیعی	motiei,mtii	S	2572
همت	hemat,hmt,hemmat	S	2575
فروزش	forouzesh,froozsh,foruzesh	S	2576
پرور	parvar,proor	S	2577
کمیزی	kamizi,kmizi	S	2579
شوهانی	shohani,shoohani	S	2580
کرمعلی	karamali,krmli,karimali	S	2581
حریری	hariri,hriri	S	2582
کربلائی	karbalai,krblai	S	2583
فقیری	faghiri,fghiri	S	2584
دشتبان	dashtban,dshtban	S	2585
کدیور	kadiour,kdioor,kadivar	S	2587
اناری	anari	S	2589
علیان	aliyan,alian	S	2590
خسروپور	khosrowpour,khsroopoor	S	2591
مفتاحی	moftehi,mftahi	S	2593
ذاکر	zaker,zakr	S	2595
جندقی	jandaki,jndghi	S	2597
الهامی	elhami,alhami	S	2598
داودیان	davudian,davdian	S	2599
اتابکی	atabaki,atabki	S	2600
حکمت	hekmat,hkmt	S	2601
آرامی	arami	S	2602
یزدیان	yazdian,izdian	S	2603
شجری	shajari,shjri	S	2605
مهرنیا	mehrnia,mhrnia,mehrniya	S	2607
فراهی	farahi,frahi	S	2608
کاری	kari	S	2609
حضوری	hazouri,hzoori	S	2610
بخشایش	bakhshaiesh,bkhshaish,bakhshayesh,bakhshaayesh	S	2611
کیخائی	keykhayi,kikhai	S	2612
خاقانی	khaghani	S	2613
موگوئی	moghoi,moogvi	S	2614
رضاخانی	rzakhani	S	2615
اوجاقلو	ovajaglu,aoojaghloo	S	2616
حلیمی	halimi,hlimi	S	2617
زرندی	zarandi,zrndi	S	2618
کردانی	kordani,krdani	S	2621
سهامی	sahami,shami	S	2624
افشارپور	afsharpoor	S	2625
معدنی	madini,mdni	S	2627
استرکی	estarky,astrki	S	2628
میهن‌دوست	patriot,mihndoost	S	2629
رضایت	razaayat,rzait,razayat	S	2632
پوررضا	pourreza,poorrza	S	2633
قدس	quds,ghds	S	2634
طحان	tahan,than	S	2635
تجلی	tajalli,tjli	S	2636
عباسپور	abaspour,abaspoor	S	2638
باغستانی	baghestani,baghstani	S	2639
معاوی	moaavi,mavi	S	2640
کلته	kalteh,klte	S	2641
نام‌آور	namavar,namavr	S	2642
نانکلی	nankali,nankli	S	2643
خوش‌اخلاق	goodtempered,khoshakhlagh	S	2644
بچاری	bachari,bchari	S	2645
جراحی	surgery,jrahi	S	2647
باقرنژاد	baghernejad,baghrnzhad	S	2648
ثمری	samari,smri	S	2649
جهانشاهلو	jahanshahloo,jhanshahloo	S	2650
بزرگ‌زاده	bigzadeh,bzrgzade	S	2651
استاد	ostad,astad	S	2653
امید	omid,amid	S	2654
شاهسواری	shahsavari,shahsvari	S	2656
اسکندریان	eskandarian,askndrian	S	2657
قلخانی	gholkhani,ghlkhani	S	2658
دهمرده	dahmarde,dhmrde	S	2659
رادمرد	rademard,radmrd,radmard	S	2661
درتومی	dartomi,drtoomi	S	2662
حلاجی	halaji,hlaji	S	2663
ساوری	souri,savri,savari	S	2664
شول	shool	S	2666
کیوان	keyvan,kivan,kivaan	S	2669
علمدار	alamdar,almdar	S	2671
فیض	faiz,fiz,feyz	S	2673
صابریان	saberian,sabrian	S	2674
فرهی	farahi,frhi,farrahi	S	2675
حقگو	haggoo,hghgoo	S	2676
ناصرپور	nasirpour,nasrpoor	S	2677
سرمستی	sarmasti,srmsti	S	2678
تنگستانی	tangestani,tngstani	S	2679
شورگشتی	shourgushti,shoorgshti	S	2680
حسنیان	hosseinian,hsnian	S	2681
دمیرچی	damirchi,dmirchi	S	2682
شایق	shayeq,shaigh	S	2683
هواسی	havasi,hvasi	S	2684
فرشاد	farshad,frshad	S	2685
احتشامی	ehteshami,ahtshami	S	2686
امدادی	emadi,amdadi	S	2687
بهمنش	behamnesh,bhmnsh,behmanesh	S	2689
هداوندمیرزائی	hdavndmirzai	S	2690
معمار	architect,mmar	S	2691
بیطرفان	bitarafan,bitrfan	S	2692
تاران	taran	S	2693
طهماسی	tahmasebi,thmasi	S	2694
دائمی	daeemi,dami	S	2697
رشیدزاده	rashidzadeh,rshidzade	S	2698
میرزاعلی	mirzali	S	2701
قلندرزهی	qalandarzehi,ghlndrzhi	S	2702
جزایری	jazayeri,jzairi	S	2704
مخدومی	mokhdoomi,mkhdoomi	S	2705
خاطری	khatri	S	2706
مکی	makki,mki,maki	S	2707
میرشفیعی	mirsheikhfiyahi,mirshfii	S	2709
ایرندگانی	irandegani,airndgani	S	2710
میرزامحمدی	mirzamahmadi,mirzamhmdi	S	2711
برومندی	boroumandi,broomndi	S	2713
مشعلی	moshali,mshli	S	2714
عاشری	asheri,aashri	S	2716
بتوئی	betoui,btvi	S	2717
کاههء	kahen,kahh	S	2718
برزین	barzin,brzin	S	2719
تقیان	taqian,tghian	S	2720
نعامی	niaami,nami	S	2721
مهرعلیان	mehralian,mhrlian	S	2723
رامشینی	rameshini,ramshini	S	2724
خیراللهی	kheirallahi,khirallhi	S	2726
جهانبخش	jahanbakhsh,jhanbkhsh	S	2728
صفدریان	safdarian,sfdrian	S	2730
نائینی	naeini,naini	S	2731
یزدان‌شناس	yazdanshenas,izdanshnas	S	2733
افتخار	iftikhar,aftkhar,eftekhar	S	2735
سرخی	sorkhi,srkhi	S	2736
عبدالکریمی	abdolkarimi,abdalkrimi	S	2737
آرایش	makeup,araish	S	2738
باباجانی	babajani	S	2741
دهستانی	dehestani,dhstani	S	2742
محمودنژاد	mahmoudnejad,mhmoodnzhad	S	2743
کرونی	karuni,krooni	S	2744
رشیدپور	rashidpour,rshidpoor	S	2745
منگلی	mangeli,mngli	S	2746
شهمرادی	shahmaradi,shhmradi	S	2747
کامیابی	success,kamiabi	S	2748
هدائی	hedayati,hdai	S	2750
عشوری	ishoori,ashoori	S	2752
نورا	noura,noora,nura	S	2753
بهنیا	bahnia,bhnia,behniya	S	2754
ساربانی	sarabani,sarbani	S	2755
فرهمندیان	farahmandian,frhmndian	S	2756
عابدزاده	abedzadeh,aabdzade	S	2758
میرابی	mirabi	S	2760
یزدانیان	yazdaniyan,izdanian	S	2761
روغنی	roghani,rooghni	S	2763
بیدی	bidi	S	2765
فتاحیان	fattahian,ftahian	S	2767
احمدپورمبارکه	ahmdpoormbarke	S	2768
آبادی	abadi	S	2769
ماندگاری	mandeghari,mandgari	S	2771
علیلو	aliloo	S	2772
قلیچی	gholichi,ghlichi	S	2775
رفیعیان	rfiian	S	2777
سحرخیز	shrkhiz	S	2778
شهاب	shahab,shhab	S	2779
ولایتی	velayati,valaiti	S	2781
بردستانی	bardestani,brdstani	S	2782
مجتهدی	mojtahedi,mjthdi	S	2783
شهسوار	shahsavar,shhsvar	S	2784
عنبرستانی	amberistani,anbrstani	S	2785
قربانپور	ghorbanpour,ghrbanpoor	S	2786
کزازی	kazazi,kzazi	S	2787
مهاجرانی	mohajerani,mhajrani	S	2788
منصورآبادی	mansoorabadi,mnsoorabadi	S	2789
محمدجانی	mohammadzani,mhmdjani	S	2791
آذربایجانی	azerbaijani,azrbaijani	S	2796
پاک‌نیت	pakniyat,paknit	S	2797
روزبان	roozban,ruzban	S	2798
ولیزاده	valizadeh,valizade	S	2800
محبوب	beloved,mhboob,mahbub	S	2803
پرهیزگار	parhizgar,prhizgar	S	2806
مرزبانی	marzbani,mrzbani	S	2810
بهزادپور	behzadpour,bhzadpoor	S	2811
آخوندزاده	akhoundzadeh,akhondzade	S	2812
میهمی	mihami,mihmi	S	2813
میرخوندچگینی	mirkhondchagini,mirkhondchgini	S	2814
داور	davar,davr	S	2815
جرجندی	jorjandi,jrjndi	S	2817
میرزاجانی	mirzajani	S	2819
مسعودیان	masoudian,msoodian	S	2821
محمدشریفی	mohammadsharifi,mhmdshrifi	S	2822
انوشه	anousheh,anooshe,anushe	S	2823
غلامزاده	gholamzadeh,ghlamzade	S	2824
گلمکانی	golmakani,glmkani	S	2825
معمارزاده	architectson,mmarzade	S	2827
صدرائی	sadraei,sdrai	S	2828
میرکریمی	mirkarimi,mirkrimi	S	2829
پاکباز	pakbaz	S	2830
حاجیوند	hajivand,hajioond	S	2832
قصابی	butcher,ghsabi	S	2834
کردستانی	kurdistani,krdstani	S	2836
غفوریان	ghafourian,ghfoorian	S	2837
آفتابی	aftabi	S	2838
منتشلو	montashloo,mntshloo	S	2843
خوشنود	khoshnood	S	2845
کیماسی	kimasi	S	2846
فرجامی	farjami,frjami	S	2847
عسکرپور	askarpour,askrpoor	S	2848
نهاوندی	nahavandi,nhavndi	S	2850
جانقربان	janqorban,janghrban	S	2851
عزیزمحمدی	azizmhmdi	S	2852
اقائی	aghaei,aghai	S	2853
تفضلی	tavakoli,tfzli	S	2854
سروستانی	sarvestani,sroostani	S	2855
توماج	tomaaj,toomaj,tumaj	S	2856
عادل	adel,aadl	S	2857
حنفی	hanafi,hnfi	S	2858
منبری	monbari,mnbri	S	2860
فرحزادی	farahzadi,frhzadi	S	2861
باغجری	baghjeri,baghjri	S	2862
اقدسی	aghdasi,aghdsi	S	2864
ذوالقدری	zolghadri,zvalghdri	S	2865
تاری	tari	S	2866
سلیم	salim,slim	S	2867
فرجام	farjam,frjam	S	2868
شکوهیان	shakouhian,shkoohian	S	2871
نثاری	nasari,nsari	S	2872
نورزاده	noorzadeh,noorzade	S	2873
دانشگر	daneshgar,danshgr	S	2874
سعدونی	saadouni,sdooni	S	2876
خاموشی	khamooshi	S	2877
سلطانپور	sultanpur,sltanpoor	S	2878
راجی	raji	S	2879
قجری	qajari,ghjri	S	2881
مایلی	mayeli,maili	S	2883
حاتمیان	hatamian,hatmian	S	2885
دولتخواه	dolatkhah,dooltkhoae	S	2886
سالاریان	salariyan,salarian	S	2888
طالعی	talai,tali	S	2889
روزگار	roozgar,rozegar	S	2891
بگلری	baghlari,bglri	S	2893
قاری	qari,ghari	S	2894
شاد	happy,shad	S	2896
بهی	behi,bhi,bahi	S	2897
کارگرشورکی	kargarshouraki,kargrshoorki	S	2898
کریم	karim,krim	S	2899
اوسطی	osvati,aoosti	S	2900
اعتماد	etemad,atmad,eetemad	S	2901
بهلکه	behlakeh,bhlke	S	2903
محمدمرادی	mhmdmradi	S	2904
شورابی	shorabi,shoorabi	S	2906
وحدت	unity,vahdt,vahdat	S	2907
صحت	sahat,sht,sehat	S	2908
حصارکی	hesaraki,hsarki	S	2909
اسکانی	askani	S	2910
بندانی	bandani,bndani	S	2911
عیسائی	isaai,aisai	S	2912
عزیزآبادی	azizabadi	S	2913
شعبانیان	shabaniyan,shbanian	S	2918
خشنود	khoshnood,khshnood,khoshnud	S	2919
زکی	zaki,zki	S	2920
نوجوان	youth,noojvan	S	2921
دستیار	dastyar,dstiar	S	2922
رعیت	rayat,rit	S	2923
فرازی	farazi,frazi	S	2926
مظفریان	mozafarian,mzfrian	S	2927
دروگر	darvigar,droogr	S	2931
یخکشی	yakhkashi,ikhkshi	S	2932
چهرقانی	chehregani,chhrghani	S	2934
رازقندی	razghandi,razghndi	S	2935
سالکی	saleki,salki	S	2937
پسرکلو	pesarkalu,psrkloo	S	2938
شادمهر	shadmehr,shadmhr	S	2939
آریافر	ariyafar,ariafr,aryafar	S	2940
بشکار	bashkar,bshkar	S	2941
جعفرنیا	jafarnia,jfrnia	S	2942
دمیری	demiri,dmiri	S	2943
خبیری	khabiri,khbiri	S	2944
ساعد	saad,sad,saed	S	2945
نیازمند	needham,niazmnd	S	2947
شهریور	shahriyar,shhrioor,shahrivar	S	2948
کاوند	kavand,kavnd	S	2949
سعیدزاده	saeidzadeh,sidzade	S	2951
ابارشی	abarashi,abarshi	S	2954
سرشار	sarshar,srshar	S	2955
البوعلی	albuali,albooli	S	2956
کاکی	kaki	S	2958
آریامنش	ariamanesh,ariamnsh,aryamanesh	S	2960
خداویسی	khodayisi,khdavisi	S	2961
مهرزاد	mehrzad,mhrzad	S	2963
خوشخو	khoshkho,khoshkhou	S	2964
شوکتی	shokati,shookti	S	2966
پهلوان‌زاده	heroborn,phlvanzade	S	2967
پارسافر	parsafar,parsafr	S	2968
عقیقی	aghighi	S	2969
حیرانی	hayrani,hirani	S	2970
زهدی	zohdi,zhdi	S	2972
شکرالهی	shakrollahi,shkralhi	S	2973
امیرسالاری	amirsalari	S	2976
قاینی	ghaeni,ghaini	S	2977
پوری	pouri,poori,puri	S	2978
محمودوند	mahmoudvand,mhmoodoond	S	2979
مجیدیان	mojidian,mjidian	S	2981
طحانی	tahani,thani	S	2983
هداوندخانی	hedayatkhani,hdavndkhani	S	2984
خرسندی	khorsandi,khrsndi	S	2987
جمشیدپور	jamshidpour,jmshidpoor	S	2988
خیاط	tailor,khiat,khayyat	S	2989
خارستانی	kharistani,kharstani	S	2990
نظرخانی	nazarkhani,nzrkhani	S	2991
سالخورده	elderly,salkhorde	S	2992
شمسی‌پور	shamsipour,shmsipoor	S	2993
گلپایگانی	golpayegani,glpaigani	S	2996
زمردی	zamardi,zmrdi	S	2997
ستارزاده	setarzadeh,starzade	S	2998
طالقانی	talaghani,talghani	S	2999
وارسته	varasteh,vaarste,varaste	S	3000
سیاه‌پوش	blackclad,siahpoosh	S	3001
ولدی	valadi,valdi	S	3003
راهی	rahi	S	3004
زیدآبادی	zidabadi	S	3005
ارژنگ	arzhang,arzhng	S	3006
اشکانی	ashkani	S	3007
دلیریان	delyarian,dlirian	S	3008
کدخدازاده	khodkhodazadeh,kdkhdazade	S	3009
باقی	baghi	S	3010
فلامرزی	flamerzi,flamrzi	S	3011
بسحاق	bashaq,bshagh	S	3012
قنبرلو	ghanbarloo,ghnbrloo	S	3013
وطنخواه	vatankhah,vatnkhoae	S	3015
دلیلی	delili,dlili	S	3016
حمیدپور	hamidpour,hmidpoor	S	3017
لهراسبی	lahrasbi,lhrasbi	S	3018
زوار	zavar,zvar	S	3019
غنی	ghani,ghni	S	3022
چنانه	chananeh,chnane	S	3023
فتحیان	fatehian,fthian	S	3024
فرزان	farzan,frzan	S	3026
لقمانی	luqmani,lghmani	S	3027
توحیدلو	tavhidloo,toohidloo	S	3028
کلاهی	kolahi,klahi	S	3029
برمکی	baramaki,brmki	S	3030
جداوی	jodavi,jdavi	S	3031
صبوحی	sabohi,sboohi	S	3032
فرهادپور	farhadpour,frhadpoor	S	3035
رهنمافلاورجانی	rahnamaflavorjani,rhnmaflavrjani	S	3036
سیادت	seyadat,siadt	S	3037
خندانی	khondani,khndani	S	3038
خرسند	khorsand,khrsnd	S	3039
ساعدپناه	saadpanah,sadpnae	S	3040
پیکانی	peikani,pikani	S	3043
ابریشمی	silken,abrishmi	S	3044
چهرازی	chehrazhi,chhrazi	S	3045
امیدواری	hopefulness,amidvari	S	3048
وصالی	vasali	S	3051
کاکوئی	kakoui,kakvi	S	3052
محمدعلی	mhmdli,mohammadali	S	3053
شکارچی	hunter,shkarchi	S	3054
فرحی	farahi,frhi	S	3056
سرفراز	sarfaraz,srfraz	S	3057
شرقی	sharqi,shrghi	S	3058
صائمی	saemi,sami	S	3059
گشانی	goshani,gshani	S	3061
کمی	kami,kmi	S	3062
طاهر	tahir,tahr,taher	S	3063
آریان	arian,ariyan	S	3064
مصری	masri,msri	S	3066
جهانشیری	jahanshiri,jhanshiri	S	3068
طاعتی	ta'ati,tati	S	3070
مسجدی	mosquei,msjdi	S	3072
پورخسروانی	pourkhosravani,poorkhsrvani	S	3073
چعبی	chabi,chbi	S	3074
صیفی	seyfi,sifi	S	3075
شهنازی	shahnazi,shhnazi	S	3076
کارگری	kargari,kargri	S	3077
ضیاء	zia	S	3078
جهانبانی	jahaanbani,jhanbani	S	3080
جنانی	jannani,jnani	S	3082
مدیری	modiri,mdiri	S	3083
تازیکی	taziki	S	3084
هزاریان	hazarian,hzarian	S	3085
کوکبی	kokabi,kookbi	S	3086
تمدن	tamaddon,tmdn	S	3087
کلانی	kalani,klani	S	3088
نداف	nadaf,ndaf	S	3089
چشمی	cheshmi,chshmi	S	3090
گرائی	gharai,grai	S	3093
کوتی	kooti	S	3094
آهوئی	deer,ahvi	S	3096
جرفی	jorfi,jrfi	S	3099
دباغ	dabbagh,dbagh	S	3100
دلجو	deljoo,dljoo	S	3101
گرایلی	gharaeili,graili	S	3102
وثوق	votoogh,vasoogh,vosugh	S	3105
جهانبخشی	jahanbakhti,jhanbkhshi	S	3106
بیکدلو	bikdalu,bikdloo	S	3107
خیابانی	khiabani	S	3109
رضویان	razavian,rzooian	S	3110
ترکان	trkan,tarkan	S	3112
فیوجی	fiuji,fiooji	S	3113
محمدکریمی	mhmdkrimi	S	3114
پورقاسم	pourghasem,poorghasm	S	3115
ناصر	nasir,nasr,naser	S	3117
ادریسی	idrisi,adrisi	S	3119
مارانی	marani	S	3120
سالک	salek,salk	S	3121
پیرمردوندچگینی	pirmardvandchegini,pirmrdoondchgini	S	3122
عبدوس	abdous,abdoos	S	3123
قناعتی	ghanati,ghnati	S	3124
نجیبی	najibi,njibi	S	3125
گلستان	golestan,glstan	S	3126
بداقی	badaghi,bdaghi	S	3128
مسگری	masgari,msgri	S	3129
ملاشاهی	malashahi,mlashahi	S	3130
دهدار	dehdar,dhdar,dahdar	S	3132
خنافره	khanafreh,khnafre	S	3133
تاتار	tatar	S	3134
نیکخو	nikhoo,nikkho,nikkhu	S	3135
دوراندیش	farsighted,doorandish	S	3136
جبرائیلی	jabraeili,jbraili	S	3137
نوید	navid,nooid	S	3138
آزادیان	azadian	S	3139
محمددوست	mohammaddoost,mhmddoost	S	3140
دانشمندی	daneshmandi,danshmndi	S	3142
بهار	bahaar,bhar,bahar	S	3145
میرجعفری	mirjafari,mirjfri	S	3146
اخگر	akhgar,akhgr	S	3150
سیاهی	siyahi,siahi	S	3151
ترکانلو	turkanlu,trkanloo	S	3152
مبشری	mobasheri,mbshri	S	3153
عندلیب	nightingale,andlib,andalib	S	3156
قزی	qazi,ghzi	S	3158
راوند	ravand,ravnd	S	3159
مسکنی	maskani,mskni	S	3162
ساسانیان	sasanian	S	3163
سیدمحمدی	sidmhmdi	S	3165
روشناس	expert,rooshnas	S	3166
کابوسی	kabusi,kaboosi	S	3168
ظهوری	zohouri,zhoori	S	3169
پورعبداله	pourabdollah,poorbdale	S	3172
پیرحیاتی	pirhayati,pirhiati	S	3173
ردائی	radai,rdai	S	3177
صفی	safii,sfi,safi	S	3178
ترحمی	tarrahmi,trhmi	S	3179
مهرپویا	mehrpooya,mhrpooia,mehrpoya	S	3181
زندوکیلی	zandokili,zndookili	S	3184
سلمان	salman,slman	S	3185
منتظر	montazeri,mntzr,montazer	S	3186
رادپور	radpour,radpoor	S	3187
سالارزهی	salarzahi,salarzhi	S	3188
آشفته	ashoofteh,ashfte	S	3189
اثناعشری	asnashri	S	3190
غدیری	ghadiri,ghdiri	S	3192
حسینعلی	hosseinali,hsinli	S	3193
شکی	shaki,shki	S	3194
مصباح	misbah,msbah,mesbah	S	3196
آفرین	afarin,afrin	S	3198
پاک‌نهاد	paknahad,paknhad	S	3199
آرزومند	wishful,arzoomnd	S	3201
صفرخانی	sefrkhani,sfrkhani	S	3203
پورمهدی	pourmahdi,poormhdi	S	3206
عمری	omri,amri	S	3207
دهدشتی	dehdashti,dhdshti	S	3208
اقدامی	eqdamani,aghdami	S	3209
جعفرخانی	jfrkhani	S	3210
اوتادی	outadi,aootadi	S	3211
محمودخانی	mahmoudkhani,mhmoodkhani	S	3212
دادوند	dadvand,dadoond	S	3215
جمشیدزهی	jamshidzehi,jmshidzhi	S	3218
عیاشی	ayyashi,aiashi	S	3219
شاعری	shaeri,shari	S	3220
بدرآبادی	badrabadi,bdrabadi	S	3222
نیکزاد	nikzad	S	3224
پورتقی	porteqi,poortghi	S	3227
مختارپور	mokhtarpour,mkhtarpoor	S	3230
بلوچزهی	baluchzahi,bloochzhi	S	3231
امیرخانلو	amirkhanlou,amirkhanloo	S	3232
توتونچی	tutunchi,tootoonchi	S	3233
کشاورزافشار	keshavarzafshar,kshavrzafshar	S	3236
گوزلی	ghazali,goozli	S	3237
قریب	gharib,ghrib	S	3238
چوپان	shepherd,choopan,chopan	S	3239
هلیچی	helichi,hlichi	S	3240
فتوت	fattot,ftoot,fotovvat	S	3242
پیروتی	piroti,pirooti	S	3245
باریکزهی	barikzehi,barikzhi	S	3246
آرش	arash,arsh	S	3250
جلمبادانی	jolambadani,jlmbadani	S	3251
سرابندی	sarabandi,srabndi	S	3253
فرجیان	farajian,frjian	S	3254
اخباری	akhbari	S	3255
کعب	ka'ab,kb	S	3257
نوعی	nooyi,nooi	S	3259
حکمتی	hekmati,hkmti	S	3260
پوراکبر	pourakbar,poorakbr	S	3261
عبدولی	abdouli,abdooli	S	3262
اسلامیان	islamian,aslamian	S	3263
دریجانی	darijani,drijani	S	3265
ابوالفضلی	abvalfzli	S	3266
ناظریان	nazarian,nazrian	S	3268
عبدالعلی‌زاده	abdallizade	S	3270
غنیمتی	ghanimati,ghnimti	S	3271
سماواتی	samavati,smavati	S	3272
پیامنی	payamani,piamni	S	3273
شاهوزهی	shahouzehi,shahoozhi	S	3277
شفیعیان	shafiyan,shfiian	S	3278
آژیر	siren,azhir	S	3279
فلکی	falaki,flki	S	3280
اشرفیان	ashrafian,ashrfian	S	3282
تلخابی	talkhabi,tlkhabi	S	3283
زردکوهی	zardkouhi,zrdkoohi	S	3286
رضاقلی	razaghli,rzaghli,rezaghli	S	3287
کامجو	kamjou,kamjoo,kamjo	S	3291
پوراحمد	pourahmad,poorahmd	S	3293
شکریان	shakarian,shkrian	S	3294
زندسلیمی	zndslimi	S	3295
ایزدیار	izadiyar,aizdiar,izdiyar	S	3296
برجسته	barjasteh,brjste	S	3297
دنکوب	dankob,dnkoob	S	3298
محیسنی	mohseni,mhisni	S	3300
شاهرودی	shahrudi,shahroodi	S	3301
کاوندی	kavandi,kavndi	S	3302
سارلی	saarli,sarli	S	3303
ونائی	vonaei,vanai	S	3304
پیامی	payami,piami	S	3306
سامنی	samani,samni	S	3309
بهوندی	behvandi,bhoondi	S	3311
نکونام	nekounam,nkoonam	S	3312
افچنگی	afchangi,afchngi	S	3313
فرزاد	farzad,frzad	S	3314
سلامتی	salamati,slamti	S	3315
نوفرستی	nofresti,noofrsti	S	3316
خلیقی	khalighi,khlighi	S	3322
فیوج	fiyooj,fiooj	S	3323
صیدمحمدخانی	sidmhmdkhani	S	3324
فیروزیان	firoozian	S	3325
میرزاحسینی	mirzahsini	S	3326
مارابی	marabi	S	3327
آقابیگی	aghabighi,aghabigi	S	3328
قجاوند	qajavand,ghjavnd	S	3329
برقبانی	bargbani,brghbani	S	3330
نیک‌اندیش	nikandish	S	3331
شهباز	shahbaz,shhbaz	S	3332
فخار	fakhar,fkhar	S	3334
کیانیان	kianian	S	3335
کارگران	workers,kargran	S	3336
درانی	darani,drani	S	3337
مستوفی	mostofi,mstoofi	S	3339
نعمانی	na'mani,nmani	S	3340
بازرگانی	bazargani,bazrgani	S	3342
پاک‌سرشت	paksarisht,paksrsht	S	3344
میرقاسمی	mirghasemi,mirghasmi	S	3345
مهران	mehran,mhran	S	3346
حاجبی	hajebi,hajbi	S	3347
البوخنفر	albookhnfr	S	3349
فرزام	farzam,frzam	S	3351
ابراهیم	ibrahim,abrahim,ebrahim	S	3352
همراهی	hamrahi,hmrahi	S	3353
عشایری	ashayeri,ashairi	S	3354
نجاریان	najarian,njarian	S	3355
علمشاهی	alamshahi,almshahi	S	3357
مروج	maroof,mrooj,marvaj	S	3358
باغانی	baghani	S	3359
یزدخواستی	yazdkhahasti,izdkhoasti	S	3362
عصاری	assari,asari	S	3363
دغلاوی	daghalavi,dghlavi	S	3364
نورعلی	noorali,noorli	S	3365
عنایت	enayat,anait	S	3366
نیلی	nili	S	3367
ایمری	imari,aimri	S	3368
صادقلو	sadeghloo,sadghloo	S	3369
شبیری	shabiri,shbiri	S	3370
مالک	malek,malk	S	3371
محمدباقری	mohammadibaqeri,mhmdbaghri	S	3372
پارسی	persian,parsi	S	3373
خونساری	khonsari	S	3375
ابهری	abhari,abhri	S	3376
خانبابائی	khanbabai	S	3377
پاک‌روان	pakravan,pakrvan	S	3378
جهان	jahan,jhan	S	3379
باغیشنی	baghishani,baghishni	S	3380
توانائی	power,tvanai	S	3381
دهباشی	dehbaashi,dhbashi,dehbashi	S	3383
مهماندوست	mhmandoost	S	3387
معراجی	meraji,mraji	S	3388
باغچقی	baghchagi,baghchghi	S	3389
مولانی	moulani,moolani	S	3392
جواهریان	javaherian,jvahrian	S	3393
جوکاری	javakari,jookari	S	3395
گلمحمدی	golmohammadi,glmhmdi	S	3398
باتمانی	batmani	S	3399
کمندی	kamandi,kmndi	S	3400
اسمی	esmaei,asmi	S	3401
منادی	monadi,mnadi	S	3402
کمیلی	kamili,kmili	S	3403
خانعلی	khanali,khanli,khaneali	S	3405
یازرلو	yazarlu,iazrloo	S	3406
خداشاهی	khodashahi,khdashahi	S	3407
خلقی	khalqi,khlghi	S	3409
مرادنژاد	moradnejad,mradnzhad	S	3410
رهسپار	rohsafar,rhspar	S	3412
آریا	arya,aria,ariya	S	3413
ایزدخواه	izadkhah,aizdkhoae	S	3416
معلم	teacher,mlm	S	3418
زمان	zaman,zman	S	3420
اسدنژاد	asadnejad,asdnzhad	S	3422
گیلکی	gileki,gilki	S	3423
حق‌بین	haqbin,hghbin	S	3424
تولائی	tollai,toolai	S	3425
گراوندی	geravandi,gravndi	S	3426
یکتا	yekta,ikta	S	3427
بهجتی	behjati,bhjti	S	3428
مسعود	masoud,msood,maseud	S	3429
محتشم	mohtasham,mhtshm	S	3430
حفیظی	hafezi,hfizi	S	3432
دیانتی	deyani,dianti	S	3433
اکبرشاهی	akbarshahi,akbrshahi	S	3435
حاجوی	hajavi,hajooi	S	3437
محمدپناه	mohammadpanah,mhmdpnae	S	3439
طبیبی	tabibi,tbibi	S	3441
رومیانی	roomiani	S	3442
پیش‌آهنگ	pishahang,pishahng	S	3443
مهرعلی	mehrali,mhrli	S	3444
راز	raz	S	3445
خوش‌بین	optimist,khoshbin	S	3446
همائی	homai,hmai	S	3447
ماجدی	majidi,majdi	S	3449
رویان	royan,rooian,ruyan	S	3450
جمالیان	jamalian,jmalian	S	3453
بلبلی	bulbuli,blbli	S	3454
پورقاز	pourghaz,poorghaz	S	3455
فرخ‌زاد	farokhzad,frkhzad	S	3457
محمودجانلو	mahmoudjanloo,mhmoodjanloo	S	3459
خضرپور	khazarpour,khzrpoor	S	3462
پاریاب	pariyab,pariab	S	3463
شهروئی	shahrouri,shhrvi	S	3464
تاجیکی	tajiki	S	3465
ولیخانی	valeikhani,valikhani	S	3467
پوراسمعیل	pourasmail,poorasmil	S	3469
مختومی	mokhtomi,mkhtoomi	S	3470
مکاریان	makarayan,mkarian	S	3471
محمدخانلو	mhmdkhanloo	S	3472
جادری	jadari,jadri	S	3473
میلانی	milani	S	3474
نادمی	nadami,nadmi	S	3476
مجلسی	majlesi,mjlsi	S	3478
خوش‌رو	khoshru,khoshroo	S	3479
دستوری	dastoori,dstoori	S	3480
پالیزبان	palizban	S	3481
قهرمان	champion,ghhrman,ghahreman	S	3483
مطیع	moti',mti	S	3484
عچرش	acharash,achrsh	S	3489
کوه‌پیما	koohpima	S	3490
رافعی	rafa'i,rafi	S	3491
قاسم‌خانی	ghasemkhani,ghasmkhani	S	3494
عیسوند	eisvand,aisoond	S	3496
شفقی	shafaqi,shfghi	S	3497
دشتکی	dashtaki,dshtki	S	3499
شایانی	shayani,shaiani	S	3500
متقیان	moteghian,mtghian	S	3501
آهنگران	ironworker,ahngran	S	3505
یادگار	yadgar,iadgar	S	3506
باوندپور	bavandpur,bavndpoor	S	3507
صفرزائی	safarzaei,sfrzai	S	3508
جمیلی	jamili,jmili	S	3512
پورعباسی	pourabbasi,poorbasi	S	3513
برنجی	berenji,brnji	S	3515
البوشوکه	alboshokeh,albooshooke	S	3516
ورمزیاری	varmiziari,varmziari	S	3517
سیاهوشی	siahoushi,siahooshi	S	3523
غفارپور	ghaffarpour,ghfarpoor	S	3524
احیائی	ahiai	S	3525
وحید	vahid	S	3526
خمسه	khamsa,khmse	S	3527
سابقی	sabaqi,sabghi	S	3528
عمیدی	amidi	S	3530
مهدیون	mahdiyon,mhdioon	S	3531
بویری	bouiri,booiri	S	3532
بطحائی	bat'haei,bthai	S	3533
تربتی	torbaty,trbti	S	3534
افسر	officer,afsr,afsar	S	3535
آقامیرزائی	aghamirzai	S	3536
بادی	badi	S	3538
معیری	moeiri,miri	S	3539
مدرس	modarres,mdrs,madras	S	3540
مخلصی	mokhlesi,mkhlsi	S	3543
پذیرش	pazirash,pzirsh	S	3544
خدام	khodaam,khdam	S	3545
محلوجی	mahluji,mhlooji	S	3546
براتیان	baratian,bratian	S	3547
پرکی	porki,prki	S	3548
قجر	qajar,ghjr,gajar	S	3550
اشترک	ashtarak,ashtrk	S	3551
شجیرات	shajirat,shjirat	S	3553
فاروقی	farooqi,farooghi	S	3554
بی‌غم	carefree,bighm	S	3555
جبارپور	jabarpour,jbarpoor	S	3556
سیدین	sayyidin,sidin	S	3557
آزادپور	azadpour,azadpoor	S	3558
داستانی	dastani	S	3559
انگوتی	angooti	S	3560
زواری	zavari,zvari	S	3561
جوانشیر	javanshir,jvanshir	S	3562
روشن‌دل	roshandel,rooshndl	S	3564
تندرو	radical,tndroo	S	3565
برفی	barfi,brfi	S	3566
اجلالی	ejlali,ajlali	S	3567
آبکار	abkar	S	3568
محمودزهی	mahmoudzahi,mhmoodzhi	S	3570
نفیسی	nafisi,nfisi	S	3571
منوری	manouri,mnoori	S	3572
خاتونی	khatouni,khatooni	S	3573
تهمتن	tahmatan,thmtn	S	3575
چراغیان	chiraghian,chraghian	S	3577
عفری	afri	S	3578
پاک	pak	S	3581
زحمتکش	zahmatkesh,zhmtksh	S	3582
پورموسوی	pourmousavi,poormoosooi	S	3583
باهنر	bahonar,bahnr	S	3584
دشتبانی	dashtbani,dshtbani	S	3585
رحمتیان	rahmatiyan,rhmtian	S	3586
مراونی	maravani,mravni	S	3587
میرعالی	mirali	S	3588
بخشائی	bakhshai,bkhshai	S	3589
پرستار	nurse,prstar	S	3590
کهندانی	khandani,khndani	S	3592
آیتی	aiti	S	3594
کلوانی	kalvani,klvani	S	3595
بمپوری	bampouri,bmpoori	S	3596
عدالت	adalat,adalt	S	3597
پیرامون	piramon,piramoon	S	3598
اتحادی	ittihadi,athadi	S	3600
آماده	amadeh,amade	S	3603
دانش‌پژوه	daneshpazhoh,danshpzhve	S	3604
ناظم	nazem,nazm	S	3605
سرتیپی	sartipi,srtipi	S	3609
مجیری	majiri,mjiri	S	3610
زیوری	ziyouri,zioori	S	3612
شالی	shali	S	3614
دباغی	dbaghi	S	3616
عابدپور	abadpour,aabdpoor	S	3617
مسیحی	masihi,msihi	S	3618
عیدیوندی	eidivandi,aidioondi	S	3619
معقولی	maqooli,mghooli	S	3621
شیرخانلو	shirkanloo,shirkhanloo	S	3623
تاج‌الدین	tajaldin	S	3624
عربخانی	arabkhani,arbkhani	S	3627
حکیمیان	hekimian,hkimian	S	3630
بدرخانی	badakhani,bdrkhani	S	3632
صرخه	sorkheh,srkhe	S	3633
باباعلی	babaali,babali	S	3634
حیدربیگی	heidarbeygi,hidrbigi	S	3635
یامی	yami,iami	S	3637
وظیفه	duties,vazife,vazifeh	S	3639
دارینی	darini	S	3640
ترشیزی	torshizi,trshizi	S	3641
ولیان	valian	S	3642
آرخی	arakhi,arkhi	S	3643
زال	zal	S	3644
محمدصالحی	mhmdsalhi	S	3646
زارعین	zarein,zarin	S	3647
کلاته	kalateh,klate	S	3649
عبداله	abdollah,abdale	S	3650
مؤدب	modabb,mdb	S	3651
اسلمی	aslami,aslmi	S	3653
دادجو	dadjou,dadjoo	S	3655
بشارت	basharat,bshart,besharat	S	3656
سعیدنیا	saeednia,sidnia	S	3657
کشکولی	keshkooli,kshkooli	S	3661
آذرباد	azarbad,azrbad	S	3664
ابولی	abouli,abooli	S	3666
خیرالهی	kheyrallahi,khiralhi	S	3667
قوی	strong,ghooi	S	3668
محمدزمانی	mohammadzamani,mhmdzmani	S	3669
ولدخانی	vladkhani,valdkhani	S	3670
ثابت‌قدم	sabatehghadam,sabtghdm	S	3672
دهش	dahesh,dhsh	S	3673
کازرونی	kazerooni,kazrooni	S	3674
جمال	jamali,jmal,jamal	S	3676
بهدانی	behdani,bhdani	S	3679
ذوالعلی	zolali,zvalli	S	3680
چمن	chaman,chmn	S	3681
رجبعلی	rajabali,rjbli	S	3682
خدیوی	khadivi,khdiooi	S	3683
پورمرادی	pourmoradi,poormradi	S	3684
شیرین	shirin	S	3685
امامیان	emamian,amamian	S	3686
طاطاری	tatari	S	3687
عطاپور	atapour,atapoor	S	3688
شکرانی	shokrani,shkrani	S	3691
زاهدیان	zahidian,zahdian	S	3692
خانلری	khanlari,khanlri	S	3693
خدیر	khadir,khdir	S	3694
معینیان	mo'iniyan,minian	S	3696
آریانژاد	arianjad,arianzhad	S	3697
بریهی	beryahi,brihi	S	3698
غلامشاهی	gholamshahi,ghlamshahi	S	3702
اسلام‌پناه	islampanah,aslampnae	S	3703
کیانفر	kianfar,kianfr	S	3704
نمکی	namaki,nmki	S	3707
بزرگمهر	bozorgmehr,bzrgmhr	S	3708
عموزاده	cousin,amoozade	S	3709
رازی	razi	S	3710
تیمورزاده	timurzadah,timoorzade	S	3711
حیدرنیا	heidarnia,hidrnia	S	3712
پورجعفری	poorjfri	S	3715
افسرده	depressed,afsrde	S	3716
رضوان	rizwan,rzvan,rezvan	S	3718
طبری	tabari,tbri	S	3720
اداوی	edavi,adavi	S	3721
طیب	tayeb,tib,tayyeb	S	3722
پدیدار	padidar,pdidar	S	3723
کشیری	kashiri,kshiri	S	3724
میقانی	meyghani,mighani	S	3728
مطاعی	motai,mtai	S	3729
ورزدار	vazdar,varzdar	S	3731
مصیبی	moseibi,msibi	S	3732
آقاجانلو	aghajanloo	S	3733
مقتدری	moqtadari,mghtdri	S	3734
انیسی	anisi	S	3735
مهنانی	mahnani,mhnani	S	3736
رایگان	raeegan,raigan	S	3738
چهارمحالی	chaharmahali,chharmhali	S	3739
مستقیمی	mostaghemi,mstghimi	S	3741
لایقی	layeqi,laighi	S	3742
مروت	moravat,mroot,morovvat	S	3744
ناصح	nasih,nash,naseh	S	3745
برمشوری	baramshouri,brmshoori	S	3746
خوشحال	khoshhal	S	3747
سدیدی	sadiqi,sdidi	S	3749
رضالو	razaalu,rzaloo	S	3750
بامداد	bamdad	S	3751
خضریان	khodarian,khzrian	S	3752
درودیان	doroudian,droodian	S	3753
نسائی	nassai,nsai	S	3756
فهیم	fahim,fhim	S	3757
صفرلو	safarloo,sfrloo	S	3759
یلمه	yalmeh,ilme	S	3760
رهائی	rahai,rhai	S	3763
فصاحت	fasahat,fsaht	S	3764
ورمقانی	varmaghani,varmghani	S	3765
لسانی	lesani,lsani	S	3766
سپهر	sepehr,sphr	S	3767
چوگانی	chogani,choogani	S	3769
خاندوزی	khandouzi,khandoozi	S	3770
سرافرازی	sarafrazi,srafrazi	S	3771
شولی	shooli	S	3772
کدوری	koduri,kdoori	S	3773
رونقی	ravanqi,roonghi	S	3774
ممیوند	mamiound,mmioond	S	3775
دیوانی	divani	S	3776
سلوکی	soluki,slooki	S	3777
کاکاوندی	kakavandi,kakavndi	S	3778
ذکائی	zokai,zkai	S	3779
خرمیان	khorramian,khrmian	S	3781
قزاقی	qazaqi,ghzaghi	S	3783
صنوبری	sonbari,snoobri	S	3784
محسنیان	mhsnian	S	3787
کچوئی	kachoui,kchvi	S	3789
عطری	atari,atri	S	3791
اکبرآبادی	akbarabadi,akbrabadi	S	3792
میثاقی	mithaghi,misaghi	S	3793
شیرینی	sweetness,shirini	S	3795
عظیمیان	azimiyan,azimian	S	3796
آجرلو	ajarlu,ajrloo	S	3797
جلال	jalal,jlal	S	3798
قراباغی	ghorabaghian,ghrabaghi	S	3799
احمدپناه	ahmadpanah,ahmdpnae	S	3800
سامعی	samaei,sami	S	3801
جلینی	jalili,jlini	S	3803
حشمتیان	hashmatiyan,hshmtian	S	3804
آباد	abad	S	3805
رنجی	ranjii,rnji	S	3806
آقارضائی	aghazadeh,agharzai	S	3807
جلائی	jalayi,jlai	S	3810
یحیوی	yahyaei,ihiooi	S	3811
عربشاهی	arabshahi,arbshahi	S	3812
ابری	abri	S	3813
دهاقین	dahqin,dhaghin	S	3815
صیفوری	seyfouri,sifoori	S	3816
ماهینی	mahini	S	3817
افشانی	afshani	S	3818
خطیب	khatib,khtib	S	3821
دولتشاهی	dolatsahai,dooltshahi,dolatshahi	S	3822
تمیزی	tamezi,tmizi	S	3823
نوشاد	noshad,nooshad,nushad	S	3824
سیرجانی	sirjani	S	3825
بدراقی	bedraqi,bdraghi	S	3826
حمامی	hammami,hmami	S	3827
عطاردی	ataradi,atardi	S	3828
مهرداد	mehrdad,mhrdad	S	3829
ژاله	jaleh,zhale,zhaleh	S	3830
کفایتی	kafa'ati,kfaiti	S	3836
عربیان	arabian,arbian	S	3837
نیرآبادی	nirabadi	S	3840
یوزباشی	yuzbashi,ioozbashi	S	3841
گشول	ghoshul,gshool	S	3842
عبیاوی	abyavi,abiavi	S	3843
سرچاهی	sarchahi,srchahi	S	3845
حویزاوی	havizavi,hooizavi	S	3847
مهرورز	mehrvarz,mhroorz	S	3849
راهدار	rahdar	S	3850
مغانی	moghani,mghani	S	3851
حیاوی	hayavi,hiavi	S	3853
شهرستانی	shahrestani,shhrstani	S	3854
یلقی	yalqi,ilghi	S	3857
معمر	moammar,mmr,mo'ammar	S	3858
پرچمی	parchami,prchmi	S	3860
ابارقی	abariqi,abarghi	S	3861
آگاهی	awareness,agahi	S	3862
چهری	chehri,chhri	S	3863
آرمون	armoon	S	3864
مدانلوجویباری	mdanloojooibari	S	3865
عالیشاه	aalishae	S	3866
گورانی	gorani,goorani	S	3867
محمدرحیمی	mhmdrhimi	S	3869
کهنوجی	kahnooji,khnooji	S	3871
کوشا	kousha,koosha,kusha	S	3874
اداک	adak	S	3876
رنجکش	ranjkesh,rnjksh	S	3877
پورحیدری	pourheidari,poorhidri	S	3878
اسودی	asoudi,asoodi	S	3879
بلدی	baladi,bldi	S	3881
آغاز	beginning,aghaz	S	3884
نیاکان	niyakan,niakan	S	3886
شادفر	shadfar,shadfr	S	3887
پورقلی	pourgholi,poorghli	S	3888
خرازی	kharazi,khrazi	S	3889
جاودانی	eternality,javdani	S	3890
واعظ	vaez,vaaz	S	3894
مرحمتی	marhamati,mrhmti	S	3895
شاکریان	shakarian,shakrian	S	3896
مهرگان	mehrgan,mhrgan	S	3897
منیعی	mani'i,mnii	S	3901
اطمینان	confidence,atminan	S	3903
بزرگ	big,bzrg,bozorg	S	3904
کم	kam,km	S	3905
بیرجندی	birjandi,birjndi	S	3906
سازگار	sazgar	S	3907
جهانتیغ	jahantigh,jhantigh	S	3909
آبیاری	irrigation,abiari	S	3913
عرفانیان	orfaniyan,arfanian	S	3914
می‌دانی	midani	S	3915
چراغعلی	chahargali,chraghli	S	3916
روح‌بخش	ruhbakhsh,roohbkhsh	S	3917
فخیمی	fakhimi,fkhimi	S	3918
صائبی	saebi,sabi	S	3919
ملایری	malayeri,mlairi	S	3921
مشرفی	moshrefi,mshrfi	S	3922
فرخیان	farokhian,frkhian	S	3925
قیومی	ghaiumi,ghioomi	S	3926
جورابلو	jorablu,joorabloo	S	3928
ماندگار	mandeghar,mandgar	S	3929
دامغانی	damghani	S	3930
کلانتر	kalanter,klantr	S	3934
تاجمیری	tajmiri	S	3935
نوبری	nobari,noobri	S	3936
نرگسی	nargesian,nrgsi,nargesi	S	3938
گله‌داری	shepherding,glhdari	S	3939
آذرپیرا	azarpira,azrpira	S	3940
بیدخوری	bidkhori	S	3942
غرقی	gharqi,ghrghi	S	3944
بمانی	bamany,bmani,bemani	S	3945
عابدین	abedin,aabdin	S	3953
تفرشی	tafrishi,tfrshi	S	3954
گواهی	gavahi,gvahi	S	3955
مرادلو	moradlu,mradloo	S	3956
ممتاز	momtaz,mmtaz	S	3957
راشکی	rashaki,rashki	S	3958
مهرابیان	mehrabian,mhrabian	S	3960
آئین	aeen,ain,ayin	S	3961
ناصرزاده	nasirzadeh,nasrzade	S	3962
گرگی	wolfi,grgi	S	3963
نژادی	nezadi,nzhadi	S	3964
باجی	baji	S	3967
قدری	qadri,ghdri,ghadri	S	3970
پیله‌ور	pilevar,pilhvr	S	3971
پلنگی	pantheri,plngi	S	3973
منصف	mansaf,mnsf,monsef	S	3976
خاکزاد	khakzad	S	3977
روزبهی	roozbeh,roozbhi	S	3978
کمالیان	kamalian,kmalian	S	3979
ذکریائی	zekriai,zkriai	S	3980
مدبر	modabber,mdbr	S	3981
صمدپور	samadpour,smdpoor	S	3982
قوچی	ghouchi,ghoochi	S	3984
چیت‌ساز	chitsaz	S	3985
مصطفی	mostafa,mstfi	S	3986
هنرجو	hnrjoo	S	3987
دیندار	dindar	S	3988
طعنه	ta'neh,tne	S	3992
دیدار	deedar,didar	S	3995
لشکربلوکی	lashkarblocki,lshkrblooki	S	3996
خمری	khamri,khmri	S	3998
نرماشیری	narmashiri,nrmashiri	S	3999
دوگونچی	dogonchi,doogoonchi	S	4001
راحمی	rahimi,rahmi	S	4003
کلبعلی	kalbali,klbli	S	4005
جعفرلو	jafarloo,jfrloo	S	4007
خبازی	bakery,khbazi	S	4011
میردریکوند	mirdarikhond,mirdrikoond	S	4012
خداوردیان	khodaavardian,khdavrdian	S	4013
ارجی	arji	S	4015
کلامی	kalami,klami	S	4016
محمدشاهی	mohammadshahi,mhmdshahi	S	4017
آروین	arvin,arooin,arovin	S	4018
آذرکیش	azarkish,azrkish	S	4019
شکیب	shakib,shkib	S	4020
ولندیاری	volandyari,valndiari	S	4021
حلاجیان	hallajian,hlajian	S	4022
شیخعلی	shikhli	S	4026
اجلی	ajali,ajli	S	4027
افرازه	afarazeh,afraze	S	4028
نیشابوری	nishabouri,nishaboori	S	4029
اطهری	ataheri,athri	S	4031
دژکام	dezhkam,dzhkam	S	4034
فریمانهء	farimaneh,frimanh	S	4035
رمضان	ramadan,rmzan,ramazan	S	4037
صبحی	sobhi,sbhi	S	4038
پارساپور	parsapur,parsapoor	S	4039
افلاکی	aflaki	S	4040
اسحاقیان	ishaqian,ashaghian	S	4041
لامعی	lamei,lami	S	4042
ملاح	mollah,mlah	S	4046
طرهانی	torahani,trhani	S	4048
بصیرت	basirat,bsirt	S	4049
دائی	dai	S	4056
کردتمینی	kordtamini,krdtmini	S	4057
ملا	molla,mla	S	4058
ندافی	nadafi,ndafi	S	4060
نائیجی	naiji	S	4061
درفشی	darveshi,drfshi	S	4063
افروزه	afroozeh,afrooze,afruze	S	4067
اسدآبادی	asadabadi,asdabadi	S	4068
نورآبادی	noorabadi	S	4069
پارسامهر	parsamehr,parsamhr	S	4070
غیور	ghiyour,ghioor,ghayour	S	4072
میرهادی	mirhadi	S	4073
دیده‌بان	watchman,didhban	S	4074
سهرابیان	sohrabian,shrabian	S	4075
گودرزیان	goudarzian,goodrzian	S	4080
موحدیان	movahedian,moohdian	S	4081
بهاءلوهوره	bahalohoreh,bhaloohoore	S	4082
درخشی	derakhshi,drkhshi	S	4084
قاسمعلی	ghasemali,ghasmli	S	4086
بابااحمدی	babahmadi,babaahmdi	S	4087
کرمانشاهی	kermanshahi,krmanshahi	S	4088
میرشمسی	mirsamasi,mirshmsi	S	4090
جنیدی	jenaidi,jnidi	S	4091
جبرئیلی	jabreili,jbrili	S	4093
فریادرس	faryadris,friadrs	S	4095
فرنیا	farnia,frnia	S	4096
براجعه	barajeh,braje	S	4101
کسلخه	kasalkhe,kslkhe	S	4102
خبری	khabari,khbri	S	4104
عاشقی	lover,aashghi	S	4106
پورهاشمی	pourhashemi,poorhashmi	S	4109
خسرونژاد	khosrownejad,khsroonzhad	S	4111
رزقی	roozegi,rzghi	S	4112
سالمیان	salemian,salmian	S	4113
میرشکاران	mirshekariyan,mirshkaran	S	4117
پورجعفر	pourjafar,poorjfr	S	4120
حسینلو	hosseinilou,hsinloo	S	4121
دادی	dadi	S	4122
بهروزیان	behrouzian,bhroozian	S	4123
درکی	darki,drki	S	4124
سیدصالحی	sidsalhi	S	4125
سپیانی	sepiani,spiani	S	4126
حائری	hayeri,hari	S	4127
پوررضائی	pourrezaei,poorrzai	S	4128
قربانلو	ghorbanlu,ghrbanloo	S	4129
ترکیان	turkian,trkian	S	4130
عطارزاده	attarzadeh,atarzade	S	4131
بابانژاد	babanjad,babanzhad	S	4132
رامین	ramin	S	4134
ایمنی	imani,aimni	S	4135
معرفت	ma'refat,mrft,maerefat	S	4136
سرخیل	sorkhil,srkhil	S	4137
فضائلی	fazeli,fzali	S	4138
انواری	anvari	S	4140
نجفلو	najafloo,njfloo	S	4142
جوشن	joushan,jooshn,jowshan	S	4143
رامش	ramesh,ramsh	S	4146
شوریابی	shouryabi,shooriabi	S	4147
دلفان	delvan,dlfan	S	4148
رامی	rami	S	4149
نیکومنش	nikoumanesh,nikoomnsh	S	4151
سوختانلو	sokhtanloo,sookhtanloo	S	4152
ادهم	adham,adhm	S	4155
کاهه	kahhe,kahe	S	4156
شاهانی	shahani	S	4157
راکی	raki	S	4158
رویتوندغیاثوند	ruyitavandghiasvand,rooitoondghiasoond	S	4159
پرنده	bird,prnde	S	4160
رزم‌جو	warrior,rzmjoo	S	4161
میرصادقی	mirsadeghi,mirsadghi	S	4162
باغچیقی	baghchighi	S	4163
زمندی	zamandi,zmndi	S	4164
کلیائی	koleyai,kliai	S	4166
گروهی	grouhi,groohi	S	4167
نبئی	nabavi,nbi	S	4168
زینتی	zeynati,zinti,zeyneti	S	4169
اورعی	orouei,aoori	S	4170
هزاره	hazara,hzare,hezareh	S	4172
ارفعی	arfai,arfi	S	4176
طاهرنژاد	tahernajad,tahrnzhad	S	4177
جمالپور	jmalpoor	S	4178
ماهری	mahari,mahri	S	4180
فروردین	farvardin,froordin	S	4181
میرزانیا	mirzania	S	4182
نهاردانی	nehardani,nhardani	S	4183
بارگاهی	bargahi	S	4184
سوهانی	suhani,soohani	S	4186
غزالی	ghazali,ghzali	S	4189
فراتی	farati,frati	S	4192
رهگذر	wayfarer,rhgzr	S	4194
رضا	reza,rza	S	4196
دیداری	didari	S	4197
استاجی	estaji,astaji	S	4201
رازیانی	raziani	S	4202
برزگربفروئی	barzgarbafroui,brzgrbfrvi	S	4203
آقاحسینی	aghahosseini,aghahsini	S	4204
فارسیجانی	farsijani	S	4205
کورانی	koorani	S	4207
کونانی	koonani	S	4208
اردکانی	ardakani,ardkani	S	4209
خباز	baker,khbaz,khabaz	S	4212
نورپور	noorpour,noorpoor	S	4213
گورکانی	ghurkani,goorkani	S	4215
راهداری	rahdari	S	4216
افروزی	afroozi	S	4218
پیشداد	pishdad	S	4222
آقابراری	aghabarari,aghabrari	S	4224
کولانی	kolani,koolani	S	4226
روئین	ruin,rvin	S	4230
گلستانه	golestaneh,glstane,golestane	S	4231
اودک	oudak,aoodk	S	4232
احمد	ahmad,ahmd	S	4233
نصوری	nasouri,nsoori	S	4235
جم	jam,jm	S	4236
خسروانیان	khosrowanian,khsrvanian	S	4237
واحدیان	vahidiyan,vaahdian	S	4238
زراعتکار	agriculturist,zratkar	S	4239
عدلی	adli	S	4240
جاویدنیا	javidiya,javidnia	S	4241
خنیفر	khanifar,khnifr	S	4244
غانمی	ghanemi,ghanmi	S	4245
شیرپور	shirpur,shirpoor	S	4247
بلندی	bolandi,blndi	S	4248
جوینده	seeker,jooinde	S	4250
خوئی	khui,khoi	S	4251
سالارپور	salarpour,salarpoor	S	4254
کمال	kmal,kamal	S	4256
زیرکی	ziraki,zirki	S	4257
تابنده	tabandeh,tabnde,tabande	S	4258
براهیمی	barahimi,brahimi	S	4259
سفاری	safari,sfari	S	4260
حلوائی	halvai,hlvai	S	4261
یمینی	yamini,imini	S	4262
شاهبازی	shahbazi	S	4264
مصباحی	misbahi,msbahi	S	4265
قربانعلی	ghorbanali,ghrbanli	S	4268
محزون	mahnoun,mhzoon	S	4270
طالب	taleb,talb	S	4273
حسینوند	hosseinvand,hsinoond	S	4274
محروقی	mahrouqi,mhrooghi	S	4276
افراخته	afraakhteh,afrakhte	S	4277
رمرودی	ramrudi,rmroodi,ramroodi	S	4278
زارعان	zarean,zaran	S	4280
داستان	dastan	S	4283
صحبتی	sohbati,shbti	S	4284
تورنگ	tourang,toorng,turang	S	4285
رهدار	rahdar,rhdar	S	4290
خانکی	khanki	S	4296
گل	flower,gl,gol	S	4297
ایوانی	ivani,aivani	S	4298
حسابی	hesabi,hsabi	S	4299
سرپرست	supervisor,srprst	S	4300
کمانکش	bowman,kmanksh	S	4301
آذرپور	azarpour,azrpoor	S	4302
پیشکار	pishkar	S	4303
اکبرنیا	akbarnia,akbrnia	S	4304
پاک‌زاد	pakzad	S	4305
آذرنگ	azarang,azrng	S	4307
طیاری	tayari,tiari	S	4308
میثمی	mithami,mismi	S	4309
طریقی	tariqi,trighi	S	4310
علی‌اکبر	aliakbr	S	4311
خضیراوی	khodiravi,khziravi	S	4312
آهی	ahi	S	4313
خداپناه	godpahnaah,khdapnae	S	4315
جوینی	javini,jooini	S	4316
اصحابی	asghari,ashabi	S	4320
پورفریدونی	pourfaridouni,poorfridooni	S	4321
ارژنگی	arzhangi,arzhngi	S	4322
مجاهد	mujahid,mjahd,mojahed	S	4323
مشمول	moshmool,mshmool	S	4324
عقبائی	aghbaei,aghbai	S	4325
رودی	roudi,roodi	S	4327
ثانی	thani,sani	S	4328
سید	seyed,sid	S	4330
آتش‌بار	firebrand,atshbar	S	4331
بهلول	bahlul,bhlool,bohlul	S	4333
مرزانی	marzani,mrzani	S	4334
مری	mary,mri	S	4335
سیدرضائی	sidrzai	S	4336
صفرخانلو	sfrkhanloo	S	4338
اخوت	akhoat,akhot	S	4340
صفرنژاد	safarnejad,sfrnzhad	S	4341
ولائی	valaei,valai	S	4343
احسنی	ahsani,ahsni	S	4345
شاددل	shaddel,shaddl	S	4347
بگدلی	baghdeli,bgdli	S	4348
مسافر	traveler,msafr,mosafir	S	4350
درویشوند	darvishvand,drooishoond	S	4351
سودمند	soodmand,soodmnd,sudmand	S	4353
ترکمنی	turkmeni,trkmni	S	4354
باقرلو	bagherloo,baghrloo	S	4355
زین‌الدین	zinaldin	S	4356
پیلتن	peyltan,piltn,piltan	S	4359
پورقربان	pourghorban,poorghrban	S	4360
رهبان	rahban,rhban	S	4361
میرنژاد	mirnazhad,mirnzhad	S	4362
بروجردی	borujerdi,broojrdi	S	4363
عقابی	aghabi	S	4364
سرباز	soldier,srbaz,sarbaz	S	4365
شفیع	shafii,shfi,shafie	S	4366
خوش‌اندام	wellshaped,khoshandam	S	4368
دیبا	diba	S	4369
پرند	parand,prnd	S	4372
بائی	bai	S	4374
لطفیان	lotfian,ltfian	S	4375
آسکانی	askani	S	4376
لطیف	latif,ltif	S	4377
آزادگان	azadgan	S	4378
حمزه‌ای	hamzehi,hmzhai	S	4379
فتاح	fattah,ftah	S	4380
ملوندی	malavandi,mloondi	S	4384
مروانی	marvani,mrvani	S	4385
فریور	faryar,frioor,farivar	S	4386
بناوند	banavand,bnavnd	S	4387
بینائی	binai	S	4388
نریمان	nariman,nriman	S	4390
کبریائی	kabiriayi,kbriai	S	4391
شیران	shiran	S	4393
قوهستانی	gohestani,ghoohstani	S	4394
قاهری	qaheri,ghahri	S	4395
هاجری	hajari,hajri	S	4396
نگراوی	negaravi,ngravi	S	4397
میرکاظمی	mirkazmi	S	4399
بابامیرساطحی	babamirsathi	S	4400
کهدوئی	kahdouei,khdvi	S	4402
نصوحی	nasouhi,nsoohi	S	4403
طوفانی	toufani,toofani	S	4405
مرداسی	mardasi,mrdasi	S	4406
مهدیه	mahdieh,mhdie,mahdiye	S	4407
تاکی	taki	S	4408
کارخانهء	factory,karkhanh	S	4411
سرفرازی	sarfrazi,srfrazi	S	4413
خوجه	khoja,khoje,khojeh	S	4414
باغی	baghi	S	4416
جلوداری	jaloudari,jloodari	S	4418
موری	mori,moori	S	4419
عاقبتی	aqibati,aaghbti	S	4421
ظریف	zarif,zrif	S	4422
دبستانی	dabestani,dbstani	S	4423
منظری	manzari,mnzri	S	4424
خیامی	khayami,khiami	S	4425
شیرزائی	shirzai	S	4426
جهانبازی	jahanbazi,jhanbazi	S	4427
درخش	darakhsh,drkhsh	S	4428
آسمانی	skywalker,asmani	S	4429
نبهانی	nabihani,nbhani	S	4434
شهنواز	shahnawaz,shhnvaz,shahnavaz	S	4436
قانونی	ghanooni	S	4437
دوخائی	dokhai,dookhai	S	4438
پرهیز	parhiz,prhiz	S	4439
اصغرنژاد	asgharnezhad,asghrnzhad	S	4440
مجردی	mojaradi,mjrdi	S	4442
میرسالاری	mirsalari	S	4443
پروری	parvari,proori	S	4446
آذرمهر	azarmehr,azrmhr	S	4447
جبارزارع	jbarzar	S	4449
غرباوی	ghorbavi,ghrbavi	S	4450
هراتیان	heratian,hratian	S	4451
ثریا	soraya,sria	S	4455
آجودانی	ajoudani,ajoodani	S	4456
باجلانی	bajlani	S	4458
صفاپور	safapour,sfapoor	S	4460
روائی	ravayi,rvai	S	4462
گرگین	gorgin,grgin	S	4463
برهمند	barhamand,brhmnd	S	4464
حیدر	haider,hidr,heydar,haydar	S	4465
داروغه	darvagheh,darooghe	S	4466
برآبادی	barabadi,brabadi	S	4468
طریفی	tajifi,trifi	S	4469
نیک‌خو	goodnatured,nikkho	S	4471
عطاءاللهی	atallahian,ataallhi	S	4472
یلالی	yelali,ilali	S	4473
بابکی	babaki,babki	S	4474
پورامینائی	pouraminai,pooraminai	S	4475
ماروسی	marousi,maroosi	S	4476
باشی	bashi	S	4477
مریمی	maryami,mrimi	S	4478
فلسفی	philosopher,flsfi	S	4482
شعبانلو	shabanloo,shbanloo	S	4483
تازیکه	tazikeh,tazike	S	4486
دستان	dastan,dstan	S	4487
قسمتی	ghasemzadeh,ghsmti	S	4488
شیرازیان	shirazyan,shirazian	S	4489
نقشبندی	naqshbandi,nghshbndi	S	4490
یاسری	yaseri,iasri	S	4491
رستاخیز	resurrection,rstakhiz	S	4494
طغرلی	tghrli	S	4495
محرابیان	mehrabian,mhrabian	S	4496
رجائیان	rajaian,rjaian	S	4497
امراللهی	amrollahi,amrallhi	S	4498
کلانتریان	kalantarian,klantrian	S	4501
چلبی	chalabi,chlbi	S	4504
حامد	hamed,hamd	S	4505
صحنه	sahneh,shne	S	4506
اژدر	ajdar,azhdr,azhdar	S	4507
وحیدیان	vahidian	S	4511
حق‌گو	haqgu,hghgoo	S	4513
قدرت	qodrat,ghdrt,ghodrat	S	4514
آذین	azin	S	4517
درازهی	darazehy,drazhi	S	4518
خزایی	khazaei,khzaii	S	4520
قراخانی	qarakhani,ghrakhani	S	4523
فرهمندی	farahmandi,frhmndi	S	4527
رمضانپور	ramadanpour,rmzanpoor	S	4528
جهاندار	jahandar,jhandar	S	4530
سرهنگی	sarhengi,srhngi	S	4531
حشمت	hashmat,hshmt,heshmat	S	4532
یدی	yadi,idi	S	4533
آسایش	asayesh,asaish	S	4534
نازی	nazari,nazi	S	4535
طالشی	taleshi,talshi	S	4536
محیسن	mohsen,mhisn	S	4538
اروجلو	aroujloo,aroojloo	S	4539
پناه	panah,pnae	S	4541
زرنگ	zareng,zrng	S	4542
فرهمندنیا	farahmandnia,frhmndnia	S	4546
داودزاده	dawoodzadeh,davdzade	S	4547
طبائی	tabai,tbai	S	4548
تقدسی	taqaddosi,tghdsi	S	4550
عطارد	mercury,atard,atarod	S	4551
زوری	zouri,zoori	S	4552
آزادمهر	azadmehr,azadmhr	S	4555
پیرزاد	pirzad	S	4556
عسگرزاده	asgarzadeh,asgrzade	S	4557
نراقی	naraki,nraghi	S	4559
کیمیائی	chemist,kimiai	S	4560
مقدسیان	moghadamian,mghdsian	S	4562
پیرعلی	pirali,pirli	S	4563
پاکار	pakaar,pakar	S	4567
ذوالفقاریان	zolfagharyan,zvalfgharian	S	4568
اجرائی	executive,ajrai	S	4570
خودسیانی	khodsayani,khodsiani	S	4573
مسافری	mosaferri,msafri	S	4574
طهوری	tahouri,thoori	S	4576
صدیقیان	sadeghian,sdighian	S	4579
زهانی	zahani,zhani	S	4580
ماندنی	mandani,mandni	S	4581
ناطق	nategh,natgh	S	4586
عدالتی	adalati,adalti	S	4587
پوریوسف	pouryousef,poorioosf	S	4588
ساکت	saket,sakt	S	4590
زندیان	zandian,zndian	S	4591
غظنفری	ghazanfari,ghznfri	S	4592
گلشاهی	golshahi,glshahi	S	4594
زمانپور	zamanpour,zmanpoor	S	4595
بیننده	viewer,binnde	S	4597
شکربیگی	shakorbigi,shkrbigi	S	4598
هلاکوئی	halakoui,hlakvi	S	4599
دهبان	dahban,dhban	S	4600
دربانی	darbani,drbani	S	4602
حاجب	hajib,hajb	S	4603
مجاهدی	mojahedi,mjahdi	S	4609
هوت	hoot	S	4610
سکاکی	sakaki,skaki	S	4614
پیربداقی	pirbodaghi,pirbdaghi	S	4615
شهدادنژاد	shahdadnejad,shhdadnzhad	S	4616
چشک	cheshk,chshk	S	4619
عماری	ammari,amari	S	4621
عزیزنژاد	aziznejad,aziznzhad	S	4622
زیادی	ziyadi,ziadi	S	4625
جوشقانی	joushghani,jooshghani	S	4626
پایان	payan,paian	S	4628
علویان	alavian,alooian	S	4630
رام	ram	S	4631
احدزاده	ahadzadeh,ahdzade	S	4632
ایلانلو	ilhanlou,ailanloo	S	4635
مؤید	moeid,mid,moayyed	S	4637
دیهیم	deyhim,dihim	S	4638
پایاب	payab,paiab	S	4640
محدث	mohaddes,mhds	S	4641
حمیدوند	hamidvand,hmidoond	S	4642
منعمی	manami,mnmi	S	4643
محبیان	mohabian,mhbian	S	4644
نحوی	nahvi,nhooi	S	4645
ساجد	sajid,sajd,sajed	S	4647
خلیفهء	khalifeh,khlifh	S	4649
ستاره	star,stare,setare	S	4653
لیاقت	liaghat,liaght,liyaqat	S	4654
قورچیان	ghorchian,ghoorchian	S	4655
چوبدار	chobdar,choobdar	S	4658
مرادآبادی	moradabadi,mradabadi	S	4659
دویستی	dovisti,dooisti	S	4660
فروهر	furor,froohr,foruhar	S	4664
داودپور	davoodpoor,davdpoor	S	4665
دیودل	diyodal,dioodl	S	4666
پوراسماعیل	pourasmail,poorasmail	S	4669
بازقندی	bazghandi,bazghndi	S	4670
کبودی	kaboodi,kboodi	S	4672
خاشعی	khashaei,khashi	S	4673
رخشا	rakhsha,rkhsha	S	4674
مزرعاوی	mazraavi,mzravi	S	4676
ادوای	edvai,advai,edvay	S	4681
بری	bari,bri	S	4683
فنودی	fanudi,fnoodi	S	4687
خدیور	khadiour,khdioor	S	4688
رودسرابی	roudsarabi,roodsrabi	S	4693
لیموچی	limoochi	S	4696
پاشا	pasha	S	4697
دلقندی	dalkandi,dlghndi	S	4698
باهوش	smart,bahoosh	S	4699
بایگان	baygan,baigan	S	4701
عنابستانی	anabestani,anabstani	S	4702
تاک	tak	S	4705
قربانزاده	qorbanzadeh,ghrbanzade	S	4706
اصلی	asli	S	4707
میریان	mirian	S	4708
کارگربیده	kargarbideh,kargrbide	S	4710
کنشلو	konshloo,knshloo	S	4713
زمانلو	zamanloo,zmanloo	S	4714
درفکی	darafaki,drfki	S	4715
بیگلر	biglar,biglr	S	4718
سنجرانی	sanjarani,snjrani	S	4720
زحمتی	zahmati,zhmti	S	4722
وقاری	vaqari,vaghari	S	4723
کردونی	korduni,krdooni	S	4724
سرور	sarvar,sroor,sorur	S	4725
پاهنگ	pahang,pahng	S	4727
ضابطی	zabati,zabti	S	4728
امری	amiri,amri	S	4729
لقائی	laghai,lghai	S	4730
محمدجعفری	mhmdjfri	S	4731
صیدمحمدی	sidmhmdi	S	4734
آشتیانی	ashtiani	S	4735
نظارات	glasses,nzarat	S	4736
منتصری	montazeri,mntsri	S	4737
بذرگری	seedsowing,bzrgri	S	4738
آذریون	azarian,azrioon,azariyun	S	4739
خواجهء	khajeh,khoajh	S	4741
جلودار	jaloudar,jloodar	S	4744
هلیلی	halili,hlili	S	4745
آتش‌افروز	firestarter,atshafrooz	S	4747
تاجدینی	tajadini,tajdini	S	4748
مردوخی	mardoukhi,mrdookhi	S	4750
غنمی	ghanemi,ghnmi	S	4752
فعال	active,fal	S	4753
مجنونی	majnooni,mjnooni	S	4756
زرگرانی	zargharani,zrgrani	S	4757
رفعت	raf'at,rft,rafeat	S	4760
عبدالهیان	abdollahian,abdalhian	S	4763
منصور	mansour,mnsoor,mansur	S	4764
نوروز	nowruz,noorooz	S	4765
دستاران	dastaran,dstaran	S	4766
آرمیده	armideh,armide	S	4767
لاهوتی	lahooti	S	4768
سمواتی	samavati,smvati	S	4770
افشارنیا	afsharnia	S	4771
ابرقوئی	abragouei,abrghvi	S	4773
صبا	saba,sba	S	4774
دلخواه	delkhah,dlkhoae	S	4775
شاهملکی	shahmaleki,shahmlki	S	4776
عریانی	aryani,ariani	S	4777
عطاریان	attarian,atarian	S	4778
دیواندری	divandari,divandri	S	4779
باوقار	dignified,bavghar	S	4781
مهدیانی	mahdiani,mhdiani	S	4782
بهاءالدینی	bhaaldini	S	4783
کاراندیش	karandish	S	4784
مجد	majd,mjd,mojed	S	4786
نظافتی	nazafati,nzafti	S	4787
عشیری	ashiri	S	4788
سرلکی	sarlaki,srlki	S	4789
گلوانی	golavani,glvani	S	4790
غروی	gharavi,ghrooi	S	4791
فریدنی	faridani,fridni	S	4793
کندری	kandari,kndri	S	4794
ایگدری	igderi,aigdri	S	4797
توغدری	toghderi,tooghdri	S	4798
کامیار	kamyar,kamiar	S	4799
سعادتیان	saadatian,sadtian	S	4801
خوشنودی	khushnudi,khoshnoodi	S	4802
فرهانیان	farahaniyan,frhanian	S	4804
صفویه	safavid,sfooie,safaviyeh	S	4805
پشنگ	pashang,pshng	S	4808
محبعلی	mohabbali,mhbli,mohbali	S	4810
چهارلنگ	chaharlang,chharlng	S	4812
دوستدار	doustdar,doostdar	S	4814
نصیرلو	nasirloo,nsirloo	S	4815
آقایان	aghaian	S	4817
شهرابی	shahrabi,shhrabi	S	4818
کهوند	kahvand,khoond	S	4820
ادبی	adabi,adbi	S	4822
اولاد	oladeh,aoolad,olad	S	4824
حاجیلری	hajilari,hajilri	S	4826
بسکابادی	boskabadi,bskabadi	S	4828
جوانبخت	jvanbkht	S	4829
ایسپره	isprah,aispre	S	4831
مرآتی	morati,mrati	S	4832
جهان‌آرا	jhanara,jahanara	S	4833
روزدار	roozdar	S	4835
لعلی	lali,lli	S	4837
خامسی	khamisi,khamsi	S	4838
شیخانی	sheikhani,shikhani	S	4839
بهتوئی	behtoui,bhtvi	S	4841
جاور	javar,javr	S	4846
بختی	bakhti,bkhti	S	4848
واقفی	vaqefi,vaaghfi	S	4849
رهنمائی	rahnamai,rhnmai	S	4851
هیبتی	heibati,hibti	S	4853
مشتاق	mushtaq,mshtagh,moshtagh	S	4855
سنگی	sangi,sngi	S	4856
صمدانی	samadani,smdani	S	4857
زجاجی	glassmaker,zjaji	S	4859
پورکریمی	pourkarimi,poorkrimi	S	4860
دانشفر	daneshfar,danshfr	S	4862
کوراوند	kooravand,kooravnd	S	4863
پیروندبوری	piravandburi,piroondboori	S	4865
فروتنی	humility,frootni	S	4866
نجیمی	najimi,njimi	S	4867
خوشنام	khoshnam	S	4868
تات	tat	S	4869
کهرازهی	kahrazei,khrazhi	S	4872
دریساوی	darisaavi,drisavi	S	4875
بیک	beik,bik	S	4876
عضدی	ozdi,azdi	S	4877
گوهریان	goharian,goohrian	S	4878
مصفا	mofasa,msfa,mosaffa	S	4880
کفاشی	kafashi,kfashi	S	4881
بزمی	bazmi,bzmi	S	4883
مینوئی	minoui,minvi	S	4885
آلبوغبیش	alboghbish,albooghbish	S	4887
زایری	zayeri,zairi	S	4889
حلمی	holami,hlmi	S	4892
صنیعی	sanayi,snii	S	4893
میرلوحی	mirlouhi,mirloohi	S	4894
قزاق	kazakh,ghzagh	S	4899
مجیدزاده	majidzadeh,mjidzade	S	4901
پورکریم	pourkarim,poorkrim	S	4902
حری	hari,hri	S	4903
محمدطاهری	mhmdtahri	S	4906
درینی	derini,drini	S	4907
شادروان	shadrovan,shadrvan	S	4908
معروفخانی	ma'rufkhani,mroofkhani	S	4909
نورافکن	nourafkan,noorafkn	S	4911
رضوانیان	rizvanyan,rzvanian	S	4913
اخگری	akhgari,akhgri	S	4914
سقلی	saqali,sghli	S	4915
عسگرپور	asgarpour,asgrpoor	S	4916
آرزومندی	arzomandi,arzoomndi	S	4918
رستمانی	rastmani,rstmani	S	4919
قاصدی	qasadi,ghasdi	S	4920
قزلسفلی	qazalsafli,ghzlsfli	S	4921
مهجور	mahjour,mhjoor	S	4924
اتابک	atabak,atabk	S	4925
خسروبیگی	khosrowbeigi,khsroobigi	S	4926
گیوی	givi,giooi	S	4927
صفابخش	safabakhsh,sfabkhsh	S	4928
مرمزی	marmizi,mrmzi	S	4929
بریحی	barighi,brihi	S	4930
فراشی	farashi,frashi	S	4931
آران	aran	S	4932
نیک‌رو	nikroo	S	4933
باقرآبادی	bagherabadi,baghrabadi	S	4936
کتولی	katuli,ktooli	S	4937
چیذری	chidari,chizri	S	4938
منتی	monti,mnti	S	4939
مارامائی	maramai	S	4942
پرمر	parmar,prmr	S	4943
کردکتولی	kordkatuli,krdktooli	S	4944
شکفته	shakofteh,shkfte,shekofte	S	4945
کوهساریان	kohsarian,koohsarian	S	4946
رشیدآبادی	rashidabadi,rshidabadi	S	4948
چوبداری	chobdari,choobdari	S	4950
قباخلو	qabakhlu,ghbakhloo	S	4952
مهرآرا	mehrara,mhrara	S	4953
ارمغان	armaghan,armghan,armagan	S	4957
منفردی	monfredi,mnfrdi	S	4958
صحتی	sahati,shti	S	4959
جنگلی	jangali,jngli	S	4961
آزادفلاح	azadfalah,azadflah	S	4963
میردار	mirdar	S	4964
مشفق	moshfeq,mshfgh,moshfegh	S	4966
بهادران	bahadaran,bhadran	S	4967
مقدادی	moghadadi,mghdadi	S	4970
خضرائی	khadraei,khzrai	S	4972
فامیلی	family,famili	S	4976
نادرعلی	naderali,nadrli	S	4977
کاشف	kashif,kashf	S	4980
زنگی	zangi,zngi	S	4981
پژوهش	research,pzhvhsh	S	4983
بهروش	behrush,bhroosh,behroosh	S	4985
ولدبیگی	valadbiqi,valdbigi	S	4987
کاهانی	kahani	S	4988
کارچانی	karchani	S	4990
رامیار	ramyar,ramiar	S	4992
حامی	hami	S	4994
لونی	loni,looni	S	4995
تقدیری	taqdiri,tghdiri	S	4996
خضرزاده	khadarzadeh,khzrzade	S	4998
بساک	basak,bsak	S	4999
ذهبی	zahabi,zhbi	S	5003
غافلی	ghafeli,ghafli	S	5005
شیدا	sheida,shida,sheyda	S	5007
اولادی	ouladi,aooladi	S	5008
سفری	safari,sfri	S	5012
پارسامنش	parsamansh,parsamnsh	S	5013
سعدآبادی	saadabadi,sdabadi	S	5016
تابعی	tabeei,tabi	S	5018
پیوند	peyvand,pioond,peivand	S	5019
علامه	allameh,alame	S	5021
قناعت	contentment,ghnat	S	5023
زعیمی	zaeimi,zimi	S	5024
پرواره	parvareh,prvare	S	5029
برجعلی	barjali,brjli	S	5031
سودانی	sudani,soodani	S	5032
صراف	sraf	S	5034
سربازی	sarbazi,srbazi	S	5035
کامل	kamel,kaml	S	5036
عموزادمهدیرجی	amoozadmhdirji	S	5037
بهزادنیا	behzadiania,bhzadnia	S	5038
برادری	brotherhood,bradri	S	5039
شیخلر	sheikhlar,shikhlr	S	5042
فولادگر	fooladgar,fooladgr	S	5043
دارا	dara	S	5045
کشاورزمؤیدی	kshavrzmidi	S	5047
جمشیدزاده	jamshidzadeh,jmshidzade	S	5048
شفاعت	shafaat,shfat,shefaat	S	5049
نصیبی	nasibi,nsibi	S	5050
دلخوش	delkhosh,dlkhosh	S	5052
زورونی	zoruni,zoorooni	S	5053
آبرودی	abroudi,abroodi	S	5054
بصیر	basir,bsir	S	5056
فرساد	farsad,frsad	S	5057
رهیده	rahideh,rhide	S	5059
اسکندرپور	eskandarpour,askndrpoor	S	5060
مهجوری	mahjori,mhjoori	S	5061
کیاشمشکی	kiyashmashki,kiashmshki	S	5062
تصدیقی	tasdeghi,tsdighi	S	5063
مهتابی	mahtabi,mhtabi	S	5064
پناهیان	panahiyan,pnahian	S	5065
فخاریان	fakharian,fkharian	S	5066
ملاحسنی	mollahosseini,mlahsni	S	5067
بهامین	bahamin,bhamin	S	5069
نظیف	nazif,nzif	S	5070
ناهیدی	nahidi	S	5073
منصورکیائی	mansourkiaei,mnsoorkiai	S	5074
طوماری	toumari,toomari	S	5076
مقیسه	moghiseh,mghise	S	5077
فرحناک	farahnak,frhnak	S	5078
نوین	novin,nooin,navin	S	5080
شبانکاره	shabankareh,shbankare	S	5081
چرکزی	charkhazi,chrkzi	S	5082
قموشی	ghamoushi,ghmooshi	S	5083
پالیزوان	palizvan	S	5084
راثی	rathi,rasi	S	5086
کتی	kati,kti	S	5087
حنیفه	hanifeh,hnife,hanife	S	5090
حلاج	hallaj,hlaj	S	5091
موثقی	mowaghi,moosghi	S	5092
هندی	hendi,hndi	S	5093
صلح‌جو	peaceseeker,slhjoo	S	5094
سیروس	sirus,siroos,sirous	S	5095
اسدخانی	asadkhani,asdkhani	S	5099
دادار	dadar	S	5100
زرافشان	zarafshan,zrafshan	S	5101
راهزانی	robbers,rahzani	S	5102
فیروززاده	firoozzadeh,firoozzade	S	5103
سلکی	salaki,slki	S	5104
پوراسد	pourasad,poorasd	S	5107
میزانی	mizani	S	5109
برقعی	barghai,brghi	S	5110
استبرقی	estebraghi,astbrghi	S	5111
سفیدی	sefidi,sfidi	S	5112
شادان	shadan	S	5116
روح‌پرور	ruhparvar,roohproor	S	5119
پوررمضان	poorrmzan	S	5122
معارفی	moarefi,marfi	S	5124
انگزی	angazi,angzi	S	5125
افکاری	afkari	S	5126
قناتی	qanati,ghnati	S	5127
غزلاوی	ghazlavi,ghzlavi	S	5128
قزلجه	qazlajeh,ghzlje	S	5129
سراقی	saraki,sraghi	S	5131
رضاعلی	razali,rzali,rezaali	S	5132
آسیابی	asiyabi,asiabi	S	5135
لطیفیان	ltifian	S	5136
الباجی	albaghi,albaji	S	5137
درخواه	darkhah,drkhoae	S	5138
میرزابابائی	mirzababaei,mirzababai	S	5140
دینکانی	dinkani	S	5141
فرجاد	farjad,frjad	S	5144
شصتی	shasti,shsti	S	5145
دوانی	dovani,dvani	S	5146
مجاوری	mojaveri,mjavri	S	5147
حبشی	habashi,hbshi	S	5148
نوبهاری	nobahari,noobhari	S	5149
خوبانی	khubani,khobani	S	5152
جوانمیری	jvanmiri	S	5154
کرماجانی	kermajani,krmajani	S	5156
نجاتیان	najatian,njatian	S	5157
آهنگریان	ahangarian,ahngrian	S	5158
مجتبائی	mojtabai,mjtbai	S	5159
قنادی	confectionery,ghnadi	S	5160
انصاریپور	ansaripoor	S	5163
سرایلو	sarailo,srailoo	S	5168
صلحی	solhi,slhi	S	5171
صناعی	sanaei,snai	S	5172
پابرجا	pabarja,pabrja	S	5174
فرحمند	farahmand,frhmnd	S	5175
راهنما	rahnama,rahnma	S	5176
بابامرادی	babamradi	S	5179
تمجیدی	tamjidi,tmjidi	S	5180
برازجانی	barazjani,brazjani	S	5181
حکمی	hokmi,hkmi	S	5183
حیدرآبادی	haiderabadi,hidrabadi	S	5184
باقرنیا	baghernia,baghrnia	S	5185
قضاوی	qazavi,ghzavi	S	5186
دامن‌افشان	damenafshan,damnafshan	S	5189
آذرخوش	azrkhosh	S	5190
فریسات	farisat,frisat	S	5194
زرگران	zargaran,zrgran	S	5195
جباریان	jabarian,jbarian	S	5196
روهینا	rohina,roohina,ruhina	S	5197
دالائی	dalai	S	5198
متولیان	motavalian,mtoolian	S	5199
جانبازی	janbazi	S	5202
آبی	aby,abi,aabi	S	5203
ارسلانی	arsalani,arslani	S	5204
بهجت	behjat,bhjt	S	5207
آخرتی	akhirati,akhrti	S	5209
ظفرآبادی	zafarabadi,zfrabadi	S	5210
پشمکی	pashmaki,pshmki	S	5211
احمدبیگی	ahmadbeigi,ahmdbigi	S	5212
سقر	saqr,sghr	S	5213
جمشیدوند	jamshidvand,jmshidoond	S	5214
بریسم	barism,brism	S	5215
پورشمسی	pourshamsi,poorshmsi	S	5216
امیرنژاد	amirnejad,amirnzhad	S	5217
پنق	pangh,pngh	S	5218
دولابی	dolabi,doolabi	S	5220
کلالی	kolali,klali	S	5222
قدیریان	ghadirian,ghdirian	S	5223
آسیائی	asian,asiai	S	5226
پورقاسمی	pourghasemi,poorghasmi	S	5227
دررودی	dorrudi,drroodi	S	5228
ایجادی	ejadi,aijadi	S	5229
ورناصری	vornaasari,varnasri	S	5230
مخبری	mokhaberi,mkhbri	S	5231
پیرا	pira	S	5232
کسائیان	kassaiyan,ksaian	S	5233
ده‌نمکی	dehnamaki,dhnmki	S	5235
ملامحمدی	malemohammadi,mlamhmdi	S	5236
اندیشه	andisheh,andishe	S	5237
برین	barin,brin	S	5238
آرمین	armin	S	5239
فرخاری	farakhari,frkhari	S	5240
قیسوندی	ghaisvandi,ghisoondi	S	5241
تهوری	taheri,thoori	S	5243
شاهرخ	shahrokh,shahrkh	S	5244
نورزاد	noorzad	S	5245
مطلق	motlagh,mtlgh,motlaq	S	5246
رضاسلطانی	rzasltani	S	5247
سوداگر	soodagar,soodagr	S	5248
کسکنی	kaskani,kskni	S	5250
سوقی	soghi,sooghi	S	5252
روشی	roushi,rooshi	S	5254
کریمخانی	karimkhani,krimkhani	S	5255
سرمست	sarmast,srmst	S	5256
ملایجردی	malayerdi,mlaijrdi	S	5257
میررضائی	mirrazaei,mirrzai	S	5258
اندرز	andarz,andrz	S	5259
آقاملائی	aghamalai,aghamlai	S	5260
دورودیان	doroudian,dooroodian	S	5261
جنابی	jahani,jnabi	S	5262
پولادیان	poladian,pooladian	S	5263
هویدا	hoveyda,hooida,havida	S	5266
ابوچناری	abuchanari,aboochnari	S	5267
جمور	jamoor,jmoor	S	5269
بادپر	badpar,badpr	S	5270
اعتباری	e'tebari,atbari	S	5271
بهراد	behrad,bhrad	S	5272
زهری	zahri,zhri	S	5274
رئوف	raouf,rvf,rauf	S	5276
افکار	afkar	S	5278
مبین	mobin,mbin	S	5279
تدینی	tadini,tdini	S	5281
ناظر	supervisor,nazr,nazir	S	5282
بادسار	badsar	S	5283
آزادمنجیری	azadmanjiri,azadmnjiri	S	5284
میرصالحی	mirsalhi	S	5285
آهنگ	ahang,ahng	S	5287
شکوه	shokouh,shkooe,shokuh	S	5288
دستی	dasti,dsti	S	5295
عاقل	wise,aaghl,aghel	S	5296
میرحیدری	mirheidari,mirhidri	S	5298
شفاعتی	shafaeati,shfati	S	5299
جزینی	jazini,jzini	S	5300
مرعی	mar'ei,mri	S	5301
رمضانخانی	ramazankhani,rmzankhani	S	5302
ریماز	rimaz	S	5304
چوبینه	choubineh,choobine,chobineh	S	5305
الطافی	altafian,altafi	S	5306
حقیقت‌جو	haqiqatoju,hghightjoo	S	5308
اسدبیگی	asadbeigi,asdbigi	S	5309
بادفر	badfar,badfr	S	5310
ایمانیان	imanian,aimanian	S	5312
رامشک	rameshka,ramshk	S	5313
مشفقی	moshfeghi,mshfghi	S	5314
عتیقی	atiqi,atighi	S	5315
عربعامری	arbamri	S	5316
بنیانی	bonyani,bniani	S	5318
حقیری	haghighi,hghiri	S	5319
کول	cool,kool	S	5320
رودکی	rudaki,roodki	S	5322
بهزادیان	behzadian,bhzadian	S	5327
ارازی	arrazi,arazi	S	5329
سرودی	saroudi,sroodi	S	5330
ابوبکری	aboubakri,aboobkri	S	5333
سپاسی	sepasi,spasi	S	5334
نگارستانی	negarstani,ngarstani	S	5335
اروانه	arvaneh,arvane	S	5337
تلیکانی	talekani,tlikani	S	5338
آسیابانی	asiabani	S	5341
عالیشوندی	alishvandi,aalishoondi	S	5342
پیکری	peikari,pikri	S	5343
فرشچی	farshchi,frshchi	S	5345
سیداحمدی	sidahmdi	S	5348
توان	tvan,tavan	S	5349
پارسانیا	parsania	S	5350
سوقندی	soghandi,sooghndi	S	5351
بشردوست	bshrdoost	S	5353
قنبرنژاد	ghanbarnejad,ghnbrnzhad	S	5354
اطیابی	atyabi,atiabi	S	5355
لاله	tulip,lale	S	5360
عبائی	abayi,abai	S	5362
جلیزی	jalizi,jlizi	S	5363
گشتیل	gashtil,gshtil	S	5364
پورکاظمی	pourkazemi,poorkazmi	S	5365
کارگرفرد	kargarfard,kargrfrd	S	5367
عارفیان	arefian,aarfian	S	5368
نظمی	nazemi,nzmi	S	5369
پیرو	peyro,piroo	S	5372
قلی	gholi,ghli	S	5377
قندالی	ghandali,ghndali	S	5378
تمری	tamri,tmri	S	5380
پورولی	pourvali,poorooli	S	5383
مسروری	masrouri,msroori	S	5384
زادمهر	zadmehr,zadmhr	S	5385
سرکاری	sarkari,srkari	S	5387
مشکل‌گشا	moshkelgusha,mshklgsha	S	5388
خوشی	khushi,khoshi	S	5389
صرامی	saramy,srami	S	5390
لموچی	lamuhi,lmoochi	S	5394
قادرپناه	ghadirpanah,ghadrpnae	S	5396
ساغری	saghari,saghri	S	5397
پژوهنده	researcher,pzhvhnde,pazhuhande	S	5399
عبداللهیان	abdollahian,abdallhian	S	5401
صفارزاده	saffarzadeh,sfarzade	S	5403
سخاوت	sakhaavat,skhavt,sakhavat	S	5405
میناخانی	minakhani	S	5407
خاوند	khawand,khavnd	S	5408
چاری	chari	S	5410
مختارآبادی	mokhtarabadi,mkhtarabadi	S	5411
اعتمادیان	etemadian,atmadian	S	5412
الفت	alfat,alft,olfat	S	5414
جناب	gentleman,jnab,janab	S	5417
خسروزاده	khosrowzadeh,khsroozade	S	5418
کوه‌نشین	koohnshin,kuhneshin	S	5424
کرزبر	karzbar,krzbr	S	5427
رفاهی	rafahi,rfahi	S	5431
آقاعلی	aghali	S	5433
سینا	sina	S	5435
طلاوری	talavari,tlavri	S	5437
جاویدپور	javidpour,javidpoor	S	5438
فقهی	faghihi,fghhi	S	5439
تیمورپور	timourpour,timoorpoor	S	5441
حقوقی	hoghooghi,hghooghi	S	5443
مهرور	mehrvar,mhroor	S	5445
دارابیان	darabian	S	5447
بهاروندی	baharvandi,bharoondi	S	5448
کهندل	khandal,khndl	S	5451
چرمی	charmi,chrmi	S	5452
عبادیان	abadian	S	5454
آزرم	azarm,azrm	S	5456
فولادیان	fouladian,fooladian	S	5457
راستاد	rastad	S	5459
طهمورثی	tahmouri,thmoorsi	S	5461
انفرادی	individual,anfradi	S	5463
مردان	mardan,mrdan	S	5464
فیروزه	turquoise,firooze,firuze,firoozeh	S	5465
بوربوراژدری	borborajdari,boorboorazhdri	S	5466
سایری	sayyari,sairi	S	5467
شفیقی	shafighi,shfighi	S	5468
علیزهی	alizai,alizhi	S	5471
مقبلی	maqbali,mghbli	S	5473
قلعهء	castle,ghlh	S	5474
ناظریه	nazariyeh,nazrie	S	5475
محمدمیرزائی	mhmdmirzai	S	5476
رنود	rahnoud,rnood	S	5477
دزفولی	dezfuli,dzfooli	S	5478
بهزادفر	behzadfar,bhzadfr	S	5479
فخرپور	fakhrpour,fkhrpoor	S	5481
میردیلمی	mirdilmi	S	5486
رمزی	ramzi,rmzi	S	5487
شیخان	sheikhan,shikhan	S	5488
رزمخواه	razmkah,rzmkhoae	S	5489
افشارزاده	afsharzadeh,afsharzade	S	5490
استخری	ostakhri,astkhri	S	5491
غمشادزهی	ghamshadzehi,ghmshadzhi	S	5492
بدر	badr,bdr	S	5495
ادیبان	adiban	S	5496
باختر	bakhtar,bakhtr	S	5497
باصولی	basuli,basooli	S	5499
پیرنیا	pirnia	S	5500
جزائری	jazayeri,jzari	S	5502
بالازاده	balazadeh,balazade	S	5503
ازبک	uzbek,azbk	S	5504
سیدنژاد	seyednejad,sidnzhad	S	5508
اصولی	osuli,asooli	S	5509
چابوک	chabok,chabook	S	5510
انصافی	ansari,ansafi	S	5512
سمنانی	semnani,smnani	S	5515
عفیفی	afifi	S	5517
دوجی	dooji	S	5520
عمرزهی	omruzahi,amrzhi	S	5521
کریمان	kariman,kriman	S	5526
محجوبی	mahjoubi,mhjoobi	S	5527
بناری	benari,bnari	S	5529
خطیری	khateri,khtiri	S	5532
بندی	bandai,bndi	S	5537
مانیانی	maniani	S	5538
اشجعی	ashjayi,ashji	S	5539
برزنگ	barzang,brzng	S	5540
میلادی	miladi	S	5541
میرمعینی	mirma'ini,mirmini	S	5544
نژادحسینی	nzhadhsini	S	5549
وکیلیان	vakilian	S	5550
رازه	raze	S	5551
بیضاوی	beydavi,bizavi	S	5552
قضائی	qazai,ghzai	S	5553
اشعری	ashari,ashri	S	5554
دشتستانی	dashtestani,dshtstani	S	5556
ضامنی	zamani,zamni	S	5557
خورشید	sun,khorshid	S	5558
بیاری	biyari,biari	S	5560
طاهرلو	taherloo,tahrloo	S	5561
دبیریان	dabirian,dbirian	S	5562
قزوینهء	qazvineh,ghzooinh	S	5563
خوش‌سیما	khoshsima	S	5566
ماهر	maher,mahr	S	5567
شاهپوری	shahpoury,shahpoori	S	5570
عموزادخلیلی	amoozadkhlili	S	5572
بکائیان	bakaian,bkaian	S	5576
اکرادی	ekraadi,akradi	S	5578
سمندری	samandari,smndri	S	5580
کوشکباغی	koshkbagi,kooshkbaghi	S	5582
نیاستی	niyasti,niasti	S	5583
صادقپور	sadeghpour,sadghpoor	S	5584
مهرآئین	mehrain,mhrain	S	5585
سلاق	selaq,slagh,salagh	S	5586
منظوری	manzoori,mnzoori	S	5588
بندار	bandar,bndar,bondar	S	5589
رادان	radan	S	5590
قمبری	ghomari,ghmbri	S	5591
بیابان‌گرد	biabangrd	S	5592
زعفرانیه	saffronia,zfranie	S	5593
علیمی	alimi	S	5595
عزیز	aziz	S	5597
دستگیر	dastgireh,dstgir,dastgir	S	5598
دوامی	dovami,dvami	S	5599
هوائی	havayi,hvai	S	5600
میرعمادی	miramadi,mirmadi	S	5601
هلاکو	halaku,hlakoo,holaku	S	5602
همرنگ	hmrng	S	5605
دروکی	darouki,drooki	S	5607
فخرالدینی	fkhraldini	S	5608
بیرمی	birami,birmi	S	5609
بخشوده	bakhshoudeh,bkhshoode	S	5610
نیکی	niki	S	5611
فرطوسی	fartousi,frtoosi	S	5612
چعباوی	chabavi,chbavi	S	5613
نگاری	negari,ngari	S	5614
پاداشی	padashei,padashi	S	5615
کارکن	karkon,karkn	S	5621
مهدیلو	mahdiloo,mhdiloo	S	5622
افروشه	afroosheh,afrooshe,afrusheh	S	5624
بانی	bani	S	5626
زاکری	zakeri,zakri	S	5628
نکوئیان	nekouiyan,nkvian	S	5629
آبورز	abourz,aboorz	S	5630
بنی‌هاشم	bnihashm	S	5631
فروزانی	forouzani,froozani	S	5632
پارسانژاد	parsanjad,parsanzhad	S	5633
معروف	famous,mroof,maeruf	S	5635
آسیابان	miller,asiaban	S	5636
الوانی	alvani	S	5637
عنافچه	anavcheh,anafche	S	5638
سخاوتی	sakhavati,skhavti	S	5639
جهانگیرزاده	jahangirzadeh,jhangirzade	S	5643
بنائیان	banayan,bnaian	S	5646
مصدقی	mosaddegh,msdghi	S	5648
فشی	fashi,fshi	S	5650
دارم	daram,darm	S	5651
رودبارانی	roodbarani	S	5652
نفرسفیددشتی	nafrasfiddashti,nfrsfiddshti	S	5653
پنجی	panjii,pnji	S	5656
پورقیومی	pourghiumi,poorghioomi	S	5658
گماری	gomari,gmari	S	5664
میرخانی	mirkhani	S	5665
سپهریان	sepahrian,sphrian	S	5669
ریاضت	riyazat,riazt	S	5670
سکندری	sakandari,skndri	S	5671
فاخری	fakhri	S	5672
الوند	alvand,aloond	S	5673
قراخانلو	gharakhanlu,ghrakhanloo	S	5674
بخت	bakht,bkht	S	5675
مهربخش	mehrbakhsh,mhrbkhsh	S	5676
میرغفاری	mirghafari,mirghfari	S	5678
کایدی	kaidi	S	5680
آبرون	abarun,abroon,abrun	S	5683
صدفی	sadafi,sdfi	S	5685
شوری	shouri,shoori	S	5687
کاردگر	kardgar,kardgr	S	5688
خوبرو	khoobroo,khobroo	S	5691
مرادمند	moradmand,mradmnd	S	5694
ایاز	ayaz,aiaz	S	5697
مهکی	mahaki,mhki	S	5698
سیامکی	siamaki,siamki	S	5702
بابلی	babali,babli,baboli	S	5703
داودوندی	davoodvandi,davdoondi	S	5704
کشت‌گر	keshtegar,kshtgr	S	5705
نیکان	nikaan,nikan	S	5707
مدبری	modabari,mdbri	S	5708
خوشنویسان	khoshnevisan,khoshnooisan	S	5709
ثامنی	samani,samni	S	5711
سخنور	sokhanvar,skhnoor	S	5712
عشرتی	ishrati,ashrti	S	5714
شاملی	shamli	S	5716
مروجی	moraviji,mrooji	S	5718
میرنظامی	mirnazami,mirnzami	S	5720
نژادکورکی	najadkorki,nzhadkoorki	S	5721
استوان	estavan,astvan,ostovan	S	5722
جان‌فزا	janfza	S	5723
هژبر	hajbar,hzhbr,hozhabr	S	5724
باری	bari	S	5726
بلوریان	bolourian,bloorian	S	5728
نشاطی	neshati,nshati	S	5729
داسار	dasar	S	5730
بالاور	balavar,balavr	S	5731
تجدد	tajaddod,tjdd	S	5733
رنجبریان	ranjbarian,rnjbrian	S	5734
خسروشاهی	khosrowshahi,khsrooshahi	S	5736
منصفی	mansafi,mnsfi	S	5737
بابامیر	babamir	S	5739
حیدرپناه	heidarpanah,hidrpnae	S	5740
مولایاری	molaeyari,moolaiari	S	5741
احسان	ehsan,ahsan	S	5744
دنیادیده	worldseen,dniadide	S	5745
منطقی	montaghi,mntghi	S	5746
نیتی	niti	S	5748
یوسفلی	yousefli,ioosfli	S	5749
بشری	bashari,bshri,boshra	S	5750
مشعشعی	shamshiri,mshshi	S	5753
خوشابی	khoshabi	S	5755
بهداروندی	behdarvandi,bhdaroondi	S	5756
پورسعید	poursaeed,poorsid	S	5757
محمدخواه	mohammadkhah,mhmdkhoae	S	5758
رؤفی	roofigi,rfi	S	5759
درفش	darefsh,drfsh,derafsh	S	5762
صیاحی	siahari,siahi	S	5763
محمدوند	mohammadvand,mhmdoond	S	5765
شارعی	sharaei,shari	S	5766
رختیانی	rakhtiyani,rkhtiani	S	5768
نقویان	naghavian,nghooian	S	5771
جهانداری	jahandari,jhandari	S	5772
غرابی	ghorabi,ghrabi	S	5773
وجدی	vajdi	S	5774
امیدعلی	omidali,amidli	S	5775
دراهکی	derahaki,drahki	S	5776
سلطانمحمدی	sltanmhmdi	S	5777
سیدالحسینی	sidalhsini	S	5778
دسومی	dasumi,dsoomi	S	5779
مسعودنیا	masoudnia,msoodnia	S	5780
سیدابراهیمی	sidabrahimi	S	5781
پوراکبری	pourakbari,poorakbri	S	5784
بالارستاقی	balarestaghi,balarstaghi	S	5785
افضل	afzal,afzl	S	5786
پاکیزه	pakizeh,pakize	S	5790
تهامی	tahami,thami	S	5791
تجویدی	tajvidi,tjooidi	S	5793
بهرام	bahram,bhram	S	5798
کرملو	karmelou,krmloo	S	5801
می‌انجی	mianji	S	5802
بابک	babak,babk	S	5804
چقازردی	chaghazardi,chghazrdi	S	5810
هزارجریبی	hezarjeribi,hzarjribi	S	5811
دارش	darash,darsh	S	5812
باسامی	basami	S	5813
قاطع	decisive,ghat,ghat'eh	S	5814
روا	rava,rva	S	5815
جعاوله	javaheri,javle	S	5817
سالارزاده	salarzadeh,salarzade	S	5818
دولتیاری	dolatyari,dooltiari	S	5819
جاویدفر	javidfar,javidfr	S	5820
بیدل	bidel,bidl	S	5822
رامشگر	ramshgar,ramshgr	S	5823
فواضلی	favazi,fvazli	S	5826
رسا	rasa,rsa,resa	S	5828
قصری	qasri,ghsri	S	5829
خلیق	khaligh,khligh	S	5832
معرف	moaref,mrf,ma'ref	S	5834
کبیر	kabir,kbir	S	5835
خوبیاری	khobiari	S	5836
ایزدیان	izadyan,aizdian	S	5838
القاصی	alqasi,alghasi	S	5839
حجاری	hajari,hjari	S	5841
قرائتی	ghorayti,ghrati	S	5843
لواسانی	lavasani,lvasani	S	5844
شهباززاده	shahbazadeh,shhbazzade	S	5845
گرمسیری	tropical,grmsiri	S	5846
سیاسر	siasar,siasr	S	5850
شحیطاط	shahitat,shhitat	S	5853
اورکی	oraki,aoorki	S	5854
کمایستانی	kamaistani,kmaistani	S	5855
شیریان	shirian	S	5858
عبدالتاجدینی	abdoltajedini,abdaltajdini	S	5862
دبیر	dabir,dbir	S	5865
بهفر	behfar,bhfr	S	5866
دستورانی	dastoorani,dstoorani	S	5867
ازکات	azkat	S	5868
آزادفر	azadfar,azadfr	S	5869
معتضدیان	mo'tazedian,mtzdian	S	5870
ابوالحسینی	aboualhossini,abvalhsini	S	5871
محمدصادقی	mohammadsadeghi,mhmdsadghi	S	5873
دلداری	deldari,dldari	S	5874
مهمان‌نواز	hostfriendly,mhmannvaz	S	5877
نعمتیان	ni'matian,nmtian	S	5878
آریائی	aryai,ariai	S	5882
میرعظیمی	mirazimi,mirzimi	S	5884
شکور	shakur,shkoor	S	5885
نیساری	nisari	S	5886
ربیع	rabii,rbi,rabi	S	5887
اصفهانیان	isfahanian,asfhanian	S	5889
شفاهی	shafahi,shfahi	S	5890
مریخی	marikhi,mrikhi	S	5891
کاوهء	kaveh,kavh	S	5892
پیشوا	pishva	S	5893
نارکی	narki	S	5895
هادیلو	hadilo,hadiloo	S	5897
کوزه‌گر	potter,koozhgr	S	5899
میرقادری	mirghadari,mirghadri	S	5902
پازیار	paziyar,paziar	S	5903
قلاوندی	ghalavandi,ghlavndi	S	5906
میرحسنی	mirhasani,mirhsni	S	5907
بالیده	balideh,balide	S	5908
نادرزاده	naderzadeh,nadrzade	S	5909
بهروان	behrovan,bhrvan	S	5911
تکبیری	takbiri,tkbiri	S	5918
ابویسانی	abouysani,abooisani	S	5922
آقامرادی	aghamradi	S	5924
گل‌افشان	golafshan,glafshan	S	5926
پورمقدم	pourmoghaddam,poormghdm	S	5928
ساردوئی	sardoui,sardvi	S	5929
اینانلومرانلو	einanloumanlou,ainanloomranloo	S	5931
محمودصالحی	mahmoudsalehi,mhmoodsalhi	S	5932
پریشان	parishan,prishan	S	5934
آسا	aasa,asa	S	5935
مهرپویان	mehrpooyan,mhrpooian,mehrpuyan	S	5936
آقابزرگی	aghabzoregi,aghabzrgi	S	5937
تیرانداز	marksman,tirandaz	S	5938
تاب	tab	S	5939
داعی	da'i,dai,daei	S	5940
میرطاهری	mirtaheri,mirtahri	S	5941
واسعی	vasii,vaasi	S	5942
بشکنی	bashkani,bshkni	S	5948
دلاکه	delakheh,dlake	S	5949
دیبائی	dibayi,dibai	S	5951
مالدار	maldar	S	5952
پاسیار	pasiyar,pasiar,pasyar	S	5953
فرامرزپور	farahmarzpour,framrzpoor	S	5957
خوش‌خلق	goodnatured,khoshkhlgh	S	5959
نوزاد	newborn,noozad,navzad	S	5964
خداداده	khodadadeh,khdadade	S	5967
برزگران	barzgaran,brzgran	S	5968
سبزعلیان	sabzaleyan,sbzlian	S	5970
یارلو	yarloo,iarloo	S	5972
تیمار	timar	S	5973
آزادی‌خواه	freedomseeker,azadikhoae	S	5974
مساوات	equality,msavat	S	5975
پژوهان	pazhuhan,pzhvhan	S	5981
میرکمالی	mirkamali,mirkmali	S	5984
شهامت	bravery,shhamt,shahamat	S	5985
بروغنی	borughani,brooghni	S	5986
پیشه‌ور	pishavar,pishhvr,pishevar	S	5987
اردبیلی	ardebili,ardbili	S	5988
آخوند	akhound,akhond	S	5991
عندلیبی	andalibi,andlibi	S	5992
فشکی	fashki,fshki	S	5993
آشناگر	ashnagar,ashnagr	S	5995
نساجی	textile,nsaji	S	5998
رحمی	rahimi,rhmi	S	6000
رزبان	rozban,rzban	S	6003
پورصادق	poursadegh,poorsadgh	S	6006
بکتاش	baktash,bktash	S	6007
کاظمینی	kazemini,kazmini	S	6008
باطبی	batabi,batbi	S	6010
شامرادی	shamradi	S	6011
آرون	aaron,aroon,arun	S	6013
عطاءالهی	atalayhi,ataalhi	S	6014
سالارکریمی	salarkarimi,salarkrimi	S	6015
میرزا	mirza	S	6020
کاکولوند	kakolvand,kakooloond	S	6021
کلهرچگینی	kolahchigini,klhrchgini	S	6023
عیدان	eidan,aidan	S	6025
شیشه‌گر	glazier,shishhgr	S	6026
زورآبادی	zorabadi,zoorabadi	S	6027
شوروزی	shorouzi,shooroozi	S	6028
کامگار	kamgar,kamangar	S	6031
عیسوندزیبائی	aisoondzibai	S	6032
پورحیدر	pourheidar,poorhidr	S	6033
قرنی	gharni,ghrni,ghorni	S	6038
علامی	alami	S	6040
برشان	barshan,brshan	S	6042
قاضوی	qazavi,ghazooi	S	6044
خدادی	khodadi,khdadi	S	6045
ابوئی	aboui,abvi	S	6046
فارغی	faraghi,farghi	S	6049
آشتاب	ashtab	S	6050
شیخیانی	sheikhyani,shikhiani	S	6052
جافری	jafari,jafri	S	6053
بالو	balu,baloo	S	6055
پژوهی	pazhoohi,pzhvhi	S	6056
بوذری	boozari,boozri	S	6058
امیدبخش	hopeful,amidbkhsh,omidbakhsh	S	6061
شکرپور	shokrpour,shkrpoor	S	6062
طاهائی	tahai	S	6063
معقول	rational,mghool	S	6064
بوچانی	boochani	S	6068
مارزی	marzi	S	6069
پیروزمند	victorious,piroozmnd	S	6071
خلیفی	khalifi,khlifi	S	6072
دلنواز	delnavaz,dlnvaz	S	6073
پورصفر	poursafar,poorsfr	S	6075
کلیدری	kalidari,klidri	S	6077
هاشملو	hashmloo	S	6080
دشتیان	dashtian,dshtian	S	6081
فزونی	fazuni,fzooni	S	6083
خانمیرزائی	khanmirzaei,khanmirzai	S	6084
دوست	friend,doost	S	6085
مظفر	mozaffar,mzfr	S	6087
مدانلو	madanlou,mdanloo	S	6089
بنکدار	bankdar,bnkdar	S	6090
عرفان	erfan,arfan	S	6095
فرشید	farshid,frshid	S	6098
مقتدر	moghtader,mghtdr	S	6099
قناعت‌پیشه	qena'atpisheh,ghnatpishe	S	6100
مهنائی	mahnai,mhnai	S	6101
جانباز	janbaz	S	6102
نمازیان	namazian,nmazian	S	6103
فخیره	fakhireh,fkhire	S	6104
امیرسلیمانی	amirsalehmani,amirslimani	S	6105
زورمند	zormand,zoormnd	S	6110
راحتی	rahati,rahti	S	6111
پوراصغر	pourasghar,poorasghr	S	6112
طباطبائیان	tabatabaiyan,tbatbaian	S	6115
امام	imam,amam	S	6117
شادلو	shadlou,shadloo	S	6119
دقیقی	daqiqi,dghighi	S	6122
پورنجف	pournajaf,poornjf	S	6123
یسلیانی	yasalian,isliani	S	6125
خارا	khara	S	6126
ایزدپناهی	izadpanahi,aizdpnahi	S	6128
پاسالاری	pasalari	S	6129
افصحی	afshahi,afshi	S	6131
فخریان	fakhrian,fkhrian	S	6132
عرشی	arshi	S	6133
اخوندی	akhoondi,akhondi	S	6135
قنبرآبادی	ghanbarabadi,ghnbrabadi	S	6137
سیمرغ	simorgh,simrgh	S	6138
مقری	maqri,mghri	S	6139
صیاداربابی	siadarbabi	S	6141
قهرمانلو	ghahremani,ghhrmanloo	S	6143
چوبین	choubin,choobin,chubin	S	6148
اشتیاقی	eshteyaghi,ashtiaghi	S	6149
نشاط	neshat,nshat	S	6150
رجنی	rajni,rjni	S	6151
پرنلو	parnalu,prnloo	S	6152
کهساری	kahsari,khsari	S	6155
نورزائی	noorzai	S	6157
شریعتمداری	shari'atmadari,shritmdari	S	6158
خادملو	khadamloo,khadmloo	S	6159
تحویلیان	tahvilian,thooilian	S	6161
فرامرزیان	farahmarzian,framrzian	S	6162
پورحاجی	pourhaji,poorhaji	S	6163
بهداد	behdad,bhdad	S	6165
کرباسیان	karbasian,krbasian	S	6169
سپاهیان	sepahiyan,spahian	S	6170
قیطانی	qaytani,ghitani	S	6172
حریزاوی	harizavi,hrizavi	S	6176
بینش	insight,binsh,binesh	S	6178
هاشمزهی	hashemzahi,hashmzhi	S	6180
مدهنی	madhani,mdhni	S	6182
نصرت	nasrat,nsrt,nosrat	S	6183
خلوصی	khaloosi,khloosi	S	6184
معرفاوی	morafavi,mrfavi	S	6185
حدادزاده	haddadzadeh,hdadzade	S	6186
بیجنوند	bijanvand,bijnoond	S	6187
موسی	mousavi,moosi,musa,musi	S	6189
تردست	tardast,trdst	S	6190
عصری	asri	S	6194
مقربی	mogharrabi,mghrbi	S	6198
کارگرمحمدآبادی	kargrmhmdabadi	S	6199
پاسبانی	pasbani	S	6200
ارشد	arshad,arshd	S	6201
ارکیان	arakian,arkian	S	6202
سادین	sadine,sadin	S	6203
پریش	parish,prish	S	6204
شادابی	shadabi	S	6205
یارقلی	yarghali,iarghli	S	6206
بهشتیان	behestian,bhshtian	S	6208
پلاشی	polashi,plashi	S	6209
فرحناکی	farahnaki,frhnaki	S	6210
سجاد	sajjad,sjad	S	6212
اشرافی	ashrafi	S	6213
دباغیان	dabbaghian,dbaghian	S	6214
خداخواه	khodakhah,khdakhoae	S	6216
عطاران	attaran,ataran	S	6217
جزی	jazi,jzi	S	6219
قزوینیان	qazvinian,ghzooinian	S	6220
اخروی	akhrouyi,akhrooi	S	6224
ساسان	sasan	S	6225
خوش‌رفتار	khushraftar,khoshrftar	S	6226
طبرسا	tabarsa,tbrsa	S	6228
بکری	bakri,bkri	S	6229
مهرآوران	mehravaran,mhravran	S	6232
پورابراهیمی	pourabrahimi,poorabrahimi	S	6233
شاپورجانی	shapourjani,shapoorjani	S	6235
اظهری	azari,azhri	S	6236
گله‌دار	gholledar,glhdar	S	6238
تاج	crown,taj	S	6239
امیرسرداری	amirsardari,amirsrdari	S	6241
تنیده	tangled,tnide	S	6242
ابوفاضلی	abufazli,aboofazli	S	6243
چالاک	chalak	S	6244
مجنون	majnun,mjnoon	S	6245
قیطولی	gheituli,ghitooli	S	6246
فاخر	fakher,fakhr	S	6248
برخورداربرواتی	barkhordarboravati,brkhordarbrvati	S	6250
غضنفرپور	ghazanfarpour,ghznfrpoor	S	6251
قوچانی	ghoochani	S	6252
رنجبراسلاملو	rnjbraslamloo	S	6253
عبادزاده	abadzade	S	6255
تارخ	tarikh,tarkh,tarokh	S	6256
کردجزی	kordjazi,krdjzi	S	6260
تنگسیری	tangseiri,tngsiri	S	6261
ارم	arm,eram	S	6266
خلوتی	khalvati,khlooti	S	6268
قیامی	qiyami,ghiami	S	6273
عتابی	attabi,atabi	S	6275
قادرنژاد	ghadirnejad,ghadrnzhad	S	6276
آچاک	achak	S	6277
چپرلی	chapari,chprli	S	6280
هرندی	hosseini,hrndi	S	6281
فدائیان	fedayeen,fdaian	S	6283
قارزی	qarzi,gharzi	S	6286
کوگیرچگینی	kougeirchagini,koogirchgini	S	6287
میربابائی	mirbabayi,mirbabai	S	6289
مجتهدزاده	mojtahidzadeh,mjthdzade	S	6291
خوری	khouri,khori	S	6293
تبرائی	tabrizi,tbrai	S	6294
قناد	confectioner,ghnad	S	6298
مریدزاده	mridzade	S	6299
اورجی	orji,aoorji	S	6303
علاءالدینی	alaeddini,alaaldini	S	6305
بزرافشان	bazarafshan,bzrafshan	S	6306
گیلک	gilk	S	6307
بیاتانی	beyatani,biatani	S	6308
صحنهء	sahneh,shnh	S	6312
بیرقی	biraghi,birghi	S	6315
پسند	pasand,psnd	S	6318
ساورعلیا	savrlia	S	6319
پورهادی	pourhadi,poorhadi	S	6320
داغستانی	dagestani,daghstani	S	6321
پیشگر	pishgar,pishgr	S	6324
عبدالرحمانی	abdalrhmani	S	6325
رمیار	ramyar,rmiar	S	6327
زاغیان	zaghiyan,zaghian	S	6328
ایرانپورمبارکه	airanpoormbarke	S	6329
شکرگذار	shokrgozar,shkrgzar	S	6331
زرنگار	zrngar	S	6335
رادی	radi	S	6336
میرجانی	mirjani	S	6337
پیکر	body,pikr,peikar	S	6338
حنیفهء	hanifeh,hnifh	S	6339
کوشش	koushesh,kooshsh,kushesh	S	6340
تاجمیرریاحی	tajmiriyahi,tajmirriahi	S	6341
گرانمایه	garanmaiyeh,granmaie,geranmayeh	S	6342
ستار	star,sattar	S	6344
رضاوند	razavand,rzavnd	S	6345
پشاآبادی	pashaabadi,pshaabadi	S	6348
معارفوند	maarefand,marfoond	S	6349
محمدظاهری	mhmdzahri	S	6351
وحیدنیا	vahidinia,vahidnia	S	6352
کاشکی	kashki	S	6353
پیر	pir	S	6354
زره‌پوش	armored,zrhpoosh	S	6357
محمدیانی	mohammadian,mhmdiani	S	6359
جهانفر	jahanfar,jhanfr	S	6361
باپیری	bapiri	S	6362
هاتف	hatef,hatf	S	6363
رهی	rahi,rhi	S	6364
کارآموزیان	karamoozian	S	6365
صیدانلو	seydanlu,sidanloo	S	6366
تهرانی	tehrani,thrani	S	6367
شفاعی	shafa'i,shfai	S	6370
علاءالدین	alauddin,alaaldin,alaoddin	S	6371
شهریار	shahryar,shhriar	S	6372
فردین	fardin,frdin	S	6373
سدنی	sydney,sdni	S	6374
زهرابی	zahraei,zhrabi	S	6375
پذیره	pazireh,pzire,pazire	S	6377
نظر	nazr,nzr,nazar	S	6378
البرز	alborz,albrz	S	6379
مسگر	blacksmith,msgr,masgar	S	6380
نیکجو	nikjou,nikjoo,nikju	S	6381
سیادتی	seyadati,siadti	S	6384
اخترشناس	astronomer,akhtrshnas	S	6385
وظیفه‌شناس	vazifhshnas	S	6388
گرگ	wolf,grg	S	6391
مقتدائی	moqaddai,mghtdai	S	6394
جانقلی	jangali,janghli	S	6397
ارغوان	arghavan,arghvan	S	6399
خاری	khari	S	6400
شمشادی	shamshadi,shmshadi	S	6401
پزشک	physician,pzshk	S	6402
دهقانپور	dehghanpour,dhghanpoor	S	6404
ملیحی	malihi,mlihi	S	6405
کوه‌نورد	mountaineer,koohnoord	S	6406
تیما	tima	S	6408
رنجبرکبوترخانی	rnjbrkbootrkhani	S	6410
صوری	souri,soori	S	6411
بالوئی	balooei,balvi	S	6414
اختر	akhtar,akhtr	S	6416
قابل	qabel,ghabl,ghabel	S	6418
سربندی	sarbandi,srbndi	S	6420
گشتی	gashti,gshti	S	6421
سلاقی	slaghai,slaghi	S	6422
چناقچی	chanaqchi,chnaghchi	S	6425
میرزانژاد	mirzanejad,mirzanzhad	S	6426
فلاحت	falahat,flaht	S	6429
بلیده	bolidah,blide	S	6431
قریبی	gharibi,ghribi	S	6432
برکتی	barakati,brkti	S	6435
ملانوروزی	malanorouzi,mlanooroozi	S	6436
آزور	azour,azoor	S	6437
برسلانی	barsalani,brslani	S	6438
درتاج	dartaj,drtaj	S	6439
لکی	laki,lki	S	6441
مهریزی	mehrizi,mhrizi	S	6442
تناور	tanavar,tnavr	S	6443
بوشهری	busheri,booshhri	S	6445
بخششی	bakhsheshi,bkhshshi	S	6446
موجرلو	mojarloo,moojrloo	S	6448
فرزادی	farzadi,frzadi	S	6449
شیبانیان	sheibaniyan,shibanian	S	6450
معصوم	masoum,msoom,maesum	S	6451
حق‌طلب	haqtalab,hghtlb	S	6452
بدرقه	badragheh,bdrghe	S	6454
میرآخورلی	mirakhurli,mirakhorli	S	6455
ارسن	arsen,arsn,arsan	S	6457
رادنیا	radnia	S	6460
یاحقی	yahaghi,iahghi	S	6461
پروان	parvan,prvan	S	6463
غلامعلی	gholamali,ghlamli	S	6464
محیطی	mohiti,mhiti	S	6467
شورچهء	shourcheh,shoorchh	S	6468
قرمزی	gharmazi,ghrmzi	S	6469
اشجع	ashghari,ashj	S	6471
معرفی	introduction,mrfi	S	6472
کهنسال	kahansal,khnsal	S	6473
تراب	torab,trab	S	6474
رونما	ronama,roonma	S	6476
دادمهر	dadmehr,dadmhr	S	6477
بافنده	weaver,bafnde	S	6478
قائینی	ghaeeni,ghaini	S	6479
آقانژاد	aqanajad,aghanzhad	S	6480
ازادی	azadi	S	6481
یاراحمدزهی	yarahmadzahi,iarahmdzhi	S	6484
مکری	makri,mkri	S	6487
قوسی	ghousi,ghoosi	S	6490
ریواز	rivaz	S	6492
استادزاده	ostadzadeh,astadzade	S	6493
سرمیلی	sarmili,srmili	S	6495
سیجانی	sajani,sijani	S	6496
آریاپور	ariapour,ariapoor	S	6497
بختیاریان	bakhtiyarian,bkhtiarian	S	6499
داوریان	davarian,davrian	S	6500
نقاش	painter,nghash	S	6502
شرکائی	shirkai,shrkai	S	6503
حمدانی	hamdani,hmdani	S	6504
صیادیان	sayyadian,siadian	S	6505
پاسدار	guardian,pasdar	S	6507
پوریا	pourya,pooria,puriya	S	6511
زواره	zavareh,zvare	S	6513
حدودی	haddoudi,hdoodi	S	6515
اقلیمی	eqlimi,aghlimi	S	6517
خلیلاوی	khalilavi,khlilavi	S	6518
محدثی	mohaddesi,mhdsi	S	6520
دلیجه	delijeh,dlije	S	6521
روزخوش	roozkhush,roozkhosh	S	6522
رشتیانی	reshtiani,rshtiani	S	6523
تونی	toni,tooni	S	6524
خوبان	khoban,khuban	S	6526
گوران	ghoran,gooran,goran	S	6527
شیخیان	sheikhian,shikhian	S	6530
شیروی	sheyravi,shirooi,shiruy	S	6531
پذیرا	pazira,pzira	S	6532
میربلوچ	mirbaloch,mirblooch	S	6533
آزمند	azmand,azmnd	S	6534
پوزش	poozesh,poozsh	S	6535
مرمضی	marmuzi,mrmzi	S	6537
شمخانی	shamkhani,shmkhani	S	6538
شاهوزائی	shahvazai,shahoozai	S	6539
نوبختی	nobakhti,noobkhti	S	6540
سپهرنیا	sepehrnia,sphrnia	S	6541
ظفرمند	zafarmand,zfrmnd	S	6542
فریادی	faryadi,friadi	S	6544
صدرالدینی	sadradini,sdraldini	S	6545
کیهان	universe,kihan,keyhan	S	6547
فراستی	farasti,frasti	S	6548
حاجلو	hajlo,hajloo	S	6550
شریفان	sharifan,shrifan	S	6553
صفاجو	safajoo,sfajoo	S	6554
دقیق	daqiq,dghigh	S	6555
آژیده	azideh,azhide	S	6556
میرزادوستی	mirzadoosti	S	6559
میرسعیدی	mirsaidi,mirsidi	S	6561
مشعوف	moshouf,mshoof	S	6562
کوچک	koochak,koochk,kuchek	S	6567
سلیمانپور	soleimanpour,slimanpoor	S	6568
مرادویسی	moradvasi,mradooisi	S	6569
خانیان	khanian	S	6572
ببری	babbri,bbri	S	6573
مدیرروستا	mdirroosta	S	6574
سالاریه	salariyeh,salarie	S	6575
حملی	hameli,hmli	S	6576
میردریکوندی	mirderikondi,mirdrikoondi	S	6577
پریشانی	parishani,prishani	S	6578
قلعه	castle,ghle	S	6579
سجادپور	sajjadpour,sjadpoor	S	6580
پرستش	worship,prstsh,parastesh	S	6582
هجری	hijri,hjri	S	6585
جان‌نثار	jannsar	S	6586
شهلائی	shahlai,shhlai	S	6591
شمس‌الدین	shamseddin,shmsaldin	S	6592
برزیگر	barzegar,brzigr	S	6593
عنصری	ansari,ansri	S	6594
شکوهمند	shokouhmand,shkoohmnd,shokuhmand	S	6597
بیدقی	bidagi,bidghi	S	6599
صلاحیان	salahian,slahian	S	6600
قشمی	qashmi,ghshmi	S	6602
پورموسی	pourmousi,poormoosi	S	6604
کارگذار	broker,kargzar	S	6606
نجدی	najdi,njdi	S	6607
ملااحمدی	mollaahmadi,mlaahmdi	S	6609
پیوسته	continuous,piooste,peyvasteh	S	6611
یارمحمدزهی	iarmhmdzhi	S	6612
زرودی	zaroudi,zroodi	S	6614
فخر	fakhr,fkhr	S	6617
معظم	moazzam,mzm,moeazzam	S	6619
زبرجد	zabarjad,zbrjd	S	6620
شادمند	shadmand,shadmnd	S	6623
سهندی	sahandi,shndi	S	6626
هفتانی	haftani,hftani	S	6628
بلیدهء	balideh,blidh	S	6629
اردوخانی	ardokhani,ardookhani	S	6630
روتیوندغیاثوند	routivandghyathvand,rootioondghiasoond	S	6631
کچلانلو	kachlanlu,kchlanloo	S	6632
نصیر	nasir,nsir	S	6637
دادستان	prosecutor,dadstan,dadsetan	S	6638
میرزاآقائی	mirzaaghaei,mirzaaghai	S	6639
سمندر	salamander,smndr,samandar	S	6640
مرادنیا	moradian,mradnia	S	6641
فیروزمند	firoozmand,firoozmnd,firuzmand	S	6643
پاک‌دل	purehearted,pakdl	S	6645
بلاغی	balaghi,blaghi	S	6647
دوستانی	doustani,doostani	S	6649
چهاردانگی	chahardangi,chhardangi	S	6650
ایلاتی	eilati,ailati	S	6651
آذرمی	azarmi,azrmi	S	6654
خازنی	khazeni,khazni	S	6658
موذنی	moezani,moozni	S	6662
پورمحمود	pourmahmoud,poormhmood	S	6663
دادخدائی	dadkhodai,dadkhdai	S	6665
ملکزاده	molkzadeh,mlkzade	S	6669
دنیائی	worldly,dniai	S	6670
ثروتی	sarvasti,srooti	S	6671
خیبری	kheibari,khibri	S	6672
آرمات	armat	S	6673
روزگرد	roozgarad,roozgrd	S	6674
سیروسی	siroosi	S	6675
توفیق	tavakol,toofigh,tavfiq,towfigh	S	6678
زیبا	ziba	S	6679
ارشاد	irshad,arshad,ershad	S	6681
تراهی	tarahi,trahi	S	6683
گرمنجانی	garmanjani,grmnjani	S	6684
رفائی	rafai,rfai	S	6685
هجرتی	hojrati,hjrti	S	6689
وردی	vardi	S	6692
معدلی	madali,mdli	S	6693
آدمی	adami,admi	S	6694
غایبی	ghaibi	S	6698
نیک	nik	S	6703
پریدار	paridar,pridar	S	6705
مرادیانی	moradiani,mradiani	S	6706
حسانی	hosseini,hsani	S	6707
ساحلی	sahali,sahli	S	6710
سیدپور	seyedpour,sidpoor	S	6711
میرعباسی	mirabasi,mirbasi	S	6712
رنجبربافقی	rnjbrbafghi	S	6713
فراقی	faraki,fraghi	S	6715
اقتصادی	eqtisadi,aghtsadi	S	6716
بیداری	awakening,bidari	S	6717
سحری	sahari,shri	S	6718
احمدپوری	ahmadpouri,ahmdpoori	S	6719
پسندی	pasandi,psndi	S	6720
امیرتیموری	amirtimori,amirtimoori	S	6721
منزوی	manzavi,mnzooi	S	6724
محمدعلیزاده	mhmdlizade	S	6725
سرائیان	sarayan,sraian	S	6726
قدیانلو	ghadianlou,ghdianloo	S	6733
فیروزنیا	firooznia	S	6734
مرادحاصلی	mradhasli	S	6737
موصلی	mousali,moosli	S	6743
فروزانفر	forouzanfar,froozanfr	S	6747
پیکار	peykar,pikar	S	6752
ابراهمیان	abrahmian	S	6754
امیرلو	amirloo	S	6755
جوام	javam,jvam	S	6757
دانشیار	danshiar	S	6761
تبریزیان	tabrizian,tbrizian	S	6763
سعادتمندی	saeedmandi,sadtmndi	S	6764
مغاری	moghari,mghari	S	6765
زرقی	zarqi,zrghi	S	6766
شیرنژاد	shirnazad,shirnzhad	S	6772
ممشلو	mameshlu,mmshloo	S	6774
آبادهء	abadeh,abadh	S	6777
شانقی	shanqi,shanghi	S	6778
حسنعلی	hosseinali,hsnli,hasanali	S	6780
گیاهی	giyahi,giahi	S	6783
عسکرپورکبیر	askrpoorkbir	S	6784
رستاد	rostad,rstad	S	6785
پرکان	parkan,prkan	S	6788
نادربیگی	naderbeigi,nadrbigi	S	6790
بکائی	bakai,bkai	S	6792
هداوندی	hedayandi,hdavndi	S	6793
عدالت‌خواه	justiceseeker,adaltkhoae	S	6794
فولادزاده	steelson,fooladzade	S	6795
فرشادی	farshadi,frshadi	S	6797
بستام	bastam,bstam,bestam	S	6800
تاراج	taraj	S	6802
نساج	nassaj,nsaj	S	6803
ورزنده	varzandeh,varznde	S	6804
کلاتی	kalati,klati	S	6805
کیوانلو	keyvanloo,kivanloo	S	6806
وهاب	vahab,vahhab	S	6808
ذاکریان	zakerian,zakrian	S	6810
ونکی	vanki	S	6811
تقویان	taqvaan,tghooian	S	6813
قبادیان	ghobadian,ghbadian	S	6815
سنگری	sangari,sngri	S	6817
اندی	andi	S	6820
صبوریان	sabourian,sboorian	S	6821
مجاور	majavar,mjavr	S	6822
تیمورنژاد	timurnajad,timoornzhad	S	6823
نگهدار	negahdar,nghdar	S	6828
رزم‌آرا	razmara,rzmara	S	6830
پژومان	pezhoman,pzhvman	S	6831
رامشی	rameshi,ramshi	S	6832
اجاقلو	ojaghlou,ajaghloo	S	6833
برازش	barazesh,brazsh	S	6835
جوکاردهوئی	jokardehoui,jookardhvi	S	6836
زمزم	zamzam,zmzm	S	6837
معتمدیان	mo'tamedian,mtmdian	S	6839
پرو	parv,proo	S	6841
برفرازی	barfarazi,brfrazi	S	6843
احمری	ahmari,ahmri	S	6844
مطرودی	motarudi,mtroodi	S	6846
تابان	taban	S	6848
ناصربخت	nasrabakht,nasrbkht	S	6850
مشرقی	mashraqi,mshrghi	S	6851
یلمهء	yalmeh,ilmh	S	6854
میرمهدی	mirmohammadi,mirmhdi,mirmohammad	S	6855
نیک‌رفتار	nikraftar,nikrftar	S	6856
خشنودی	khashnoudi,khshnoodi	S	6858
زارعپور	zaripour,zarpoor	S	6860
شکروی	shekaravi,shkrooi	S	6862
امیراصلانی	amirasalani,amiraslani	S	6866
زادسر	zadsar,zadsr	S	6867
روشنگر	roshangar,rooshngr	S	6868
امیرنیا	amirnia	S	6870
ابدی	eternal,abdi	S	6871
احسان‌بخش	ehsanbakhsh,ahsanbkhsh	S	6872
یقینی	yaqini,ighini	S	6873
مستاجران	mastaajaraan,mstajran	S	6874
بذرکار	bzrkar	S	6876
راوش	ravash,ravsh	S	6877
فریدنیا	faridnia,fridnia	S	6878
زکوی	zokuyi,zkooi	S	6880
میرآخوری	mirakhori	S	6883
سبیلی	sibeli,sbili	S	6884
کاریزنوی	kariznovi,kariznooi	S	6886
دادپور	dadpour,dadpoor	S	6887
مشرف	mosharef,mshrf,moshref	S	6892
آزادنیا	azadnia	S	6893
طوری	tori,toori	S	6894
قزلسفلو	ghazalsaflu,ghzlsfloo	S	6895
دوزنده	dooznde	S	6897
ابوذری	abouzeri,aboozri	S	6898
احدیان	ahadian,ahdian	S	6899
صائب	saib,sab,saeb	S	6902
برنده	winner,brnde	S	6904
تامرادی	tameradi,tamradi	S	6906
غلامپور	gholampour,ghlampoor	S	6907
پرهوده	parhodeh,prhoode	S	6908
بنده	bandeh,bnde	S	6909
زمردیان	zamordian,zmrdian	S	6910
گوروئی	goroui,goorvi	S	6913
گلناری	golnari,glnari	S	6918
ارخی	arkhai,arkhi	S	6921
ترکمندی	turkmendi,trkmndi	S	6923
خوش‌طینت	khoshtinat,khoshtint	S	6925
پرهیزی	parhizi,prhizi	S	6927
بیستونی	bistooni	S	6930
مهرکی	mehraki,mhrki	S	6931
یافتیان	yaftian,iaftian	S	6933
شهبازپور	shahbazpour,shhbazpoor	S	6934
مردعلی	mardali,mrdli	S	6936
دسترنج	dastaranj,dstrnj	S	6937
کریمدادی	karimdadi,krimdadi	S	6940
یبلوئی	yabloui,iblvi	S	6941
سردشتی	sardashti,srdshti	S	6942
خداجو	khodajo,khdajoo	S	6947
میرحاج	mirhaj	S	6948
استخر	pool,astkhr	S	6950
شهپری	shahpari,shhpri	S	6951
پاریاد	pariyad,pariad	S	6952
زیودار	ziodar,zioodar	S	6953
احترامی	ehtirami,ahtrami	S	6954
خاجی	khaji	S	6955
مانیان	manian,maniyan	S	6959
جوهر	javhar,joohr,johar	S	6961
سکینی	sakini,skini	S	6962
میرصانع	mirsan	S	6963
فردوسیان	ferdowsian,frdoosian	S	6968
مزارزهی	mazarehi,mzarzhi	S	6970
اسکندرنژاد	eskandarnajad,askndrnzhad	S	6973
ویسمرادی	veismoradi,vaismradi	S	6974
ریزوندی	rizvandi,rizoondi	S	6975
پارساء	parsa	S	6976
داننده	danandeh,dannde,danande	S	6979
حدادپور	haddadpour,hdadpoor	S	6980
اجاق	oven,ajagh,ajaq	S	6981
اژدهاکش	azhdhaksh	S	6982
مشکوری	moshkouri,mshkoori	S	6983
پاد	pad	S	6984
اسدبگی	asadbagi,asdbgi	S	6987
محبت	mohabbat,mhbt	S	6988
حسامپور	hossempour,hsampoor	S	6989
طریقت	tariqat,tright	S	6990
خبیر	khabir,khbir	S	6991
وصال	vesal,vasal	S	6993
لری	lari,lri	S	6994
تشکر	tashakkor,tshkr	S	6995
عمادآبادی	emadabadi,amadabadi	S	6996
بوذرجمهری	boozrjmhri	S	6997
لگزیان	laghzian,lgzian	S	6998
داراب	darab	S	6999
عشاقی	ishaqi,ashaghi	S	7000
محمودنیا	mahmoudnia,mhmoodnia	S	7002
روشن‌روان	roshanzavan,rooshnrvan	S	7004
سامع	sameh,sam,same	S	7005
کرمشاهی	kermanshahi,krmshahi	S	7008
نیکونژاد	nikoonjad,nikoonzhad	S	7009
بیجاری	bijari	S	7011
رمضانلو	ramazanlu,rmzanloo	S	7013
بهادیوندچگینی	bahadivandchagini,bhadioondchgini	S	7014
زبیری	zabiri,zbiri	S	7016
چشمه	cheshmeh,chshme	S	7017
هنرپیشه	actor,hnrpishe	S	7019
مهمدی	mohammadi,mhmdi,mohamadi	S	7022
مددخانی	maddahkhani,mddkhani	S	7023
تسبیحی	tasabihi,tsbihi	S	7024
شاقوزائی	shaghvazai,shaghoozai	S	7029
آزادواری	azadvari	S	7030
دعائی	doa'i,dai	S	7031
اسمعلی	ismaili,asmli	S	7032
اورک	orak,aoork	S	7036
دکالی	dkali	S	7038
چاروسائی	charosai,charoosai	S	7039
هنرمندی	honarmandi,hnrmndi	S	7040
باغیانی	baghiani	S	7042
سوسرائی	sosrai,soosrai	S	7043
درگی	dargi,drgi	S	7044
رفیق	rafiq,rfigh	S	7045
افرند	afarand,afrnd,afrand	S	7046
بارونی	barouni,barooni	S	7047
منشی	manshi,mnshi	S	7050
طرزی	tarzi,trzi	S	7051
درخور	dorkhor,drkhor	S	7053
آبتین	abtin	S	7056
میرمحمدصادقی	mirmhmdsadghi	S	7058
خزاعل	khazaal,khzal,khozail	S	7059
جمشیدنژاد	jamshidinjad,jmshidnzhad	S	7060
مرزوقی	marzoughi,mrzooghi	S	7061
دادگستر	dadgostar,dadgstr	S	7062
مستعلی	mostali,mstli,mosta'li	S	7063
انوشا	anousha,anoosha,anusha	S	7064
پیغامی	payghami,pighami	S	7066
اسیری	asiri	S	7068
منصورپور	mansourpour,mnsoorpoor	S	7070
سوسنی	sosani,soosni	S	7073
بایمانی	baymani,baimani	S	7075
طاهرنیا	tahernia,tahrnia	S	7076
سیلانی	seylani,silani	S	7078
بهرمن	bahraman,bhrmn	S	7079
منتظمی	montazemi,mntzmi	S	7080
منصورنژاد	mansournajad,mnsoornzhad	S	7081
خلفیان	khalafian,khlfian	S	7082
بابالوئی	babalooei,babalvi	S	7084
شلالوند	shalalvand,shlaloond	S	7085
نامجوباغینی	namjoobaghini	S	7086
اسپنانی	espenani,aspnani	S	7087
سودی	soodi,sevdi	S	7089
گنابادی	gonabadi,gnabadi	S	7091
جهرمی	jahromi,jhrmi	S	7093
پری	fairy,pri,pari	S	7094
رستاقی	rastaqi,rstaghi	S	7095
درودگر	darudgar,droodgr	S	7099
شاویسی	shavisi	S	7100
رونده	ravandeh,roonde	S	7102
مغربی	maghrebi,mghrbi	S	7103
سبزیان	sabzyan,sbzian	S	7104
روح‌الامین	ruholamin,roohalamin	S	7106
میردامادی	mirdamadi	S	7107
فارسیان	farsian	S	7109
کثیرلو	katsirloo,ksirloo	S	7111
سخدری	sokhdari,skhdri	S	7112
دحیماوی	dahimavi,dhimavi	S	7113
ظرافت	zarafat,zraft	S	7116
رستمخانی	rustamkhani,rstmkhani	S	7117
ضرونی	zarouni,zrooni	S	7118
بهبود	behbod,bhbood,behbud	S	7119
روکی	rooki	S	7121
بادلی	badli	S	7122
طزری	tazari,tzri	S	7123
مریخ	mars,mrikh,marikh	S	7124
یساقی	yasaghi,isaghi	S	7125
کلاسنگیانی	khalasangiani,klasngiani	S	7126
خوشکام	khoshkam	S	7127
بابامحمدی	babamohammadi,babamhmdi	S	7128
بالنده	balandeh,balnde,balande	S	7129
ملاکی	malaki,mlaki	S	7130
فرخوند	farokhond,frkhond	S	7132
فرزامی	farzami,frzami	S	7133
محمدقلی	mohammadgholi,mhmdghli,mohammadqoli	S	7135
فرهادزاده	farhadzadeh,frhadzade	S	7136
ندیری	naderi,ndiri	S	7138
موفق	movafagh,moofgh,movaffagh	S	7139
پورباقری	pourbagheri,poorbaghri	S	7145
قربانخانی	ghorbankhani,ghrbankhani	S	7146
طیار	tayar,tiar,tayyar	S	7147
نادرخانی	naderkhani,nadrkhani	S	7149
دولتشاه	dolatshah,dooltshae	S	7150
نوریانی	nouriani,nooriani	S	7151
آقازیارتی	aghaziyarti,aghaziarti	S	7152
ثالثی	thalethi,salsi	S	7154
تبار	lineage,tbar	S	7155
شمسعلی	shamsali,shmsli	S	7156
آریانا	ariana,ariyana	S	7157
صف‌شکن	sfshkn	S	7160
امیرحاجلو	amirhajlou,amirhajloo	S	7162
یزدانفر	yazdanfar,izdanfr	S	7164
زندلشنی	zandlashni,zndlshni	S	7166
قلمی	ghalami,ghlmi	S	7167
کاروان	caravan,karvan,karevan	S	7168
شراهی	sharahi,shrahi	S	7170
رازگردانی	razgardani,razgrdani	S	7171
سعیدفر	saeidfar,sidfr	S	7173
سمیع	sami,smi,samie	S	7174
عینعلی	aynali,ainli,ainali	S	7177
خلعتبری	khalatbari,khltbri	S	7178
مجیدپور	majidpour,mjidpoor	S	7180
یکانی	yekani,ikani	S	7181
ایزد	izad,aizd	S	7184
عبادپور	abadpour,abadpoor	S	7185
فرهمندپور	farahmandpour,frhmndpoor	S	7186
توسلیان	tosalian,tooslian	S	7193
پرویزیان	parvizian,prooizian	S	7197
کیادلیری	kiadliri	S	7200
بدخش	badakhsh,bdkhsh	S	7201
اینانلویغمورلو	eynanluighmorloo,ainanlooighmoorloo	S	7203
قربان	qorban,ghrban,ghorban	S	7205
مهتدی	mohtadi,mhtdi	S	7206
شانظری	shanazari,shanzri	S	7207
برهان	burhan,brhan,borhan	S	7208
مرشد	murshid,mrshd,morshed	S	7210
دلارامی	dolarami,dlarami	S	7211
پورسعیدی	poorsidi	S	7212
بحرکاظمی	bahrkazemi,bhrkazmi	S	7215
طغرائی	tghrai	S	7216
توتونچیان	tutunchian,tootoonchian	S	7218
چمن‌آرا	chamanara,chmnara	S	7219
راموز	ramouz,ramooz	S	7220
عبدیزدان	abdizadan,abdizdan	S	7222
مباشرامینی	mobasheramini,mbashramini	S	7223
دستور	dastur,dstoor	S	7224
بالی	bali	S	7225
اسد	asad,asd	S	7227
میرشکارپور	mirshkarpour,mirshkarpoor	S	7229
ارجونی	arjouni,arjooni	S	7230
رابحی	rabahi,rabhi	S	7231
اعتضادی	etezadi,atzadi	S	7234
پشوتن	pushotan,pshootn,pashutan	S	7235
اوحدی	owhadi,aoohdi	S	7236
حامدیان	hamidian,hamdian	S	7238
میرموسوی	mirmousavi,mirmoosooi	S	7239
گرایلو	gharayloo,grailoo	S	7240
بورقی	borghi,boorghi	S	7248
پرهام	parham,prham	S	7252
بلند	boland,blnd	S	7254
غزلی	ghazali,ghzli	S	7261
کهوری	kahvari,khoori	S	7263
دفتری	daftari,dftri	S	7264
دوستکام	doostkam	S	7266
شموسی	shamusi,shmoosi	S	7267
محب	mohabb,mhb,moheb	S	7269
گچلو	gachlou,gchloo	S	7272
بی‌پروا	reckless,biprva	S	7275
سیمی	simi	S	7283
مدملی	modameli,mdmli	S	7284
سخاوی	sokhavi,skhavi	S	7287
زنبوری	zanburi,znboori	S	7293
دیندارلو	dindarloo	S	7294
کریملو	kirmalu,krimloo	S	7295
سلطانمرادی	soltanmoradi,sltanmradi	S	7296
پورغلام	pourgolam,poorghlam	S	7298
سام	sam	S	7300
دلفاردی	delfardi,dlfardi	S	7307
کردآبادی	kordabadi,krdabadi	S	7310
باخدا	bakhdah,bakhda	S	7312
شهدادزهی	shahdadzehi,shhdadzhi	S	7313
برهمن	barhaman,brhmn	S	7317
طایفه	tayefe,taife,tayfeh	S	7318
عزیزنیا	aziznia	S	7319
زرگرزاده	zargarzadeh,zrgrzade	S	7320
دیزجی	dizaji,dizji	S	7321
قلخانباز	gholkhanbaz,ghlkhanbaz	S	7323
انتظامی	entezami,antzami	S	7324
اثباتی	eshbati,asbati	S	7325
قادر	qader,ghadr,ghader	S	7328
آبشاری	abshari	S	7331
کارگرجهرمی	kargarehjahrami,kargrjhrmi	S	7332
پیغمبری	prophetary,pighmbri	S	7335
رنجبرزاده	ranjbarzadeh,rnjbrzade	S	7336
چابکی	agility,chabki	S	7337
مرتضی	morteza,mrtzi,mortaza	S	7338
نور	noor,nor	S	7339
خیراتی	kheyrati,khirati	S	7340
خوش‌بیان	khoshbayan,khoshbian	S	7342
نجم‌آبادی	njmabadi	S	7344
چوکان	chokan,chookan	S	7345
جانمحمدی	janmhmdi	S	7346
اقبالیان	eghbalian,aghbalian	S	7349
هلالات	helalat,hlalat	S	7351
ماهی	fish,mahi	S	7352
خوش‌سیرت	khushsirat,khoshsirt	S	7353
سمیاری	samiari,smiari	S	7354
جاوری	javari,javri	S	7356
احتشام	ehtesham,ahtsham	S	7358
شهرجردی	shahrjardi,shhrjrdi	S	7359
رمضی	ramazi,rmzi	S	7360
عبادتی	ebadati,abadti	S	7362
ماسوری	masouri,masoori	S	7363
فخارزاده	fakharzadeh,fkharzade	S	7365
هیزجی	hezji,hizji	S	7366
شفیق	shafiq,shfigh,shafigh	S	7367
جوزدانی	jozdani,joozdani	S	7371
رضیئی	raziei,rzii	S	7372
خبازیان	khabazian,khbazian	S	7373
میرعلائی	miralayi,mirlai	S	7375
صاحبدل	sahebdel,sahbdl	S	7376
سرآبادانی	sarabadian,srabadani	S	7378
شادمهری	shadmehri,shadmhri	S	7380
لباف	labaf,lbaf	S	7381
خاور	khaavar,khavr,khavar	S	7382
سیدیان	seyedian,sidian	S	7386
جدائی	separation,jdai	S	7389
بذری	bazri,bzri	S	7396
کراری	karari,krari	S	7398
ادیم	adim	S	7399
یارمحمودی	iarmhmoodi	S	7400
عمرزاده	omorzadeh,amrzade	S	7401
قیداری	gheidari,ghidari	S	7402
بادپیما	badpayma,badpima	S	7403
بیطرف	bitaraf,bitrf	S	7404
سلطانعلی	sultanali,sltanli,saltanali	S	7405
مراد	moraad,mrad,morad	S	7406
زبرجدی	zabardadi,zbrjdi	S	7407
مهردوست	mehrdoost,mhrdoost	S	7408
ساریجلو	sarijlu,sarijloo	S	7409
مفید	mofid,mfid	S	7410
آذربهرام	azarbahram,azrbhram	S	7411
درفشان	darafshan,drfshan	S	7413
فرنام	fornam,frnam	S	7414
رزازان	razazan,rzazan	S	7415
شیربندی	shirbandi,shirbndi	S	7416
حسونی	hosseini,hsooni	S	7418
پورسلطانی	poursoltani,poorsltani	S	7423
عبدپور	abdpoor	S	7424
دریابر	daryabar,driabr	S	7426
خوشاب	khoshab	S	7427
کاشانیان	kashanian	S	7433
لاریجانی	larijani	S	7434
افرادی	afradi	S	7437
جوزری	jozari,joozri	S	7438
بادپروا	badparva,badprva	S	7440
نودهانی	nodahani,noodhani	S	7441
باوقارزعیمی	bavqarzayimi,bavgharzimi	S	7442
موجودی	mojoodi,moojoodi	S	7444
مرادبیگی	moradbigi,mradbigi	S	7446
کشته‌گر	killer,kshthgr	S	7447
شاهنده	shahandeh,shahnde,shahande	S	7448
گلکار	golkar,glkar	S	7452
اقدمی	aghdami,aghdmi	S	7453
منیعات	maniat,mniat	S	7457
خیر	kheir,khir	S	7466
رضامند	razamand,rzamnd	S	7468
کفیلی	kafili,kfili	S	7470
رضادوست	razadoost,rzadoost	S	7472
بیدگلی	bidgoli,bidgli	S	7474
سلماسی	slmasi	S	7476
الماسیان	almasian	S	7477
فقانی	faghani,fghani	S	7478
بادامی	badami	S	7479
لایق	layeq,laigh	S	7482
دریادل	daryadel,driadl	S	7485
سامقانی	samghani	S	7486
مینا	mina	S	7488
ناعمی	naemi,nami	S	7489
بهمیاری	behmiyari,bhmiari	S	7492
منوچهر	manouchehr,mnoochhr,manuchehr	S	7494
سردارآبادی	sardarabadi,srdarabadi	S	7495
روانان	ravanian,rvanan	S	7496
خالوندی	khalavandi,khaloondi	S	7497
مونسان	moonsan	S	7500
اسفندانی	esfandani,asfndani	S	7503
نامداریان	namdarian	S	7504
غزی	ghazai,ghzi,ghazi	S	7505
تارم	tarem,tarm	S	7506
تمدنی	tamadani,tmdni	S	7507
تاشک	tashak,tashk	S	7509
کاسب	kaseb,kasb	S	7511
حاجتمند	hajtamand,hajtmnd	S	7513
قلیان	gholian,ghlian	S	7515
فرشیدی	farshidi,frshidi	S	7517
محمدعلیخانی	mhmdlikhani	S	7519
پرندوش	parandoosh,prndoosh	S	7522
آورند	avarand,avrnd	S	7524
تراکمه	tarakmeh,trakme	S	7529
بیاتلو	bayatloo,biatloo	S	7530
فغفوری	faghfoori,fghfoori	S	7532
اجتهادی	ijtahadi,ajthadi	S	7534
مشتاقیان	moshtaqian,mshtaghian	S	7535
شفقت	shafqat,shfght,shafeghat	S	7536
شبستانی	shabestani,shbstani	S	7540
قلوزی	qolozi,ghloozi	S	7541
قهرمانیان	ghahremanian,ghhrmanian	S	7542
مرنگی	morangi,mrngi	S	7543
رزانی	rozani,rzani	S	7545
جلایری	jalaeiri,jlairi	S	7547
میراسماعیلی	mirasmaeili,mirasmaili	S	7548
آذربار	azarbar,azrbar	S	7554
نورافشان	nourafshan,noorafshan	S	7556
نورآذر	noorazar,noorazr	S	7557
بنویدی	banavidi,bnooidi	S	7559
مولا	mola,moola	S	7561
اسیوند	asioond	S	7562
مرادزهی	moradzehi,mradzhi	S	7563
پورباقر	pourbagher,poorbaghr	S	7564
پریزاد	parizad,prizad	S	7565
وحیددستجردی	vahiddstjrdi	S	7567
اعزازی	azazi	S	7568
ذکاوت	zekavat,zkavt	S	7571
خیرخواهان	khirkhoahan	S	7572
ملازینل	malazinel,mlazinl	S	7573
نیکپور	nikpour,nikpoor	S	7574
کروشاوی	karushavi,krooshavi	S	7576
حجت	hojjat,hjt	S	7577
پندار	pendar,pndar	S	7578
مقدری	moghaddari,mghdri	S	7579
نیازیان	niyazian,niazian	S	7582
استقلال	independence,astghlal	S	7583
رحیم	rahim,rhim	S	7584
جمهوری	jomhouri,jmhoori	S	7588
حمیدنژاد	hamidnejad,hmidnzhad	S	7592
پورجم	pourjam,poorjm,poojom	S	7593
افشارونگینی	afsharungini,afsharoongini	S	7595
آباریان	abarian	S	7597
نقدعلی	naghali,nghdli	S	7599
ارجمندنیا	arjmandnia,arjmndnia	S	7600
شفق	shafaq,shfgh,shafagh	S	7602
سواره	savareh,svare	S	7609
پورصادقی	poorsadghi	S	7612
شاهیوندی	shahyavandi,shahioondi	S	7613
صابونی	sabouni,sabooni	S	7615
صامتی	samati,samti	S	7616
دارمی	darmi	S	7618
کاوئی	kaveh,kavi	S	7620
کبودوند	kaboudvand,kboodoond	S	7622
خوب	good,khob	S	7623
گنجهء	ganjeh,gnjh	S	7626
تختی	takhti,tkhti	S	7627
نافعی	nafa'i,nafi	S	7629
خوران	khoran	S	7631
شماخی	shomakhi,shmakhi	S	7632
جعفر	jafar,jfr,jaefar	S	7633
جمالوند	jamaland,jmaloond	S	7635
میمندی	meymandi,mimndi	S	7639
الیکائی	alaikai,alikai	S	7640
معانی	meanings,mani	S	7641
شاداب	shadab	S	7642
درخشیده	darakhshideh,drkhshide	S	7646
نجابت	nobility,njabt,najabat	S	7647
اسپید	speed,aspid	S	7649
دینار	dinar	S	7650
ساسولی	sasouli,sasooli	S	7652
نجاران	carpenter,njaran	S	7654
هردان	herdan,hrdan	S	7655
بهنامی	behnami,bhnami	S	7656
لازمی	lazemi,lazmi	S	7657
کارگربرزی	kargarbarzi,kargrbrzi	S	7658
مهرشاد	mehrshad,mhrshad	S	7659
سروریان	sarvarian,sroorian	S	7662
جماعتی	jamati,jmati	S	7663
افتخاریان	aftokharian,aftkharian	S	7666
خانگاه	khankah,khangae	S	7669
فرازنده	farazandeh,fraznde,farazande	S	7671
قنادیان	qanadian,ghnadian	S	7672
میرآبادی	mireabadi,mirabadi	S	7673
جانجان	janjan	S	7676
سورنی	sourani,soorni	S	7682
آوازه	avazeh,avaze	S	7684
محمدپوری	mhmdpoori	S	7685
باوندی	bavandi,bavndi	S	7688
رکابی	rokabi,rkabi	S	7689
تکاور	takavor,tkavr,takavar	S	7692
حکیم	hakim,hkim	S	7694
انباز	anbaz	S	7696
ازوجی	azouji,azooji	S	7697
شمسیان	shamsian,shmsian	S	7698
باستی	basti	S	7700
بیگوند	bigvand,bigoond	S	7701
اکاتی	ekati,akati	S	7702
شرفیان	sharafian,shrfian	S	7703
نقیب	naqib,nghib,naghib	S	7705
پژوم	pazhum,pzhvm	S	7706
توحیدیان	tavakolian,toohidian	S	7708
آذرآئین	azarain,azrain	S	7711
تفکری	tafakori,tfkri	S	7713
پورمعصومی	pourmasoumi,poormsoomi	S	7717
وفائیان	vafaian	S	7719
خوشنواز	khoshnavaaz,khoshnvaz	S	7720
بلادی	beladi,bladi	S	7722
ترامشلو	tarmeshloo,tramshloo	S	7723
شکرریز	shokriz,shkrriz	S	7725
کفائی	kafa'i,kfai	S	7726
صفیاری	safiyari,sfiari	S	7728
تاجداری	tajdari	S	7731
شناور	shenavar,shnavr	S	7732
برمک	barmak,brmk	S	7733
تبیانیان	tabyanian,tbianian	S	7734
پورمراد	pourmorad,poormrad	S	7736
وندائی	vandayi,vandai	S	7740
ذکری	zokri,zkri,zekra	S	7741
امانت	amanat,amant	S	7743
رشادی	roshadi,rshadi	S	7744
سبحانیان	sobhanian,sbhanian	S	7747
پوردهقان	pordehghan,poordhghan	S	7748
ستاریان	setarian,starian	S	7749
پورعسکری	pouraskari,poorskri	S	7750
شیوا	shiva	S	7751
میروکیلی	mirokili,mirookili	S	7752
مولازاده	moulazadeh,moolazade	S	7754
مبصری	mobaseri,mbsri	S	7755
شاه‌پرست	shahparast,shahprst	S	7756
دلشادی	delshadi,dlshadi	S	7758
صدخروی	sadeghrouhi,sdkhrooi	S	7763
عظمتی	azamati,azmti	S	7765
نجارپور	najarpour,njarpoor	S	7767
چنگائی	changai,chngai	S	7769
ولیدی	vahidi,validi	S	7770
دوستوندی	doustvandi,doostoondi	S	7771
میردادی	mirdadi	S	7772
پوستی	pusti,poosti	S	7773
طبیبیان	tabibian,tbibian	S	7774
جریده	jarideh,jride	S	7775
اسکو	asko,askoo	S	7776
ثباتی	sabeti,sbati	S	7777
نجیب	najib,njib	S	7778
موجی	moji,mooji	S	7779
اکبر	akbar,akbr	S	7780
امیدزاده	omidzadeh,amidzade	S	7784
امانیان	amanian	S	7785
هنردوست	artlover,hnrdoost	S	7788
آین	ain,ayin	S	7789
ذوالفقار	zolfaqar,zvalfghar,zolfeghar	S	7795
دامیار	damyar,damiar	S	7797
رنج‌کش	ranjkash,rnjksh	S	7798
شایقی	shayegi,shaighi	S	7800
شکیبی	shakibi,shkibi	S	7808
انجیدنی	anjidani,anjidni	S	7809
پیروزفر	piroozfar,piroozfr	S	7810
مصلائی	mosallayi,mslai	S	7811
زلیکانی	zalikhani,zlikani	S	7814
پورصالحی	poorsalhi	S	7815
منیدری	moniri,mnidri	S	7817
نیکوفر	nikoofer,nikoofr	S	7818
پویافر	puyafar,pooiafr	S	7819
بلندنظر	tallminded,blndnzr	S	7821
زاهری	zaheri,zahri	S	7822
مقنی	moghni,mghni	S	7826
گرجیان	gurjian,grjian	S	7827
حاجیلوئی	hajiloui,hajilvi	S	7828
ذبیحیان	zabihian,zbihian	S	7830
آذربرزین	azarbarzin,azrbrzin	S	7831
خورشیدسوار	khorshidsavar,khorshidsvar	S	7833
زرگریان	zargarayan,zrgrian	S	7835
معدندار	madandar,mdndar	S	7837
نارنجی	naranji,narnji	S	7838
پروندی	parvandi,proondi	S	7839
حمزئی	hamzeh,hmzi	S	7840
پرنا	parna,prna	S	7841
سیمائی	simayi,simai	S	7843
ویزواری	vezvari,vaizvari	S	7844
مباشر	mobasher,mbashr	S	7846
کروبی	karroubi,kroobi	S	7847
نوزری	nozari,noozri	S	7848
حنائی	hanaei,hnai	S	7851
مهریار	mehryar,mhriar	S	7852
برونی	boruni,brooni	S	7854
صادقزاده	sadeghzadeh,sadghzade	S	7855
باوندپوری	bavandpouri,bavndpoori	S	7856
پورسلیمانی	pourselimani,poorslimani	S	7858
شامانی	shamani	S	7859
عبدالرضائی	abdolrezaei,abdalrzai	S	7860
پرناک	parnak,prnak	S	7861
اوژند	ovejand,aoozhnd	S	7862
عبدوی	abdavi,abdooi	S	7863
پورمیرزائی	pourmirzai,poormirzai	S	7864
نمدی	namadi,nmdi	S	7865
فراز	faraz,fraz	S	7866
مکرم	mokaram,mkrm,mokarram	S	7867
محمدابراهیمی	mhmdabrahimi	S	7869
برفر	barfar,brfr	S	7870
ارمی	army,armi	S	7872
منیعاوی	maniavavi,mniavi	S	7874
عودی	oudi,aoodi,oodi	S	7875
پورجعفرآبادی	poorjfrabadi	S	7877
دالوندی	dalvandi,daloondi	S	7879
دریابار	daryabar,driabar	S	7881
ترقی‌خواه	progressive,trghikhoae	S	7882
کلکلی	kalakli,klkli	S	7884
میرابراهیمی	mirabrahimi	S	7888
فرمان‌بر	faramanbar,frmanbr	S	7889
قیدی	qaydi,ghidi	S	7891
سهولی	sahouli,shooli	S	7894
خواجوند	khajvand,khoajoond	S	7895
گنجه	ganjeh,gnje	S	7896
شیردلی	shirdeli,shirdli	S	7901
نوباغی	nobaghi,noobaghi	S	7903
محبوبیان	mahboubian,mhboobian	S	7904
صفرنیا	safrania,sfrnia	S	7917
سلاحی	salahii,slahi	S	7918
بیرانوندی	biravandi,biranoondi	S	7921
مهنی	mahani,mhni	S	7922
کنانی	konani,knani	S	7925
خرد	kherad,khrd	S	7927
شباب	shabab,shbab	S	7928
پرنون	parnoon,prnoon,parnun	S	7929
سیدهاشمی	sidhashmi	S	7931
مهرافروز	mehrafruz,mhrafrooz	S	7933
گمشادزائی	gomshadzai,gmshadzai	S	7934
عذیری	azarii,aziri	S	7935
خدیو	khadiyoo,khdioo,khadiv,khadiyo	S	7936
خاشی	khashi	S	7937
پایا	payar,paia,paya	S	7939
سنجیده	sanjideh,snjide	S	7941
رست	rast,rst	S	7945
کاکلی	kakeli,kakli	S	7947
درخوش	darakhsh,drkhosh	S	7948
مهدلو	mahdloo,mhdloo	S	7950
سلطانلو	sultanloo,sltanloo	S	7952
خوش‌خو	khoshkhw,khoshkho	S	7953
پوررجب	pourrajaab,poorrjb	S	7955
آرامون	aramoon	S	7957
رفتاری	raftari,rftari	S	7960
شهرآئینی	shahraayeni,shhraini	S	7961
مودت	modat,moodt	S	7962
قنواتیان	ghanatiyan,ghnvatian	S	7963
پورصالح	poorsalh	S	7966
اردمهء	ardameh,ardmh	S	7968
چراغچی	chiraghchi,chraghchi	S	7969
پورامیری	pouramiri,pooramiri	S	7970
جمالو	jamalu,jmaloo	S	7972
درویشیان	darvishian,drooishian	S	7975
قلجائی	gholjaei,ghljai	S	7976
اکوان	akvan	S	7978
موثق	mowateq,moosgh,moteq	S	7979
بهمهء	bahameh,bhmh	S	7983
شماعی	shomai,shmai	S	7995
خالقیان	khalaghian,khalghian	S	7996
تکلوبیغش	takloobighash,tkloobighsh	S	7998
شهمیری	shahmiri,shhmiri	S	7999
ارمشی	arameshi,armshi	S	8001
مزاری	mazari,mzari	S	8002
فضیلت	fazilat,fzilt	S	8005
سیر	sire,sir	S	8006
آسال	asal	S	8007
زین‌العابدین	zinalabdin	S	8009
آردی	ardi	S	8011
حاجیلوقزلباش	hajiloghzlabash,hajilooghzlbash	S	8013
جسمانی	jasmani,jsmani	S	8015
بمبویانی	bomboyani,bmbooiani	S	8017
ربیعه	rabiah,rbie,rabiee,rabiyeh	S	8020
حاتم	hatam,hatm	S	8024
مقیمیان	moghimian,mghimian	S	8026
آشیان	ashiyan,ashian	S	8027
جعفربگلو	jafarbaglu,jfrbgloo	S	8034
خودستان	khudestan,khodstan	S	8035
پایه‌دار	payedar,paihdar	S	8037
میرفندرسکی	mirfenderski,mirfndrski	S	8039
صیادزاده	sayyadzadeh,siadzade	S	8042
بوجاری	bojari,boojari	S	8043
مزرعی	mazraei,mzri	S	8046
پرورده	parvarde,proorde	S	8047
آور	avar,avr	S	8048
بیداد	bidar,bidad	S	8049
دلگرم	delgarm,dlgrm	S	8052
مؤذن‌زاده	moezinezadeh,mznzade	S	8053
خدادادزاده	khodadadzadeh,khdadadzade	S	8057
سماوات	samavat,smavat	S	8058
بارکزهی	barkzehi,barkzhi	S	8060
رسولخانی	rasoulkhani,rsoolkhani	S	8062
قادرمزی	ghadrmazi,ghadrmzi	S	8064
امارلو	amarlu,amarloo	S	8065
لوائی	lavaei,lvai	S	8066
دادآفرین	dadafarin,dadafrin	S	8067
شکرائی	shokrai,shkrai	S	8069
غیوری	ghayouri,ghioori	S	8070
فیضیان	feyzian,fizian	S	8071
مهوری	mahvari,mhoori	S	8073
محترمی	mohtaramy,mhtrmi	S	8075
ملاصالحی	mlasalhi	S	8076
قیدر	qader,ghidr,qeydar	S	8077
علومی	oloomii,aloomi	S	8079
فیوضی	feyzui,fioozi	S	8081
آئینه	mirror,aine	S	8082
داغری	dagheri,daghri	S	8084
صالحان	salehan,salhan	S	8085
کمالوند	kamaland,kmaloond	S	8087
کامروا	kamrava,kamrva	S	8089
عطایی	atayi,ataii	S	8090
مبارک	mobarak,mbark	S	8096
مقصودیان	maqsoudian,mghsoodian	S	8097
خورانی	khorani	S	8098
بهادرانی	bahadorani,bhadrani	S	8101
چهکندی	chekandi,chhkndi	S	8102
پیرویسی	pirouysi,pirooisi	S	8103
بنار	banar,bnar	S	8106
فهامی	fahami,fhami	S	8107
زبید	zabid,zbid,zobeyd	S	8108
آرزو	arzu,arzoo,arezu	S	8109
مهیاری	mohiari,mhiari	S	8110
کشیر	kashir,kshir	S	8111
میرآئیز	mirayez,miraiz	S	8113
ساویز	savis,saviz	S	8114
مرتمی	mortezaei,mrtmi	S	8118
دلاویز	delaviz,dlaviz	S	8120
جربان	jrban	S	8121
واله	valeh,vaale	S	8123
نظرنژاد	nazarnazad,nzrnzhad	S	8124
مقیم	maqim,mghim,moqim	S	8125
تافته	tafteh,tafte	S	8127
کباری	kabari,kbari	S	8129
مسکینی	miskini,mskini	S	8132
ولیئی	valiyeh,valii	S	8134
بریموندی	beyramandi,brimoondi	S	8137
یانپی	yanpi,ianpi	S	8138
مهراد	mehrad,mhrad	S	8139
تفاخ	tafakh,tfakh	S	8140
سجیراتی	sajirati,sjirati	S	8141
قرقچیان	gharghchian,ghrghchian	S	8142
شاهسوار	shahsavar,shahsvar	S	8143
خوش‌قدم	khoshghodam,khoshghdm	S	8147
میربزرگی	mirbozorgi,mirbzrgi	S	8148
توتازهی	totezahi,tootazhi	S	8153
گرمابدری	garmabedari,grmabdri	S	8155
روزرخ	roozrokh,roozrkh	S	8156
عدنانی	adnani	S	8158
هزارخانی	hzarkhani	S	8159
محمدحسن	mhmdhsn,mohammadhasan	S	8160
طایفی	tayefi,taifi	S	8161
حلاف	halaf,hlaf	S	8163
برزمینی	barzamini,brzmini	S	8165
موقر	moqar,mooghr,movaghghar	S	8166
باتوانی	battavani,batvani	S	8167
جوی	joui,jooi,juy	S	8169
عیوضلو	eyvazloo,aioozloo	S	8170
گلباز	golbaz,glbaz	S	8172
چوبینی	chobini,choobini	S	8174
فارابی	farabi	S	8175
اقتداربختیاری	aghtdarbkhtiari	S	8176
بابایی	babayi,babaii	S	8178
آهنج	ahangj,ahnj	S	8179
چاجی	chaji	S	8180
فتوتی	fattouti,ftooti	S	8183
حجری	hajri,hjri	S	8185
مهتری	mohammadi,mhtri	S	8187
زاهدپور	zahedpour,zahdpoor	S	8189
جبالبارزی	jebalbarzi,jbalbarzi	S	8190
قوانلو	ghahvanloo,ghvanloo	S	8191
مهرآسا	mehrasa,mhrasa	S	8192
ابوالوردی	abvaloordi	S	8193
جمعه	jom'e,jme	S	8197
شکیبافر	shakibafer,shkibafr	S	8198
زرعی	zarei,zri	S	8199
معاونی	moaveni,mavni	S	8202
مشکینی	moshkini,mshkini	S	8205
یارمحمدتوسکی	iarmhmdtooski	S	8207
افلاطونی	platonist,aflatooni	S	8210
اسرافیلی	asrafili	S	8214
انتصاری	entesari,antsari	S	8215
زندانی	prisoner,zndani	S	8217
ابوالقاسم	abvalghasm,abolghasem	S	8220
زرنگاری	zarngari,zrngari	S	8223
پرموز	parmooz,prmooz	S	8226
معزز	moazzaz,mzz,moeazzaz	S	8227
فرهاد	farhad,frhad	S	8228
پورغلامی	pourgholami,poorghlami	S	8230
سیمیاری	simyari,simiari	S	8231
فطری	fitri,ftri	S	8232
قارونی	qaruni,gharooni	S	8233
تنی	tani,tni,teni	S	8239
ارقند	arghand,arghnd	S	8241
مشکاتی	moshkati,mshkati	S	8242
یوسف	yousef,ioosf,yusof	S	8243
وفاخواه	vafakhah,vafakhoae	S	8244
ساعتی	sahati,sati	S	8249
لیاقی	liyaghi,liaghi	S	8250
جلایر	jalayir,jlair,jala'ir,jalayer	S	8259
حیدریه	heidariyah,hidrie	S	8261
الوستانی	alavistani,aloostani	S	8263
منظمی	manzami,mnzmi	S	8265
میرفخرائی	mirefkharaei,mirfkhrai	S	8268
عبدزاده	abdizadeh,abdzade	S	8269
طافی	tafi	S	8271
یارویسی	yaravisi,iarooisi	S	8275
لاوی	lavi	S	8277
فرشادفر	farshadfar,frshadfr	S	8281
جویا	joya,jooia,juya	S	8282
برامکی	baramaki,bramki	S	8283
جعفرپیشه	jafarpisheh,jfrpishe	S	8286
اوصالی	owsali,aoosali	S	8288
دریا	sea,dria,darya	S	8289
خاصی	khaasi,khasi	S	8290
منصورلکورج	mansourlekouraj,mnsoorlkoorj	S	8293
رنگانی	rangani,rngani	S	8294
بدیهی	badihee,bdihi	S	8296
مومن	momen,moomn	S	8297
ایجی	ijji,aiji	S	8300
رستگارمقدم	rostgarmoghadam,rstgarmghdm	S	8302
حمداللهی	hamdalahi,hmdallhi	S	8304
شادپور	shadpour,shadpoor,shadpur	S	8305
پیغان	payghan,pighan	S	8307
نصراله	nasrallah,nsrale,nasrollah	S	8308
لطفعلیان	lotfalian,ltflian	S	8309
دریانی	daryani,driani	S	8310
قابلی	ghabali,ghabli	S	8311
مرامی	morami,mrami	S	8312
مهرزاده	mehrzadeh,mhrzade	S	8316
بزرگیان	bozorgian,bzrgian	S	8318
بستان	bostan,bstan	S	8319
دانشیان	daneshian,danshian	S	8320
گندمکار	gndmkar	S	8322
پاسالار	pasalar	S	8323
پورنصیر	pournasir,poornsir	S	8324
دهشیری	dehshiri,dhshiri	S	8326
کردوانی	kordvani,krdvani	S	8328
پژوه	pazhooh,pzhve	S	8329
تواضعی	tavazzi,tvazi	S	8330
کایدخورده	kaidkhorde	S	8331
آمانی	amani	S	8334
یاریان	yarian,iarian	S	8336
شکرانه	shkrane,shokrane	S	8340
پرکار	porkar,prkar	S	8342
عدلو	adlo,adloo	S	8343
مریوانی	mervani,mrivani	S	8349
عصاره	essence,asare	S	8350
سورگی	sorgi,soorgi	S	8351
پالیزدار	palizdar	S	8353
آذرپیکان	azarpikan,azrpikan	S	8355
پیروزنیا	pirooznia	S	8356
عشریه	oshrieh,ashrie	S	8358
میرحبیبی	mirhabibi,mirhbibi	S	8359
بنیاد	bonyad,bniad	S	8360
قدردان	grateful,ghdrdan	S	8363
ارجمندپور	arjmandpour,arjmndpoor	S	8366
منتظریان	montazeryan,mntzrian	S	8367
فرودی	foroudi,froodi	S	8369
میردورقی	mirdoraki,mirdoorghi	S	8370
آبائی	abai	S	8371
اسکندرلو	eskanderloo,askndrloo	S	8373
گردان	gardan,grdan	S	8375
عزیزاللهی	azizollahi,azizallhi	S	8376
سوداگری	soodagari,soodagri	S	8378
ممندی	momeni,mmndi	S	8383
شیرگیر	shirgir	S	8384
جلولی	jalouli,jlooli	S	8385
نساروند	nasravand,nsaroond	S	8389
حسینجانی	hosseinjani,hsinjani	S	8390
تمرتاش	tamartash,tmrtash	S	8392
ارجمندمزیدی	arjmandmazidi,arjmndmzidi	S	8393
بامدی	bamadi,bamdi	S	8395
نظامیوندچگینی	nzamioondchgini	S	8396
کثیر	khatir,ksir,kathir	S	8401
غلام	gholam,ghlam	S	8404
سوزنی	sazani,soozni	S	8406
طیوری	teyouri,tioori	S	8407
جانکی	janki	S	8408
شفیعیون	shafi'ioon,shfiioon	S	8410
پورامینی	pouramini,pooramini	S	8412
بدرود	badrud,bdrood	S	8414
کجوری	kojuri,kjoori	S	8417
مسلم	muslim,mslm,moslem	S	8420
جوذری	javaheri,joozri	S	8422
دونوقزلباش	donoghzlabash,doonooghzlbash	S	8424
یاور	yavar,iavr	S	8425
منابی	monabi,mnabi	S	8426
خداویردی	khodavirdi,khdavirdi,khodaavirdi	S	8427
کهربائی	kharrabai,khrbai	S	8430
عطائیان	attaian,ataian	S	8431
قهری	ghahri,ghhri	S	8434
فولاد	steel,foolad,folad	S	8436
آروند	arvand,aroond	S	8437
پودات	poodat	S	8441
دلیخون	delikhun,dlikhon	S	8442
فیروزفر	firoozfar,firoozfr	S	8443
سرخابی	sorkhabi,srkhabi	S	8444
حرمتی	harami,hrmti	S	8446
کچرانلوئی	kachranlouei,kchranlvi	S	8448
تازیک	tazik	S	8449
فیصلی	faisali,fisli	S	8456
فسائی	fasai,fsai	S	8457
رنجبرکلیبی	rnjbrklibi	S	8461
تاجدار	crowned,tajdar	S	8464
دردمند	dardmand,drdmnd	S	8466
اسراری	asrari	S	8467
سعیدنژاد	sa'idnejad,sidnzhad	S	8468
تائبی	tayebi,tabi	S	8469
طالاری	talari	S	8472
جنگ‌جو	warrior,jngjoo	S	8474
یاسی	yasi,iasi	S	8482
وائلی	vaeili,vaali	S	8484
بریزی	brizi	S	8485
زردادخانی	zardadkhani,zrdadkhani	S	8489
صبائی	sabai,sbai	S	8490
یگانی	yegani,igani	S	8491
وحیدپور	vahidpour,vahidpoor	S	8492
ایزدجو	izadjou,aizdjoo	S	8493
متدین	motaddeen,mtdin	S	8494
طاهرنژادجوزم	tahernazadjozim,tahrnzhadjoozm	S	8496
میرلو	mirlou,mirloo	S	8497
دهرویه	dehrooye,dhrooie	S	8498
شیرکول	shirkul,shirkool	S	8500
سازور	sazoor	S	8501
جراح	surgeon,jrah	S	8503
روحانیان	ruhanian,roohanian	S	8504
زربخش	zarbakhsh,zrbkhsh	S	8507
کبیریان	kabirian,kbirian	S	8509
شکرزهی	shokrzehi,shkrzhi	S	8510
گویا	goya,gooia	S	8511
کهرازهء	khrazh	S	8514
مانی	mani	S	8516
خواجوندسریوی	khodavandseravi,khoajoondsriooi	S	8518
عمرملی	amrmli	S	8519
گیلوری	ghilouri,giloori	S	8521
عشائری	ashayeri,ashari	S	8522
نیکوبخت	nikoubakht,nikoobkht	S	8523
کهراری	koharari,khrari	S	8524
نمرودی	namroodi,nmroodi	S	8525
بنام	benam,bnam	S	8527
پوینده	puyandeh,pooinde	S	8529
فرهمندفر	farahmandfar,frhmndfr	S	8530
وفاداری	loyalty,vafadari	S	8531
گوگونانی	gogonani,googoonani	S	8533
اردانه	ardaneh,ardane	S	8534
مبشر	mabsher,mbshr,mobashsher	S	8536
برزگرزاده	barzegarzadeh,brzgrzade	S	8537
نجم	najm,njm	S	8539
پردلی	pardeli,prdli	S	8540
باغشاهی	baghshahi	S	8542
پور	pour,poor	S	8544
کیارستمی	kiarostami,kiarstmi	S	8546
ایگدر	igdar,aigdr	S	8547
شیهکی	shiyeki,shihki	S	8549
ورسهء	vorseh,varsh	S	8550
خائف	khaef,khaf	S	8552
بهروزه	bhrooze,behruze	S	8553
مژدکانلو	mojdekanloo,mzhdkanloo	S	8554
جاجرمی	jajarmi,jajrmi	S	8555
معادی	maadi,madi	S	8557
کنجوری	kanjuri,knjoori	S	8558
قربی	ghorbi,ghrbi	S	8559
بوداغی	bodaghi,boodaghi	S	8562
سامانیان	samanids,samanian	S	8563
اوجانی	ovajani,aoojani	S	8564
آقانوری	aqanouri,aghanoori	S	8565
آبدار	abdar	S	8570
فربود	farbood,frbood,farbud	S	8572
فتحعلیان	fathaliyan,fthlian	S	8573
کنگانی	kangani,kngani	S	8574
احدپور	ahadpour,ahdpoor	S	8575
بهاوری	bahavari,bhavri	S	8578
یوسفلو	yousefloo,ioosfloo	S	8581
نظام	nizam,nzam,nezam	S	8582
معمری	mirmari,mmri	S	8583
قزلو	ghazlu,ghzloo	S	8585
قاصد	messenger,ghasd	S	8586
موحدنیا	movahednia,moohdnia	S	8587
ورامینی	varamini	S	8589
بحرکانی	bahrakani,bhrkani	S	8592
رخشنده	rokhsandeh,rkhshnde,rakhshandeh,rakhshande	S	8593
بایندر	bayender,baindr,bayandar	S	8594
محامدی	mohammadi,mhamdi	S	8595
طغیانی	toghiyani,tghiani	S	8596
تارک	tarak,tark	S	8599
خانپور	khanpour,khanpoor	S	8600
امیدپور	omidpour,amidpoor	S	8601
آذرسا	azarsa,azrsa	S	8602
حیدرعلی	hidrli,heydarali	S	8603
چزگی	chazegi,chzgi	S	8608
قپانوری	qapanouri,ghpanoori	S	8609
نبگان	nabegan,nbgan	S	8610
محرری	mahrari,mhrri	S	8613
سالارزائی	salarzai	S	8617
حقایقی	haqaiqi,hghaighi	S	8618
آستانه	astanah,astane	S	8619
بستامی	bastami,bstami	S	8623
پورمیرزا	pourmirza,poormirza	S	8624
محلاتی	mahalati,mhlati	S	8627
جدیدالاسلامی	jadidalislami,jdidalaslami	S	8628
رشتی	rashti,rshti	S	8629
قدمنان	qadamnan,ghdmnan	S	8630
کشتگر	kashtgar,kshtgr	S	8634
امنی	amni	S	8635
خورشیدیان	khorshidian	S	8637
غربی	gharbi,ghrbi	S	8639
سفیدگر	sefidgar,sfidgr	S	8640
قراچه	gharacheh,ghrache	S	8641
اکار	akar	S	8642
پری‌زاده	parizadeh,prizade	S	8643
رزاززاده	razaazadeh,rzazzade	S	8646
پورسینا	avicenna,poorsina,pursina	S	8647
بحرپیما	bahrpayma,bhrpima	S	8649
شاهدوست	shahdoost	S	8650
خانلو	khanloo	S	8653
اسمعیلیان	ismailian,asmilian	S	8655
دنیوی	donyavi,dniooi	S	8657
اسلانی	aslani	S	8658
جورکش	jorkash,joorksh	S	8660
روزپیکر	roozpeikar,roozpikr	S	8668
اقامحمدی	aghamohammadi,aghamhmdi	S	8669
شفقتی	shafaqati,shfghti	S	8670
نوکندی	nowkandi,nookndi	S	8671
سابکی	sabki	S	8674
سلیمان	soleiman,sliman,soleyman	S	8675
موالی	mawali,mvali	S	8676
دیناروندی	dinarvandi,dinaroondi	S	8677
جلالوندی	jalalvandi,jlaloondi	S	8678
مهدیخانلو	mahdikhani,mhdikhanloo	S	8682
تیزرو	tizro,tizroo	S	8684
میرزالو	mirzalu,mirzaloo	S	8685
فرشی	farshi,frshi	S	8687
روانشاد	ravanshad,rvanshad	S	8688
چروی	charavi,chrooi	S	8689
صفامنش	safamanesh,sfamnsh	S	8691
سخی	sakhi,skhi	S	8692
پارسازاده	parsazade	S	8695
بساکی	basaki,bsaki	S	8696
اسکوئی	esquie,askvi	S	8698
راستا	rasta	S	8699
انجام	anjam	S	8703
آرا	ara	S	8704
مطلوبی	matlubi,mtloobi	S	8707
سالارپورغربا	salarpoorghrba	S	8708
سعدیان	saadian,sdian	S	8710
ناظمیان	nazemian,nazmian	S	8711
پوستین‌دوز	furrier,poostindooz	S	8713
قیصریان	gheysarian,ghisrian	S	8715
کوثر	kowsar,koosr	S	8716
کاروانی	karvani	S	8717
رسته	rasteh,rste	S	8719
قائلی	ghaeili,ghali	S	8720
عظمی	azmi	S	8723
دهنوئی	dahnoei,dhnvi	S	8724
زویدات	zavidat,zooidat	S	8725
عدل	adl	S	8727
پرآور	paravar,pravr	S	8728
فامرینی	famerini,famrini	S	8729
پرندین	parandin,prndin	S	8732
حربی	harbi,hrbi	S	8735
فراشیانی	farashiani,frashiani	S	8736
دخیلی	dakhili,dkhili	S	8737
ماکوئی	makoui,makvi	S	8738
پارسافرد	parsafard,parsafrd	S	8739
مریدپور	moridpour,mridpoor	S	8742
میرشریفی	mirsharifi,mirshrifi	S	8744
کتیرائی	katirai,ktirai	S	8748
پورزارع	pourzar,poorzar	S	8749
حصیری	hasiri,hsiri	S	8751
تدو	tado,tdoo	S	8752
شرافتمند	honorbound,shraftmnd	S	8753
حافظ	hafez,hafz	S	8754
مقاتلی	maqateli,mghatli	S	8756
بریمانی	barimani,brimani	S	8757
قاجاری	qajar,ghajari	S	8759
قرامحمدی	ghorammohammadi,ghramhmdi	S	8760
بشیرزاده	bashirzadeh,bshirzade	S	8761
ژیان	zhian,zhiyan	S	8762
بسیج	basij,bsij	S	8764
واقعی	vaghi,vaaghi	S	8767
مالداری	maldari	S	8769
فهمیده	fahmideh,fhmide,fahmide	S	8770
ذوالفقارزاده	zolfaqarzadeh,zvalfgharzade	S	8772
فیلو	filo,filoo	S	8780
حریمی	harimi,hrimi	S	8782
الهیان	alahiyan,alhian	S	8784
کارجو	karjou,karjoo	S	8785
کوهستانیان	kouhestanian,koohstanian	S	8787
پرون	parvan,proon	S	8792
دادمحمدی	dadmhmdi	S	8793
دلیران	delyran,dliran	S	8797
خردمندی	wisdom,khrdmndi	S	8799
بلانیان	balanian,blanian	S	8800
عسلی	asali,asli	S	8801
جنت	paradise,jnt,jannat	S	8802
عسگرخانی	asgarkhani,asgrkhani	S	8803
روشن‌بین	roshambin,rooshnbin	S	8805
بهادریان	bahadrian,bhadrian	S	8807
نوچمنی	nochmani,noochmni	S	8809
شامخی	shamkhi	S	8811
حقدادی	haghdadi,hghdadi	S	8813
تنکابنی	tonekaboni,tnkabni	S	8814
امیرزادگانی	amirzadeghani,amirzadgani	S	8816
کریمزاده	karimzadeh,krimzade	S	8821
بویراتی	boyerati,booirati	S	8822
ارگی	arghi,argi	S	8823
بیاتیان	biyatian,biatian	S	8826
پزشکیان	pezeshkian,pzshkian	S	8827
منجمی	monajemi,mnjmi	S	8832
عصار	aasar,asar,assar	S	8834
تاراسی	tarasi	S	8835
مستمند	mostamand,mstmnd	S	8837
مراونه	maravaneh,mravne	S	8841
مزنگی	mazangi,mzngi	S	8845
بیدرام	bidram	S	8846
کیامرثی	kiamerthi,kiamrsi	S	8851
بهرآبادی	bahraabadi,bhrabadi	S	8854
بهدادفر	behdadfar,bhdadfr	S	8856
عمرائی	omrani,amrai	S	8857
بی‌ریا	beyria,biria	S	8858
تقدیسی	taqdisi,tghdisi	S	8863
موچانی	mochani,moochani	S	8865
شعله	sholeh,shle,shoele	S	8866
نژادعلی	nejadali,nzhadli	S	8867
البوعبادی	albouabadi,alboobadi	S	8869
باغگلی	baghali,baghgli	S	8870
قورچائی	ghorchai,ghoorchai	S	8872
قاسمپور	ghasempour,ghasmpoor	S	8876
عماد	emad,amad	S	8878
باشنده	bashandeh,bashnde	S	8880
ایزددوست	izaddoust,aizddoost	S	8881
احقاقی	ahqaqi,ahghaghi	S	8882
کوخائی	kokhai,kookhai	S	8883
احسانیان	ehsanian,ahsanian	S	8884
طالع	taleb,tal,tale	S	8887
جوشنی	joushni,jooshni	S	8891
خبر	khabar,khbr	S	8894
نمردی	namardi,nmrdi	S	8895
قاجار	qajar,ghajar	S	8899
چالاکی	chalaki	S	8901
بادبرین	badbarin,badbrin	S	8904
پوررستمی	pourrostami,poorrstmi	S	8905
میهن‌خواه	patriot,mihnkhoae	S	8907
داج	daj	S	8911
رحمان	rahman,rhman	S	8912
رازمند	razmand,razmnd	S	8913
بور	bor,boor	S	8921
گنجیان	ganjian,gnjian	S	8923
یانق	yanagh,iangh,yaneq	S	8925
کیامهر	kiamahr,kiamhr	S	8926
عطازاده	atazadeh,atazade	S	8927
پسنده	pasandeh,psnde	S	8928
دمساز	damsaz,dmsaz	S	8930
اجورلو	ajurlu,ajoorloo	S	8932
حیدرخانی	heidarkhani,hidrkhani	S	8933
میرسلیمانی	mirsalimani,mirslimani	S	8935
احمدیانی	ahmadiani,ahmdiani	S	8939
شرفخانی	sharafkhani,shrfkhani	S	8942
کاریزی	karizi	S	8945
میرعابدینی	mirabedini,mirabdini	S	8947
روح‌افزا	ruhafza,roohafza	S	8951
تاره	tareh,tare	S	8952
طلوع	tolu',tloo,tolue	S	8954
لبافی	labafi,lbafi	S	8955
تکه	taqe,tke	S	8956
بایسته	bayesteh,baiste,bayeste	S	8957
دانش‌دوست	daneshdoost,danshdoost	S	8958
بداوی	badavi,bdavi	S	8959
دربان	doorkeeper,drban	S	8960
فیروزکوهی	firoozkoohi	S	8961
شورکی	shouraki,shoorki	S	8962
پاکی	paki	S	8963
همراه	hamrah,hmrae	S	8965
زهرونی	zahrouni,zhrooni	S	8966
کلباسی	kolbasi,klbasi	S	8967
باریکانی	barikani	S	8968
یادگارصالحی	iadgarsalhi	S	8969
طربی	torabi,trbi	S	8970
بوئینی	booini,bvini	S	8971
داغله	daghleh,daghle	S	8972
پوررحیمی	pourrahimi,poorrhimi	S	8976
بخارائی	bokharaei,bkharai	S	8977
آجیلی	ajili	S	8982
بی‌آزار	harmless,biazar	S	8983
سکوتی	sakouti,skooti	S	8984
سارائی	sarai	S	8985
دورانی	dorani,doorani	S	8986
جودت	joudat,joodt,jodat	S	8988
نیکرو	nikroo	S	8989
یراقی	iraqi,iraghi	S	8990
پایداری	paeidari,paidari	S	8991
ساربان	sarban	S	8996
ممتحن	examiner,mmthn	S	8999
بصائری	basayri,bsari	S	9002
همدمی	hamdamy,hmdmi	S	9004
ابونصری	aboonsri	S	9007
صوفیانی	sufiani,soofiani	S	9009
خاکدان	khakdan	S	9010
خوشناموند	khoshnamvand,khoshnamoond	S	9019
سیدنظری	sidnzri	S	9024
تنومند	tannomand,tnoomnd	S	9025
مستقیم	mostaqim,mstghim	S	9027
آرمیون	armyon,armioon	S	9029
غالبی	ghalebi,ghalbi	S	9031
سمرقندی	samarkandi,smrghndi	S	9033
صراطی	sarati,srati	S	9036
حجی	hajji,hji	S	9037
کیاکجوری	kiyakojuri,kiakjoori	S	9038
کلاگر	kolagar,klagr	S	9040
میرآبی	miraabi,mirabi	S	9041
دیباجی	dibaji	S	9042
ملاعلی	mlali	S	9045
چمیده	chamideh,chmide	S	9046
تباشیر	tabashir,tbashir	S	9047
میرشجاعی	mirshojaei,mirshjai	S	9048
یلوهء	yalveh,ilooh	S	9052
ناوکی	navaki,navki	S	9055
خویشوند	khoshwand,khoishoond	S	9057
شاهد	witness,shahd,shahed	S	9060
بنان	banan,bnan	S	9061
کتال	katal,ktal	S	9062
بیلری	bailari,bilri	S	9063
کوشکستانی	koushkastani,kooshkstani	S	9064
الیاسیان	elyasian,aliasian	S	9066
الحسینی	alhusseini,alhsini	S	9069
ضرغام	zargham,zrgham	S	9071
فاطمیان	fatemian,fatmian	S	9072
زیدونی	zeydooni,zidooni	S	9073
شهدوستی	shahdosti,shhdoosti	S	9074
عزیزالهی	azizollahi,azizalhi	S	9075
راحت	rahat,raht	S	9079
اقاجانی	aghajani	S	9080
رودمشکی	roudmeshki,roodmshki	S	9081
سازمند	sazmand,sazmnd	S	9082
صابونچی	sabunchi,saboonchi	S	9085
رجالی	rojali,rjali	S	9086
خشتی	khashti,khshti	S	9087
استقامت	steadfastness,astghamt	S	9089
اقتدارنژاد	iqtadarnajad,aghtdarnzhad	S	9091
گوری	gouri,goori	S	9094
دزیانی	daziani,dziani	S	9096
مردیها	mrdiha	S	9097
میرسلیمی	mirsalimi,mirslimi	S	9099
کمندانی	kamandani,kmndani	S	9101
برگی	bargee,brgi	S	9103
روشن‌فکر	rooshnfkr	S	9104
یاسائی	yasai,iasai	S	9105
خوشقدم	khoshghadam,khoshghdm	S	9110
عطوفی	atifi,atoofi	S	9111
انارکی	anarki	S	9114
خرسان	khorsan,khrsan	S	9115
وروائی	voravi,varvai	S	9117
حمیدنیا	hamidnia,hmidnia	S	9118
تام	tam	S	9119
اطمینانی	etemadani,atminani	S	9120
مناجاتی	monajati,mnajati	S	9123
قبادپور	ghobadpour,ghbadpoor	S	9124
محمدهاشمی	mhmdhashmi	S	9125
حیران	hayran,hiran	S	9130
محمدزکی	mohammadzaki,mhmdzki	S	9132
اولادشنبه	oladshahbeh,aooladshnbe	S	9133
میرافضلی	mirafzal,mirafzli	S	9135
منانی	manani,mnani	S	9140
داودوند	davoodvand,davdoond	S	9141
البوبالد	albobald,alboobald	S	9142
شهروی	shahravi,shhrooi	S	9143
اخلی	akhli	S	9144
احمدیوسفی	ahmdioosfi	S	9145
زروندی	zarvandi,zroondi	S	9147
مددیان	maddiyan,mddian	S	9149
کیانژادتجنکی	kianzhadtjnki	S	9154
ربی	rabbi,rbi,rabi	S	9156
دغاقله	daghaqaleh,dghaghle	S	9159
کردعلیوند	kordalivand,krdlioond	S	9162
زوارهء	zavareh,zvarh	S	9164
بولاغ	bulagh,boolagh	S	9166
نورنژاد	noornizhad,noornzhad	S	9167
متینی	matini,mtini	S	9168
صحابی	sahabi,shabi	S	9170
قائنی	ghaeni,ghani	S	9171
لطافت	latafat,ltaft,letafat	S	9172
گلریز	golriz,glriz	S	9174
دریانوش	daryanoosh,drianoosh	S	9175
صیرفی	sarefi,sirfi	S	9178
قائدشرفی	ghadshrfi	S	9180
عباس	abbas,abas	S	9181
دستوار	dastvar,dstvar	S	9183
محققیان	mohagheghian,mhghghian	S	9184
شبرنگ	shabrang,shbrng	S	9186
جمالزهی	jamalzahi,jmalzhi	S	9188
سلیقه	taste,slighe	S	9191
کشاورزترک	kshavrztrk	S	9192
مردانیان	mardanian,mrdanian	S	9194
صهبا	sahba,shba	S	9198
صولت	soolat,soolt,sowlat	S	9201
عیسوی	isaac,aisooi	S	9204
نجیب‌زاده	nobleborn,njibzade	S	9207
بزله	bazleh,bzle	S	9208
پالیز	paliz	S	9211
حاضری	hazari,hazri	S	9216
مکارمی	makaremi,mkarmi	S	9219
ایلانی	eilani,ailani	S	9220
بلباسی	bolbasi,blbasi	S	9225
تقیلو	taghilo,tghiloo	S	9226
بادروج	badrouj,badrooj	S	9228
بناکار	builder,bnakar	S	9229
علیمیرزائی	alimirzai	S	9230
دلربا	delroba,dlrba	S	9232
خسروپناه	khosrowpanah,khsroopnae	S	9234
سرانجام	finally,sranjam	S	9237
افقهی	afaqhi,afghhi	S	9238
خضرنژاد	khazrnejad,khzrnzhad	S	9242
نوشیروانی	noshirvani,nooshirvani	S	9245
ادراکی	edraki,adraki	S	9246
نبگانی	nabgani,nbgani	S	9247
بختیاروند	bakhtiarvand,bkhtiaroond	S	9248
قوام	qavam,ghvam,ghavam	S	9250
زاغی	zaghi	S	9251
دهفولی	dehvoli,dhfooli	S	9253
منتظرالقائم	montazeralghaem,mntzralgham	S	9259
آذرم	azarm,azrm	S	9263
حجار	hojjar,hjar,hajjar	S	9266
پوررستم	pourrostam,poorrstm	S	9267
باژیان	baziyan,bazhian	S	9268
نیک‌دل	nikdel,nikdl	S	9269
رامک	ramak,ramk	S	9276
پورپیرعلی	pourpirali,poorpirli	S	9278
صرافی	srafi	S	9279
اسکندر	alexander,askndr,eskandar	S	9280
بیاد	biyad,biad	S	9284
پرن	parn,prn,paran	S	9285
باروئی	barooi,barvi	S	9286
قسیمی	ghasemi,ghsimi	S	9288
برومندفر	boroumandfar,broomndfr	S	9292
جر	jar,jr	S	9294
پرمو	pormo,prmoo	S	9297
آقاکثیری	aghakaziri,aghaksiri	S	9299
حسیبی	hosseibi,hsibi	S	9300
احمدفخرالدین	ahmdfkhraldin	S	9307
خودکامه	autocrat,khodkame	S	9308
پورطاهری	pourtaheri,poortahri	S	9309
کتابچی	ketabchi,ktabchi	S	9311
ابرکار	abarkar,abrkar	S	9312
چراغ	chahargah,chragh,cheragh	S	9313
رزاقیان	razaghian,rzaghian	S	9314
اسدسنگابی	asdsngabi	S	9317
داوند	davand,davnd	S	9318
رودگر	roodgr	S	9319
خواستار	khashtar,khoastar	S	9320
رستگارنیا	rastgarania,rstgarnia	S	9321
محرمخانی	moharamkhani,mhrmkhani	S	9322
زاغری	zaghari,zaghri	S	9325
بیرالوند	biralvand,biraloond	S	9328
ازغ	azgh	S	9330
خشنو	khoshnoo,khshnoo	S	9332
فراحی	farahi,frahi	S	9333
قلندر	qalandar,ghlndr	S	9334
شورمیج	shourmij,shoormij	S	9336
فروغیان	foroughian,frooghian	S	9338
سرزهی	sarzehi,srzhi	S	9340
سالارکیا	salarkia	S	9341
قرنجیگ	gharanjig,ghrnjig	S	9342
ساروخانی	sarookhani	S	9343
زرجینی	zarjini,zrjini	S	9345
بهروج	bahrouj,bhrooj	S	9346
عبدالعظیمی	abdolazimi,abdalzimi	S	9347
پورنقی	pournaghi,poornghi	S	9348
اولیاء	auliya,aoolia,olia	S	9349
یعقوبلو	yaqoubloo,ighoobloo	S	9351
کلینی	koleini,klini	S	9353
سازنده	builder,saznde	S	9354
پادیاب	padyab,padiab	S	9355
شمیرانی	shamirani,shmirani	S	9358
ودودی	vadoodi	S	9359
پورحسنی	pourhosseini,poorhsni	S	9363
مختار	mokhtar,mkhtar	S	9366
قناعتیان	ghanatiyan,ghnatian	S	9369
پرمون	parmon,prmoon	S	9375
اشکاران	ashkaran	S	9377
کبوتری	dove,kbootri	S	9378
پرسته	parasteh,prste	S	9379
حبی	habibi,hbi,habib	S	9380
بالاگر	balagar,balagr	S	9383
کشوردوست	countrylover,kshoordoost	S	9385
پیشوائی	pishvayi,pishvai	S	9386
غیاثیان	ghiathian,ghiasian	S	9395
فرح‌زاد	farahzad,frhzad	S	9396
خوشه‌چین	khoshchian,khoshhchin	S	9398
ایلکا	ilka,ailka	S	9400
فهمی	fahmi,fhmi	S	9401
اینانلوشویکلو	ainanlooshooikloo	S	9402
دادو	dado,dadoo	S	9406
یونسیان	younesian,ioonsian	S	9411
رهروان	pathwalkers,rhrvan	S	9412
ترانه	taraneh,trane,tarane	S	9414
رسام	rassam,rsam	S	9415
ممدوحی	mamdoohi,mmdoohi	S	9418
نوازی	navazi,nvazi	S	9420
آشناور	ashnavar,ashnavr	S	9423
کائید	kaid	S	9426
کشاورزمحمدیان	kshavrzmhmdian	S	9427
شاهرضائی	shahrezaei,shahrzai	S	9430
افسانه	myth,afsane	S	9431
یاوریان	yavarian,iavrian	S	9432
حجابی	hojabi,hjabi	S	9434
ملاپور	mollapur,mlapoor	S	9435
تولی	toli,tooli	S	9439
چهارلنگی	chaharlangi,chharlngi	S	9440
زیدانی	zeydani,zidani	S	9441
صدرزاده	sadrzadeh,sdrzade	S	9443
برهانزهی	borhanzi,brhanzhi	S	9447
سیرغانی	seyraghani,sirghani	S	9450
روانگرد	ravangard,rvangrd	S	9451
آهسته	ahasteh,ahste	S	9453
مرزی	marzi,mrzi	S	9454
بیدشکی	bidshaki,bidshki	S	9455
اسگندرزاده	asgandarzadeh,asgndrzade	S	9456
اخدر	akhdar,akhdr	S	9457
نادعلیان	nadalian,nadlian	S	9458
خوینی	khoyni,khoini	S	9462
سیدان	seydan,sidan	S	9465
توللی	tavallali,toolli	S	9466
بلیوند	belyavand,blioond	S	9468
حریبی	haribi,hribi	S	9471
کیکاوسی	kikavosi,kikavsi	S	9472
هامونی	hamooni	S	9473
چرخی	charkhi,chrkhi	S	9474
افسون	enchantress,afsoon,afsun	S	9481
رستگاررامشه	rostgaarramesh,rstgarramshe	S	9484
نورسته	noorasteh,noorste	S	9486
درختی	darakhti,drkhti	S	9488
سردار	sardar,srdar	S	9491
کهراریان	kahrarian,khrarian	S	9492
آریانی	arianian,ariani	S	9494
آستانی	aastani,astani	S	9495
بارخدا	barakheda,barkhda	S	9497
مختارنژاد	mokhtarnazhad,mkhtarnzhad	S	9498
ناهید	nahid	S	9499
اسلوب	asloob,oslub	S	9500
دیوبند	deoband,dioobnd	S	9502
ذلقی	zolghai,zlghi	S	9503
دستیارحقیقی	dstiarhghighi	S	9506
یارالهی	yaralahi,iaralhi	S	9508
علیرضالو	alirezaloo,alirzaloo	S	9510
عاصمی	asami,aasmi	S	9511
باقر	bagher,baghr	S	9514
تیرگر	tirgar,tirgr	S	9516
صیدمرادی	sidmradi	S	9517
خواجه‌ای	khajayi,khoajhai	S	9518
داریوش	darius,darioosh,darush,dariush	S	9519
قاسم	qasem,ghasm,ghasem	S	9525
بلارک	balark,blark	S	9526
رنجبرهمقاوندی	ranjbarhamqavandi,rnjbrhmghavndi	S	9527
سالارحسینی	salarhsini	S	9530
خسروبگی	khosrobegi,khsroobgi	S	9534
جاودانه	eternal,javdane,javdaneh	S	9535
صدوق	sadoogh,sdoogh,sadugh	S	9539
صرفی	sarfi,srfi	S	9540
فرهمندراد	farahmandrad,frhmndrad	S	9542
بهنود	behnoud,bhnood,behnud	S	9544
دژبان	dajban,dzhban	S	9547
رکابدار	rkabdar	S	9549
پیشرو	pishro,pishroo,pishrow	S	9550
ساروقی	saroqi,sarooghi	S	9553
کنگری	kangari,kngri	S	9554
خواسته	khoaste	S	9555
ورزیده	vorzideh,varzide	S	9556
زعفری	zafari,zfri	S	9557
آوخ	aukh,avkh	S	9561
گل‌کاری	glkari	S	9562
نجومی	astronomer,njoomi	S	9563
پالوج	paluja,palooj	S	9564
قلیچ	qalich,ghlich,gholich	S	9565
وفاجو	vafajoo	S	9568
کحالی	kohali,khali	S	9569
خوشوقت	khoshvakt,khoshooght	S	9570
بینقی	binqi,binghi	S	9574
فیروزپور	firoozpour,firoozpoor	S	9575
ارمند	armand,armnd	S	9576
پژهان	pezhan,pzhhan,pozhhan	S	9577
تاتلاری	tatlari	S	9578
بدیع	badi',bdi,badie	S	9580
پروار	parvar,prvar	S	9582
خانزادی	khanzaadi,khanzadi	S	9583
میرمعصومی	mirmasoumi,mirmsoomi	S	9584
چمبری	chamberi,chmbri	S	9585
آزادوار	azadvar	S	9586
پیره	pireh,pire	S	9587
آرامیده	aramideh,aramide	S	9589
منعم	moeen,mnm,moneem	S	9590
حموله	hamuleh,hmoole	S	9592
متوسل	motavassel,mtoosl	S	9593
براتلو	baratloo,bratloo	S	9594
پاک‌دامن	pakdaman,pakdamn	S	9595
دهناد	dahnad,dhnad,dehnad	S	9596
بنافی	banafi,bnafi	S	9598
طهماسیان	tahmasian,thmasian	S	9600
قیدرلو	qeidarlu,ghidrloo	S	9601
دادرسی	dadresi,dadrsi	S	9610
اطاعتی	ete'ati,atati	S	9615
معمارپور	mmarpoor	S	9617
رادمند	radmand,radmnd	S	9619
رستملو	rostamloo,rstmloo	S	9620
بوستان	bustan,boostan	S	9622
آبین	abin,aabin	S	9624
جاپلقی	japalqi,japlghi	S	9625
مهینی	mahini,mhini	S	9626
برزه	barzeh,brze	S	9627
بدره	badra,bdre,badreh	S	9628
مفتاح	mofteh,mftah	S	9630
امرالهی	amrollahi,amralhi	S	9631
کرمانیان	kermaniyan,krmanian	S	9638
صابرماهانی	sabarmohani,sabrmahani	S	9640
صانع	sana,san,sanee	S	9642
دانشوری	daneshouri,danshoori	S	9643
منصورنیا	mansournia,mnsoornia	S	9646
رازبان	razban	S	9648
شاهسوندی	shahsavandi,shahsoondi	S	9649
درویشان	darvishan,drooishan	S	9650
روشان	roushan,rooshan,rowshan	S	9653
سعیدآبادی	sidabadi	S	9656
دهقاندار	dehghandar,dhghandar	S	9657
آبافت	abafat,abaft	S	9659
شعبانپور	shabanpour,shbanpoor	S	9664
شاچری	shachari,shachri	S	9666
بهمرد	bahmard,bhmrd,behmard	S	9670
برزی	barzi,brzi	S	9671
خوروش	khorosh,khoroosh,khorvash	S	9674
شجیراتی	shajerati,shjirati	S	9675
ورقائی	varaghai,varghai	S	9677
براجعی	barajayi,braji	S	9679
آرسته	arasteh,arste	S	9681
پورنجفی	pournajafi,poornjfi	S	9683
بردی	bardi,brdi	S	9685
کاتب	kateb,katb	S	9687
بشار	bashar,bshar	S	9689
چترزرین	chatrzarin,chtrzrin	S	9690
دودانگی	doodangi	S	9691
جیریائی	jiriyai,jiriai	S	9692
خوش‌منظر	khushmanzar,khoshmnzr	S	9697
دلفیه	delfiyeh,dlfie	S	9700
لیریائی	liriyai,liriai	S	9701
آغال	aghal	S	9705
بزازی	bazazi,bzazi	S	9706
فرح	farah,frh	S	9707
کیادربندسری	kiadarbandsari,kiadrbndsri	S	9708
جاویدمهر	javidehmehr,javidmhr	S	9709
پروازی	parvazi,prvazi	S	9710
چمانی	chamani,chmani	S	9712
باباخانلو	babakhanlu,babakhanloo	S	9713
قامتی	ghamati,ghamti	S	9714
چقائی	chaghai,chghai	S	9716
کرجی	karaji,krji	S	9717
حشمدار	hashmdar,hshmdar	S	9719
گودآسیائی	goodasian,goodasiai	S	9721
منزه	mounezeh,mnze,monazzah	S	9723
جعفریانی	jafarani,jfriani	S	9724
مهیمنی	mohammadi,mhimni	S	9728
بهروزفر	behrouzfar,bhroozfr	S	9729
زرگوش	zargush,zrgoosh	S	9731
کرانیان	karaniyan,kranian	S	9734
ترشابی	turshabi,trshabi	S	9736
ایشانی	eshani,aishani	S	9738
نورمحمد	noormohammad,noormhmd	S	9739
خدرزاده	khadrzadeh,khdrzade	S	9740
زیتونلی	zeytounli,zitoonli	S	9741
سلطانزاده	sultanzadeh,sltanzade	S	9742
چوبانی	chobani,choobani	S	9743
محفوظی	mohafzayi,mhfoozi	S	9744
افشارنژاد	afsharnajad,afsharnzhad	S	9746
فشخورانی	fashkhurani,fshkhorani	S	9747
ایمانلو	imanlou,aimanloo	S	9749
الموسوی	almousavi,almoosooi	S	9751
پوربهی	pourbeh,poorbhi	S	9752
لطفعلی	lotfali,ltfli	S	9754
پورشریف	poorshrif	S	9759
لاچینی	lachini	S	9761
پوریانی	puryani,pooriani	S	9762
جهانگیریان	jahanguirian,jhangirian	S	9763
ترک‌زبان	turkspeaking,trkzban	S	9768
پازدار	pazdar	S	9774
معتمدنیا	mo'tamednia,mtmdnia	S	9777
گردانی	gerdani,grdani	S	9778
پگاه	pegaah,pgae,pegah	S	9779
چنگلوائی	changlavi,chnglvai	S	9783
جدیدیان	jadidian,jdidian	S	9784
گلمرادی	golmoradi,glmradi	S	9786
کیهانیان	kehanian,kihanian	S	9788
پرندوار	parandvar,prndvar	S	9789
مزارزئی	mazarezei,mzarzi	S	9790
بهارمست	baharmast,bharmst	S	9791
دکامئی	dekamei,dkami	S	9793
اسکینی	skinny,askini	S	9794
اکسیر	elixir,aksir,eksir	S	9795
دستگردی	dastgardi,dstgrdi	S	9796
عموشاهی	amoushahi,amooshahi	S	9797
شرفیه	sharafiyeh,shrfie,sharafieh	S	9799
صفر	sefer,sfr,safar	S	9800
قاسمخانی	ghasemkhani,ghasmkhani	S	9802
داورنیا	davarniya,davrnia	S	9806
اردانی	ardani	S	9807
بادامکی	badamaki,badamki	S	9808
ریحانیان	rihanian	S	9810
نواب	nawab,nvab,navvab	S	9813
عیدزاده	eidzaadeh,aidzade	S	9814
پایروند	payravan,pairoond	S	9816
سرچمی	sarchami,srchmi	S	9821
برسم	baresam,brsm,barasam	S	9823
طبرزدی	tabrizi,tbrzdi	S	9825
خواجه‌نوری	khajehnouri,khoajhnoori	S	9828
شهمیرزادی	shahmirzadi,shhmirzadi	S	9829
پاکاری	pakari	S	9830
سیدعلیخانی	sidlikhani	S	9831
عباسعلی	abbasali,abasli	S	9832
عاشورزاده	ashourzadeh,aashoorzade	S	9833
عیوضخانی	eyvazkhani,aioozkhani	S	9834
شاهیوند	shahivand,shahioond	S	9838
بخشایشی	bakhshaieshi,bkhshaishi	S	9839
پورنظری	poornazari,poornzri	S	9841
وحیدزاده	vahidzadeh,vahidzade	S	9842
زرکش	zarkash,zrksh	S	9843
نکاحی	nikahi,nkahi	S	9844
پاریزی	parizi	S	9846
شاهوزی	shahvuzi,shahoozi	S	9848
بخشیانی	bakhshiani,bkhshiani	S	9853
مقرب	mogharab,mghrb,moqarrab	S	9856
ناوشکی	navashaki,navshki	S	9858
پیرای	pirayi,pirai	S	9859
همایونفر	homayounfar,hmaioonfr	S	9860
اکبرلو	akbarloo,akbrloo	S	9862
علینقی	alinghi	S	9864
نهانی	nehani,nhani	S	9865
داودنیا	davoodnia,davdnia	S	9866
جندقیان	jandaghian,jndghian	S	9867
سوار	rider,svar	S	9869
جفائی	jafari,jfai	S	9870
گمرکی	customs,gmrki	S	9871
یوزی	yoozi,ioozi	S	9872
محمدآلق	mohammadalq,mhmdalgh	S	9873
سرجوقیان	sergoukyan,srjooghian	S	9874
پورکرمی	pourkarami,poorkrmi	S	9876
ذوالفعلی	zolfaali,zvalfli,zolfa'ali	S	9877
ابوحمزه	aboohmze,abouhamzeh	S	9878
مامی	mami	S	9883
چشمهء	cheshmeh,chshmh	S	9884
یارمطاقلو	yaramtaghlu,iarmtaghloo	S	9886
جوهریان	javaherian,joohrian	S	9887
آذربو	azarbo,azrboo	S	9889
کیوانداریان	keyvandarian,kivandarian	S	9890
تشیعی	tashayyi,tshii	S	9891
طحانیان	tahanian,thanian	S	9892
لکزیان	lakhzian,lkzian	S	9894
کناری	kenari,knari	S	9895
جوربنیان	jorbanian,joorbnian	S	9896
خوش‌اقبال	khushqbal,khoshaghbal	S	9897
عبدالعلی	abdolali,abdalli	S	9898
بیرونی	beyruni,birooni	S	9901
امیرماهانی	amirmahani	S	9902
اندیشمند	thinker,andishmnd	S	9903
ناسوتی	nasouti,nasooti	S	9904
پوردشت	pourdasht,poordsht	S	9906
حق‌خواه	haghkhah,hghkhoae	S	9907
مجابی	mojabi,mjabi	S	9908
راشد	rashed,rashd	S	9915
افقی	ofoqi,afghi	S	9917
جورسرا	joresra,joorsra	S	9921
گونجی	goonji	S	9922
نورمحمدیان	noormohammadian,noormhmdian	S	9924
پورعزیزی	pourazizi,poorzizi	S	9925
اشکواری	ashgvari,ashkvari	S	9926
داستار	dastaar,dastar	S	9927
سلیمانزاده	soleymanzadeh,slimanzade	S	9928
افرنگ	afrang,afrng	S	9929
باژن	bazjan,bazhn	S	9931
روح‌نواز	ruhnavaz,roohnvaz	S	9935
عصائی	asai	S	9938
پاباغی	pabaghi	S	9940
جعفرآقائی	jafaraghaei,jfraghai	S	9943
مهتاب	mahitab,mhtab,mahtab	S	9944
باختری	bakhtari,bakhtri	S	9945
اندایش	andayesh,andaish	S	9946
لندرانی	landarani,lndrani	S	9950
توسن	tosan,toosn	S	9951
قدیرزاده	ghadirzadeh,ghdirzade	S	9952
آقاشیری	aghashiri	S	9953
میرعزیزی	mirazizi,mirzizi	S	9954
امانلو	amanloo	S	9955
خیرمندپاریزی	kheirmandparizi,khirmndparizi	S	9958
جهاندارلاشکی	jahandarlashki,jhandarlashki	S	9961
محمدولی	mohammadvali,mhmdooli	S	9963
بومری	boomeri,boomri	S	9964
زهره	zohreh,zhre,zohre	S	9965
علی‌محمد	alimohammad,alimhmd	S	9966
اشوری	ashouri,ashoori	S	9968
کوسلی	koushali,koosli	S	9970
اشکبوس	ashkabous,ashkboos,ashkbus	S	9976
شورچه	shorcheh,shoorche	S	9979
اللهمرادی	alhamradi,allhmradi	S	9981
خدنگ	khodang,khdng	S	9984
خرمائی	khorrami,khrmai	S	9986
توانگرریزی	tavangariyzi,tvangrrizi	S	9992
پرونده	parvandeh,proonde	S	9995
فخرالدین	fkhraldin,fakhroddin	S	9999
پرهون	parhoon,prhoon,parhun	S	10000
آئیریا	airiya	F	0
آئیل	ail	F	0
آبادان	abadan	F	0
آبادیس	abadis	F	0
آبار	abar	F	0
آباریس	abaris	F	0
آباغان	abaghan	F	0
آباقا	abagha	F	0
آبامه	abameh	F	0
آبان	aban	F	0
آبانا	abana	F	0
آبانداد	abandad	F	0
آباندان	abandan	F	0
آبانه	abaneh	F	0
آبانوز	abanuz	F	0
آبانک	abanak	F	0
آباگران	abagran	F	0
آبای	abay	F	0
آبتاب	abtab	F	0
آبث	aabas	F	0
آبد	abed	F	0
آبدست	abdast	F	0
آبدوس	abdus	F	0
آبدیس	abdis	F	0
آبدین	abdin	F	0
آبرام	abram	F	0
آبراما	abrama	F	0
آبراهام	abraham	F	0
آبرخ	abrokh	F	0
آبرلی	aberli	F	0
آبرنگ	abrang	F	0
آبرو	abroo	F	0
آبرود	abrud	F	0
آبروشن	abroshan	F	0
آبسال	absal	F	0
آبسالان	absalan	F	0
آبستا	abesta	F	0
آبش	abesh	F	0
آبشار	abshar	F	0
آبشن	abshan	F	0
آبلاتکا	ablatka	F	0
آبلوج	abluj	F	0
آبناز	abnaz	F	0
آبنوس	abnus	F	0
آبنوش	abnush	F	0
آبو	abu	F	0
آبگل	abgol	F	0
آبگون	abgun	F	0
آبگین	abgin	F	0
آبگینه	abgine,abgineh	F	0
آبیق	abigh	F	0
آبیقان	abighan	F	0
آبینه	abine	F	0
آبینچ	abinch	F	0
آبیژ	abizh	F	0
آتا	ata	F	0
آتاباللی	ataballi	F	0
آتابای	atabay	F	0
آتابلی	atabli	F	0
آتابیک	atabik	F	0
آتابیگ	atabig	F	0
آتاسای	atasay	F	0
آتاش	atash	F	0
آتاشا	atasha	F	0
آتاقلیچ	atagholich	F	0
آتالان	atalan	F	0
آتامان	ataman	F	0
آتامعلی	atamo'ali	F	0
آتامکین	atamkin	F	0
آتان	atan	F	0
آتاکان	atakan	F	0
آتاگلدی	atagoldi	F	0
آتای	atay	F	0
آتایار	atayar	F	0
آتبین	atbin	F	0
آتجان	atjan	F	0
آتحان	athan	F	0
آتر	atar	F	0
آترا	atra	F	0
آترابان	atraban	F	0
آتربان	atorban	F	0
آتردین	atardin	F	0
آترس	atars	F	0
آتروان	atrovan	F	0
آتروسا	atrusa	F	0
آترون	atron	F	0
آتروپات	atropat	F	0
آتری	atri	F	0
آتریا	atriya	F	0
آتریداد	atridad	F	0
آتریسا	atrisa	F	0
آترین	atrin	F	0
آترینا	atrina	F	0
آترینه	atrineh	F	0
آتسا	atsa	F	0
آتسز	atsez	F	0
آتش	atash	F	0
آتشبان	atashban	F	0
آتشبند	atashband	F	0
آتشدخت	atashdokht	F	0
آتشزاد	atashzad	F	0
آتشفام	atashfam	F	0
آتشه	atashe	F	0
آتشپاره	atashpareh	F	0
آتشک	atashak	F	0
آتشکار	atashkar	F	0
آتشگون	atashgon	F	0
آتشیزه	atashizeh	F	0
آتشین	atashin	F	0
آتلاز	atlaz	F	0
آتلان	atlan	F	0
آتلی	atli	F	0
آتمان	atman	F	0
آتمش	atmesh	F	0
آتمین	atmin	F	0
آتنا	atena	F	0
آتنایا	atenaya	F	0
آتنه	ateneh	F	0
آتنی	aatani	F	0
آتهینا	athina	F	0
آتور	atur	F	0
آتورپات	atorpat	F	0
آتورینا	aturina	F	0
آتوسا	atusa	F	0
آتوشه	atusheh	F	0
آتون	atun	F	0
آتیال	atyal	F	0
آتیتی	atiti	F	0
آتیجی	atiji	F	0
آتیس	atis	F	0
آتیسا	atisa	F	0
آتیق	atigh	F	0
آتیلا	atilla,atila	F	0
آتین	atin	F	0
آتینا	atina	F	0
آتیه	atiye,atiyeh,atieh	F	0
آثحه	asehe	F	0
آثویه	asuyeh	F	0
آجار	ajar	F	0
آجارمان	ajarman	F	0
آجلان	ajlan	F	0
آجیر	ajir	F	0
آجیکه	ajikeh	F	0
آختعلی	akhtali	F	0
آخش	akhash	F	0
آخشام	akhsham	F	0
آخشیج	akhshej	F	0
آخشین	akhsheen	F	0
آدا	ada	F	0
آداد	adad	F	0
آدار	adar	F	0
آدارایل	adarayl	F	0
آداش	adash	F	0
آداق	adagh	F	0
آدال	adal	F	0
آدالان	adalan	F	0
آدام	adam	F	0
آدان	adan	F	0
آداک	adak	F	0
آدای	aday	F	0
آدبهاوا	adebhava	F	0
آدخ	adakh	F	0
آدخت	adokht	F	0
آدرا	adara	F	0
آدریا	adriya	F	0
آدریان	adriyan	F	0
آدریانا	adriyana	F	0
آدریانوس	adriyanus	F	0
آدریل	adriel	F	0
آدرین	adarin	F	0
آدرینا	adarina	F	0
آدسای	adsay	F	0
آدشرین	adsharin	F	0
آدشیرین	adshirin	F	0
آدلی	adli	F	0
آدلیا	adliya	F	0
آدم	adam	F	0
آدمیرال	admiral	F	0
آدنا	adena	F	0
آدنیس	adnis	F	0
آدهاوا	adhava	F	0
آدور	ador	F	0
آدورا	adora	F	0
آدورینا	adorina	F	0
آدونیس	adonis	F	0
آدوین	advin	F	0
آدی	adi	F	0
آدیا	adiya	F	0
آدیش	adish	F	0
آدیشا	adisha	F	0
آدیشه	adisheh	F	0
آدین	adin	F	0
آدینا	adina	F	0
آدینگ	ading	F	0
آدیگوزل	adigozal	F	0
آذار	azar	F	0
آذرآباد	azarabad	F	0
آذرافروز	azraafruz	F	0
آذرافزا	azrafza	F	0
آذران	azaran	F	0
آذراوغلی	azarughla	F	0
آذربان	azarban	F	0
آذربانو	azarbanu	F	0
آذربد	azarbad	F	0
آذربه	azarbeh	F	0
آذربود	azarbud	F	0
آذربویه	azarbooye	F	0
آذرجهان	azarjahan	F	0
آذرخاتون	azarkhaton	F	0
آذرخانم	azarkhanom	F	0
آذرخت	azarkhod	F	0
آذردوخت	azardokht	F	0
آذردیس	azardis	F	0
آذررخ	azarrokh	F	0
آذرشسب	azarshasp	F	0
آذرشست	azarshast	F	0
آذرشن	azarshan	F	0
آذرفر	azarfar	F	0
آذرفرنبغ	azarfarangbakh	F	0
آذرفروز	azarforuz	F	0
آذرفزا	azarafza	F	0
آذرماهان	azarmahan	F	0
آذرمیدخت	azarmidokht	F	0
آذرمینا	azarmina	F	0
آذرنرسی	azarnarsi	F	0
آذروان	azarvan	F	0
آذروش	azaroosh	F	0
آذرپناه	azarpanah	F	0
آذرپژوه	azarpajou	F	0
آذرک	azarak	F	0
آذرکار	azarkar	F	0
آذرگشسب	azarghashasb	F	0
آذرگشسپ	azargashtasp	F	0
آذرین	azarin	F	0
آذیندخت	azindokht	F	0
آراء	ara'	F	0
آرات	arat	F	0
آراج	araj	F	0
آراد	arad	F	0
آراده	arade	F	0
آرارات	ararat	F	0
آراز	araz	F	0
آرازبیدی	arazbidi	F	0
آرازش	arazesh	F	0
آراس	aras	F	0
آراسب	arasb	F	0
آراستی	arasti	F	0
آراسپ	arasp	F	0
آراشید	arashid	F	0
آرال	aral	F	0
آرالیا	araliya	F	0
آرامه	arame	F	0
آرامیان	aramiyan	F	0
آرامیس	aramis	F	0
آراکو	arako	F	0
آراگل	aragol	F	0
آرای	aray	F	0
آرایلی	arayli	F	0
آرایه	araye	F	0
آربی	arbi	F	0
آرتا	arta	F	0
آرتابان	artaban	F	0
آرتاریا	artariya	F	0
آرتاش	artash	F	0
آرتام	artam	F	0
آرتامهر	artamehr	F	0
آرتامیس	artamis	F	0
آرتان	artan	F	0
آرتانا	artana	F	0
آرتمن	arteman	F	0
آرتمیز	artmiz	F	0
آرتمیس	artemis	F	0
آرتن	artan	F	0
آرتنوس	artnos	F	0
آرتوان	artvan	F	0
آرتور	artor	F	0
آرتوش	artosh	F	0
آرتوم	artum	F	0
آرتون	artun	F	0
آرتونیس	artonis	F	0
آرتی	arti	F	0
آرتیا	artia	F	0
آرتیان	artian	F	0
آرتیستون	artiston	F	0
آرتیما	artima	F	0
آرتیمان	artiman	F	0
آرتیمس	artimes	F	0
آرتیمیس	artemis	F	0
آرتین	artin	F	0
آرتینا	artina	F	0
آرتینه	artine	F	0
آرتیکا	artika	F	0
آرتیکاس	artikas	F	0
آرخ	arakh	F	0
آرخا	arkha	F	0
آردا	arda	F	0
آردیسیا	ardisiya	F	0
آردین	ardin	F	0
آرزش	arezesh	F	0
آرزم	arazm	F	0
آرزوگل	arezogol	F	0
آرزیتا	arzita	F	0
آرسا	arsa	F	0
آرسام	arsam	F	0
آرسامس	arsames	F	0
آرسامن	arsaman	F	0
آرسان	arsan	F	0
آرسانا	arsana	F	0
آرسس	arses	F	0
آرسن	arsen	F	0
آرسو	arso	F	0
آرسیس	arsis	F	0
آرسین	arsin	F	0
آرسینا	arsina	F	0
آرسینه	arsineh	F	0
آرشا	arsha	F	0
آرشام	arsham	F	0
آرشامه	arshameh	F	0
آرشان	arshan	F	0
آرشاویر	arshavir,arshavier	F	0
آرشاوین	arshavin	F	0
آرشاک	arshak	F	0
آرشن	arshan	F	0
آرشیا	arshiya	F	0
آرشیت	arshit	F	0
آرشیدا	arshida	F	0
آرشین	arshin	F	0
آرشینا	arshina	F	0
آرشینه	arshineh	F	0
آرف	aref	F	0
آرق	arag	F	0
آرقون	arghon	F	0
آرلد	arald	F	0
آرلین	arlin	F	0
آرمانا	armana	F	0
آرماند	armand	F	0
آرماندا	armanada	F	0
آرماندیس	armandis	F	0
آرمتی	armati	F	0
آرمن	armen	F	0
آرمناک	aramnak	F	0
آرمه	arameh	F	0
آرمهر	armehr	F	0
آرمودیان	armodiyan	F	0
آرمیا	armiya	F	0
آرمیتا	armita	F	0
آرمیتان	armitan	F	0
آرمیتاژ	armitazh	F	0
آرمیتی	armiti	F	0
آرمیس	armis	F	0
آرمیلا	armila	F	0
آرمینا	armina	F	0
آرمیندخت	armindokht	F	0
آرمینه	armineh	F	0
آرمینی	armini	F	0
آرمیین	armin	F	0
آرن	aren	F	0
آرنا	arna	F	0
آرنام	arnam	F	0
آرنوش	arnush	F	0
آرنوشا	arnusha	F	0
آرنولد	arnold	F	0
آرنگ	arang	F	0
آرنیا	arniya	F	0
آرنیک	arnick	F	0
آرنیکا	arnika	F	0
آرهان	arhan	F	0
آرو	aro	F	0
آروا	arva	F	0
آروان	arvan	F	0
آرورا	aurora	F	0
آروز	aroz	F	0
آروشا	arosha	F	0
آروق	aruq	F	0
آرونا	aruna	F	0
آروکو	arukku	F	0
آرویج	arvij	F	0
آروید	arvid	F	0
آرویشه	arvisheh	F	0
آروینا	arvina	F	0
آرپان	arpan	F	0
آرژان	arzhan	F	0
آرژین	arzhin	F	0
آرکا	arka	F	0
آرکان	arkan	F	0
آرکیا	arkiya	F	0
آرگش	argash	F	0
آرگون	argun	F	0
آری	ari	F	0
آریابان	aryaban	F	0
آریابد	aryabad,ariyabod	F	0
آریابرز	aryaborz	F	0
آریاداد	aryadad	F	0
آریادخت	ariyadokht	F	0
آریاراد	ariyarad	F	0
آریارمن	aryarman	F	0
آریارمنه	aryaramnah	F	0
آریاز	aryaz,ariyaz	F	0
آریاس	aryas	F	0
آریاسب	ariyasb	F	0
آریاسپ	ariyasp	F	0
آریام	ariyam,aryam	F	0
آریامن	ariyaman	F	0
آریامهر	ariyamehr	F	0
آریاناز	arianaz	F	0
آریانه	ariyane	F	0
آریانوش	arianoush	F	0
آریانیک	aryanik	F	0
آریاوا	ariyava	F	0
آریاوش	aryavash	F	0
آریاک	ariyak	F	0
آریاگیو	aryagiv	F	0
آریتا	arita	F	0
آریتما	aritma	F	0
آریز	ariz	F	0
آریس	aris	F	0
آریسا	arisa	F	0
آریسان	arisan	F	0
آریستا	arista	F	0
آریسته	aristeh	F	0
آریشا	arisha	F	0
آریشن	arishan	F	0
آریشیدا	arishida	F	0
آریل	ariel	F	0
آریم	arim	F	0
آرینا	arina,ariyana	F	0
آریندخت	arindokht	F	0
آرینود	arinod	F	0
آریه	arieh	F	0
آریو	aryo,ariu	F	0
آریوان	arivan	F	0
آریوبرزن	ariyobarzan	F	0
آریوبرزین	ariubarzin	F	0
آریوداد	ariudad	F	0
آریوراد	ariurad	F	0
آریوس	arius	F	0
آریوسام	ariusam	F	0
آریوند	arivand	F	0
آریژه	arizheh	F	0
آر‌ام	armin	F	0
آزا	aza	F	0
آزات	azat	F	0
آزادبه	azadbeh	F	0
آزادسرو	azadsarv	F	0
آزادفروز	azadforoz	F	0
آزاله	azaleh	F	0
آزالیا	azaliya	F	0
آزر	azar	F	0
آزران	azran	F	0
آزرمان	azarman	F	0
آزرمدخت	azarmadokht	F	0
آزرمگان	azarmagan	F	0
آزرمیدخت	azarmidokht	F	0
آزرمین	azarmin	F	0
آزرو	azar	F	0
آزریتا	azarita	F	0
آزش	azash	F	0
آزما	azma	F	0
آزو	azu	F	0
آزیا	azia	F	0
آزیتا	azita	F	0
آزین	azin	F	0
آزینا	azina	F	0
آزینه	azineh	F	0
آساد	asad	F	0
آساره	asareh	F	0
آسام	asam	F	0
آسانا	asana	F	0
آساهیر	asahir	F	0
آستارام	astaran	F	0
آستاره	astaareh	F	0
آسترید	astrid	F	0
آستقیک	astagheeg	F	0
آستیاژ	astyaj,astiyazh	F	0
آستیاک	astyak	F	0
آستیاگ	astiyag,astyag	F	0
آسدین	asdin	F	0
آسف	asef	F	0
آسلان	aslan	F	0
آسمان	asman	F	0
آسمانه	asmane	F	0
آسمانهور	asemanehvor	F	0
آسمر	asmar	F	0
آسمه	aseman	F	0
آسمیتا	asmita	F	0
آسمین	asmin	F	0
آسن	asen	F	0
آسنا	asna	F	0
آسنات	asenat	F	0
آسه	ase	F	0
آسو	asu	F	0
آسودا	asoda	F	0
آسپاداس	aspadas	F	0
آسپیان	aspian	F	0
آسکه	aaskeh	F	0
آسکی	aski	F	0
آسیا	asiya	F	0
آسیدات	asidat	F	0
آسیم	asim	F	0
آسیمن	asiman	F	0
آسیمه	asimeh	F	0
آسیه	asiyeh	F	0
آشا	asha	F	0
آشار	ashar	F	0
آشام	asham	F	0
آشتی	ashti	F	0
آشر	asher	F	0
آشرمحمد	asharmohammad	F	0
آشناس	ashnas	F	0
آشوب	ashoob	F	0
آشور	ashur	F	0
آشورینا	ashurina	F	0
آشوک	ashok	F	0
آشکین	ashkin	F	0
آشینا	ashina	F	0
آصف	asef	F	0
آصفه	asefeh	F	0
آطوسا	atosa	F	0
آغاجان	aghajan	F	0
آغاخانم	aghakhanom	F	0
آغار	aghar	F	0
آغازاده	aghazadeh	F	0
آغاسی	aghasi	F	0
آغامادر	aghamadar	F	0
آغامیر	aghamir	F	0
آغاپری	aghapari	F	0
آغایار	aghayar	F	0
آغنده	aghandeh	F	0
آغوش	aghosh	F	0
آغگل	aghghol	F	0
آفاق	afaq	F	0
آفت	aft	F	0
آفتاب	aftab	F	0
آفتابدخت	aftabdokht	F	0
آفرت	afrat	F	0
آفرتاج	afrataj	F	0
آفرنگ	afrang	F	0
آفریده	afarideh	F	0
آفریدون	afaridun	F	0
آفریندخت	afarindokht	F	0
آفرینش	afarinesh	F	0
آفسانه	afsaneh	F	0
آفشید	afshid	F	0
آفناب	afnab	F	0
آفیه	afiyeh	F	0
آلا	ala	F	0
آلاء	ala	F	0
آلاتان	alatan	F	0
آلار	alar	F	0
آلاز	alaz	F	0
آلاله	alaleh	F	0
آلان	alan	F	0
آلاوه	alave	F	0
آلب	alb	F	0
آلبا	alba	F	0
آلبرت	albert	F	0
آلتای	altay	F	0
آلتنای	altenay	F	0
آلتون	altun	F	0
آلتین	altin	F	0
آلدین	aldin	F	0
آلقان	alghan	F	0
آلقین	alghin	F	0
آلما	alma	F	0
آلمارا	almara	F	0
آلماز	almaz	F	0
آلن	alan	F	0
آلنام	alnam	F	0
آلند	aland	F	0
آلندا	alanda	F	0
آلنوش	alnoosh	F	0
آلوم	alum	F	0
آلوگونه	alogoneh	F	0
آلوینا	alvina	F	0
آلپ	alp	F	0
آلپار	alpar	F	0
آلپای	alpay	F	0
آلپر	alpar	F	0
آلپمان	alpman	F	0
آلکا	alka	F	0
آلکسی	aleksi	F	0
آلکو	alko	F	0
آلگون	algon	F	0
آلیا	aliya	F	0
آلیس	alis	F	0
آلیسا	alisa	F	0
آلیش	alish	F	0
آلیشا	alish	F	0
آلیشان	alishan	F	0
آلین	alin	F	0
آلینا	alina	F	0
آلیک	alik	F	0
آماتیا	amatia	F	0
آماتیس	amatis	F	0
آماستریس	amasteris	F	0
آمال	amal	F	0
آمانج	amanj	F	0
آماندا	amanda	F	0
آماندانا	amandana	F	0
آمانوییل	amanoueil	F	0
آمتیس	amtis	F	0
آمستریدا	amesterida	F	0
آمستریس	amasteris	F	0
آمن	aman	F	0
آمنا	amana	F	0
آمنه	amene	F	0
آمنید	amnid	F	0
آموتیا	amutiya	F	0
آمونج	aamunj	F	0
آموی	amavi	F	0
آمیار	amyar	F	0
آمیتا	amita	F	0
آمیتریس	amitris	F	0
آمیتیدا	amitida	F	0
آمیتیس	amitis	F	0
آمین	amin	F	0
آمینه	amineh	F	0
آنا	ana	F	0
آنائل	anael	F	0
آنابیتا	anabita	F	0
آناتا	anata	F	0
آناتولی	anatoli	F	0
آناخانم	anakhanom	F	0
آناددی	anadadi	F	0
آنادل	anadel	F	0
آنار	anar	F	0
آناش	anash	F	0
آناشید	anashid	F	0
آنالی	anali	F	0
آنام	anam	F	0
آنامهر	anamehr	F	0
آنامولام	anamolam	F	0
آناناز	ananaz	F	0
آناهل	anahel	F	0
آناهیت	anahit	F	0
آناهیتا	anahita	F	0
آناهید	anahid	F	0
آناپلاد	anaplad	F	0
آناک	anak	F	0
آناگ	anag	F	0
آناگلدی	anagoldi	F	0
آنایاش	anayash	F	0
آنت	aant	F	0
آنتا	anta	F	0
آنتونیو	antonio	F	0
آنتیس	antis	F	0
آنتیگون	antigon	F	0
آنجلا	angela	F	0
آندروش	androosh	F	0
آندریا	andria	F	0
آندیا	andiya	F	0
آنس	aans	F	0
آنسه	anese	F	0
آنلار	anlar	F	0
آنلی	anli	F	0
آنه	ane	F	0
آنو	ano	F	0
آنوش	anush	F	0
آنوشا	anusha	F	0
آنوشه	anosheh	F	0
آنوهه	anoheh	F	0
آنی	ani	F	0
آنیا	ania	F	0
آنیت	anit	F	0
آنیتا	anita	F	0
آنید	anid	F	0
آنیدا	anida	F	0
آنیس	anis	F	0
آنیسا	anisa	F	0
آنیشا	anisha	F	0
آنیل	anil	F	0
آنیلا	anila	F	0
آنیلار	anilar	F	0
آنیما	anima	F	0
آنیه	aniyeh	F	0
آنیو	aniyo	F	0
آنیک	anik	F	0
آنیکا	anika	F	0
آهار	ahar	F	0
آهنعلی	ahanali	F	0
آهو	ahu	F	0
آهید	ahid	F	0
آهیر	ahir	F	0
آهیل	ahil	F	0
آهیه	ahiyeh	F	0
آوا	ava	F	0
آوات	avat	F	0
آواد	avad	F	0
آوادان	avadan	F	0
آوادخت	avadokht	F	0
آوادیس	avadis	F	0
آوار	avar	F	0
آواز	avaz	F	0
آوام	avam	F	0
آوان	avan	F	0
آوانا	avana	F	0
آواناز	avanaz	F	0
آوانوش	avanush	F	0
آوختی	avakhti	F	0
آورین	avrin	F	0
آوش	avash	F	0
آوشن	avashan	F	0
آون	avan	F	0
آوند	avand	F	0
آونگ	avang	F	0
آوه	aveh	F	0
آوگان	avgan	F	0
آوید	avid	F	0
آویده	avideh	F	0
آویر	avir	F	0
آویز	aviiz,aviz	F	0
آویزند	avizand	F	0
آویزه	avizeh	F	0
آویسا	avisa	F	0
آویشا	avisha	F	0
آویشار	avishar	F	0
آویشن	avishan	F	0
آویشه	avisheh	F	0
آوین	avin	F	0
آوینا	avina	F	0
آوینه	avineh	F	0
آویژه	avijeh	F	0
آپادا	apada	F	0
آپاداش	apadash	F	0
آپادانا	apadana	F	0
آپادیپا	apadipa	F	0
آپاسای	apasay	F	0
آپام	apam	F	0
آپاما	apama	F	0
آپامنه	apamneh	F	0
آپامه	apameh	F	0
آپتین	aptin	F	0
آپرانیک	apranik	F	0
آپنیتا	apnita	F	0
آپگیا	apgiya	F	0
آپگیتی	apgiti	F	0
آپیشن	apishan	F	0
آچیق	achigh	F	0
آچیم	achim	F	0
آژمان	azhman	F	0
آژن	azhan	F	0
آژند	azhand	F	0
آژنگ	azhang	F	0
آژو	azho	F	0
آژوان	azhovan	F	0
آژیار	azhyar	F	0
آژینه	azhine	F	0
آکاشا	akasha	F	0
آکام	akam	F	0
آکای	akay	F	0
آکو	ako	F	0
آکوان	akoan	F	0
آگا	agha	F	0
آگاس	agas	F	0
آگاهدخت	agahdokht	F	0
آگری	agri	F	0
آگرین	agarin	F	0
آی	ay	F	0
آیات	ayat	F	0
آیاز	ayaz	F	0
آیاش	ayash	F	0
آیان	ayan	F	0
آیت	ayat	F	0
آیتا	aita	F	0
آیتاله	ayatollah	F	0
آیتای	aytaay	F	0
آیتعلی	ayat'ali	F	0
آیتغمش	ayatghamash	F	0
آیتن	ayten	F	0
آیتونا	aytuna	F	0
آیتک	aytak	F	0
آیتکین	ayatkin	F	0
آیت‌الله	ayatollah	F	0
آیجان	ayjan	F	0
آیجمال	ayjamal	F	0
آیحان	ayhan	F	0
آیخان	ayxan	F	0
آیدا	aida,ayda	F	0
آیدان	aidan	F	0
آیدانا	aydana	F	0
آیدغدی	aydighdi	F	0
آیدل	aydel	F	0
آیدن	ayden	F	0
آیدنگ	aydang	F	0
آیدک	aydek	F	0
آیدیس	aydis	F	0
آیدین	aydin	F	0
آیدینا	aydina	F	0
آیرا	ayra	F	0
آیراد	ayrad	F	0
آیرال	ayral	F	0
آیرانا	ayrana	F	0
آیرخ	ayrokh	F	0
آیریا	ayriya	F	0
آیریانا	ayriyana	F	0
آیریس	iris	F	0
آیرین	ayrin	F	0
آیریک	ayrik	F	0
آیزا	ayza	F	0
آیسا	aysa	F	0
آیسان	aysan	F	0
آیسای	aysa	F	0
آیسل	aysel	F	0
آیسن	aysan	F	0
آیسو	aysu	F	0
آیسوده	aysudeh	F	0
آیسونا	aysoona	F	0
آیسین	aysin	F	0
آیشا	aysha	F	0
آیشید	ayshid	F	0
آیشیل	ayshil	F	0
آیقان	aighan	F	0
آیقین	ayghin	F	0
آیلا	ayla	F	0
آیلار	ailar	F	0
آیلان	aylan	F	0
آیلر	aylar	F	0
آیلما	aylma	F	0
آیلی	ayli,aili	F	0
آیلین	aylin	F	0
آیما	aima,ayma	F	0
آیماه	aymah	F	0
آینا	ayna,ayena	F	0
آیناز	aynaz	F	0
آینه	ayeneh	F	0
آینور	ayenoor	F	0
آیه	ayeh,aye	F	0
آیهان	ayhan	F	0
آیوالله	ayatollah	F	0
آیکال	aykal	F	0
آیکان	aykan	F	0
آیکون	aykon	F	0
آیگل	aygol	F	0
آیگوزل	ayguzel	F	0
آیگون	aygun	F	0
آیگین	aygin	F	0
آیید	ayyd	F	0
آییش	ayish	F	0
آیین	ayin	F	0
آیینه	ayineh	F	0
آیینگشسب	ayingashasp	F	0
آییژ	ayizh	F	0
ؤهرا	vahra	F	0
ائلآی	elay	F	0
ائلمان	elman	F	0
ائلوین	elvin	F	0
ائیریا	ayria	F	0
ابا	aba	F	0
ابابکر	ababakr	F	0
ابات	abat	F	0
ابادر	abadar	F	0
اباذر	abazar	F	0
اباز	abaz	F	0
ابازر	abazar	F	0
اباس	abas	F	0
اباسط	abasat	F	0
اباسعد	abas'ad	F	0
اباسل	abasal	F	0
اباسلت	abasalt	F	0
اباسلط	abasolt	F	0
اباسلک	abasalak	F	0
اباصت	abasat	F	0
اباصل	abasal	F	0
اباصلت	abasalt	F	0
اباصلط	abasalt	F	0
ابالفتح	abalfath	F	0
ابالفضل	abalfazl	F	0
اباهیم	ebrahim	F	0
ابتاج	ebtaj	F	0
ابتسام	ebtesam	F	0
ابتسلم	ebtaslam	F	0
ابتصام	ebtessam	F	0
ابتهاج	ebtehaj	F	0
ابتهاش	ebtehash	F	0
ابتهال	ebtehal	F	0
ابتین	abtin	F	0
ابجد	abjad	F	0
ابحش	abhosh	F	0
ابخش	abkhosh	F	0
ابدال	ebdal	F	0
ابدالحسن	abdolhasan	F	0
ابدالرضا	abdolreza	F	0
ابدالفضل	abdalfazl	F	0
ابدالمجید	abdolmajid	F	0
ابدالوصیل	ebdalvasil	F	0
ابدقدی	abdeghadi	F	0
ابده	abdah	F	0
ابذر	abzar	F	0
ابر	abar	F	0
ابرا	ebra	F	0
ابرار	abrar	F	0
ابرارها	abrarha	F	0
ابراسیم	abrasim	F	0
ابران	abran	F	0
ابراهیمعلی	ebrahimali	F	0
ابراهیمک	ebrahimak	F	0
ابرش	abrash	F	0
ابرنیق	abraniq	F	0
ابره	abre	F	0
ابرههیم	ebrahimi	F	0
ابرو	abro	F	0
ابریجان	abrizhan	F	0
ابریزه	abrizeh	F	0
ابریس	abriz	F	0
ابریشم	abrisham	F	0
ابس	aps	F	0
ابستا	abesta	F	0
ابصلت	absalt	F	0
ابفضل	abolfazl	F	0
ابلراهیم	ebrahim	F	0
ابلفرز	ablfarz	F	0
ابلفضل	abolfazl	F	0
ابلقاسم	ablqasem	F	0
ابلیس	eblis	F	0
ابمانعلی	abmanali	F	0
ابمن	abman	F	0
ابناس	ebnas	F	0
ابو	abo	F	0
ابواتفضل	abuatfazl	F	0
ابواتلفضل	abolfazl	F	0
ابواصلت	abuosalat	F	0
ابوافضل	abolfazl	F	0
ابوالب	abolb	F	0
ابوالبشر	abolbashr	F	0
ابوالثتح	abolseth	F	0
ابوالحجن	abolhajn	F	0
ابوالحد	abolhadi	F	0
ابوالحسن	abolhasan	F	0
ابوالرحیم	abolrahim	F	0
ابوالشمس	abolshams	F	0
ابوالضل	abolzol	F	0
ابوالعباس	abolabbas	F	0
ابوالفاسم	abolghasem	F	0
ابوالفتح	abolfath	F	0
ابوالفح	abolfazh	F	0
ابوالفصل	abolfazl	F	0
ابوالفض	abolfazl	F	0
ابوالفضل	abolfazl	F	0
ابوالفظل	abolfazl	F	0
ابوالففضل	abolfazl	F	0
ابوالقالسم	abolghasem	F	0
ابوالقیس	abolghays	F	0
ابواللفضل	abolfazl	F	0
ابوالمحمد	abolmohammad	F	0
ابوالهاشم	abolhashem	F	0
ابوب	abub	F	0
ابوبفضل	abolfazl	F	0
ابوبک	aboubak	F	0
ابوتافضل	abotafazl	F	0
ابوجهاد	abujahad	F	0
ابوریحان	abureyhan	F	0
ابوسعید	abusa'id	F	0
ابوصالح	abusaleh	F	0
ابوطاب	abutab	F	0
ابوفاضل	aboufazl	F	0
ابوفضل	abolfazl	F	0
ابول	abol	F	0
ابولحسن	abolhasan	F	0
ابولفتح	abolfath	F	0
ابولفرضل	abolfazl	F	0
ابولفضل	abolfazl	F	0
ابولقاسم	abolghasem	F	0
ابولقاسمی	abolghasemi	F	0
ابولقالقاسم	abolghasem	F	0
ابوللفضل	abolfazl	F	0
ابوکر	abukar	F	0
ابویکر	abuyekr	F	0
ابک	abak	F	0
ابکار	abkar	F	0
ابی	abi	F	0
ابیدالله	obidallah	F	0
ابیش	abish	F	0
ابیلفضل	abolfazl	F	0
ابیله	abileh	F	0
ابی‌الحسن	abolhassan	F	0
ابی‌الفضل	abalfazl	F	0
اتا	eta	F	0
اتالوالله	ataollah	F	0
اتبوالفضل	atabolfazl	F	0
اتبک	atbak	F	0
اتجان	atajan	F	0
اتحاد	ettehad	F	0
اتحمد	etehmad	F	0
اتحیا	otohya	F	0
اترس	atras	F	0
اترک	atrak	F	0
اترین	atrin	F	0
اتسام	etsam	F	0
اتش	atash	F	0
اتصام	etesam	F	0
اتضار	ozhar	F	0
اتنه	atene	F	0
اتهام	eteham	F	0
اتهره	atareh	F	0
اتک	atak	F	0
اتکه	atkeh	F	0
اتیا	atiya	F	0
اتیلا	atila	F	0
اتیه	atiyeh	F	0
اثامه	osameh	F	0
اثمر	asmar	F	0
اثنایی	esnayi	F	0
اثیر	asir	F	0
اجبار	ejbar	F	0
اجر	ajar	F	0
اجراراه	ejrarah	F	0
اجلال	ejlal	F	0
اجمل	ejmal	F	0
اجو	aju	F	0
اجور	ajour	F	0
اجکه	ajgah	F	0
اجی	aji	F	0
اجیر	ajeer	F	0
احباب	ahabab	F	0
احتارم	ehteram	F	0
احتام	ehtam	F	0
احترام	ehteram	F	0
احتسام	ehtesam	F	0
احثاق	ehsagh	F	0
احد	ahad	F	0
احدالله	ahadollah	F	0
احداله	ahadollah	F	0
احدرضا	ahadreza	F	0
احدله	ahadleh	F	0
احدیه	ahdiyeh	F	0
احر	ahr	F	0
احراب	ahrab	F	0
احرار	ahrar	F	0
احرام	ehram	F	0
احساء	ahsa	F	0
احساس	ehsas	F	0
احسام	ehsam	F	0
احسانالله	ehsanollah	F	0
احسانعلی	ehsanali	F	0
احسانه	ehsaneh	F	0
احسین	ehsan	F	0
احصا	ehsa	F	0
احلام	ahlam	F	0
احمداله	ahmadollah	F	0
احمدحسن	ahmadhasan	F	0
احمدحسین	ahmadhoseyen	F	0
احمدرضا	ahmadreza	F	0
احمدشاه	ahmadshah	F	0
احمدصادق	ahmadsadegh	F	0
احمدضیا	ahmadzia	F	0
احمدضیاء	ahmadzia	F	0
احمدطاهااحمدطه	ahmadtaha	F	0
احمدعلی	ahmadali	F	0
احمدعی	ahmadei	F	0
احمدقلی	ahmadgholi	F	0
احمدمراد	ahmadmorad	F	0
احمده	ahmad	F	0
احمدهادی	ahmadhadi	F	0
احمدپاشا	ahmadpasha	F	0
احمدگل	ahmadgol	F	0
احمدیاسین	ahmadyasin	F	0
احمذد	ahmad	F	0
احمر	ahmar	F	0
احمی	ahmadi	F	0
احمید	ahmad	F	0
احند	ahmad	F	0
احنف	ahnaf	F	0
احود	ahoud	F	0
احور	ahvar	F	0
احیا	ahya,ehya	F	0
احیاء	ehyaa	F	0
احیاه	ehyah	F	0
احیاگل	ehyagol	F	0
احیای	ehyaa	F	0
احید	ahid	F	0
اختای	akhtay	F	0
اخترال	akhtarel	F	0
اخترام	akhtaram	F	0
اخترعلی	akhtarali	F	0
اخترمحمد	akhtarmohammad	F	0
اختیار	ekhtiyar	F	0
اخذر	akhtar	F	0
اخسان	akhsan	F	0
اخشاد	akhshad	F	0
اخشید	akhshid,akshid	F	0
اخضر	akhzar	F	0
اخطر	akhtar	F	0
اخلاص	ekhlas	F	0
اخلاق	akhlaq	F	0
اخمد	akhmad	F	0
ادب	adab	F	0
ادحم	edham	F	0
ادرک	adrak	F	0
ادریس	idris,edris	F	0
ادرینا	adrina	F	0
ادشیر	ardeshir	F	0
ادق	edgh	F	0
ادل	adel	F	0
ادله	adleh	F	0
ادلیا	adeliya	F	0
ادم	adam	F	0
ادموند	edmond	F	0
ادمیر	admir	F	0
ادنا	adna	F	0
ادنان	adnan	F	0
ادهام	edham	F	0
ادهمه	adhameh	F	0
ادوارد	edvard	F	0
ادونیا	adonia	F	0
ادوین	edvin	F	0
ادیاس	adiyas	F	0
ادیان	adyan	F	0
ادیبه	adibeh,adibe	F	0
ادیس	adis	F	0
ادیسون	edison	F	0
ادیمه	adimeh	F	0
ادینا	adina	F	0
ادیک	adik	F	0
ادیگوزل	adigozel	F	0
اذت	azat	F	0
اذز	azar	F	0
اذمره	azmareh	F	0
اذنالله	eznollah	F	0
اذنعلی	eznali	F	0
اذیتا	azita	F	0
اذینه	azineh	F	0
ارا	ara	F	0
اراد	arad	F	0
اراز	araz	F	0
ارازبخت	arazbakht	F	0
ارازبردی	arazbordi	F	0
ارازتاج	araztaj	F	0
ارازجان	arazjan	F	0
ارازحمد	arazahmad	F	0
ارازدردی	arazdardi	F	0
ارازدری	arazdari	F	0
ارازدوردی	arazdordi	F	0
ارازسلطان	arazsoltan	F	0
ارازطواق	araztavagh	F	0
ارازقلی	arazgholi	F	0
ارازمحمد	arazmohammad	F	0
ارازمراد	arazmorad	F	0
ارازگل	arazgol	F	0
ارازگلدی	arazgaldi	F	0
ارازگلی	arazgoli	F	0
ارازیبی	arazibi	F	0
اراسب	arasb	F	0
اراسته	arasteh	F	0
اراسپ	arasp	F	0
اراش	arash	F	0
ارال	aral	F	0
اران	aran	F	0
ارانوس	aranos	F	0
ارانوش	aranoush	F	0
ارایش	arayesh	F	0
ارباد	arbad	F	0
ارباس	arbas	F	0
اربیل	arbil	F	0
اربین	arbin	F	0
ارتا	arta	F	0
ارتادخت	artadokht	F	0
ارتاریا	artaria	F	0
ارتاش	artash	F	0
ارتافرین	artafarin	F	0
ارتان	artan	F	0
ارتق	ertagh	F	0
ارتمن	artman	F	0
ارتمیس	artemis	F	0
ارتنگ	artang	F	0
ارتوگل	ertoghrol	F	0
ارتگین	artgin	F	0
ارتیان	artyan	F	0
ارتین	artin	F	0
ارج	arj	F	0
ارجا	erja	F	0
ارجاسب	arjasb	F	0
ارجاسپ	arjasp	F	0
ارجان	arjan	F	0
ارجب	arjab	F	0
ارجع	arja'	F	0
ارجعلی	arja'ali	F	0
ارجلی	arjali	F	0
ارحام	arham	F	0
ارخشا	arakhsaa	F	0
ارد	orod	F	0
اردا	arda	F	0
ارداک	ardak	F	0
اردر	ardar	F	0
اردشام	ardsham	F	0
اردشیر	ardeshir	F	0
اردم	ardam	F	0
اردن	ardan	F	0
اردوان	ardavan	F	0
اردویسور	ardavisor	F	0
اردکام	ardkam	F	0
اردکان	ardakan	F	0
اردی	ordi	F	0
اردیان	ardiyan	F	0
اردیبهشت	ordibehesht	F	0
اردین	ardin	F	0
ارز	arz	F	0
ارزت	arzat	F	0
ارزنده	arzande	F	0
ارزوم	arzum	F	0
ارزین	arzin	F	0
ارزینه	arzineh	F	0
ارس	aras	F	0
ارسا	orsa	F	0
ارسالان	arsalan	F	0
ارسام	arsam	F	0
ارسان	arsan	F	0
ارسای	arsay	F	0
ارستو	aristoo	F	0
ارسطو	arastu	F	0
ارسل	arsal	F	0
ارسلان	arsalan	F	0
ارسمان	arasman	F	0
ارسوی	arsoy	F	0
ارسیا	arsiya	F	0
ارسیما	arsima	F	0
ارش	arash	F	0
ارشا	arsha	F	0
ارشاسب	arshasb	F	0
ارشام	arsham	F	0
ارشاما	arshama	F	0
ارشامه	arshameh	F	0
ارشان	arshan	F	0
ارشاویر	arshavier	F	0
ارشاک	arshak	F	0
ارشدعلی	arshadali	F	0
ارشدقلی	arshadgholi	F	0
ارشز	arshaz	F	0
ارشمیدس	arashmidus	F	0
ارشن	arshan	F	0
ارشنوش	arshnoosh	F	0
ارشویر	arshvir	F	0
ارشک	arashk	F	0
ارشکان	arshakan	F	0
ارشیا	arshia	F	0
ارشیت	arshit	F	0
ارشیدا	arshida	F	0
ارشیر	arshir	F	0
ارشیز	arshiz	F	0
ارشین	arshin	F	0
ارصلان	arsalan	F	0
ارضیه	arziye	F	0
ارغان	arghan	F	0
ارغش	arghash	F	0
ارغند	arghand	F	0
ارغنون	arghanon	F	0
ارغوا	arghava	F	0
ارغون	arqun	F	0
ارفان	erfan	F	0
ارفش	arfash	F	0
ارفع	arfae	F	0
ارفعال	arfa'al	F	0
ارلمین	arlamin	F	0
ارما	arma	F	0
ارماسب	armasb	F	0
ارمانک	armanak	F	0
ارمایل	armayel	F	0
ارمزد	ormozd	F	0
ارمس	ermes	F	0
ارمکان	ermakan	F	0
ارمیا	ermiya,armiya	F	0
ارناز	arnaz	F	0
ارناک	arnak	F	0
ارنواز	arnavaz	F	0
ارنوش	arnoosh	F	0
ارنیا	arniya	F	0
ارنیکا	arnica	F	0
ارهام	erham	F	0
ارواد	arvad	F	0
اروتدنر	arotadnar	F	0
اروج	arooj	F	0
اروجعلی	aroojali	F	0
اروزو	aroozoo	F	0
اروس	aros	F	0
اروشا	arusha	F	0
اروشه	arosheh	F	0
اروم	aroom	F	0
ارون	arun	F	0
ارونا	arona	F	0
اروند	arvand	F	0
اروین	arvin,ervin	F	0
ارویین	arovin	F	0
ارژن	arzhan	F	0
ارکاز	arkaz	F	0
ارکان	arkan	F	0
ارکم	arakam	F	0
ارکیا	arkiya	F	0
ارکیده	orkide	F	0
ارکین	arkin	F	0
ارکیناز	arkinaz	F	0
اریا	arya	F	0
اریار	aryar	F	0
اریاسب	aryasb	F	0
اریامن	ariaman	F	0
اریان	arian	F	0
اریاک	aryak	F	0
اریحا	ariha	F	0
اریدیس	oridis	F	0
اریس	aris,eris	F	0
اریسا	arisa	F	0
ارین	arin	F	0
ارینا	arina	F	0
ارینب	arinab	F	0
اریوبرزن	aryobarzan	F	0
اریوش	aryoush	F	0
اریکا	erika	F	0
ازاد	azad	F	0
ازادخان	azadkhan	F	0
ازادعلی	azadali	F	0
ازال	ezal	F	0
ازاوه	azaveh	F	0
ازبر	azbar	F	0
ازبرعلی	azbarali	F	0
ازبو	azbo	F	0
ازبیده	azbeideh	F	0
ازدا	azda	F	0
ازدر	azdar	F	0
ازده	azadeh	F	0
ازرع	azra'	F	0
ازل	azal	F	0
ازلان	azlan	F	0
ازلم	azlam	F	0
ازمری	azmeri	F	0
ازنعلی	aznaali	F	0
ازنوش	aznoosh	F	0
ازهار	azhar	F	0
ازهر	azhar	F	0
ازور	azur	F	0
ازگل	ozgul	F	0
ازیتات	azitat	F	0
اسا	asa	F	0
اساعیل	esa'il	F	0
اسالی	asali	F	0
اسام	osam	F	0
اسامه	osameh	F	0
اسانا	asana	F	0
اسانه	asaneh	F	0
اسای	asaee	F	0
اسبر	aspar	F	0
استاتیرا	estatira	F	0
استاسیس	estasis	F	0
استانس	ostanes	F	0
استانه	ostaneh	F	0
استبرق	estabragh	F	0
استحق	estehagh	F	0
استر	ester	F	0
استرا	astera	F	0
استفاء	este'fa	F	0
استک	ostok	F	0
استی	esti	F	0
استیاک	estiak	F	0
استیر	estir	F	0
استیره	setareh	F	0
استیفا	estefa	F	0
اسجد	asjad	F	0
اسحا	eshaq	F	0
اسحاق	eshagh	F	0
اسحر	esfar	F	0
اسحق	ashagh	F	0
اسدال	asadollah	F	0
اسدالاه	asadollah	F	0
اسدالدین	asadaldin	F	0
اسدالله	asadollah	F	0
اسداله	asdollah	F	0
اسددالله	asadollah	F	0
اسدعلی	asadali	F	0
اسدلله	asdollah	F	0
اسدله	asadollah	F	0
اسرا	esra	F	0
اسراء	esraa	F	0
اسرار	asrar	F	0
اسرافیل	esrafil,esfail	F	0
اسراییل	esrail	F	0
اسرفیل	esfil	F	0
اسری	asri	F	0
اسرین	asrin,esrin	F	0
اسعاد	esaad	F	0
اسعد	asead	F	0
اسعدالدین	aseadoddin	F	0
اسعداله	asadollah	F	0
اسعمیل	esmail	F	0
اسعیل	esa'il	F	0
اسغر	asghar	F	0
اسفار	asfar	F	0
اسفدیار	esfandiar	F	0
اسفر	asfar	F	0
اسفند	esfand	F	0
اسفنددیار	esfandiar	F	0
اسفندریار	esfandiar	F	0
اسفندیلر	esfandilar	F	0
اسفنیار	esfandiar	F	0
اسفنیدیار	esfandiar	F	0
اسلاله	eslaleh	F	0
اسلام	eslam	F	0
اسلامعلی	eslamali	F	0
اسلامقلی	eslamgholi	F	0
اسلاموو	eslamoo	F	0
اسلان	aslan	F	0
اسلم	aslam	F	0
اسلن	aslan	F	0
اسم	esm	F	0
اسما	asma	F	0
اسماء	asma	F	0
اسماعیل	esmail,esmaeil	F	0
اسمت	esmat	F	0
اسمر	asmar	F	0
اسنا	asna	F	0
اسندیار	esfandiyar	F	0
اسنفدیار	esfandiar	F	0
اسنکدر	eskandar	F	0
اسهاق	eshaq	F	0
اسهق	eshaq	F	0
اسهل	as'hal	F	0
اسوار	asvar	F	0
اسود	asvad	F	0
اسوه	osveh	F	0
اسپاتنا	aspatna	F	0
اسپاد	aspad	F	0
اسپانتا	espanta	F	0
اسپاندا	espanda	F	0
اسپانو	espano	F	0
اسپاکو	spaco	F	0
اسپنتا	espanta	F	0
اسپنتمان	aspenteman	F	0
اسپندیاد	espandyad	F	0
اسپندیار	aspandiyar	F	0
اسپنوی	espanuy	F	0
اسپهبد	aspahbod	F	0
اسپیتامن	espitamen	F	0
اسپیتمان	espitman	F	0
اسپیتمن	espitman	F	0
اسکتدر	eskandar	F	0
اسکری	eskari	F	0
اسگندر	esgandar	F	0
اسی	esi	F	0
اسیان	asiyan	F	0
اسیر	asir	F	0
اسین	asin,esin	F	0
اسیونا	asiyona	F	0
اشا	asha	F	0
اشااونی	ashavani	F	0
اشاداد	ashadad	F	0
اشار	eshar	F	0
اشتاد	ashtad	F	0
اشتار	eshtar	F	0
اشتر	oshtar	F	0
اشتیاق	eshtiyagh	F	0
اشجان	ashjan	F	0
اشدبانو	eshdebanoo	F	0
اشراف	ashraf	F	0
اشراق	eshragh	F	0
اشراقیه	eshraghieh	F	0
اشرت	ashrat	F	0
اشرس	ashras	F	0
اشرفعلی	ashrafali	F	0
اشعیا	ash'iya	F	0
اشلی	ashli	F	0
اشمل	eshmel	F	0
اشنا	ashna	F	0
اشناس	ashnas	F	0
اشهن	oshhan	F	0
اشو	ashu	F	0
اشواق	ashvagh	F	0
اشوان	ashvan	F	0
اشوداد	ashodad	F	0
اشودخت	ashodokht	F	0
اشوروی	ashuravi	F	0
اشوزاد	ashvazad	F	0
اشوفروهر	ashofravahar	F	0
اشومهر	ashomehr	F	0
اشوچهر	ashvachahr	F	0
اشک	ashk	F	0
اشکار	ashkar	F	0
اشکال	ashkal	F	0
اشکان	ashkan	F	0
اشکش	ashkash	F	0
اشکی	ashki	F	0
اشکین	ashkin	F	0
اشگان	ashkan	F	0
اشیر	ashir	F	0
اشیل	ashil	F	0
اشین	ashin	F	0
اشیه	ashieh	F	0
اصبرعلی	asbarali	F	0
اصحاب	as'hab	F	0
اصحابعلی	as'habali	F	0
اصحاق	eshaq	F	0
اصداله	asdollah	F	0
اصر	asr	F	0
اصرافیل	esfandiar	F	0
اصضر	eszar	F	0
اصطفا	ostafa	F	0
اصعر	asghar	F	0
اصغ	esfand	F	0
اصغر	asghar	F	0
اصفر	asfar	F	0
اصل	asl	F	0
اصلان	aslan	F	0
اصله	oslah	F	0
اصلیه	aslieh	F	0
اصمت	osmat	F	0
اصمعلی	esmaili	F	0
اصور	asur	F	0
اصپلی	aspeli	F	0
اصیل	asil	F	0
اصیلا	asila	F	0
اصیله	asileh	F	0
اضر	azar	F	0
اضعر	azar	F	0
اضغر	azghar	F	0
اضل	azal	F	0
اطرا	etra	F	0
اطفه	otfah	F	0
اطلس	atlas	F	0
اطلسی	atlasi	F	0
اطمه	otmeh	F	0
اطهر	athar	F	0
اطهره	athareh	F	0
اظم	azam	F	0
اظهر	azhar	F	0
اعتبار	eetebar	F	0
اعتصام	eetesam	F	0
اعجاز	ejaz	F	0
اعراف	aeraf	F	0
اعطم	o'tam	F	0
اعظم	aezam	F	0
اعظمه	azameh	F	0
اعظن	a'zan	F	0
اعظیم	azim	F	0
اععظم	a'zam	F	0
اعقول	a'ghool	F	0
اعلا	aela	F	0
اعلاء	elaa	F	0
اعلی	ala	F	0
اعیا	aya	F	0
اغابی	aghabi	F	0
اغالی	aghali	F	0
اغجه	aghje	F	0
اغدس	aghdas	F	0
اغریرث	aghriras	F	0
اغطم	aghzam	F	0
اغلتقان	aghltaghan	F	0
اغولتاج	aghooltaj	F	0
اغچه	aghche	F	0
افاب	ava	F	0
افاد	efad	F	0
افاغ	afaagh	F	0
افاق	afaq	F	0
افاقعلی	afaqali	F	0
افت	oft	F	0
افتاج	eftaj	F	0
افتحاج	eftehaj	F	0
افتخارال	eftekharel	F	0
افتخارالدین	eftekharoddin	F	0
افتر	aftar	F	0
افتهاج	eftehaj	F	0
افخم	afkham	F	0
افدس	afdes	F	0
افدم	afdam	F	0
افراح	efrah	F	0
افراد	afrad	F	0
افراسیاب	afrasiyab,afrasiab	F	0
افران	afran	F	0
افراهیم	afraheem	F	0
افرزانه	afarzaneh	F	0
افرو	afru	F	0
افروخته	afrukhte	F	0
افرود	afrod	F	0
افروزان	afruzan	F	0
افروزپری	afaroozpari	F	0
افری	afri	F	0
افریده	afarideh	F	0
افریدون	afereydun	F	0
افرینا	afrina	F	0
افرینش	afarinesh	F	0
افزون	afzoon	F	0
افسان	afsan	F	0
افسرال	afsaral	F	0
افسربانو	afsarbanoo	F	0
افسرخانم	afsarkhanom	F	0
افسل	afsal	F	0
افسوس	afsous	F	0
افسونگر	afsungar	F	0
افسین	afsin	F	0
افشاد	afshad	F	0
افشان	afshan	F	0
افشانه	afshaneh	F	0
افشبن	afshabn	F	0
افشن	afshin	F	0
افشنده	afshandeh	F	0
افشنگ	afshang	F	0
افشید	afshid	F	0
افشینه	afshineh	F	0
افصانه	afsaneh	F	0
افصح	afsah	F	0
افضلالدین	afzaloddin	F	0
افق	ofogh	F	0
افقر	ofoghre	F	0
افلاطون	aflatun	F	0
افنان	afnan	F	0
افندی	afvandi	F	0
افیش	afsh	F	0
افین	avin	F	0
افیک	afeek	F	0
اقاقیا	aghaghiya	F	0
اقباله	aghbaleh	F	0
اقتای	eghtay	F	0
اقدام	eghdam	F	0
اقدان	aghdan	F	0
اقدس	aghdas	F	0
اقدسه	aghdaseh	F	0
اقدم	aghdam	F	0
اقذس	aghdas	F	0
اقرلی	agharli	F	0
اقسام	aqsam	F	0
اقسانه	aqsaneh	F	0
اقشین	aghshin	F	0
اقلمه	aghleme	F	0
اقلیما	aqlima,eghlima	F	0
اقلیماه	aqlimah	F	0
اقلیمه	aghlimeh	F	0
اقلیمیا	eghlimiya	F	0
اقلیه	aqlieh	F	0
اقمراد	aghmorad	F	0
اقوشجان	aghoushjan	F	0
اقون	aghvan	F	0
اقچه	aqche	F	0
اقی	aghi	F	0
اقیل	aghil	F	0
الآی	elay	F	0
الارا	elara	F	0
الارز	elaroz	F	0
الاروس	alarus	F	0
الاله	elah	F	0
الالیا	elalya	F	0
الانا	elana	F	0
الاهه	elahe	F	0
الاهیه	elahiyeh	F	0
الای	elay	F	0
الایار	alayar	F	0
البتگین	albatgin	F	0
البوالحسن	albualhasan	F	0
التافت	olotafot	F	0
التجا	elteja	F	0
التفات	eltefat	F	0
التفاد	oltavaad	F	0
التفاط	oltfat	F	0
التماس	eltamas	F	0
التنا	altana	F	0
التنای	altanay	F	0
التون	alton	F	0
التی	elti	F	0
التیام	eltiyam	F	0
التینای	altinay	F	0
الحان	alhan	F	0
الحترام	alhtram	F	0
الحداد	alhaddad	F	0
الحقلی	alhaghli	F	0
الخام	alkham	F	0
الدنیز	oldeniz	F	0
الدوز	oldoz	F	0
الدوزه	aldoozeh	F	0
الراهیم	alrahim	F	0
الرحمان	alrahman	F	0
الرحمن	alrahman	F	0
الزا	elza	F	0
السا	elsa	F	0
الساء	alsa	F	0
الساس	alsaas	F	0
السان	elsan	F	0
السانا	elsana	F	0
السای	elsay	F	0
الشاد	elshad	F	0
الشان	aleshan,alishan	F	0
الشن	elshan	F	0
الشنه	aleshena	F	0
الطاف	olotaf	F	0
الطفات	olotfat	F	0
العام	alaam	F	0
العباس	alabbas	F	0
العظیم	alazeem	F	0
الف	aleph	F	0
الفات	alvat	F	0
الفرد	alfred	F	0
الفیه	elfiyeh	F	0
القاس	alqas	F	0
اللر	alborz	F	0
الله	allah	F	0
اللهشکر	allahshokr	F	0
اللهقلی	allahgholi	F	0
اللهه	elahhe	F	0
اللهوردی	allahverdi	F	0
اللهویدی	alahvandi	F	0
اللهویردی	allahverdi	F	0
اللهیار	allahyar	F	0
الما	elma	F	0
المار	almar	F	0
الماز	almaz	F	0
الماس	almas	F	0
الملس	almas	F	0
المیرا	elmira	F	0
المیزرا	alamezra	F	0
المیس	elmais	F	0
المینا	elmina	F	0
المیناز	elminaz	F	0
الن	elen	F	0
النا	elena	F	0
الناره	alnareh	F	0
الناز	elnaz	F	0
النازال	elnaz	F	0
الناس	alnas	F	0
النقی	alnaqi	F	0
النور	elnor	F	0
الها	elha	F	0
الهام	elham	F	0
الهامال	elhamal	F	0
الهامه	elhameh	F	0
الهتم	elaheh	F	0
الهداد	alhaddad	F	0
الهردی	alahardi	F	0
الهشکر	alhashkar	F	0
الهقلی	alhaghli	F	0
الهلم	alelm	F	0
الهم	elham	F	0
الهمراد	alhomarad	F	0
الهه	elahe	F	0
الهورد	alhord	F	0
الهورن	alhoran	F	0
الهیار	eliyar	F	0
الهیه	elahiyeh	F	0
الوا	alva	F	0
الوان	alvan	F	0
الویرا	elvira	F	0
الویس	alvis	F	0
الوین	elvin	F	0
الوینا	alvina	F	0
الویه	olvieh	F	0
الپر	alper	F	0
الچین	elchin	F	0
الکا	olka	F	0
الکساندر	aleksandr	F	0
الکوس	alkus	F	0
الگا	olga	F	0
الگار	algar	F	0
الیا	alyaa	F	0
الیاء	eliya	F	0
الیاث	elyas	F	0
الیاد	elyad	F	0
الیار	elyar	F	0
الیاس	elyas	F	0
الیاسین	elyasin	F	0
الیان	elyan	F	0
الیانا	elyana	F	0
الیتا	elita	F	0
الیخانی	alikhani	F	0
الیرا	elyra	F	0
الیز	eliz	F	0
الیزا	eliza	F	0
الیزابت	elizabet	F	0
الیزه	elizeh	F	0
الیس	elis	F	0
الیسا	elisa,alisa	F	0
الیستر	elister	F	0
الیشان	alishan	F	0
الیقان	elyghan	F	0
الیلس	elyas	F	0
الیما	elima,alima	F	0
الین	elin,aline	F	0
الینا	elina	F	0
الیناز	elinaz	F	0
الیه	eliyeh	F	0
الیکا	elika	F	0
ال‌ام	alam	F	0
اما	ama	F	0
اماش	amash	F	0
اماقلی	amaqoli	F	0
امالبنی	amalbani	F	0
امالبنین	ommolbanin	F	0
امامه	emameh	F	0
امان	aman	F	0
اماناله	amanollah	F	0
امانبای	amanbay	F	0
اماندا	amanda	F	0
اماندردی	amandardi	F	0
امانقلی	amanqoli	F	0
امانمحمد	amanmohammad	F	0
امانه	amaneh	F	0
امانگل	amangol	F	0
امان‌الله	amanollah	F	0
امایتا	amaayta	F	0
امایین	amaayeen	F	0
امبر	amber	F	0
امبن	amin	F	0
امبیز	ambiz	F	0
امتیس	emtis	F	0
امجاد	emjad	F	0
امجد	amjad	F	0
امداد	emdad	F	0
امده	amdah	F	0
امرا	amra	F	0
امراح	emrah	F	0
امراد	emraad	F	0
امرالدین	ameraldin	F	0
امرالله	amrollah	F	0
امراله	amerollah	F	0
امراه	emrah	F	0
امرتاج	emrataj	F	0
امرحسین	amirhossein	F	0
امرداد	amordad	F	0
امردین	amardin	F	0
امرسان	amarsan	F	0
امرضیه	amroziyeh	F	0
امرعلی	amerali	F	0
امرلا	amrolla	F	0
امرلله	amrollah	F	0
امرله	amrollah	F	0
امرم	amram	F	0
امریضا	amirreza	F	0
امستریس	amestris	F	0
امعلی	amaali	F	0
امل	amal	F	0
املبنین	amlbanin	F	0
املیا	amelia	F	0
اممده	emmade	F	0
اممید	omid	F	0
اممیر	ammir	F	0
امن	amin	F	0
امناله	amanollah	F	0
امنقلی	amanqoli	F	0
امنیه	amenieh	F	0
امهانی	emahani	F	0
اموار	emvar	F	0
امواله	emvaleh	F	0
امور	amur	F	0
امی	ami	F	0
امیا	amya	F	0
امیبن	amybn	F	0
امیت	amit	F	0
امیتیس	amitis	F	0
امیداله	omidollah	F	0
امیدجان	omidjan	F	0
امیدحسین	omidhossein	F	0
امیدرضا	omidreza	F	0
امیدمحمد	omidmohammad	F	0
امیدمهدی	omidmahdi	F	0
امیده	omidh,omide	F	0
امیدیداله	omididallah	F	0
امیر	amir	F	0
امیرآراد	amirarad	F	0
امیرآرتا	amirarta	F	0
امیرآرش	amirarash	F	0
امیرآرشام	amirarsham	F	0
امیرآرمن	amirarman	F	0
امیرآرمین	amirarmin	F	0
امیرآریا	amirariya	F	0
امیرآریان	amiraryan	F	0
امیرا	amira	F	0
امیرابراهیم	amirebrahim	F	0
امیرابوالفضل	amirabolfazl	F	0
امیراتابک	amiratabak	F	0
امیراترک	amiratork	F	0
امیراحتشام	amirehtesham	F	0
امیراحسان	amirehsan,amirahsan	F	0
امیراحمد	amirahmad	F	0
امیراردلان	amirardelan	F	0
امیراردوان	amirardavan	F	0
امیرارسام	amirarsam	F	0
امیرارسلان	amirarsalan	F	0
امیرارشا	amirarsha	F	0
امیرارشان	amirarshan	F	0
امیرارشد	amirarshad	F	0
امیرارشیا	amirarshiya	F	0
امیراسد	amirasad	F	0
امیراسعد	amirasead	F	0
امیراسماعیل	amiresmaeil	F	0
امیراسکندر	amireskandar	F	0
امیراشکان	amirashkan	F	0
امیراصلان	amiraslan	F	0
امیراعلا	amiraela	F	0
امیرافراز	amirafraz	F	0
امیرافشین	amirafshin	F	0
امیراقبال	amireghbal	F	0
امیرال	amiral	F	0
امیرالدین	amiroddin	F	0
امیرالله	amirallah	F	0
امیراله	amirallah	F	0
امیران	amiran	F	0
امیراهوشنگ	amirahoushang	F	0
امیراکبر	amirakbar	F	0
امیراکرم	amirakram	F	0
امیرایوب	amirayyub	F	0
امیربابک	amirbabak	F	0
امیرباربد	amirbarbod	F	0
امیرباقر	amirbagher	F	0
امیربردیا	amirbardiya	F	0
امیربرنا	amirborna	F	0
امیربهادر	amirbahador	F	0
امیربهامین	amirbahamin	F	0
امیربهتاش	amirbehtash	F	0
امیربهراد	amirbehrad	F	0
امیربهرام	amirbahram	F	0
امیربهزاد	amirbehzad	F	0
امیربهمن	amirbahman	F	0
امیربهنام	amirbehnam	F	0
امیربهنود	amirbehnud	F	0
امیرتارخ	amirtarokh	F	0
امیرتوهان	amirtohan	F	0
امیرثامن	amirsamen	F	0
امیرجان	amirjan	F	0
امیرجاودان	amirjavadan	F	0
امیرجاوید	amirjavid	F	0
امیرجعفر	amirjafar,amirjaefar	F	0
امیرجمال	amirjamal	F	0
امیرجمشید	amirjamshid	F	0
امیرجهاد	amirjahad	F	0
امیرجواد	amirjavad	F	0
امیرحافظ	amirhafez	F	0
امیرحامد	amirhamed	F	0
امیرحامی	amirhami	F	0
امیرحجت	amirhojjat	F	0
امیرحسام	amirhosam,amirhesam	F	0
امیرحسان	amirhesan	F	0
امیرحسبن	amirhossein	F	0
امیرحسن	amirhasan	F	0
امیرحسین	amirhossein	F	0
امیرحشمت	amirheshmat	F	0
امیرحمزه	amirhamze,amirhamzeh	F	0
امیرحیان	amirhayyan	F	0
امیرحیدر	amirheydar	F	0
امیرخسرو	amirkhosro,amirkhosrow	F	0
امیرخشایار	amirkhashayar	F	0
امیردارا	amirdara	F	0
امیردانش	amirdanesh	F	0
امیرداوود	amirdavud	F	0
امیردخت	amirdokht	F	0
امیرذوالفقار	amirzulfaghar	F	0
امیرراد	amirrad	F	0
امیررادین	amirradin	F	0
امیررحمت	amirrahmat	F	0
امیررسا	amirresa	F	0
امیررسام	amirrassam	F	0
امیررسول	amirrasul	F	0
امیررشید	amirrashid	F	0
امیررضا	amirreza	F	0
امیررهام	amirrohham	F	0
امیرساسان	amirsasan	F	0
امیرسالار	amirsalar	F	0
امیرسام	amirsam	F	0
امیرسامان	amirsaman	F	0
امیرسبحان	amirsobhan	F	0
امیرستار	aamirsattar	F	0
امیرسجاد	amirsajjad	F	0
امیرسراج	amirseraj	F	0
امیرسرمد	amirsarmad	F	0
امیرسعدی	amirsaedi	F	0
امیرسعید	amirsaeid	F	0
امیرسلیمان	amirsoleyman	F	0
امیرسهیل	amirsohil,amirsoheil	F	0
امیرسپهر	amirsepehr	F	0
امیرسیاوش	amirsiyavosh	F	0
امیرسینا	amirsina	F	0
امیرشاه	amirshah	F	0
امیرشاهین	amirshahin	F	0
امیرشایان	amirshayan	F	0
امیرشریف	amirsharif	F	0
امیرشهاب	amirshahab	F	0
امیرشهریار	amirshahryar	F	0
امیرشکور	amirshakur	F	0
امیرصابر	amirsaber	F	0
امیرصادق	amirsadegh	F	0
امیرصالح	amirsaleh	F	0
امیرصدرا	amirsadra	F	0
امیرصدرالدین	amirsadroddin	F	0
امیرصیام	amirsiyam	F	0
امیرضا	amirreza	F	0
امیرضیاءالدین	amirziyaoddin	F	0
امیرطارق	amirtaregh	F	0
امیرطالب	amirtalab	F	0
امیرطاها	amirtaha	F	0
امیرطاهاامیرطه	amirtaha	F	0
امیرطاهر	amirtaher	F	0
امیرعابد	amirabed	F	0
امیرعادل	amiradel	F	0
امیرعارف	amiraref	F	0
امیرعباس	amirabbas	F	0
امیرعبدالله	amirabdollah	F	0
امیرعبداله	amirabdollah	F	0
امیرعدنان	amiradnan	F	0
امیرعرشیا	amirarshiya	F	0
امیرعرفان	amirerfan	F	0
امیرعطا	amirata	F	0
امیرعظیم	amirazim	F	0
امیرعلا	amirala	F	0
امیرعلی	amirali	F	0
امیرعماد	amiremad	F	0
امیرفؤاد	amirfoad	F	0
امیرفاضل	amirfazel	F	0
امیرفخر	amirfakhr	F	0
امیرفراز	amirfaraz	F	0
امیرفرامرز	amirfaramarz	F	0
امیرفربد	amirfarbod	F	0
امیرفرحان	amirfarhan	F	0
امیرفرخ	amirfarrokh	F	0
امیرفرداد	amirfardad	F	0
امیرفرزاد	amirfarzad	F	0
امیرفرزام	amirfarzam	F	0
امیرفرزین	amirfarzin	F	0
امیرفرشاد	amirfarshad	F	0
امیرفرشید	amirfarshid	F	0
امیرفرنام	amirfarnam	F	0
امیرفرهام	amirfarham	F	0
امیرفرهنگ	amirfarhang	F	0
امیرفریبرز	amirfariborz	F	0
امیرفضلالله	amirfazlollah	F	0
امیرفواد	amirfouad	F	0
امیرفیاض	amirfayyaz	F	0
امیرقادر	amirghader	F	0
امیرقاسم	amirghasem	F	0
امیرقلی	amirgholi	F	0
امیرمؤمن	amirmomen	F	0
امیرمالک	amirmalek	F	0
امیرماکان	amirmakan	F	0
امیرمتین	amirmatin	F	0
امیرمجتبی	amirmojtaba	F	0
امیرمجید	amirmajid	F	0
امیرمحتشم	amirmohtashem	F	0
امیرمحراب	amirmehrab	F	0
امیرمحسن	amirmohsen	F	0
امیرمحمد	amirmohammad	F	0
امیرمحمود	amirmahmood,amirmahmud	F	0
امیرمختار	amirmokhtar	F	0
امیرمرتضی	amirmorteza,amirmortaza	F	0
امیرمردان	amirmardan	F	0
امیرمرصاد	amirmersad	F	0
امیرمسعود	amirmaseud,amirmasoud	F	0
امیرمسلم	amirmoslem	F	0
امیرمشهود	amirmashhud	F	0
امیرمصطفی	amirmostafa	F	0
امیرمظفر	amirmozafar	F	0
امیرمعراج	amirme'raj	F	0
امیرمعز	amirmoez	F	0
امیرمعین	amirmoin	F	0
امیرمنصور	amirmansur	F	0
امیرمهبد	amirmahbod	F	0
امیرمهدی	amirmahdi	F	0
امیرمهراد	amirmehrad	F	0
امیرمهراس	amirmehras	F	0
امیرمهرداد	amirmehrdad	F	0
امیرمهرگان	amirmehrgan	F	0
امیرمهیار	amirmahyar	F	0
امیرمیعاد	amirmiad	F	0
امیرمیکائیل	amirmikail	F	0
امیرناصر	amirnaser	F	0
امیرنصرت	amirnosrat	F	0
امیرنظام	amirnezam	F	0
امیرنوید	amirnavid	F	0
امیرنیما	amirnima	F	0
امیرنیکان	amirnikan	F	0
امیره	amireh	F	0
امیرهاتف	amirhatef	F	0
امیرهادی	amirhadi	F	0
امیرهاشم	amirhashem	F	0
امیرهانی	amirhani	F	0
امیرهدایت	amirhedayat	F	0
امیرهمایون	amirhomayoun,amirhomayun	F	0
امیرهمت	amirhemmat	F	0
امیرهوراد	amirhurad	F	0
امیرهوشنگ	amirhoushang,amirhoshang	F	0
امیرهوشیار	amirhushyar	F	0
امیرهومان	amirhuman	F	0
امیرهومن	amirhoman	F	0
امیرهژبر	amirhezbar	F	0
امیروالا	amirvala	F	0
امیروحید	amirvahid	F	0
امیروصال	amirvesal	F	0
امیروفا	amirvafa	F	0
امیروهاب	amirvahhab	F	0
امیرپارسا	amirparsa	F	0
امیرپاشا	amirpasha	F	0
امیرپدرام	amirpedram	F	0
امیرپرهام	amirparham	F	0
امیرپرویز	amirparviz	F	0
امیرپوریا	amirpuriya	F	0
امیرپویا	amirpuya	F	0
امیرپویان	amirpuyan	F	0
امیرک	amirk	F	0
امیرکارن	amirkaren	F	0
امیرکاظم	amirkazem	F	0
امیرکامیار	amirkamyar	F	0
امیرکاوه	amirkaveh	F	0
امیرکبیر	amirkabir	F	0
امیرکرار	amirkarrar	F	0
امیرکسری	amirkasra	F	0
امیرکنعان	amirkanean	F	0
امیرکوشا	amirkusha	F	0
امیرکوشان	amirkushan	F	0
امیرکیا	amirkiya	F	0
امیرکیارش	amirkiyarash	F	0
امیرکیان	amirkiyan	F	0
امیرکیانوش	amirkiyanush	F	0
امیرکیهان	amirkeyhan	F	0
امیرکیوان	amirkeyvan	F	0
امیریارا	amiryara	F	0
امیریاسین	amiryasin	F	0
امیریحیی	amiryahya	F	0
امیریدالله	amiryadollah	F	0
امیریزدان	amiryazdan	F	0
امیریعقوب	amiryaeghub	F	0
امیریل	amiryal	F	0
امیریه	amirieh	F	0
امیریوسف	amiryusof	F	0
امیسا	emisa	F	0
امیل	amil	F	0
امیله	amila	F	0
امیلیا	emilia	F	0
امیمه	omaimah,omaymeh	F	0
امینا	amina	F	0
امینابراهیم	aminebrahim	F	0
امیناحمد	aminahmad	F	0
امینالدین	aminoddin	F	0
امینالله	aminollah	F	0
امیناله	aminollah	F	0
امینحسین	aminhossein	F	0
امینرضا	aminreza	F	0
امینسالار	aminsalar	F	0
امینسجاد	aminsajjad	F	0
امینصدرا	aminsadra	F	0
امینطاهاامینطه	amintaha	F	0
امینعلی	aminali	F	0
امینمحمد	aminmohammad	F	0
امینمهدی	aminmahdi	F	0
امینه	amineh	F	0
امینپارسا	aminparsa	F	0
امین‌الله	aminollah	F	0
ام‌البنین	omolbanin	F	0
انا	anna,ana	F	0
انااراز	anaaraz	F	0
انابخت	anabakht	F	0
انابل	anabel	F	0
انابیرام	anabiram	F	0
اناتاج	anataj	F	0
انادردی	anadardi	F	0
انادوردی	anadordi	F	0
انار	aban	F	0
انارام	anaram	F	0
انارگل	anargol	F	0
اناصحت	anasahat	F	0
اناقلی	anaghli	F	0
اناقلیچ	anaghelich	F	0
انالی	anali	F	0
انام	anam	F	0
انامحمد	anamohammad	F	0
انامراد	anamorad	F	0
انامقلی	anamgholi	F	0
اناهیتا	anahita	F	0
اناهید	anahid	F	0
اناپولاد	anapolad	F	0
انتصار	entesar	F	0
انتظار	entezar	F	0
انتها	enteha	F	0
انجان	anjan	F	0
انجه	anjeh	F	0
انجی	anji	F	0
اندر	andar	F	0
اندرانیک	andranik	F	0
اندرو	andro	F	0
اندریمان	andariman	F	0
اندمان	andaman	F	0
اندیان	andiyan	F	0
اندیش	andish	F	0
انزلیه	anzaliye	F	0
انسه	anse	F	0
انسی	ansi,ensi	F	0
انسیه	ensiyye	F	0
انشان	anshan	F	0
انصار	ansar	F	0
انصاف	ensaf	F	0
انصافعلی	ensafali	F	0
انعام	enaam	F	0
انعامعلی	enaamali	F	0
انفال	anfal	F	0
انمید	anmid	F	0
انهار	anhar	F	0
انوار	anvar	F	0
انور	anvar	F	0
انورال	anvarol	F	0
انورالملوک	anvarolmoluk	F	0
انوس	anoos	F	0
انوش	anush	F	0
انوشروان	anushervan	F	0
انوشک	anoshak	F	0
انوشکا	anushka	F	0
انوشکزاد	anoushkhzad	F	0
انوشیراوان	anooshiravan	F	0
انوشیروان	anushirvan,anooshiravan	F	0
انژیلا	anzhila	F	0
انگاره	angareh	F	0
انگبین	angabin	F	0
انگور	angoor	F	0
انگیزه	angizeh	F	0
انیاز	aniyaz	F	0
انیبا	aniba	F	0
انیران	aniran	F	0
انیس	anis	F	0
انیسا	anisa	F	0
انیسه	aniseh	F	0
انیسون	anison	F	0
انیفه	anifeh	F	0
انیم	anim	F	0
انیژ	anizh	F	0
انیکه	anikeh	F	0
اهام	aham	F	0
اهترام	ehteram	F	0
اهد	ahad	F	0
اهدا	ehda	F	0
اهدیه	ehdiyeh	F	0
اهر	ahar	F	0
اهراب	ahrab	F	0
اهرام	ahram	F	0
اهرم	aharom	F	0
اهرن	ahran	F	0
اهسان	ehsan	F	0
اهسته	aheste	F	0
اهلام	ehlaam	F	0
اهلیه	ahliyeh	F	0
اهنود	ahnavad	F	0
اهنوس	ahnos	F	0
اهنگریان	ahangarian	F	0
اهوات	ahvat	F	0
اهوجان	ahoojan	F	0
اهورا	ahura	F	0
اهوراداد	ahoradad	F	0
اهورامزد	ahoramazd	F	0
اهون	ahoun	F	0
اهونور	ahunavar	F	0
اهیجان	ehijan	F	0
اهید	ahid	F	0
اهین	ahin	F	0
اوات	avat	F	0
اواز	avaz	F	0
اواط	ovat	F	0
اوالفضل	owalfazl	F	0
اوان	evan	F	0
اوتانا	owtana	F	0
اوتکیرجان	otaghirjan	F	0
اوجاق	ojagh	F	0
اوجان	ojan	F	0
اوحد	owhad	F	0
اوحدالدین	ohdoddin	F	0
اوخان	okhan	F	0
اوختای	oukhtay,okhtay	F	0
اوخشیا	avakhshiya	F	0
اود	omid	F	0
اودت	odat	F	0
اوراز	owraz	F	0
اوراش	orash	F	0
اوراشی	orashi	F	0
اورال	ooral	F	0
اورامان	oraman	F	0
اورامن	owraman	F	0
اوران	oran	F	0
اورانوس	oranus	F	0
اورانوش	oranoush	F	0
اوراکیم	orakim	F	0
اورج	orj	F	0
اورجع	orja'	F	0
اورجعلی	orjali	F	0
اورخان	orkhan	F	0
اورداد	ordad	F	0
اورمان	oraman	F	0
اورمزد	ormazd	F	0
اورمزدیار	ormozdyar	F	0
اورند	owrand	F	0
اورنیب	orneeb	F	0
اورنینا	urnina	F	0
اورهان	orhan	F	0
اوروج	orouj	F	0
اوروجعلی	oroojali	F	0
اوروی	arouy	F	0
اورکت	orakat	F	0
اوریا	oriya,orya	F	0
اوریاد	oryad	F	0
اوریس	orees	F	0
اوریسا	orisa	F	0
اورینا	orina	F	0
اورینب	oreinab	F	0
اوزان	ozan	F	0
اوس	ows	F	0
اوستا	avesta	F	0
اوستانه	oostaneh	F	0
اوسط	osvat	F	0
اوش	oush	F	0
اوشنگ	oshang	F	0
اوشه	osha	F	0
اوشهنگ	oshhang	F	0
اوشیدر	oshidar	F	0
اوغولور	ogholur	F	0
اوفیا	ofia	F	0
اولجایتو	uljaytu	F	0
اولدوز	oldoz	F	0
اولی	oli	F	0
اولیا	olia	F	0
اولین	evelin	F	0
اونای	onay	F	0
اونیک	unik	F	0
اوپیک	opek	F	0
اوچار	ochar	F	0
اوژن	ozhan	F	0
اوکتای	oktay	F	0
اویان	oyan	F	0
اویتا	avita	F	0
اویس	oveys,oveis	F	0
اویسا	ovisa	F	0
اوین	avin	F	0
اوینار	evinar	F	0
اپرنگ	aprang	F	0
اپروند	aprovand	F	0
اپرویز	aparviz	F	0
اپرویژ	aprovej	F	0
اپرین	aparin	F	0
اپیوه	apiyeh	F	0
اچل	achal	F	0
اچمد	achmad	F	0
اژدرعلی	ezdarali	F	0
اژنگ	ezhang	F	0
اژیکا	azheeka	F	0
اکبای	akbai	F	0
اکبررضا	akbarreza	F	0
اکبرعلی	akbarali	F	0
اکتای	oktay	F	0
اکدش	akdash	F	0
اکر	akar	F	0
اکرام	ekram	F	0
اکرم	akram	F	0
اکرمال	akramal	F	0
اکرمعلی	akramali	F	0
اکرمه	akrameh	F	0
اکرنم	akrnam	F	0
اکرو	akaroo	F	0
اکرک	akarak	F	0
اکسانا	oksana	F	0
اکلیا	ekliya	F	0
اکلیل	aklil	F	0
اکو	eko	F	0
اکیبر	akbar	F	0
اکیر	akir	F	0
اکیرم	akiram	F	0
اکیه	akieh	F	0
اگتای	ogtay	F	0
اگرین	agrin	F	0
اگله	oghleh	F	0
اگومان	aghoman	F	0
ایات	ayat	F	0
ایاد	iyad	F	0
ایاذ	ayaz	F	0
ایار	ayar	F	0
ایام	ayam	F	0
ایبک	aybak	F	0
ایت	ayat	F	0
ایتا	eta,ita	F	0
ایتاج	itaj	F	0
ایتالله	ayatollah	F	0
ایتوک	eytok	F	0
ایتک	eytak	F	0
ایتکین	eitkin	F	0
ایثار	esaar,isar	F	0
ایجاز	ejaz	F	0
ایجان	eijan	F	0
اید	eid	F	0
ایدا	aida,iyda	F	0
ایداله	eydalh	F	0
ایدان	aidan	F	0
ایدانا	aydana	F	0
ایدب	aidin	F	0
ایدر	aidar	F	0
ایدرس	idris	F	0
ایدقدی	eydghadi	F	0
ایده	ideh	F	0
ایدون	eydun	F	0
ایدین	aydin	F	0
ایدینگ	aiding	F	0
ایر	eir	F	0
ایراث	iras	F	0
ایراج	iraj	F	0
ایرامان	eraman	F	0
ایران	iran	F	0
ایرانا	irana	F	0
ایرانتاج	irantaaj	F	0
ایراندخت	irandocht	F	0
ایراندوخت	irandookht	F	0
ایرانشاه	iranshah	F	0
ایرانشید	iranshid	F	0
ایرانه	irane,iraneh	F	0
ایرانو	irano	F	0
ایرانیار	iranyar	F	0
ایراهیم	ebrahim	F	0
ایراچ	irach	F	0
ایرتا	irta	F	0
ایرج	iraj	F	0
ایرجعلی	irajali	F	0
ایرسا	irsa	F	0
ایرما	irma	F	0
ایرمان	irman	F	0
ایرمن	irman	F	0
ایرن	iren	F	0
ایرنا	irena	F	0
ایرنیا	irenia	F	0
ایروان	ervan	F	0
ایرچ	eiraj	F	0
ایریانا	iryana	F	0
ایریس	iris	F	0
ایرین	irin	F	0
ایریک	eirik	F	0
ایز	iz	F	0
ایزا	iza	F	0
ایزابل	izabel	F	0
ایزابلا	isabella	F	0
ایزداله	izadollah	F	0
ایزدبد	izadbod	F	0
ایزدداد	izaddad	F	0
ایزدوند	izadvand	F	0
ایزدگشسپ	izadgushasp	F	0
ایزه	izeh	F	0
ایسا	eysa	F	0
ایساتیس	isatis	F	0
ایساق	isaagh	F	0
ایسال	eysaal	F	0
ایسام	eysam	F	0
ایسانا	eysana	F	0
ایسدواستر	isadvastar	F	0
ایسیه	aysieh	F	0
ایشا	isha	F	0
ایشاع	asha	F	0
ایشالله	eshaghollah	F	0
ایشاله	eshalleh,eshaallah	F	0
ایشان	eshaan	F	0
ایشانقلی	eshanghali	F	0
ایشانگل	eshangel	F	0
ایشتار	ishtar	F	0
ایشتوویگو	ishtovigo	F	0
ایشه	ayshe	F	0
ایضاگل	eizagol	F	0
ایفاد	efad	F	0
ایقان	ighan	F	0
ایلا	eyla,ila	F	0
ایلار	ilaar	F	0
ایلاف	ilaf	F	0
ایلامان	ilaman	F	0
ایلانا	ilana	F	0
ایلایدا	ilayda	F	0
ایلبرا	ilbra	F	0
ایلتای	iltay	F	0
ایلحان	ilhan	F	0
ایلخان	ilkhan	F	0
ایلدا	ilda	F	0
ایلدار	ildar	F	0
ایلدرم	ildorom	F	0
ایلدنیز	ildniz	F	0
ایلدیر	ildir	F	0
ایلدیریم	ildirim	F	0
ایلرای	ilray	F	0
ایلروند	eilrond	F	0
ایلسا	ilsa	F	0
ایلسانا	ilsana	F	0
ایلشاد	ilshad	F	0
ایلشن	ilshan	F	0
ایلقار	ilgar	F	0
ایللار	illar	F	0
ایلما	ilma	F	0
ایلماز	ilmaz	F	0
ایلمان	ilman	F	0
ایلناز	elnaz	F	0
ایلهان	ilhan	F	0
ایلوش	iloosh	F	0
ایلپیا	ilpiya	F	0
ایلچین	ilchin	F	0
ایلکان	ilkan	F	0
ایلکای	ilkay	F	0
ایلکین	ilkin	F	0
ایلگار	ilgar	F	0
ایلی	eli	F	0
ایلیا	iliya	F	0
ایلیاد	iliad	F	0
ایلیار	ilyar	F	0
ایلیاس	ilyas	F	0
ایلیان	iliyan	F	0
ایلیانا	ilyana	F	0
ایلیم	ilim	F	0
ایلیکا	ilika	F	0
ایلیگان	iligan	F	0
ایما	eima	F	0
ایماء	emaa	F	0
ایماان	emaan	F	0
ایماز	imaz	F	0
ایمامعلی	imamali	F	0
ایمان	iman	F	0
ایمانا	imana	F	0
ایمانعلی	imanali	F	0
ایمانفر	imanfar	F	0
ایمانقلی	emanqoli	F	0
ایمانه	imaneh	F	0
ایمانوردی	emanvardi	F	0
ایمن	ayman,imen	F	0
ایمنعلی	aymanali	F	0
ایمنه	imaneh	F	0
ایمه	ima	F	0
ایمور	eymoor	F	0
ایناز	inaz	F	0
ایناس	inas	F	0
اینانا	inana	F	0
اینجا	inja	F	0
اینس	aynas	F	0
اینمان	einman	F	0
ایهاب	eihab,ihab	F	0
ایوا	eiva,eva	F	0
ایواز	ivaz	F	0
ایوالحسن	eyvalhasan	F	0
ایوالفضل	eivalfazl	F	0
ایوان	eyvan	F	0
ایوب	ayoub,ayyub	F	0
ایوبعلی	ayoubali	F	0
ایوز	ayvaz	F	0
ایوض	eyvaz	F	0
ایومه	ayumeh	F	0
ایونا	ayvona	F	0
ایوی	evi	F	0
ایویب	ayoub	F	0
ایپک	ipak	F	0
ایپکناز	ipeknaaz	F	0
ایپگ	eypak	F	0
ایکن	aikan	F	0
اییب	eib	F	0
اییتا	iyta	F	0
باب	bab	F	0
باباجان	babajan	F	0
باباخان	babakhan	F	0
باباخون	babakhon	F	0
باباسارق	babasarg	F	0
بابامحمد	babamohammad	F	0
بابامراد	babamorad	F	0
بابان	baban	F	0
بابانظر	babanzar	F	0
باباک	babak	F	0
باباکرم	babakaram	F	0
باباگل	babagol	F	0
بابایا	babaya	F	0
بابایار	babayar	F	0
بابر	baber	F	0
بابعلی	babali	F	0
بابل	babol	F	0
بابه	babe	F	0
بابوس	babos	F	0
بابوی	babuy	F	0
بابکر	babakr	F	0
بابکن	babakn	F	0
بابیلان	babilan	F	0
بابیک	babik	F	0
باتمان	batman	F	0
باتوف	batouf	F	0
باتیس	batis	F	0
باتینوک	batinok	F	0
باتینک	batink	F	0
بادام	badam	F	0
بادامک	badamak	F	0
بادان	badan	F	0
بادر	bader	F	0
بادرام	badram	F	0
بادعلی	badelali	F	0
بادلیس	badlis	F	0
بادینان	badinan	F	0
باذان	bazan	F	0
بارات	barat	F	0
باراد	barad	F	0
باران	baran	F	0
بارانا	barana	F	0
بارانه	baraneh	F	0
بارانک	baranak	F	0
باراک	barak	F	0
باربد	barbod	F	0
بارز	barz	F	0
بارزان	barezan	F	0
بارسین	barsin	F	0
بارش	baresh	F	0
بارشین	barshin	F	0
بارقه	bareghe	F	0
بارلی	barli	F	0
بارمان	barman	F	0
بارنک	barank	F	0
بارنگ	barang	F	0
باروشه	barusheh	F	0
بارون	baran	F	0
باریا	barya	F	0
باریام	baryam	F	0
باریتا	barita	F	0
باریز	bariz	F	0
باریزان	barizan	F	0
باریسان	barisan	F	0
باریش	barish	F	0
بارین	barin	F	0
بارینگل	baringle	F	0
باریکان	barikan	F	0
باریکه	barikkeh	F	0
بازان	bazaan	F	0
بازبان	bazban	F	0
بازمحمد	bazmohammad	F	0
بازنه	bazneh	F	0
بازور	bazur	F	0
بازیان	bazyan	F	0
بازید	bazid	F	0
بازیده	bazideh	F	0
باس	bas	F	0
باسام	basam	F	0
باساک	basak	F	0
باستیان	bastiyan	F	0
باستین	bastin	F	0
باستینگ	basting	F	0
باسط	baset	F	0
باسل	basel	F	0
باسم	basem	F	0
باسمه	basemeh	F	0
باسکار	baskar	F	0
باسین	basin	F	0
باشار	bashar	F	0
باشن	bashan	F	0
باشو	bashu	F	0
باشوان	bashvan	F	0
باشور	bashur	F	0
باشوک	bashook	F	0
باشیلا	bashila	F	0
باغان	baghan	F	0
باغداگل	baghdagol	F	0
بافرین	bafarin	F	0
باقیه	baghiye,baghiyeh	F	0
بالا	bala	F	0
بالااوغلان	balaoghlan	F	0
بالاباجی	balabaji	F	0
بالابگیم	balabegim	F	0
بالاجه	balaje	F	0
بالاخان	balakhan	F	0
بالاخانم	balakhanom	F	0
بالامحمد	balamohammad	F	0
بالان	balan	F	0
بالاناز	balanaaz	F	0
بالانسا	balansa	F	0
بالانساء	balansa	F	0
بالاوردی	balavardi	F	0
بالاکش	balakash	F	0
بالاگل	balagol	F	0
بالاگلدی	balagaldi	F	0
بالاییس	balayis	F	0
بالبان	balban	F	0
بالصی	balesi	F	0
بالعلی	bal'ali	F	0
بالقز	balqaz	F	0
بالوتا	baloota	F	0
بالوی	baluy	F	0
بالویز	balviz	F	0
بالک	balk	F	0
بالیمریم	balimorim	F	0
بالین	balin	F	0
بامسلمه	bamsolemeh	F	0
بامشاد	bamshad	F	0
بامک	bamak	F	0
بامی	bami	F	0
بامین	bamin	F	0
بامیک	bamik	F	0
بامیکا	bamika	F	0
بانته	bantea	F	0
بانری	banari	F	0
بانل	banel	F	0
بانو	banu	F	0
بانواز	banavaz	F	0
بانورام	banuram	F	0
بانوفرخ	banufarokh	F	0
بانونساد	banonsad	F	0
بانوکا	banuka	F	0
بانوگشسب	banugoshasb	F	0
بانکناز	banknaz	F	0
بانگ	bangh	F	0
بانیه	baniyeh	F	0
بانیپال	banipal	F	0
باهر	baher	F	0
باهرام	bahram	F	0
باهره	bahereh	F	0
باهله	bahleh	F	0
باهوز	bahoz	F	0
باهک	bahak	F	0
باوا	bava	F	0
باوان	bavan	F	0
باور	bavar	F	0
باوشین	bavoshin	F	0
باوند	bavand	F	0
باونعلی	bavaneli	F	0
باویل	bavil	F	0
باوین	bavin	F	0
باپوک	bapook	F	0
باپیر	bapir	F	0
باپیو	bapiv	F	0
باژه	bazheh	F	0
باژوران	bajuran	F	0
باژیر	bajir	F	0
باک	bak	F	0
باکزر	bakzar	F	0
باکوت	bakut	F	0
باکور	bakur	F	0
باگرو	bagro	F	0
باگه	bageh	F	0
بایا	baya	F	0
بایار	bayar	F	0
بایام	bayam	F	0
بایتگین	baytgin	F	0
بایخ	bayekh	F	0
بایراامعلی	bayramali	F	0
بایرام	bayram	F	0
بایرامعلی	bayramali	F	0
بایرامقلی	bayramgholi	F	0
بایرامگل	bayramgol	F	0
بایران	bayran	F	0
بایرمعلی	bayramali	F	0
بایری	bayri	F	0
بایز	bayz	F	0
بایزدید	bayzid	F	0
بایزی	bayzi	F	0
بایض	bayz	F	0
بایف	bayef	F	0
باینام	baynam	F	0
بایندور	bayandur	F	0
بایک	bayk	F	0
ببراز	babraz	F	0
ببهبود	beboud	F	0
ببک	babak	F	0
ببیر	bebir	F	0
ببیش	bebish	F	0
بتام	betam	F	0
بتاو	betav	F	0
بتسابه	batsabeh	F	0
بتمان	batman	F	0
بتول	batul	F	0
بتیا	batiya	F	0
بتیس	betis	F	0
بتیسا	betisa	F	0
بتیل	betil	F	0
بتین	betin	F	0
بتینا	betina	F	0
بتیه	batiyeh	F	0
بثینه	bosainah	F	0
بجان	bejan	F	0
بجرگ	bejrog	F	0
بحانی	bahani	F	0
بحجت	bahjat	F	0
بحر	bahr	F	0
بحریه	bahriyeh	F	0
بحزاد	bahzad	F	0
بحیرا	bohayra	F	0
بختاور	bakhtavar	F	0
بختوان	bakhtovan	F	0
بختور	bakhtvar	F	0
بخشا	bakhsha	F	0
بخشان	bakhshan	F	0
بخشدار	bakhsdar	F	0
بخشعلی	bakhshali	F	0
بخشین	bakhshin	F	0
بخشینر	bakhshiner	F	0
بخیت	bakhit	F	0
بدارم	bodaram	F	0
بداقعلی	badaqali	F	0
بدالرضا	badalrezza	F	0
بدالله	badollah	F	0
بداله	badalah	F	0
بدراق	badraq	F	0
بدرالجمال	badrojjamal	F	0
بدرالزمان	badrozzaman	F	0
بدرالملوک	badrolmoluk	F	0
بدرام	bedram	F	0
بدران	badran	F	0
بدریه	badriyeh	F	0
بدیر	badir	F	0
بدیره	badireh	F	0
بدیعالزمان	badieozzaman	F	0
بدیعه	badi'e,badiee	F	0
بدیل	badil	F	0
بدین	bedin	F	0
برات	barat	F	0
براتاله	barataleh	F	0
براتعلی	baratali	F	0
براتقلی	baratgholi	F	0
براخاس	barakhas	F	0
براخاصت	barakhaste	F	0
براخان	barakhan	F	0
برادر	baradar	F	0
برار	barar	F	0
برارجان	bararjan	F	0
برارعلی	bararali	F	0
براز	baraz	F	0
برازا	baraza	F	0
برازان	barazan	F	0
برازک	barazak	F	0
براعزیز	baraziz	F	0
براعلی	barali	F	0
برافاص	barafas	F	0
برام	beram	F	0
برانازار	baranazar	F	0
برانوش	baranush	F	0
براهام	baraham	F	0
براهیم	barahim	F	0
براو	barav	F	0
براگجر	barajjar	F	0
برایکا	berayka	F	0
برتاو	bertav	F	0
برتن	bartan	F	0
برته	barteh	F	0
برداش	bardash	F	0
بردان	bardan	F	0
بردل	bardel	F	0
بردیا	bardiya,bardia	F	0
بردیس	bardis	F	0
بردین	bardin	F	0
برز	barz	F	0
برزآذر	barzazar	F	0
برزآفرید	barzafarid	F	0
برزام	barzam	F	0
برزان	borzan	F	0
برزاو	barzav	F	0
برزفر	barzfar	F	0
برزفری	borzfari	F	0
برزما	barzma	F	0
برزمند	barzmand	F	0
برزن	barzan	F	0
برزهم	barzaham	F	0
برزویه	borzuyeh,barzuyeh	F	0
برزیه	barziyeh	F	0
برسا	borsa	F	0
برسابا	barsaba	F	0
برسام	barsam	F	0
برسان	barsan	F	0
برساوش	barsavash	F	0
برسومه	barsomeh	F	0
برسیان	barsian	F	0
برسیل	barsil	F	0
برسین	barsin	F	0
برشام	barsham	F	0
برشنا	boroshna	F	0
برشنوم	bareshnom	F	0
برشید	borshid,barshid	F	0
برشیو	barshio	F	0
برصیصا	barsisa	F	0
برفا	barfa	F	0
برفاب	barfab	F	0
برفه	barfeh	F	0
برفین	barfin	F	0
برقه	bargheh	F	0
برلیان	bereliyan,baryan	F	0
برمال	barmal	F	0
برمایون	barmayun	F	0
برنادت	bernadet	F	0
برنارد	bernard	F	0
برنوش	barnoosh	F	0
برنگ	barang	F	0
برنیان	barniyan	F	0
برهاد	barhad	F	0
برهانالدین	borhanoddin	F	0
برهم	barham	F	0
برهون	barhon	F	0
بروا	barva	F	0
بروار	borvar	F	0
بروانه	boravaneh	F	0
بروجعلی	boroujali	F	0
بروز	boruz	F	0
بروزیه	boruzieh	F	0
بروسکه	boruske	F	0
بروفه	borufe	F	0
برویز	borviz	F	0
بروین	borvin	F	0
برپرس	barpars	F	0
برچاو	barchav	F	0
برژان	berzhan	F	0
برژانگ	berzhang	F	0
برژنگ	barzhang	F	0
برژول	berjool	F	0
برکان	borkan	F	0
برکاو	barkav	F	0
برکای	berkay	F	0
برکت	barekat	F	0
برکلی	barkali	F	0
برکه	berke	F	0
برکو	borku	F	0
برکیارق	barekiarogh	F	0
برگ	barg	F	0
برگام	bargam	F	0
برگش	bargash	F	0
برگعلی	bargali	F	0
برگین	bargin	F	0
بریا	barya	F	0
بریار	beryar	F	0
بریان	baryan	F	0
بریتان	beritan	F	0
بریحه	barihe	F	0
برید	barid,borayd	F	0
بریر	borair	F	0
بریز	beriz	F	0
بریسا	brisa	F	0
بریسکه	briske	F	0
بریندار	barindar	F	0
برینداره	birindareh	F	0
بریوان	barivan	F	0
بریوش	biryush	F	0
بریکار	berikar	F	0
بزات	bezat	F	0
بزاد	bezad	F	0
بزان	bezan	F	0
بزرگعلی	bozorgali	F	0
بزرگوار	bozorgvar	F	0
بزمان	bazman	F	0
بزوتنوه	bozotnaveh	F	0
بزوین	bazvin	F	0
بزک	bozak	F	0
بزین	bazin	F	0
بسارنگ	basarang	F	0
بساطعلی	basatali	F	0
بسام	bassam	F	0
بسامه	bassame	F	0
بستا	basta	F	0
بستانعلی	bostanali	F	0
بستانه	bostaneh	F	0
بستر	bastar	F	0
بستور	bostur	F	0
بستک	bastak	F	0
بستی	basti	F	0
بستیر	bastir	F	0
بسریم	basrim	F	0
بسرین	basrin	F	0
بسطام	bastam	F	0
بسعاد	besa'ad	F	0
بسمه	besmeh	F	0
بسنح	basnah	F	0
بسنده	basandeh	F	0
بسنه	basneh	F	0
بسه	basseh	F	0
بسود	basud	F	0
بسوز	besooz	F	0
بسی	basi	F	0
بسیرا	basira	F	0
بسیم	basim	F	0
بسیمه	basimeh	F	0
بسین	basin	F	0
بسیه	basieh	F	0
بسیهی	basyahi	F	0
بشاعر	bashaar	F	0
بشتار	bashtar	F	0
بشتاسب	bashtasb	F	0
بشدار	bashdar	F	0
بشر	beshr	F	0
بشرا	boshra	F	0
بشره	bashreh	F	0
بشم	basham	F	0
بشه	beshe	F	0
بشوتن	bashutan	F	0
بشکو	bashku	F	0
بشیر	bashir	F	0
بشیره	bashireh	F	0
بصام	basam	F	0
بصرا	basra	F	0
بصره	basreh	F	0
بصری	basri	F	0
بصرین	basrin	F	0
بصریه	basriyeh	F	0
بصزی	bazzi	F	0
بصیرا	basira	F	0
بصیرالله	basirollah	F	0
بصیراله	basiralloh	F	0
بصیره	basireh	F	0
بطول	botol	F	0
بعثت	beesat	F	0
بعزاد	bazad	F	0
بعقوب	baqoob	F	0
بغرا	boghra	F	0
بفران	bafran	F	0
بفرانبار	befranbar	F	0
بفراو	bafrav	F	0
بفرین	bafrin	F	0
بقا	bagha	F	0
بقراط	baqrat	F	0
بلار	belar	F	0
بلاش	balash	F	0
بلاشان	balashan	F	0
بلاغعلی	balaghali	F	0
بلاقت	balaqat	F	0
بلال	belal	F	0
بلالوک	belalook	F	0
بلباس	belbas	F	0
بلبل	bolbol	F	0
بلغیث	balghith	F	0
بلغیس	balghis	F	0
بلقبس	bolqabas	F	0
بلقر	balqar	F	0
بلقیا	belghiya	F	0
بلقیث	balqis	F	0
بلقیس	balqis	F	0
بلقیص	balqis	F	0
بلقییس	balqis	F	0
بلمسلم	balmaslam	F	0
بلن	balan	F	0
بلنجه	belanjeh	F	0
بلوار	bolvar	F	0
بلواژ	balvazh	F	0
بلوت	balut	F	0
بلود	balood	F	0
بلور	bolur	F	0
بلوران	boluran	F	0
بلورین	boloorin,bolurin	F	0
بلوط	balut	F	0
بلوک	bolook	F	0
بلویر	bolvir	F	0
بلکا	belka	F	0
بلیان	baliyan	F	0
بلیزید	belizid	F	0
بلیسه	beliseh	F	0
بلیقس	baliqs	F	0
بلیل	balil	F	0
بلیمت	belimet	F	0
بلین	belin	F	0
بلیندا	belinda	F	0
بمالی	bamali	F	0
بمان	beman	F	0
بمانعلی	bemanali	F	0
بمانمعلی	bemanma'li	F	0
بمنام	bemanam	F	0
بمهرداد	bamerdad	F	0
بمونی	bemooni	F	0
بن	ben	F	0
بنات	banat	F	0
بناز	benaz	F	0
بناقلی	banaqali	F	0
بنامین	benamin	F	0
بناو	banav	F	0
بناوان	benavan	F	0
بنتا	benta	F	0
بنتالحسنی	bentolhosna	F	0
بنتالهدی	bentolhoda	F	0
بنجامین	benjamin	F	0
بندر	bandar	F	0
بندن	bandan	F	0
بندوی	banduy	F	0
بنرخ	banrakh	F	0
بنسان	bensan	F	0
بنشاد	bonsad	F	0
بنفش	banafsh	F	0
بنفشه	banafshe	F	0
بنن	banan	F	0
بنهور	benhor	F	0
بنوشه	benushe	F	0
بنگین	bengin	F	0
بنی	boni	F	0
بنیا	baniya	F	0
بنیام	benyam,bonyam	F	0
بنیامن	bonyamen	F	0
بنیامین	benyamin	F	0
بنیان	bonyan	F	0
بنیتا	benita	F	0
بنین	banin	F	0
بنیه	boniyeh	F	0
بهآیین	behayin	F	0
بها	baha	F	0
بها،	baha	F	0
بهاء	bahaa	F	0
بهاءالدین	bahaoddin	F	0
بهادار	bahador	F	0
بهادره	bahadreh	F	0
بهادور	bahador	F	0
بهارآفرین	baharafarin	F	0
بهارا	bahara	F	0
بهارام	beharam	F	0
بهاران	baharan	F	0
بهاردالدین	bahardaldin	F	0
بهارزهرا	baharzahra	F	0
بهارعلی	bahareali	F	0
بهارفاطمه	baharfateme	F	0
بهارناز	baharnaz	F	0
بهاره	bahare	F	0
بهارک	baharak	F	0
بهارین	baharin	F	0
بهاریه	bahariyeh	F	0
بهالدین	bahaldin	F	0
بهامد	behamad	F	0
بهان	behan	F	0
بهانه	bahaneh	F	0
بهانی	bahani	F	0
بهاور	bahavar	F	0
بهاوند	bahavand	F	0
بهباز	behbaz	F	0
بهبمن	behbaman	F	0
بهبهان	behbahan	F	0
بهبودعلی	behboudali	F	0
بهتا	behta	F	0
بهتاب	behtab	F	0
بهتاج	behtaj	F	0
بهتاش	behtash	F	0
بهتام	behtam	F	0
بهتدر	behtadr	F	0
بهتری	behtari	F	0
بهترین	behtarin	F	0
بهتیس	behtis	F	0
بهتین	behtin	F	0
بهداور	behdaavar	F	0
بهدر	behdar	F	0
بهدوخت	behdokht	F	0
بهدیس	behdis	F	0
بهدین	bahdin	F	0
بهرا	behra	F	0
بهراب	bahrab	F	0
بهراز	behraz	F	0
بهرامشاه	bahramsah	F	0
بهرامعلی	bahramali	F	0
بهرامن	bahraman	F	0
بهرامه	bahrame	F	0
بهرانه	bahraneh	F	0
بهرتگ	behrtag	F	0
بهردر	bahredar	F	0
بهرزو	bahrzu	F	0
بهرعلی	bahrali	F	0
بهرمان	bahraman	F	0
بهرنگ	behrang	F	0
بهره	bahre	F	0
بهرهمند	bahremand	F	0
بهرهور	bahrevar	F	0
بهروخ	behroukh	F	0
بهرود	behrud	F	0
بهرور	bahravar	F	0
بهروزان	behruzan	F	0
بهروی	behrouh	F	0
بهریش	bahrish	F	0
بهزادان	behzadan	F	0
بهزادرضا	behzadreza	F	0
بهسا	behsa	F	0
بهسام	behsam	F	0
بهسان	behsan	F	0
بهستان	behestan	F	0
بهستون	behestun	F	0
بهسود	behsud	F	0
بهسودان	behsodan	F	0
بهشاد	behshad	F	0
بهشار	behshar	F	0
بهشت	behesht	F	0
بهشته	beheshte	F	0
بهشنه	behshneh	F	0
بهشید	behshid	F	0
بهفام	behfam	F	0
بهلرک	bahlark	F	0
بهلور	bahlur	F	0
بهم	baham	F	0
بهمتن	behmatn	F	0
بهمنام	bahmanam	F	0
بهمنداد	bahmandad	F	0
بهمنزاد	bahmanzad	F	0
بهمنعلی	bahmanali	F	0
بهمنیار	bahmanyar,bahmaniyar	F	0
بهمکن	bahamkan	F	0
بهمیار	bahmyar	F	0
بهناد	behnad	F	0
بهنه	bohneh	F	0
بهنو	bahno	F	0
بهنواز	behnavaz	F	0
بهنورا	behnora	F	0
بهنوش	behnush	F	0
بهوران	behvaran	F	0
بهوش	behush	F	0
بهوند	behvand	F	0
بهپور	behpor	F	0
بهچت	behchat	F	0
بهک	behak	F	0
بهکام	behkam	F	0
بهکامه	behkameh	F	0
بهگام	behgam	F	0
بهگل	behgol	F	0
بهیاد	beyad,behyad	F	0
بهیان	behiyan	F	0
بهیرخ	bahirakh	F	0
بهیره	bahire	F	0
بهیز	bahiz	F	0
بهین	behin	F	0
بهینا	behina	F	0
بهینه	behineh	F	0
بهیه	behiyeh,bahiyeh	F	0
بواجعلی	bavaj'ali	F	0
بوار	bavar	F	0
بوالحسن	bavlhasan	F	0
بوالفضل	bovalfazl	F	0
بوبار	bubar	F	0
بوبان	buban	F	0
بوبک	bobak	F	0
بوتان	butan	F	0
بوتمان	botman	F	0
بوته	boteh	F	0
بوتیمار	botimar	F	0
بوجه	buje	F	0
بوختار	boxtar	F	0
بوخشا	bokhsha	F	0
بودیان	boudian	F	0
بوذر	boozar	F	0
بوذرجمهر	boozarjamahr	F	0
بوراب	burab	F	0
بورابک	borabak	F	0
بوران	booran	F	0
بوراک	burak	F	0
بورباش	burbash	F	0
بورزور	borzoor	F	0
بورلا	borla	F	0
بورمند	burmand	F	0
بورنگ	boring	F	0
بورهان	burhan	F	0
بورژک	borzhak	F	0
بورژین	borzhin	F	0
بوریا	booriya	F	0
بوریر	boorir	F	0
بوزرجمهر	bozorgmehr	F	0
بوزلی	boozli	F	0
بوزو	boozo	F	0
بوستانه	bustane	F	0
بوسه	buseh	F	0
بوسیان	bousian	F	0
بوعلی	buali	F	0
بولفضل	bolfazl	F	0
بولود	bolud	F	0
بومان	boman	F	0
بومانعلی	bomanali	F	0
بومانی	bumani	F	0
بونخوش	bonkhosh	F	0
بوندار	bondar	F	0
بونم	bunam	F	0
بوپار	boopar	F	0
بوچان	boochan	F	0
بوژان	bozhan	F	0
بوژانه	buzhane	F	0
بوژنه	bozhneh	F	0
بوکان	bukan	F	0
بوکبویانی	bokboyani	F	0
بوگه	boge	F	0
بویا	bouya	F	0
بویار	boyar	F	0
بویان	buyan	F	0
بوین	boeen	F	0
بویه	boyeh	F	0
بچکول	bachkul	F	0
بژار	bejar	F	0
بژدار	bezhdar	F	0
بژن	bazhen	F	0
بژنا	bazhna	F	0
بژوار	bazhvar	F	0
بژول	bejool	F	0
بژوین	bezhvin	F	0
بژین	bezhin	F	0
بژیو	bezhyo	F	0
بکاء	beka'	F	0
بکاه	bekah	F	0
بکره	bakreh	F	0
بکشاد	bokshad	F	0
بکعلی	bak'ali	F	0
بکیاش	bakyash	F	0
بگاداد	baghdad	F	0
بگاش	bagash	F	0
بگزاده	baghzadeh	F	0
بگشیر	baghshir	F	0
بگعلی	baghali	F	0
بگلر	baglar	F	0
بگم	begam	F	0
بگمراد	bagmorad	F	0
بگنج	beganj	F	0
بیؤن	biyun	F	0
بیارش	biarash	F	0
بیاز	biyaz	F	0
بیازید	biyazid	F	0
بیاض	biyaz	F	0
بیاضعلی	biyazali	F	0
بیام	biyam	F	0
بیامن	biyamen	F	0
بیان	bayan	F	0
بیانعلی	bayanali	F	0
بیباک	bibak	F	0
بیبون	biboon	F	0
بی‌بی	bibi	F	0
بیت	bit	F	0
بیتا	bita	F	0
بیتادخت	bitadokht	F	0
بیتاوان	bitavan	F	0
بیتخش	bitekhsh	F	0
بیتوک	bitoq	F	0
بیتک	bitek	F	0
بیت‌الله	beytollah	F	0
بیدا	bida,beyda	F	0
بیدالله	bidollah	F	0
بیداله	bidaleh	F	0
بیدخت	bidokht	F	0
بیدگل	bidgol	F	0
بیرام	bayram	F	0
بیرامعلی	biramali	F	0
بیربخش	birbakhsh	F	0
بیرشاد	birshad	F	0
بیرمعلی	birma'ali	F	0
بیرور	biror	F	0
بیروز	biruz	F	0
بیرون	birun	F	0
بیرگا	birga	F	0
بیری	biri	F	0
بیریفان	birifan	F	0
بیریوان	birivan	F	0
بیزار	bizar	F	0
بیزن	bizan	F	0
بیسان	bisan	F	0
بیستان	bistan	F	0
بیستون	biston	F	0
بیسو	biso	F	0
بیسی	bisi	F	0
بیشو	bisho	F	0
بیلاش	bilas	F	0
بیلت	bilt	F	0
بیلو	bilu	F	0
بیمان	biman	F	0
بیمت	bimet	F	0
بیمن	bimen	F	0
بینادخت	binadokht	F	0
بینر	binar	F	0
بینور	binur	F	0
بینیار	binyar	F	0
بیهن	biham	F	0
بیور	biyur	F	0
بیورد	bivard	F	0
بیورزاد	biorzad	F	0
بیوک	biyok	F	0
بیوکخانم	biyokhanom	F	0
بیوکخانوم	biyokhanom	F	0
بیوکعلی	biyokali	F	0
بیوگ	biog	F	0
بیوی	bivi	F	0
بیچم	bicham	F	0
بیژن	bijan	F	0
بیژنگ	bijang	F	0
بیژه	bizheh	F	0
بیکس	biks	F	0
بیکن	biken	F	0
بیکژ	bikaj	F	0
بیگد	bigdad	F	0
بیگرد	bigard	F	0
بیگزاده	bigzadeh	F	0
بیگل	bigel	F	0
بیگم	beygom	F	0
بیگمجان	bigomjan	F	0
تائب	tab	F	0
تابا	taba	F	0
تابال	tabal	F	0
تاباندخت	tabandokht	F	0
تابانروی	tabanruy	F	0
تابانمهر	tabanmehr	F	0
تابانچهر	tabanchehr	F	0
تابدوق	tabdoq	F	0
تابس	tabas	F	0
تابست	tabest	F	0
تابناک	tabnak	F	0
تابیتا	tabita	F	0
تابیه	tabiyeh	F	0
تاتیانا	tatyana	F	0
تاتینا	tatina	F	0
تاجالدین	tajoddin	F	0
تاجبخش	tajbakhsh	F	0
تاجدردی	tajdardi	F	0
تاجدولت	tajdolat	F	0
تاجر	tajer	F	0
تاجقلی	tajgholi	F	0
تاجما	tajma	F	0
تاجماه	tajmah	F	0
تاجملوک	tajmalook	F	0
تاجمه	tajmeh	F	0
تاجه	taje	F	0
تاجور	tajur	F	0
تاجولی	tajoli	F	0
تاجگل	tajgol	F	0
تاجیبهلولی	tajibehlouli	F	0
تاجیه	tajiyeh	F	0
تادر	tadr	F	0
تارا	tara	F	0
تارادخت	taradokht	F	0
تارادیس	taradis	F	0
تاراز	taraz	F	0
تارح	tarah	F	0
تارلا	tarla	F	0
تارملا	tarmela	F	0
تارمیتا	tarmita	F	0
تارودی	taroudi	F	0
تاروردی	tarvardi	F	0
تاروولگی	tarvulgi	F	0
تارویردی	tarvirdi	F	0
تارگلی	targali	F	0
تاریوردی	taryavardi	F	0
تاریویردی	tarivirdi	F	0
تازه	tazeh	F	0
تازگل	tazgol	F	0
تاشا	tasha	F	0
تاشان	tashan	F	0
تاشجان	tajjan	F	0
تاشلی	tashli	F	0
تاشکین	tashkin	F	0
تاشین	tashin	F	0
تافه	tafeh	F	0
تافگه	tafgeh	F	0
تالای	talai	F	0
تالح	taleh	F	0
تالوردی	talvardi	F	0
تالیا	talia,taliya	F	0
تالین	talin	F	0
تالیه	taliyeh	F	0
تامارا	tamara	F	0
تامان	taman	F	0
تامانج	tamanj	F	0
تامای	tamay	F	0
تامر	tamer	F	0
تامی	tami	F	0
تامیار	tamyar	F	0
تامیلا	tamila	F	0
تامیما	tamima	F	0
تامین	tamin	F	0
تامینه	tamineh	F	0
تانای	tanay	F	0
تانریا	tanriya	F	0
تانریلا	tanrila	F	0
تانسو	tansu	F	0
تانقروردی	tangeravardi	F	0
تانیا	taniya,tania	F	0
تانیش	tanish	F	0
تانیل	tanil	F	0
تاهمه	tahameh	F	0
تاهمینه	tahamineh	F	0
تاهید	tahid	F	0
تاویار	tavyar	F	0
تاپدوح	tapedouh	F	0
تاپدوق	tapedogh	F	0
تاپیک	tapik	F	0
تاچارا	tachara	F	0
تاژ	taj	F	0
تایار	tayar	F	0
تایان	tayan	F	0
تایب	tayeb	F	0
تایجان	tayjan	F	0
تایلان	taylan	F	0
تایماد	taimad	F	0
تایماز	taymaz,taimaz	F	0
تایماه	taymah	F	0
تایمز	taymz	F	0
تبارک	tabarak	F	0
تبارکه	tabarakeh	F	0
تباک	tabak	F	0
تبتل	tabattol	F	0
تبرک	tabarrok	F	0
تبریز	tabriz	F	0
تبسم	tabassom	F	0
تتسگل	tatsgol	F	0
تتمان	tatman	F	0
تجارت	tejarat	F	0
تجربه	tajrobeh	F	0
تجیبه	tajibe	F	0
تحسان	tahsan	F	0
تحسین	tahsin	F	0
تحفه	tohfe	F	0
تحمد	tahmad	F	0
تحید	tahid	F	0
تخار	tokhar	F	0
تخرسین	takhrasin	F	0
تخشا	tokhsha	F	0
تخشک	takhshak	F	0
تخواره	takhvareh	F	0
تداعی	tadaei	F	0
تدبیر	tadbir	F	0
تذرو	tazrav	F	0
ترابعلی	tarabali	F	0
تراج	taraj	F	0
تراز	taraz	F	0
تراوت	taravat	F	0
ترب	tarab	F	0
ترحم	tarahom	F	0
ترحیم	tarhim	F	0
ترخان	tarkhan	F	0
ترزیا	tarziya	F	0
ترسا	tarsa	F	0
ترلان	tarlan	F	0
ترمه	terme	F	0
ترنج	toranj	F	0
ترنم	tarannom	F	0
ترنه	torneh	F	0
ترنگ	torang	F	0
ترنیان	tarniyan	F	0
تروسکه	truskeh	F	0
تروند	tarvand	F	0
ترکل	tarkal	F	0
ترکیه	torkiye	F	0
ترگس	targis	F	0
ترگل	targol	F	0
تریا	tarya	F	0
تریاک	taryak	F	0
تریتا	terita	F	0
تریتی	teriti	F	0
تریفه	tarifeh	F	0
تریمان	tiriman	F	0
تریکه	tirikeh	F	0
تزه	tazeh	F	0
تسبیه	tasbih	F	0
تسترن	tastran	F	0
تسرین	tasrin	F	0
تسلا	tasalla	F	0
تسنیم	tasnim	F	0
تسو	tasoo	F	0
تسکین	taskin	F	0
تشتر	tashtar	F	0
تشهن	tashahn	F	0
تشویق	tashvigh	F	0
تشکیل	tashkil	F	0
تعارف	ta'arof	F	0
تعارفعلی	ta'arofali	F	0
تعرفه	ta'arofe	F	0
تعظم	ta'zim	F	0
تعقی	ta'qi	F	0
تعمینه	ta'mineh	F	0
تعید	ta'id	F	0
تعیم	ta'im	F	0
تفانقلیچ	tafangolich	F	0
تفانگل	tafangel	F	0
تفی	tafi	F	0
تقان	taghan	F	0
تقاندردی	taqandardi	F	0
تقاندری	taqandari	F	0
تقانقلی	taghaneqli	F	0
تقانقلیچ	taghaneqlich	F	0
تقدیر	taghdir	F	0
تقدیرعلی	taqdirali	F	0
تقوا	taghva	F	0
تقی	taghi	F	0
تقیه	taqiyeh	F	0
تلاطم	talatom	F	0
تلاله	talaleh	F	0
تلاونگ	telavang	F	0
تلم	talem	F	0
تلما	telma	F	0
تلمان	talman	F	0
تلناز	telnaz	F	0
تلکا	teleka	F	0
تلی	tali,telli	F	0
تلیمان	taliman	F	0
تلین	tellin	F	0
تلینا	talina	F	0
تماج	tamaj	F	0
تماشا	tamasha	F	0
تمامه	tamameh	F	0
تمحمد	tamhammad	F	0
تمشک	tamashk	F	0
تمنا	tamanna	F	0
تموفیق	tamoufiq	F	0
تموچین	tamochin	F	0
تمک	tamak	F	0
تمیم	tamim	F	0
تمیمه	tamimeh	F	0
تناز	tanaz	F	0
تنبور	tanbour	F	0
تندیس	tandis	F	0
تنسر	tansar	F	0
تنوتاس	tanotas	F	0
تنوجا	tanouja	F	0
تهامه	tahameh	F	0
تهانی	tahani	F	0
تهراب	tehrab	F	0
تهران	tehran	F	0
تهرانه	tehrane	F	0
تهرت	tehrat	F	0
تهم	tahm	F	0
تهماسب	tahmasb	F	0
تهمان	tahman	F	0
تهمورث	tahmures	F	0
تهمورس	tahmures	F	0
تهمین	tahmin	F	0
تهمیندخت	tahmindokht	F	0
تهمینه	tahmineh	F	0
تهنیا	tahnia	F	0
توار	tavar	F	0
تواقلیچ	tavaghlich	F	0
توبا	tuba	F	0
توتک	tutak	F	0
توتیا	tutiya	F	0
توحدی	tavhidi	F	0
توحید	towhid,tavhid	F	0
توحیدا	towhida	F	0
توحیدقلی	tavhidgholi	F	0
توحیده	tavhideh	F	0
توخید	tukhid	F	0
تور	tor	F	0
توراب	tourab	F	0
تورات	torat	F	0
تورال	tural	F	0
تورالله	torollah	F	0
توران	turan	F	0
تورانبانو	turanbanu	F	0
توراندخت	turandokht	F	0
توراکینا	torakina	F	0
تورج	turaj	F	0
تورسن	torsan	F	0
توره	toreh	F	0
تورک	turak	F	0
تورکای	torkai	F	0
توری	touri	F	0
توریا	torya	F	0
توریه	torieh	F	0
توس	tus	F	0
توسا	tosa	F	0
توسل	tavasol	F	0
توسکا	tuska	F	0
توشار	tushar	F	0
توشنامئیتی	toshnameyti	F	0
توشه	tosheh	F	0
توشیار	tushyar	F	0
توضیح	tozih	F	0
توفان	tufan	F	0
تول	tavallod	F	0
تولا	tavala	F	0
توما	tuma	F	0
توماژ	tomazh	F	0
تونیا	tonia	F	0
توهان	tohan	F	0
توهفه	tavhafe	F	0
توهید	tavhid	F	0
تووشیار	tuvshyar	F	0
توکا	tuka	F	0
توکان	tukan	F	0
توکتم	tavakotam	F	0
توکتمه	tavakotmeh	F	0
توکز	tavakol	F	0
توگل	togol	F	0
توی	tuy	F	0
توید	tavid	F	0
تویقعلی	tavaghali	F	0
تویقلی	tavighli	F	0
تژاو	tazhav	F	0
تکاو	takav	F	0
تکاپو	takapu	F	0
تکتا	takta	F	0
تکتم	taktam	F	0
تکتک	taktak	F	0
تکتکم	taktakem	F	0
تکذبان	tokazeban	F	0
تکز	takaz	F	0
تکش	takash	F	0
تکناز	taknaz	F	0
تکین	takin	F	0
تگین	taghin	F	0
تی	ti	F	0
تیا	tiya	F	0
تیاتر	tiatr	F	0
تیادا	tiyada	F	0
تیار	tayar	F	0
تیارا	tayara,tiyara	F	0
تیارام	tiaram	F	0
تیام	tiyam,tyam	F	0
تیاما	tiama	F	0
تیامهر	tiyamehr	F	0
تیامو	tiamo	F	0
تیامیس	tiamis	F	0
تیامین	tiyamin	F	0
تیانا	tiyana	F	0
تیبا	tiba	F	0
تیبه	tibe	F	0
تیتا	tita	F	0
تیتک	teitak	F	0
تیدآ	tida	F	0
تیدا	tida	F	0
تیر	tir	F	0
تیرا	tira	F	0
تیران	tiran	F	0
تیراژه	tirazheh,tirajeh	F	0
تیربد	tirbod	F	0
تیرج	tiraj	F	0
تیرداد	tirdad	F	0
تیرش	tirash	F	0
تیرشاه	tirshah	F	0
تیرماه	tirmah	F	0
تیره	tireh	F	0
تیروژ	tirozh	F	0
تیرگان	tirgan	F	0
تیریژ	tirizh	F	0
تیس	tis	F	0
تیسا	tisa	F	0
تیسان	tisan	F	0
تیساناز	tisanaz	F	0
تیساگل	tisagal	F	0
تیشتر	tishtar	F	0
تیشکه	tishkeh	F	0
تیشکو	tishko	F	0
تیغلی	tighli	F	0
تیفانی	tifani	F	0
تیلا	tila	F	0
تیلاو	tilav	F	0
تیلکو	tilko	F	0
تیماس	timas	F	0
تیمن	timan	F	0
تیمور	timur,teymur	F	0
تیمورتاش	timurtash	F	0
تینا	tina	F	0
تیناب	tinab	F	0
تینو	tino	F	0
تینوش	tinush	F	0
تیهو	tihou,teyhu	F	0
تیوا	tiva	F	0
تیوان	tivan	F	0
تیوانا	tivana	F	0
تیوپیلو	tiyopilo	F	0
تیکا	tika	F	0
تیکال	tikal	F	0
تیکل	tikl	F	0
تیگران	tigran	F	0
ثابته	sabete	F	0
ثابر	saber	F	0
ثادق	sadegh	F	0
ثارالله	sarallah	F	0
ثاراله	salarollah	F	0
ثاره	thareh	F	0
ثاقب	sagheb	F	0
ثام	tham	F	0
ثامت	thamet	F	0
ثامر	samer	F	0
ثامره	thamreh	F	0
ثامن	samen	F	0
ثانیه	saniyeh	F	0
ثروت	servat	F	0
ثریاد	soryad	F	0
ثریه	soryeh	F	0
ثرییا	sorayya	F	0
ثلاله	thalaleh	F	0
ثمانه	samaneh	F	0
ثمد	samad	F	0
ثمر	samar	F	0
ثمرخ	samarkh	F	0
ثمرقند	samarqand	F	0
ثمره	samareh	F	0
ثمن	saman	F	0
ثمیره	samireh	F	0
ثمیلا	samila	F	0
ثمیله	samileh	F	0
ثمین	samin	F	0
ثمینا	samina	F	0
ثمینه	samineh	F	0
ثمیه	somayeh	F	0
ثنا	sana	F	0
ثناء	sena	F	0
ثناءالله	sanaollah	F	0
ثناس	sanas	F	0
ثناله	sanaollah	F	0
ثناگو	sanagu	F	0
ثنای	sena	F	0
ثنایا	sanaya	F	0
ثنایه	sanaye	F	0
ثنم	sanam	F	0
ثواب	savaab	F	0
ثوبا	thoba	F	0
ثوبان	savban	F	0
ثوبیه	thobiyah	F	0
ثوره	soreh	F	0
ثوری	souri	F	0
ثویبه	sovaybah	F	0
ثویده	sovideh	F	0
ثوییبه	thuyeeba	F	0
ثکینه	sakineh	F	0
جابان	jaban	F	0
جابر	jaber	F	0
جابرچ	jabarch	F	0
جابیر	jabir	F	0
جاتعلی	jaatali	F	0
جاثیه	jasiyeh	F	0
جاد	jad	F	0
جادر	jader	F	0
جادی	jadi	F	0
جارالل	jaralel	F	0
جارالله	jaarollah	F	0
جاریه	jariyeh	F	0
جازیه	jazieh	F	0
جاسب	jasb	F	0
جاستین	justin	F	0
جاسم	jasem	F	0
جاسمین	jasmin	F	0
جاسمیه	jasemieh	F	0
جافر	jafar	F	0
جافربگ	jafarbag	F	0
جالی	jali	F	0
جالینوس	jalinus	F	0
جاماس	jamas	F	0
جاماسب	jamasb	F	0
جاماسپ	jamasp	F	0
جامشید	jamshid	F	0
جامعه	jame'e	F	0
جامون	jamoon	F	0
جان	jan	F	0
جانا	jana	F	0
جانام	janam	F	0
جانان	janan	F	0
جانانه	janane	F	0
جانبانو	janbanu	F	0
جاندل	jandel	F	0
جانسو	jansu	F	0
جانعتی	janati	F	0
جانعلی	janali	F	0
جانعی	jan'i	F	0
جانلی	janli	F	0
جانمراد	janmorad	F	0
جانمیرزا	janmirza	F	0
جانوسیار	janusyar	F	0
جانوشیار	janoshyar	F	0
جانک	janak	F	0
جانیار	janyar,janiyar	F	0
جاهده	jahede	F	0
جاواد	javad	F	0
جایر	jayer	F	0
جایق	jayeq	F	0
جبار	jabbar	F	0
جباربردی	jabbarbardi	F	0
جبرئیل	jabrail	F	0
جبراءیل	jabra'il	F	0
جبرائیل	jebrail	F	0
جبراعیل	jabra'il	F	0
جبرایل	jabra'il	F	0
جبراییل	jabra'il	F	0
جبریل	jebril,jabriel	F	0
جبریه	jabriyeh	F	0
جبرییل	jabriil	F	0
جبیب	jabib	F	0
جبین	jabin	F	0
جت	jat	F	0
جتبی	jotabi	F	0
جحفر	jahfar	F	0
جداری	jadari	F	0
جدال	jadal	F	0
جدنا	jadna	F	0
جده	jaddeh	F	0
جدیجه	jadijeh	F	0
جرج	jorj	F	0
جرجیس	jerjis	F	0
جرعه	jor'eh	F	0
جرل	jarl	F	0
جرن	jarn	F	0
جره	jereh	F	0
جریر	jarir	F	0
جریره	jarireh	F	0
جریه	jariyeh	F	0
جستان	jastan	F	0
جسته	joste	F	0
جستیم	jostim	F	0
جسمه	jismeh	F	0
جسن	jasn	F	0
جسیم	jasim	F	0
جسیکا	jessica	F	0
جشید	jashid	F	0
جعغر	ja'far	F	0
جعفرصادق	jaefarsadegh	F	0
جعفرقلی	ja'farqoli	F	0
جعفعر	ja'far	F	0
جعقر	ja'far	F	0
جغعفر	jogh'afar	F	0
جغفر	joghfar	F	0
جفا	jafa	F	0
جفان	jafan	F	0
جفر	jafar	F	0
جلالالدین	jalaloddin	F	0
جلالت	jalalat	F	0
جلالدین	jalalodin	F	0
جلاله	jalale	F	0
جلبال	jalbal	F	0
جلبل	jalbal	F	0
جلبله	jalbeleh	F	0
جلوه	jelveh	F	0
جلیل	jalil	F	0
جلیلالدین	jaliloddin	F	0
جلیله	jalileh,jalile	F	0
جلییل	jalil	F	0
جما	jama	F	0
جمات	jamat	F	0
جماعت	jama'at	F	0
جماعیل	jama'il	F	0
جمالالدین	jamaloddin	F	0
جمالدین	jamaldin	F	0
جمالر	jamalar	F	0
جماله	jamaleh	F	0
جمالیه	jamaliyeh	F	0
جمانه	jomaneh	F	0
جماور	jamavar	F	0
جماییل	jama'il	F	0
جمدخت	jamdokht	F	0
جمزاد	jamzad	F	0
جمشاد	jamshad	F	0
جمشبد	jamshid	F	0
جمشی	jamshi	F	0
جمشید	jamshid	F	0
جمشیده	jamshideh	F	0
جمع	jam	F	0
جمعلی	jamali	F	0
جمقلی	jamqali	F	0
جمل	jamal	F	0
جملی	jomali	F	0
جملیه	jomlieh	F	0
جمهور	jomhur	F	0
جمهوره	jomhureh	F	0
جمیاد	jamiad	F	0
جمیار	jamyar	F	0
جمیاه	jamiyeh	F	0
جمید	jamid	F	0
جمیران	jameyran	F	0
جمیشد	jamishad	F	0
جمیل	jamil	F	0
جمیلا	jamila	F	0
جمیله	jamileh,jamile	F	0
جمیلهی	jamileh	F	0
جمین	jamin	F	0
جمینه	jamineh	F	0
جنات	jannat	F	0
جناده	jannade	F	0
جنان	jenan	F	0
جندل	jandal	F	0
جندیل	jandil	F	0
جنگعلی	jangali	F	0
جنگیان	jangiyan	F	0
جنگیه	jangieh	F	0
جنید	jonaid,junaid	F	0
جنیف	janif	F	0
جهاد	jahad	F	0
جهانبان	jahanban	F	0
جهانبخت	jahanbakht	F	0
جهانبین	jahanbin	F	0
جهانتاب	jahantab	F	0
جهانتاج	jahantaj	F	0
جهانداد	jahandad	F	0
جهاندخت	jahandokht	F	0
جهانریز	jahanriz	F	0
جهانزیر	jahanzir	F	0
جهانسوز	jahansooz	F	0
جهانشاد	jahanshad	F	0
جهانشاه	jahanshah	F	0
جهانشید	jahanshid	F	0
جهانشیر	jahanshir	F	0
جهانمیر	jahanmir	F	0
جهانور	jahanvar	F	0
جهانکیر	jahankir	F	0
جهانگجیر	jahangir	F	0
جهانگشای	jahangoshay	F	0
جهانیار	jahanyar	F	0
جهان‌آفرین	jahanafarin	F	0
جهرا	jahra	F	0
جهلنگیر	jahlangir	F	0
جهن	jahn	F	0
جهنگیر	jahangir	F	0
جوآنا	joana	F	0
جواد	javad	F	0
جوادرضا	javadreza	F	0
جواده	javadeh	F	0
جوار	javar	F	0
جوانه	javane	F	0
جوانوی	javanuy	F	0
جواهر	javaher	F	0
جواهربیگم	javaherbigham	F	0
جوتد	jotad	F	0
جوتیار	joutyar	F	0
جود	jood	F	0
جورا	jura	F	0
جورج	jorj	F	0
جوری	joori	F	0
جوریت	joorit	F	0
جوریه	juriyeh	F	0
جوزعلی	jozali	F	0
جوفیل	jofil	F	0
جولای	jolay	F	0
جولداش	joldash	F	0
جومی	joomi	F	0
جونعلی	joonali	F	0
جونمراد	joonmorad	F	0
جونید	junaid	F	0
جوواد	javad	F	0
جویان	juyan	F	0
جیاکو	jiyaku	F	0
جیبه	jibe	F	0
جیحون	jihun,jeyhun	F	0
جیدا	jayda	F	0
جیران	jeyran,jiran	F	0
جیراییل	jira'il	F	0
جیرلن	jirlan	F	0
جیلا	jila	F	0
جیلان	jilan	F	0
جیلانی	jilani	F	0
جیلی	jili	F	0
جیلیل	jalil	F	0
جیمن	jiman	F	0
جینا	jina	F	0
جینگ	jing	F	0
جینگو	jingu	F	0
جیهان	jayhan	F	0
جیگر	jigar	F	0
حابر	haber	F	0
حاتف	hatef	F	0
حاتمعلی	hatmaali	F	0
حاتمه	hatame	F	0
حاجات	hajat	F	0
حاجت	hajet	F	0
حاجر	hajer	F	0
حاجیحسین	hajihosseyn	F	0
حاجیقلی	hajigholi	F	0
حاجیمراد	hajimorad	F	0
حاجیه	hajieh	F	0
حاجیگل	hajigol	F	0
حاجییه	hajieh	F	0
حادی	hadi	F	0
حادید	hadid	F	0
حاذق	hazegh	F	0
حارث	hares	F	0
حارثه	harese	F	0
حارس	hares	F	0
حازم	hazem	F	0
حاصل	hasel	F	0
حافضعلی	hafezali	F	0
حافظه	hafezeh	F	0
حاقظعلی	haqezeali	F	0
حالت	halat	F	0
حالتقلی	halatgholi	F	0
حاله	haleh	F	0
حالوب	halub	F	0
حام	ham	F	0
حامداله	hamidollah	F	0
حامدحسین	hamedhossein	F	0
حامدرضا	hamedreza	F	0
حامدعلی	hamidali	F	0
حامده	hamedeh	F	0
حامه	hameh	F	0
حامید	hamid	F	0
حامیل	hamil	F	0
حامیم	hamim	F	0
حامین	hamin	F	0
حامیه	hamieh	F	0
حانا	hana	F	0
حانان	hanan	F	0
حاند	hand	F	0
حانقلی	haneqli	F	0
حانون	hanon	F	0
حانی	hani	F	0
حانیه	hanieh	F	0
حاود	havod	F	0
حاکم	hakem	F	0
حاکمه	hakemeh	F	0
حایری	hayri	F	0
حایمه	haymeh	F	0
حباب	hobab	F	0
حبابه	hababeh	F	0
حبار	habbar	F	0
حبان	hoban	F	0
حببیب	habib	F	0
حببیه	habibeh	F	0
حبدالستار	habdalsettar	F	0
حبدل	habdel	F	0
حبه	habbeh	F	0
حبیب	habib	F	0
حبیبالاه	habibollah	F	0
حبیبالله	habibollah	F	0
حبیباله	habibollah	F	0
حبیبه	habibeh,habibe	F	0
حبیبهخ	habibeh	F	0
حبیبیه	habibieh	F	0
حبیب‌الله	habibollah	F	0
حبینب	habibin	F	0
حبییب	habib	F	0
حبییبه	habibeh	F	0
حثنیه	hasniyeh	F	0
حجاز	hajaz	F	0
حجبر	hojabr	F	0
حجتالله	hojjatollah	F	0
حجتاله	hojjatollah	F	0
حجتعلی	hojjatali	F	0
حجر	hojr	F	0
حجسن	hosseyn	F	0
حجعفر	hojjafr	F	0
حجیر	hajir	F	0
حجیه	hojieh	F	0
ححامد	hhamid	F	0
حخبیب	khakhabib	F	0
حخسن	hosseyn	F	0
حداء	hada	F	0
حدالواحد	hadalvahed	F	0
حداوردی	hodavardi	F	0
حدبث	hadbith	F	0
حدثه	hadseh	F	0
حدثیه	hadithieh	F	0
حدر	hadr	F	0
حدقه	hadeqe	F	0
حدهن	hadahen	F	0
حدولی	hodooli	F	0
حدیبه	hadeebe	F	0
حدیته	hadiyete	F	0
حدیث	hadis,hadith	F	0
حدیثا	hadisa	F	0
حدیثه	hadiseh,hadise	F	0
حدیجه	hadijeh	F	0
حدید	hadid	F	0
حدیده	hadideh	F	0
حدیر	hadir	F	0
حدیقه	hadigheh,hadiqe	F	0
حدیه	hadiyeh	F	0
حدیپ	hadiip	F	0
حر	hor	F	0
حربیه	harbiyeh	F	0
حردان	hardan	F	0
حرعلی	harali	F	0
حرم	haram	F	0
حرمت	hormat	F	0
حرمن	harman	F	0
حره	horre	F	0
حروت	harut	F	0
حریبه	haribe	F	0
حریر	harir	F	0
حریره	harireh	F	0
حریف	harif	F	0
حریم	harim	F	0
حریه	horriyeh	F	0
حزب‌الله	hezbollah	F	0
حزین	hazin	F	0
حس	has	F	0
حساء	hasa'	F	0
حسامالدین	hesamoddin	F	0
حسامالله	hesamollah	F	0
حساملدین	hosamaldin	F	0
حسان	hesan	F	0
حسانه	hesaneh	F	0
حسبن	hasan	F	0
حسبیه	hasbiyeh	F	0
حست	hast	F	0
حستن	hastan	F	0
حسرت	hasrat	F	0
حسسین	hosseyn	F	0
حسل	hasal	F	0
حسم	hasam	F	0
حسمه	hasmeh	F	0
حسنا	hasna	F	0
حسناء	hasna	F	0
حسناحسنی	hosna	F	0
حسنالسادت	hasnaalsadat	F	0
حسنجان	hasanjan	F	0
حسنض	hasanaz	F	0
حسنقلی	hasanqoli	F	0
حسنمراد	hasanmorad	F	0
حسنه	hasaneh	F	0
حسنیه	hosniye,hasnieh	F	0
حسون	hasun	F	0
حسی	hosseini	F	0
حسیب	hasib	F	0
حسیبا	haseyba	F	0
حسیبه	hasibe,hasibeh	F	0
حسیتعلی	hosseinali	F	0
حسیم	hasim	F	0
حسیمن	hossemin	F	0
حسینا	hoseyna	F	0
حسینت	hosseinat	F	0
حسینجان	hosseinjan	F	0
حسینغلی	hosseingholi	F	0
حسینقلی	hosseinqoli	F	0
حسینم	hosseinam	F	0
حسینمهدی	hosseinmahdi	F	0
حسینه	hosseine	F	0
حسینگل	hosseingol	F	0
حسینیه	hoseiniyeh	F	0
حسیین	hossein	F	0
حشام	hasham	F	0
حشمتالله	heshmatollah	F	0
حشمتاله	hashmatollah	F	0
حشمته	hashmateh	F	0
حشمت‌الله	hashmatollah	F	0
حصان	hosan	F	0
حصفه	hasafeh	F	0
حصل	hasl	F	0
حصمت	hesmat	F	0
حصنا	hasna	F	0
حصه	hosseh	F	0
حصیبه	hasibe	F	0
حصیر	hasir	F	0
حصیل	hasil	F	0
حصین	hasin	F	0
حضراله	hazratollah	F	0
حضرت	hazrat	F	0
حضرتقلی	hazratgholi	F	0
حظیم	hazim	F	0
حعفر	ja'far	F	0
حفصه	hafseh	F	0
حفیض	hafiz	F	0
حفیظ	hafiz	F	0
حفیظالله	hafizollah	F	0
حفیظه	hafize,hafizeh	F	0
حقدار	haqdar	F	0
حقعلی	haqali	F	0
حقمراد	haqmorad	F	0
حقوردی	haqvardi	F	0
حقویردی	haghvirdi	F	0
حقیر	haqir	F	0
حقیقه	haqiqa	F	0
حلا	hala	F	0
حلاد	halad	F	0
حلال	halal	F	0
حلاله	halaleh	F	0
حلاوت	halavat	F	0
حلاوه	halaveh	F	0
حلفظ	halfez	F	0
حلما	holma	F	0
حلمد	halmed	F	0
حلمیه	halmiyeh	F	0
حله	halle	F	0
حلوه	halva	F	0
حلیا	halya	F	0
حلیسمه	halismeh	F	0
حلیفه	halifeh,halife	F	0
حلیل	halil	F	0
حلیم	halim	F	0
حلیما	halima	F	0
حلیمه	halimeh,halime	F	0
حلیه	haliyeh,helyeh	F	0
حماد	hammad	F	0
حماس	hamas	F	0
حماسه	hamase	F	0
حمام	hamam	F	0
حمامه	hamameh	F	0
حمان	haman	F	0
حمایت	hemayat	F	0
حمایل	hamayel	F	0
حمبد	hamed	F	0
حمبدرضا	hamedreza	F	0
حمت	hamat	F	0
حمد	hamd	F	0
حمدالاه	hamdallah	F	0
حمدالدین	hamdoddin	F	0
حمدالله	hamdollah	F	0
حمداله	hamdollah	F	0
حمدجواد	hamidjavad	F	0
حمدرضا	hamidreza	F	0
حمدلله	hamdollah	F	0
حمدله	hamdele	F	0
حمده	hamde	F	0
حمدیه	hamdieh	F	0
حمرا	hamra	F	0
حمراء	hamra	F	0
حمراه	homrah	F	0
حمزء	hamzeh	F	0
حمزعلی	hamzaali	F	0
حمشت	hamshat	F	0
حمل	haml	F	0
حممید	hamid	F	0
حمنید	haminid	F	0
حمود	hamud	F	0
حمی	hami	F	0
حمیدا	hamida	F	0
حمیدالدین	hamidoddin	F	0
حمیدالله	hamidolah	F	0
حمیداله	hamidollah	F	0
حمیدحسین	hamidhossein	F	0
حمیدد	hamid	F	0
حمیدذه	hamidzeh	F	0
حمیدرض	hamidrez	F	0
حمیدرضا	hamidzeza,hamidreza	F	0
حمیدصالح	hamidsaleh	F	0
حمیدعلی	hamidali	F	0
حمیدمراد	hamidmorad	F	0
حمیده	hamide,hamideh	F	0
حمیدگل	hamidgol	F	0
حمیرا	homeyira,hamira	F	0
حمیراء	hamira	F	0
حمیرات	hamirat	F	0
حمیری	homayri	F	0
حمیزه	hamizeh	F	0
حمیل	hamid	F	0
حمیلجان	hamidjan	F	0
حمیم	hamim	F	0
حمینه	hamineh	F	0
حمیید	hamid	F	0
حمییدرضا	hamidreza	F	0
حن	han	F	0
حنا	hana	F	0
حناء	hanna	F	0
حناره	hanareh	F	0
حنان	hannan	F	0
حنانه	hannane	F	0
حنطه	hanteh	F	0
حنظله	hanzaleh	F	0
حنون	hanun	F	0
حنیسه	hanise	F	0
حنیف	hanif	F	0
حنیفا	hanifa	F	0
حنین	hanin,honayn	F	0
حوا	hava	F	0
حواء	havva	F	0
حوابیگم	havabigam	F	0
حواخاتون	havakhatun	F	0
حواد	havad	F	0
حوار	havar	F	0
حواس	havas	F	0
حواسعلی	havvaseali	F	0
حواص	havas	F	0
حوایج	havaij	F	0
حور	hur	F	0
حورآسا	hoorasa	F	0
حورآفرین	hoorafarin	F	0
حورا	howra	F	0
حوراسا	howrasa	F	0
حورالجمال	hurojjamal	F	0
حورالعین	hurolein	F	0
حوراماه	horamah	F	0
حوران	hooran	F	0
حورجهان	hurjahan	F	0
حوردیس	hurdis	F	0
حوررخ	hurrokh	F	0
حورزاد	horzad	F	0
حورسا	hursa	F	0
حورسان	horsan	F	0
حورشید	hoorshid	F	0
حوروش	howrvash	F	0
حوری	houri	F	0
حوریا	horiya	F	0
حوریسا	hurisa	F	0
حوریه	huriye,hooriyeh	F	0
حوزیه	hozieh	F	0
حوصت	havsat	F	0
حولیر	havlir	F	0
حومه	humeh	F	0
حوی	havi	F	0
حژیر	hajir	F	0
حکایت	hekayat	F	0
حکم	hokm	F	0
حکمعلی	hekmatali	F	0
حکمیه	hokmiyeh	F	0
حکومت	hokoomat	F	0
حکیمعلی	hakimali	F	0
حکیمه	hakimeh,hakime	F	0
حکیمیه	hakimieh	F	0
حی	hay	F	0
حیات	hayat	F	0
حیاتعلی	hayatali	F	0
حیاتقلی	hayatgholi	F	0
حیاته	hayateh	F	0
حیاط	hayat	F	0
حیام	hayam	F	0
حیان	hayyan	F	0
حیبا	hayba	F	0
حیبن	hayban	F	0
حیبه	haybeh	F	0
حید	hayd	F	0
حیدرشه	haydarsha	F	0
حیدرضا	heydarreza	F	0
حیدرغلی	haydargholi	F	0
حیدرقلی	heydargholi	F	0
حیدز	haydaz	F	0
حیس	hais	F	0
حیسام	hisam	F	0
حیسنعلی	hesnaali	F	0
حیفا	hayfa	F	0
حیله	hileh	F	0
حیم	him	F	0
حیمد	hamed	F	0
حیمرا	haimra	F	0
حین	heyn	F	0
حیکم	hekam	F	0
حییر	hayir	F	0
خابان	khaban	F	0
خاتلید	khatlid	F	0
خاتم	khatam	F	0
خاتمه	khatemeh	F	0
خاتوزین	khatouzin	F	0
خاتون	khatun	F	0
خاتونجان	khatunjan	F	0
خاتونه	khatuneh	F	0
خاتونک	khatonak	F	0
خادر	khader	F	0
خادی	khadi	F	0
خاره	khare	F	0
خاروردی	kharvardi	F	0
خاروس	kharus	F	0
خارک	khark	F	0
خاشعه	khasheee	F	0
خاصعلی	khasali	F	0
خاصه	khaseh	F	0
خاطرآسا	khaterasa	F	0
خاطرافروز	khaterafruz	F	0
خاطردهپناه	khaterdepanah	F	0
خاطرنواز	khaternavaz	F	0
خاطره	khatere	F	0
خافیه	khafieh	F	0
خالد	khaled	F	0
خالدار	khaldar	F	0
خالده	khaledeh	F	0
خالدین	khaledin	F	0
خالدیه	khalediyeh	F	0
خالص	khalis	F	0
خالق	khalegh	F	0
خالقداد	khalqdad	F	0
خالقه	khalqeh	F	0
خالقویردی	khaleghvirdi	F	0
خالمراد	khalmorad	F	0
خالند	khaland	F	0
خاله	khaleh	F	0
خالواش	khalvash	F	0
خالید	khalid	F	0
خالیده	khalideh	F	0
خامعلی	khameali	F	0
خاممل	khamel	F	0
خان	khan	F	0
خانحسین	khanhosein	F	0
خاندینی	khandini	F	0
خانزاد	khanzad	F	0
خانقلا	khanqala	F	0
خانقلی	khaneqli	F	0
خانقوله	khaneqoleh	F	0
خانلار	khanlar	F	0
خانلر	khanlar	F	0
خانم	khanom	F	0
خانمتاج	khanomtaj	F	0
خانمجان	khanoomjan	F	0
خانمناز	khanoomnaz	F	0
خانمگل	khanoomgol	F	0
خانمیر	khanmir	F	0
خانه	khaneh	F	0
خانوم	khanom	F	0
خانکشی	khankashi	F	0
خانگلدی	khangehldi	F	0
خاوین	khavin	F	0
خاژاک	khajak	F	0
خبات	khabat	F	0
خباد	khabad	F	0
خباس	khabas	F	0
خباط	khabat	F	0
خبیب	khabib	F	0
ختا	khta	F	0
ختمی	khatmi	F	0
ختن	khotan	F	0
ختیمه	khatimeh	F	0
ختیه	khatyeh	F	0
خجت	khojat	F	0
خجستهلقا	khojastelegha	F	0
خجه	khaje	F	0
خجوردی	khojordi	F	0
خجیج	khajij	F	0
خداآفرید	khodaafarid	F	0
خدابت	khodaabat	F	0
خدابردی	khodabardi	F	0
خدابس	khodabas	F	0
خداخواست	khodakhaast	F	0
خداد	khoda	F	0
خدادا	khodada	F	0
خداسلیم	khodasalim	F	0
خداطلب	khodatlab	F	0
خدافراست	khodafrast	F	0
خداقلی	khodaqoli	F	0
خداقلیش	khodaqolish	F	0
خدامدد	khodaamadd	F	0
خدامعلی	khodaali	F	0
خداموردی	khodamordi	F	0
خدانظر	khodanazar	F	0
خدانور	khodanour	F	0
خداورد	khodaavard	F	0
خداویروی	khodaavirou	F	0
خداویس	khodaavis	F	0
خداکرم	khodakaram	F	0
خدایاد	khodayad	F	0
خدایبردی	khodayberdi	F	0
خدایردی	khodayardi	F	0
خدایی	khodaei	F	0
خدبات	khodbat	F	0
خدبجه	khodbajeh	F	0
خدر	khadr	F	0
خدمت	khidmat	F	0
خدمتعلی	khadamatali	F	0
خدیجه	khadijeh	F	0
خدیجه‌ی	khadijeh	F	0
خدیخه	khadikhe	F	0
خدیچه	khadijeh	F	0
خذر	khazr	F	0
خذیجه	khadeejeh	F	0
خراد	kharad	F	0
خراس	kharas	F	0
خراسان	khorasan	F	0
خرالی	kharali	F	0
خرام	kharam	F	0
خرامان	kharaman	F	0
خرداد	khordad	F	0
خردادبرزین	khordadbarzin	F	0
خرده	khorde	F	0
خرزاد	kharsad	F	0
خرزانه	kharzaneh	F	0
خرشا	khorsha	F	0
خرشاد	khorshad	F	0
خرشید	khorshid	F	0
خرقالله	khargalleh	F	0
خرمان	khorman	F	0
خرمدخت	khorramdokht	F	0
خرمدل	khorramdel	F	0
خرمشاد	khorramshad	F	0
خرمعلی	khoramali	F	0
خرمن	kharman	F	0
خرمناز	khorramnaz	F	0
خرمه	khorrameh	F	0
خرمچهر	khorramchehr	F	0
خرند	kharand	F	0
خرو	kharu	F	0
خروس	khorus	F	0
خروش	khorosh	F	0
خروشان	khorushan	F	0
خزال	khazal	F	0
خزاله	khazaleh	F	0
خزان	khazan	F	0
خزر	khazar	F	0
خزرالله	khazarollah	F	0
خزران	khazran	F	0
خزرعلی	khazrali	F	0
خزرناز	khazarnaz	F	0
خزعل	khazaal	F	0
خزه	khaze	F	0
خزیان	khaziyan	F	0
خستو	khastu	F	0
خسرو	khosrow	F	0
خسروان	khosrovan	F	0
خسروشاد	khosroshad	F	0
خسروپرویز	khosrowparviz	F	0
خسریو	khosryo	F	0
خسین	khossein	F	0
خشاریا	khasharia	F	0
خشاش	khashash	F	0
خشاشه	khashasheh	F	0
خشایار	khashayar	F	0
خشروزه	khosrowzeh	F	0
خشن	khashin	F	0
خشنواز	khoshnavaz	F	0
خشیار	khoshyar	F	0
خصرو	khosrow	F	0
خضر	khezr	F	0
خضرا	khazra	F	0
خضرالله	khazrallah	F	0
خضراله	khazralah	F	0
خضران	khazran	F	0
خضرلله	khazrollah	F	0
خضیر	khazir	F	0
خطایی	khatayi	F	0
خطیبه	khatibe	F	0
خطیمه	khatimeh	F	0
خعفر	kha'far	F	0
خلاتعلی	khalatali	F	0
خلال	khalaal	F	0
خلامرضا	khalamreza	F	0
خلد	khald	F	0
خلف	khalaf	F	0
خلق	khalaq	F	0
خلود	kholud	F	0
خلیل	khalil	F	0
خلیلالرحمان	khalilolrahman	F	0
خلیلالله	khalilollah	F	0
خلیلمحمد	khalilollahmohammad	F	0
خلیله	khalileh,khalile	F	0
خمات	khamat	F	0
خمار	khamar	F	0
خمت	khamat	F	0
خمسعلی	khomsali	F	0
خمید	khamid	F	0
خمیده	khamideh	F	0
خمیرا	khamira	F	0
خمیس	khamis	F	0
خمیسه	khamiseh	F	0
خنا	khna	F	0
خنانه	khananeh	F	0
خناو	khanav	F	0
خناوه	khanaveh	F	0
خنجست	khanjast	F	0
خنعلی	khanali	F	0
خنقلی	khanqali	F	0
خو	kho	F	0
خواتون	khaatoon	F	0
خواجهنفیس	khajehnafis	F	0
خوار	khar	F	0
خوارزم	kharazm	F	0
خوان	khan	F	0
خوبانه	khobaneh	F	0
خوبروی	khobruyi	F	0
خوبعلی	khobali	F	0
خوبه	khube	F	0
خوبیار	khobyar	F	0
خوتکا	khutka	F	0
خوجم	khojam	F	0
خوردخت	khordakht	F	0
خوردیس	khordis	F	0
خورزاد	khorzad	F	0
خورسان	khorsan	F	0
خورشاد	khorshad	F	0
خورشیدبانو	khorshidbanu	F	0
خورشیددخت	khorshiddokht	F	0
خورشیدرخ	khorshidrokh	F	0
خورشیدفر	khorshidfar	F	0
خورشیدمهر	khorshidmehr	F	0
خورشیدکلاه	khorshidkolah	F	0
خورنیا	khornia	F	0
خورگلدی	khorgoldi	F	0
خوریه	khoriyeh	F	0
خوزان	khozan	F	0
خوشابه	khoshabe	F	0
خوشبوی	khoshbooy	F	0
خوشدم	khoshdam	F	0
خوشروان	khoshrovan	F	0
خوشروی	khoshruyi	F	0
خوشناز	khoshnaz	F	0
خوشناو	khoshnav	F	0
خوشه	khushe	F	0
خوشگام	khoshgam	F	0
خوشگو	khoshgu	F	0
خوشید	khoshid	F	0
خوشین	khoshin	F	0
خوناس	khunas	F	0
خونیرث	khunireth	F	0
خویبار	khvaybar	F	0
خیاطه	khayyateh	F	0
خیام	khayyam	F	0
خیبر	khaybar	F	0
خیجه	khayjeh	F	0
خیدان	kheydan	F	0
خیراداد	khayradad	F	0
خیرال	kheyral	F	0
خیرالاه	kheyrollah	F	0
خیرالله	kheirallah,kheyrollah	F	0
خیرالنسا	kheyronnesa,kheyrolnasa	F	0
خیرالنساء	kheyralnisa	F	0
خیرالنیسا	kheyralnisa	F	0
خیراله	kheyrollah,kheirallah	F	0
خیران	kheyran	F	0
خیرانسا	kheyransa	F	0
خیرانساء	kheyransa	F	0
خیرانسای	kheyransay	F	0
خیربه	khayrebah	F	0
خیرت	khayrat	F	0
خیرعلی	kheyrali	F	0
خیرمحمد	kheirmohammad	F	0
خیرنسا	kheyrnasa	F	0
خیره	khireh	F	0
خیریه	kheiriyeh	F	0
خیزران	khizran,kheyzaran	F	0
خیضران	kheydaran	F	0
خیلیل	khaylil	F	0
دائمه	dame	F	0
داتام	datam	F	0
داتامیس	datamis	F	0
داتان	datan	F	0
داتیس	datis	F	0
داد	dad	F	0
دادآفرید	dadafarid	F	0
داداخدا	dadakhoda	F	0
داداش	dadash	F	0
داداشقلی	dadashgholi	F	0
دادالله	dadollah	F	0
داداله	dadallah	F	0
دادبان	dadban	F	0
دادبرزین	dadbarzin	F	0
دادخدا	dadkhoda	F	0
دادران	dadran	F	0
دادشاه	dadshah	F	0
دادعباس	dadabbas	F	0
دادعلی	dadali	F	0
دادفرخ	dadfarokh	F	0
دادفروز	dadforoz	F	0
دادفرین	dadfarin	F	0
دادلی	dadli	F	0
دادمراد	dadmorad	F	0
دادمولا	dadmola	F	0
دادنام	dadnam	F	0
داده	dadeh	F	0
دادود	dadud	F	0
دادوود	dadoud	F	0
دادویه	dadviyeh	F	0
دادپویه	dadpuyeh	F	0
دادکار	dadkar	F	0
دادکریم	dadkarim	F	0
دادیار	dadyar	F	0
داران	daran	F	0
دارانا	darana	F	0
دارس	dars	F	0
دارمان	darman	F	0
دارنوش	darnush	F	0
دارنیا	darniya	F	0
دارود	darood	F	0
داروش	darush	F	0
داروین	darwin	F	0
دارویوش	darviyush	F	0
داریا	darya,dariya	F	0
داریان	dariyan	F	0
داریاو	daryav	F	0
داریس	daris	F	0
دارین	dareyn	F	0
دارینا	darina	F	0
دارینه	darineh	F	0
دارینوش	darinush	F	0
داریو	daryo,daryu	F	0
داریون	daryun	F	0
داشاب	dashab	F	0
داشاد	dashad	F	0
داشقلی	dashgholi	F	0
داشی	dashi	F	0
دالغا	dalgha	F	0
دالیا	dalia	F	0
داماد	damad	F	0
داماسپیا	damaspiya	F	0
دامان	daman	F	0
داملا	damla	F	0
دامور	damur	F	0
دامون	damun	F	0
دامونا	damuna	F	0
دامین	damin	F	0
دامینه	damineh,damine	F	0
دان	dan	F	0
دانادخت	danadokht	F	0
دانادل	danadel	F	0
داناک	danak	F	0
دانبال	danbal	F	0
دانقطار	danqatar	F	0
دانو	dano	F	0
دانوش	danush	F	0
دانژه	danzheh	F	0
دانیا	danya,daniya	F	0
دانیار	danyar,daniyar	F	0
دانیال	daniyal,danyal	F	0
دانیس	danis	F	0
دانیل	daniel	F	0
داهیه	dahiye	F	0
داو	dav	F	0
داواد	davood	F	0
داوار	davar	F	0
داود	davood	F	0
داودبخش	davoodbakhsh	F	0
داودرضا	davoodreza	F	0
داورا	davara	F	0
داوود	davud	F	0
داوودرضا	davudreza	F	0
داوید	david	F	0
داوین	davin	F	0
داژو	dazho	F	0
داژیار	dazhyar	F	0
دایا	daya	F	0
دایار	dayar	F	0
دایان	dayan	F	0
دایانا	dayana	F	0
دایانج	dayanj	F	0
دایانچ	dayanch	F	0
دایراک	dayrak	F	0
دبهزاد	dabhezad	F	0
دجله	dajleh	F	0
دحیم	dahim	F	0
دخت	dokht	F	0
دختر	dokhtar	F	0
دختربس	dokhtarbass	F	0
دخشید	dokhshid	F	0
دخمل	dokhmal	F	0
دخیل	dakhil	F	0
دخیلاله	dakhilaleh	F	0
درا	dora	F	0
دراج	daraj	F	0
دراس	doras	F	0
دران	daran	F	0
درایوش	darayush	F	0
درتا	dorta	F	0
درثمین	dorsamin	F	0
درجان	dorjan	F	0
درخاتون	darakhatoon	F	0
درخشا	derakhsha	F	0
دردی	dardi	F	0
درریز	dorriz	F	0
درزاد	dorzad	F	0
درسا	dorsa	F	0
درسان	dorsan	F	0
درسین	dorsin	F	0
درشته	darashte	F	0
درمان	darman	F	0
درمانه	darmaneh	F	0
درملک	darmalak	F	0
درمنه	darmaneh	F	0
درنا	dorna	F	0
درنال	darnal	F	0
درنه	darne	F	0
درنیان	dorniyan	F	0
دره	dorreh	F	0
دروار	dorvar	F	0
درود	dorud	F	0
دروش	darush	F	0
درویشعلی	darvishali	F	0
درچال	darchal	F	0
درچک	darchak	F	0
درچیدا	dorchida	F	0
درگاه	dargah	F	0
دریادیس	daryadis	F	0
دریاس	deryas	F	0
دریافرین	daryafarin	F	0
دریاقلی	daryaqoli	F	0
دریامهر	daryamehr	F	0
دریانا	doryana	F	0
دریاناز	daryanaz	F	0
دریانه	doryaneh	F	0
دریتا	dorita	F	0
دریز	dariz	F	0
دریم	darim	F	0
درین	darin,dorin	F	0
درینا	dorina	F	0
دریه	doriye	F	0
دزیره	dezireh	F	0
دستنبو	dastanbu	F	0
دسم	dasam	F	0
دسول	dasool	F	0
دسپینا	despina	F	0
دسیم	dasim	F	0
دشاد	doshad	F	0
دشمه	dashmeh	F	0
دضا	doza	F	0
دعا	doea	F	0
دعبل	deebal	F	0
دعنا	da'na	F	0
دعوت	da'vat	F	0
دعیر	dahir	F	0
دغدو	doghdo	F	0
دفیل	dafil	F	0
دلا	dela	F	0
دلارا	delara	F	0
دلارام	delaram	F	0
دلارم	dolaram	F	0
دلاریس	delaris	F	0
دلال	dalal	F	0
دلان	delan	F	0
دلانا	delana	F	0
دلاوا	delava	F	0
دلاوین	delavin	F	0
دلایت	delayat	F	0
دلبان	delban	F	0
دلبانو	delbanu	F	0
دلبرناز	delbarnaz	F	0
دلبین	delbin	F	0
دلجان	deljan	F	0
دلربای	delrobay	F	0
دلرخ	delrokh	F	0
دلرفین	delrefin	F	0
دلریوش	delriyush	F	0
دلزار	delzar	F	0
دلسا	delsa	F	0
دلسان	delsan	F	0
دلستان	delsetan	F	0
دلسو	delso	F	0
دلسوز	delsouz	F	0
دلفا	delfa	F	0
دلماه	delmah	F	0
دلمراد	delmorad	F	0
دلمراز	delmaraz	F	0
دلمیا	delmiya	F	0
دلنوش	delnush	F	0
دلنیا	delniya	F	0
دلنیال	delnyal	F	0
دلنیکا	delnika	F	0
دلها	delha	F	0
دلهان	delhan	F	0
دلوار	delvar	F	0
دلوان	delvan	F	0
دلوسه	deluseh	F	0
دلوش	delush	F	0
دلوفان	delofan	F	0
دلووان	delavan	F	0
دلوین	delvin	F	0
دلپذیر	delpazir	F	0
دلپرور	delparvar	F	0
دلپسند	delpasand	F	0
دلژین	delzhin	F	0
دلکس	delaks	F	0
دلکش	delkesh	F	0
دلکو	delko	F	0
دلگون	delgon	F	0
دلیا	delia	F	0
دلیاد	delyad	F	0
دلیار	delyar	F	0
دلیب	dalib	F	0
دلیقان	deliqan	F	0
دلیل	dalil	F	0
دلیلا	dalila	F	0
دلیله	dalileh	F	0
دلین	delin	F	0
دلینا	delina	F	0
دل‌افروز	delafruz	F	0
دل‌انگیز	delangiz	F	0
دماوند	damavand	F	0
دمن	daman	F	0
دمور	damor	F	0
دمیر	demir	F	0
دنا	dena	F	0
دنبره	danbareh	F	0
دندان	dandan	F	0
دنیا	donya	F	0
دنیامعلی	donyamali	F	0
دنیز	deniz	F	0
دنیس	denis	F	0
دها	daha	F	0
دهخدا	dehkhoda	F	0
دهس	dahs	F	0
دهلول	dehlol	F	0
دهما	dehma	F	0
دهنز	dahanz	F	0
دهین	dahin	F	0
دهیه	dahiyeh	F	0
دواود	davood	F	0
دوردی	dordi	F	0
دورسین	doresin	F	0
دورنا	dorna	F	0
دوریس	doris	F	0
دوزیه	doziyeh	F	0
دوستار	dustar	F	0
دوستعلی	doostali	F	0
دوستمراد	doostmorad	F	0
دوستک	dostak	F	0
دوشیزه	doshizeh	F	0
دوقلو	dovolu	F	0
دولت	dolat	F	0
دولتیار	dolatyar	F	0
دوله	dole	F	0
دولی	dooli	F	0
دومارینا	domarina	F	0
دومان	duman	F	0
دونا	duna	F	0
دوندی	davandi	F	0
دونی	doni	F	0
دوود	dood	F	0
دوکا	doka	F	0
دویغو	davigho	F	0
دژار	dazhar	F	0
دژان	dezhan	F	0
دکتر	doktor	F	0
دگرانوهی	degarnoohi	F	0
دیا	diya	F	0
دیااکو	diyako	F	0
دیاب	diab	F	0
دیار	diyar	F	0
دیارا	diyara	F	0
دیاری	diyari	F	0
دیالو	diyalo	F	0
دیان	diyan,dayyan	F	0
دیانا	diana,diyana	F	0
دیانوش	diyanush,dianush	F	0
دیاکو	diako,diyako	F	0
دیباج	dibaj	F	0
دیبادخت	dibadokht	F	0
دیبارخ	dibarakh,dibarokh	F	0
دیباچهر	dibachehr	F	0
دیبرگ	dibarg	F	0
دیده	dide	F	0
دیروان	diravan	F	0
دیلا	dila	F	0
دیلان	dilan	F	0
دیلک	dilak	F	0
دیما	dima	F	0
دیماه	dimah	F	0
دیمن	diman	F	0
دیمه	dimeh	F	0
دینا	dina	F	0
دیناز	dinaz	F	0
دینامعلی	dinamali	F	0
دینعلی	dinaali	F	0
دینه	dineh	F	0
دینو	dino	F	0
دینور	dinvar	F	0
دینوند	dinvand	F	0
دینیار	diniyar	F	0
دیوان	divan	F	0
دیوانعلی	divanali	F	0
دیوید	david	F	0
دیکران	dikran	F	0
ذاریوش	dariush	F	0
ذالفغار	zalfaghar	F	0
ذالفقار	zolfaghar	F	0
ذاود	zavod	F	0
ذاوذ	zavd	F	0
ذاکره	zakereh	F	0
ذاکرین	zakerin	F	0
ذبیح	zabih	F	0
ذبیحه	zabihah	F	0
ذبیح‌الله	zabihollah,zabihullah	F	0
ذبیده	zabideh	F	0
ذبیر	zabir	F	0
ذبیع	zabih	F	0
ذرا	zara	F	0
ذرغام	zargham	F	0
ذری	zari	F	0
ذرینه	zarineh	F	0
ذریه	zorriye	F	0
ذلفا	zalfa	F	0
ذلفعلی	zolfali	F	0
ذلفقار	zolfaghar	F	0
ذلفناز	zolfnaz	F	0
ذلفی	zolfi	F	0
ذلگی	zalgi	F	0
ذلیجا	zalija	F	0
ذلیخاه	zalikhah	F	0
ذمضان	zamadan	F	0
ذمضانعلی	zamdanali	F	0
ذهاب	zahab	F	0
ذهب	zahab	F	0
ذهره	zohreh	F	0
ذهیب	zohayb	F	0
ذهیبه	zahibe	F	0
ذهید	zahid	F	0
ذهین	zahin	F	0
ذوالفضل	zolfaazl	F	0
ذوالفغار	zolfaqar	F	0
ذوالنور	zolnur	F	0
ذوالنون	zolnun	F	0
ذوغعلی	zoghali	F	0
ذوقعلی	zoghali	F	0
ذولفعلی	zolfa'ali	F	0
ذولفقار	zolfaghar	F	0
ذولیخاه	zolikhah	F	0
ذکا	zaka	F	0
ذکرالاه	zekralah	F	0
ذکرالله	zekrollah	F	0
ذکراله	zekrollah	F	0
ذکرعلی	zekrali	F	0
ذکریا	zekeriya	F	0
ذکریاقلی	zekriagholi	F	0
ذکی	zaki	F	0
ذکیه	zakiyeh	F	0
ذیاب	ziyab	F	0
ذیداله	zeydollah	F	0
ذینت	zinat	F	0
ربابه	rbabeh,robabe	F	0
رخساره	rakhsaareh,rokhsare	F	0
رقیه	roghieh,roghayeh	F	0
رأفت	rafat	F	0
رأفتالله	rafatollah	F	0
رئو	reo	F	0
رئوفه	raufeh	F	0
راضیه	raziyeh,raziye,razieh	F	0
رائف	raef	F	0
رائین	rain	F	0
رائیک	raeek	F	0
رائیکا	rayka,raika	F	0
رابح	rabih	F	0
رابحه	rabeheh	F	0
رابر	rabar	F	0
رابرت	robert	F	0
رابعه	rabeee	F	0
رابغه	rabeghe	F	0
رابو	rabo	F	0
رابون	rabon	F	0
رابونا	rabona	F	0
رابیا	rabiya	F	0
رابیعه	rabiee	F	0
رابین	rabin	F	0
رابیه	rabieh	F	0
راتا	rata	F	0
راتین	ratin	F	0
راتینا	ratina	F	0
راثین	rasin	F	0
راجبه	rajebe	F	0
راحاه	rahaa	F	0
راحب	rahab	F	0
راحل	rahel	F	0
راحلخه	rahalkhe	F	0
راحله	rahele	F	0
راحم	rahem	F	0
راحمه	raheme	F	0
راحیل	rahil	F	0
راحیله	rahileh	F	0
راحین	rahin	F	0
راخدا	rakhoda	F	0
رادا	rada	F	0
رادبد	radbod	F	0
رادبرزین	radbarzin	F	0
رادبه	radbeh	F	0
راددخت	raddokht	F	0
رادریس	radaris	F	0
رادسام	radsam	F	0
رادعلی	rada'ali	F	0
رادف	radef	F	0
رادفرخ	radfarokh	F	0
رادمان	radman	F	0
رادمن	radman	F	0
رادمین	radmin	F	0
رادن	raden	F	0
رادنوش	radnosh	F	0
رادنیک	radnik	F	0
رادوین	radvin	F	0
رادیان	radian	F	0
رادین	radin	F	0
رازان	razan	F	0
رازانه	razaneh	F	0
رازاوه	razave	F	0
رازق	razq	F	0
رازقیه	razaghieh	F	0
رازمحمد	razmohammad	F	0
رازمیک	razmik	F	0
رازک	razak	F	0
رازیانه	raziyaneh	F	0
رازیل	raziel	F	0
رازیما	razima	F	0
رازین	razin	F	0
رازیه	razieh	F	0
راسان	rasan	F	0
راسجاد	rasjad	F	0
راسطو	rashtu	F	0
راسم	rasem	F	0
راسن	rasen	F	0
راسپینا	raspina	F	0
راسین	rasin	F	0
راشا	rasha	F	0
راشده	rashedeh	F	0
راشر	rasher	F	0
راشل	rashel	F	0
راشن	rashen	F	0
راشنو	rashnu	F	0
راشوند	rashvand	F	0
راشید	rashid	F	0
راشین	rashin	F	0
راصیه	rasieh	F	0
راضا	raza	F	0
راضه	raze	F	0
راضییه	raziyeh	F	0
راظیه	razieh	F	0
راعلی	ra'ali	F	0
راغب	ragheb	F	0
راغبه	raghebe	F	0
راغده	raghede	F	0
رافائل	rafael	F	0
رافاییل	rafa'il	F	0
رافت	raft	F	0
رافد	rafed	F	0
رافده	rafede	F	0
رافع	rafe	F	0
رافعه	rafee	F	0
رافق	rafeq	F	0
رافه	rafeh	F	0
رافونه	rafune	F	0
رافیق	rafiq	F	0
رافیک	rafik	F	0
راقیل	raqil	F	0
راما	rama	F	0
رامان	raman	F	0
رامانا	ramana	F	0
رامبد	rambod	F	0
رامبود	rambod	F	0
رامتن	ramtan	F	0
رامتین	ramtin	F	0
رامتینا	ramtina	F	0
رامثن	ramathan	F	0
رامح	rameh	F	0
رامز	ramz	F	0
رامس	rams	F	0
رامسین	ramsin	F	0
رامسینا	ramsina	F	0
رامشاد	ramshad	F	0
رامشدخت	rameshdokht	F	0
رامشین	ramshin	F	0
رامفر	ramfar	F	0
رامن	ramen	F	0
رامند	ramand	F	0
رامنه	ramaneh	F	0
رامه	rame	F	0
رامون	ramon	F	0
رامونا	ramona	F	0
رامیا	ramiya	F	0
رامیاد	ramyad,ramiyad	F	0
رامیتا	ramita	F	0
رامیتن	ramitin	F	0
رامیتین	ramitin	F	0
رامیز	ramiz	F	0
رامیسا	ramisa	F	0
رامیلا	ramila	F	0
رامینا	ramina	F	0
رامیندخت	ramindokht	F	0
رامینه	ramineh	F	0
رامیه	ramiyeh	F	0
رانا	rana	F	0
رانی	rani	F	0
رانیا	raniya	F	0
رانیه	raniye	F	0
راهب	rahib	F	0
راهبر	rahbar	F	0
راهبه	rahebeh	F	0
راهله	rahleh	F	0
راهوم	rahom	F	0
راهید	rahid	F	0
راهیل	raheel	F	0
راهیلا	rahiila	F	0
راهیله	rahileh	F	0
راهین	rahin	F	0
راهیه	rahiyeh	F	0
راوک	ravak	F	0
راوی	ravi	F	0
راویز	raviz	F	0
راویس	ravis	F	0
راوین	ravin	F	0
راویه	raviyeh,ravieh	F	0
راویژ	ravizh	F	0
راپونزل	rapunzel	F	0
راژان	razhan	F	0
راژانه	razhaneh	F	0
راژور	razhvar	F	0
راژیس	razhis	F	0
راکان	rakan	F	0
راکع	rake	F	0
راکعه	rakeeh	F	0
راکویل	raqvil	F	0
رایا	raya	F	0
رایان	rayan	F	0
رایب	rayb	F	0
رایبد	raybod	F	0
رایحه	rayehe	F	0
راید	rayed	F	0
رایسا	raysa	F	0
رایشن	rayshan	F	0
رایمن	rayman	F	0
رایمند	raymand	F	0
رایمون	raymon	F	0
رایموند	rymond	F	0
راین	rayan	F	0
راینا	rayna	F	0
راینیک	raynik	F	0
رایهن	rayhan	F	0
رایوب	rayoub	F	0
رایومند	rayomand	F	0
رایکا	rayka	F	0
رایین	rain	F	0
راییکا	rayika	F	0
رباب	robab	F	0
رباباه	rababah	F	0
ربانعلی	rabanali	F	0
ربضا	rabda	F	0
ربعلی	roba'ali	F	0
ربن	raban	F	0
ربکا	rebeka	F	0
ربیده	rabideh	F	0
ربیعذ	rabiazd	F	0
ربیعلی	rabiali	F	0
ربین	rebin	F	0
ربیه	rabieh	F	0
ربیوار	rabivar	F	0
رتاج	retaj	F	0
رتضی	raza	F	0
رتمین	ratmin	F	0
رتیا	ratiya	F	0
رجا	raja	F	0
رجاء	raja'	F	0
رجاع	raja'	F	0
رجای	rajai	F	0
رجب	rajab	F	0
رجبقلی	rajabqoli	F	0
رجعبعلی	rajabali	F	0
رجعبلی	rajabali	F	0
رجعلی	rajaali	F	0
رجمن	rajman	F	0
رجیب	rajib	F	0
رجیعلی	raji'ali	F	0
رجیقلی	rojighli	F	0
رجیم	rajim	F	0
رحاب	rohab	F	0
رحام	raham	F	0
رحد	rahd	F	0
رحله	rahleh	F	0
رحم	rahm	F	0
رحمانعلی	rahmanali	F	0
رحمانقلی	rahmanqoli	F	0
رحمت	rahmat	F	0
رحمتالله	rahmatollah	F	0
رحمتاله	rahmatollah	F	0
رحمتعلی	rahmatali	F	0
رحمتقلی	rahmatgholi	F	0
رحمت‌الله	rahmatollah	F	0
رحمدین	rahmandin	F	0
رحمعلی	rahma'ali	F	0
رحمن	rahman	F	0
رحمنقلی	rahmanqoli	F	0
رحمه	rahmeh	F	0
رحمیه	rahimieh	F	0
رحیل	rahil	F	0
رحیله	rahileh	F	0
رحیمعلی	rahimali	F	0
رحیمه	rahime,rahimeh	F	0
رحینم	rahinam	F	0
رحیک	rahik	F	0
رخام	rokham	F	0
رخامین	rokhamin	F	0
رختانه	rakhtaneh	F	0
رخسار	rokhsar	F	0
رخسان	rokhsan	F	0
رخسانا	rokhsana	F	0
رخسانه	rokhsaneh	F	0
رخسلره	rokhsalreh	F	0
رخشانه	rakhshaneh	F	0
رخشید	rokhshid	F	0
رخشیده	rokhshide,rakhshideh	F	0
رخمان	rakhman	F	0
رخنا	rakhna	F	0
رخنار	rokhnar	F	0
رخند	rokhand	F	0
رخک	rokhak	F	0
رخگل	rokhgol	F	0
رخیمه	rakhimeh	F	0
ردا	rada	F	0
ردنیا	radniya	F	0
ردوف	radouf	F	0
ردگون	rodgoun	F	0
ردیمه	radimeh	F	0
ردینا	radina	F	0
رذشید	razeshid	F	0
رراضیه	rarazieh	F	0
رز	roz	F	0
رزآنا	rozana	F	0
رزا	roza	F	0
رزارا	rozara	F	0
رزافشان	rezafshan	F	0
رزاق	razzagh	F	0
رزالین	rozalin	F	0
رزان	razan	F	0
رزانا	razana	F	0
رزسا	rozsa	F	0
رزقیه	razaqieh	F	0
رزمان	razman	F	0
رزمایا	rozmaya	F	0
رزمیار	razmyar	F	0
رزمین	razamin,razmin	F	0
رزمینا	razmina	F	0
رزوان	razvan	F	0
رزگار	rezgar	F	0
رزگر	razgar	F	0
رزی	rozi	F	0
رزیانه	razyaneh	F	0
رزیتا	rozita	F	0
رزیج	razij	F	0
رزیقه	razigheh	F	0
رزین	razin	F	0
رزینا	razina	F	0
رزیه	raziyeh	F	0
رسابانو	rasabanu	F	0
رساله	resaleh	F	0
رستا	rasta,rosta	F	0
رستار	rastar	F	0
رستان	rastan	F	0
رستاک	rastak	F	0
رستم	rostam	F	0
رستمعلی	rostamali	F	0
رستهم	rostam	F	0
رستکار	rostkar	F	0
رستین	rastin	F	0
رسعید	rasa'id	F	0
رسل	rasul	F	0
رسمیه	rasmiyeh	F	0
رسوا	rosva	F	0
رسول	rasul	F	0
رسولبخش	rasoulbakhsh	F	0
رسون	resoon	F	0
رسپینا	raspina	F	0
رشا	rasha	F	0
رشاد	rashad	F	0
رشادت	rashadat	F	0
رشتاک	rashtak	F	0
رشته	rasteh	F	0
رشدیه	roshdiye	F	0
رشما	rashma	F	0
رشنان	rashnan	F	0
رشنواد	rashnavad	F	0
رشنواز	rashnavaz	F	0
رشوان	rashvan	F	0
رشپسول	rashpasool	F	0
رشیدا	rashida	F	0
رشیدالدین	rashidoddin	F	0
رشیده	rashideh	F	0
رشینا	rashina	F	0
رصوان	rasvan	F	0
رصیه	rasieh	F	0
رضاحسین	razahosseyn	F	0
رضاغلی	razaghli	F	0
رضامراد	rezamorad	F	0
رضامعلی	rezamalali	F	0
رضامیرزا	rezamirza	F	0
رضاگلی	razagoli	F	0
رضوا	razva	F	0
رضوات	rezvat	F	0
رضواندخت	rezvandokht	F	0
رضوانه	rezvane	F	0
رضیالدین	raziyoddin	F	0
رضیع	razi'	F	0
رضیه	razieh	F	0
رطابه	ratabeh	F	0
رظ	razh	F	0
رظا	reza	F	0
رعد	raed	F	0
رعده	ra'adeh	F	0
رعفت	ra'fat	F	0
رعنا	raena	F	0
رعناء	ra'na	F	0
رعوف	ra'uf	F	0
رعوفه	ra'ufe	F	0
رعیا	raya	F	0
رغایبعلی	raghaybali	F	0
رغبیه	raghbiyeh	F	0
رغد	raghad	F	0
رغمان	reghman	F	0
رغنا	raghna	F	0
رغیبه	raghibeh	F	0
رغیه	raghieh	F	0
رفائیل	rofaeil	F	0
رفان	rafan	F	0
رفعان	rafaan	F	0
رفعتالله	raf'atollah	F	0
رفعلی	rafahi	F	0
رفعین	raf'in	F	0
رفیا	rafiya	F	0
رفیجه	rafijeh	F	0
رفیدا	rafida	F	0
رفیده	rafideh	F	0
رفیعالدین	rafieoddin	F	0
رفیعلی	rafiali	F	0
رفیعه	rafiee	F	0
رفیغه	rafigha	F	0
رفیف	rafif	F	0
رفیمه	rafimeh	F	0
رفیه	rafieh	F	0
رقابت	raqabat	F	0
رقبه	raqabeh	F	0
رقسه	raqseh	F	0
رقصی	raqsi	F	0
رقیب	raghib	F	0
رقیبه	raghibeh	F	0
رقیثه	raghiyeh	F	0
رقیعه	raghi'e	F	0
رقیهاسرا	roghayehesra	F	0
رقیهمیسا	roghayehmaysa	F	0
رقییه	raghiyeh	F	0
رمان	roman	F	0
رمانه	rommane	F	0
رمزعلی	ramzali	F	0
رمضا	ramza	F	0
رمضانعلی	ramazanali	F	0
رمضانعیل	ramazanil	F	0
رمضانغلی	ramazanqoli	F	0
رمضانلی	ramazanli	F	0
رمضلنعلی	ramzalanali	F	0
رمضیه	ramziyeh	F	0
رمند	ramand	F	0
رمه	rameh	F	0
رمیا	ramya	F	0
رمیاز	ramiaz	F	0
رمیز	ramiz	F	0
رمیصا	ramisa,romaysa	F	0
رمیض	ramiz	F	0
رمیله	ramileh	F	0
رمیلیا	remiliya	F	0
رمینا	ramina	F	0
رمینه	ramineh	F	0
رنا	rana	F	0
رنان	rannan	F	0
رنانه	rannaneh	F	0
رنمت	renmat	F	0
رنوش	ranoosh	F	0
رنوف	renouf	F	0
رنگیس	rangis	F	0
رنگین	rangin	F	0
رنگینه	rangineh	F	0
رنین	ranin	F	0
رها	raha	F	0
رهاب	rohab	F	0
رهاد	rahad	F	0
رهادخت	rahadokht	F	0
رهادک	rahadak	F	0
رهام	rohham	F	0
رهامیر	rohamir	F	0
رهان	rahan	F	0
رهرا	rahra	F	0
رهنا	rahna	F	0
رهوا	rahva	F	0
رهوار	rahvar	F	0
رهور	rahvar	F	0
رهیار	rahyar	F	0
رهینه	rahineh	F	0
روءفیا	ro'fiya	F	0
روانبخش	ravanbakhsh	F	0
روانه	ravaneh	F	0
روایت	ravayat	F	0
روباب	rubab	F	0
روبابه	rubabeh	F	0
روبخش	robakhsh	F	0
روبخیر	roubakheir	F	0
روبن	ruben	F	0
روبیتا	robita	F	0
روبینا	robina	F	0
روتاک	routak	F	0
روجا	roja	F	0
روجال	rojal	F	0
روجعلی	roojaali	F	0
روجی	rooji	F	0
روجیار	rojyar,rujyar	F	0
روجیه	rojieh	F	0
روحا	ruha	F	0
روحاد	rohad	F	0
روحالامین	ruholamin	F	0
روحالدین	ruhoddin	F	0
روحالله	ruhollah	F	0
روحاله	ruhollah	F	0
روحان	rohan	F	0
روحعلی	ruhali	F	0
روحنگیز	ruhangiz	F	0
روحینا	rohina	F	0
روحیه	ruhiyyeh	F	0
روح‌الله	ruhollah	F	0
روح‌انگیز	ruhangiz	F	0
روخوش	rokhush	F	0
روخی	rokhi	F	0
رود	rood	F	0
رودا	ruda	F	0
رودابه	rudabe	F	0
رودک	rudak	F	0
رودین	rudin	F	0
روز	rooz	F	0
روزا	ruza	F	0
روزافزون	roozafzoon	F	0
روزاملک	roozamalek	F	0
روزان	ruzan	F	0
روزانا	ruzana	F	0
روزبهان	ruzbehan	F	0
روزعلی	roozali	F	0
روزمک	ruzmak	F	0
روزولت	roosevelt	F	0
روزک	ruzak	F	0
روزی	rozi	F	0
روزیتا	ruzita	F	0
روزین	razin	F	0
روزیه	ruzieh	F	0
روسا	rusa	F	0
روسانا	rusana	F	0
روشا	rusha	F	0
روشام	rosham	F	0
روشانا	roshana	F	0
روشاک	roshak	F	0
روشنا	rowshana	F	0
روشنان	rowshanan	F	0
روشنایی	roshanaei	F	0
روشندخت	rowshandokht	F	0
روشنرخ	rowshanrokh	F	0
روشنعلی	roshanali	F	0
روشنمهر	rowshanmehr	F	0
روشنچهر	rowshanchehr	F	0
روشنک	rowshanak	F	0
روشینا	roshina	F	0
روضان	roozan	F	0
روغیه	roghieh	F	0
روف	rooft	F	0
روفعت	ruf'at	F	0
روفلا	rofla	F	0
روفیا	rufia	F	0
روفیاء	rufiya	F	0
روفیده	rufideh	F	0
روقیه	roghieh	F	0
رول	roul	F	0
روم	room	F	0
روما	roma	F	0
رومانگ	romang	F	0
روماک	romak	F	0
رومل	romel	F	0
رومیسا	romisa	F	0
رومینا	romina	F	0
رومیه	romiyeh	F	0
رونا	rona	F	0
روناز	ronaz	F	0
روناس	runas	F	0
رونالد	ronald	F	0
روناهی	ronahi	F	0
روناک	runak	F	0
روناکی	ronaki	F	0
رونک	ronek	F	0
رونیا	runiya,ronia	F	0
رونیاس	roniyas	F	0
رونیز	rouniz	F	0
رونیسا	ronisa	F	0
رونیکا	runika	F	0
روهات	rohat	F	0
روهاله	roohaleh	F	0
روهام	roham	F	0
روهان	rohan	F	0
روهنگیز	rohangiz	F	0
روومانگ	revomang	F	0
روپاک	ropak	F	0
روپیا	rupiya	F	0
روچیار	ruchyar	F	0
روژ	rozh	F	0
روژآوا	ruzhava	F	0
روژا	ruzha	F	0
روژان	ruzhan	F	0
روژانو	ruzhanu	F	0
روژبین	rozhbin	F	0
روژدا	ruzhda	F	0
روژمان	ruzhman	F	0
روژن	roojan	F	0
روژنا	rozhena	F	0
روژناک	rozhnak	F	0
روژه	ruzhe	F	0
روژهات	ruzhhat	F	0
روژیا	ruzhiya,rojia	F	0
روژیار	ruzhyar,roozhiyar	F	0
روژیتا	rozhita	F	0
روژین	ruzhin,rojin	F	0
روژینا	ruzhina,rojina	F	0
روژییار	rozhiyar	F	0
روکال	rokal	F	0
رویا	roya	F	0
رویاء	roya	F	0
رویاخانم	royakhanom	F	0
رویال	royal	F	0
رویدا	rovaida	F	0
رویز	rooz	F	0
رویسا	roysa	F	0
روین	roin	F	0
رویه	ruyeh	F	0
رویوف	ruyuf	F	0
روییا	royya	F	0
روییده	ruyideh	F	0
روییل	ruyil	F	0
رویین	ruiyn,ruyin	F	0
رویین‌تن	ruiyntan	F	0
رژا	rozha	F	0
رژان	rozhan	F	0
رژیا	razia	F	0
رژین	razin	F	0
رکاب	rokab	F	0
رکابعلی	rokabali	F	0
رکسار	roksar	F	0
رکسان	roksan	F	0
رکسانا	roksana	F	0
رکسانه	roksane	F	0
رکسانهء	roksaneh	F	0
رکسنا	roksana	F	0
رکشانا	rakshana	F	0
رکنالدین	roknoddin	F	0
ریا	riya	F	0
ریاح	riyah	F	0
ریاض	riyaz	F	0
ریان	rayan,riyan	F	0
ریانا	riyana	F	0
ریبا	riba	F	0
ریبار	ribar	F	0
ریباز	ribaz	F	0
ریبر	ribar	F	0
ریبرار	ribarar	F	0
ریبواد	ribvad	F	0
ریبوار	ribvar	F	0
ریبویار	riboyar	F	0
ریبین	ribin	F	0
ریتا	rita	F	0
ریتاج	ritaj	F	0
ریجینا	rijina	F	0
ریحان	reyhan	F	0
ریحانا	reyhana	F	0
ریحانه	reyhane,reyhaneh	F	0
ریر	rir	F	0
ریرا	rira	F	0
ریزان	rizan	F	0
ریزهگل	rizehgol	F	0
ریسان	risan	F	0
ریسلا	risla	F	0
ریسی	raisi	F	0
ریشاد	rishad	F	0
ریشنا	rishna	F	0
ریقه	riqeh	F	0
ریم	rim	F	0
ریما	rima	F	0
ریماس	rimas	F	0
رین	rein	F	0
رینا	reina	F	0
ریناس	rinas	F	0
رینام	rinam	F	0
ریه	riyeh	F	0
ریهام	riham	F	0
ریهانه	rihaneh	F	0
ریو	riyu	F	0
ریوا	riva	F	0
ریوف	riyof	F	0
ریونیز	riyuniz,rivniz	F	0
ریژنه	rizhneh	F	0
ریژوان	rizhvan	F	0
ریژین	rizhin	F	0
ریکا	rika	F	0
ریکان	rikan	F	0
ریگو	rigo	F	0
ریگوار	rigvar	F	0
رییسه	riiseh	F	0
زئوس	zeus	F	0
زائان	zaan	F	0
زائر	zayer	F	0
زائره	zaere	F	0
زاب	zab	F	0
زاد	zad	F	0
زادان	zadan	F	0
زادبه	zadbeh	F	0
زادسرو	zadsarv	F	0
زادشم	zadashm	F	0
زادمن	zadman	F	0
زاده	zadeh	F	0
زادک	zadak	F	0
زارا	zara	F	0
زارمیک	zarmik	F	0
زاشد	zashd	F	0
زاضیه	zazieh	F	0
زاعد	zaed	F	0
زافر	zafar	F	0
زالعابدین	zal'abedin	F	0
زالفعلی	zalfa'li	F	0
زالفقار	zolfaghar	F	0
زامل	zamel	F	0
زامی	zami	F	0
زامیاد	zamyad,zamiyad	F	0
زامیر	zamir	F	0
زانا	zana	F	0
زانوس	zanus	F	0
زانکو	zanko	F	0
زانیار	zanyar	F	0
زانیس	zanis	F	0
زاهدالدین	zaheddin	F	0
زاهده	zahedeh	F	0
زاهر	zaher	F	0
زاهره	zahereh	F	0
زاهید	zahid	F	0
زاوا	zava	F	0
زاور	zaver	F	0
زاوش	zavosh	F	0
زاون	zaven	F	0
زاویش	zavish	F	0
زاکاوی	zakavi	F	0
زاکر	zaker	F	0
زاکرس	zakers	F	0
زاکیه	zakiye	F	0
زاگرس	zagros	F	0
زاگروس	zagros	F	0
زایا	zaya	F	0
زاید	zayed	F	0
زایر	zayer	F	0
زاینار	zaynar	F	0
زایهله	zayehle	F	0
زبداشوری	zabdashuri	F	0
زبنب	zabnab	F	0
زبور	zabur	F	0
زبی	zabi	F	0
زبیالله	zabiyollah	F	0
زبیدده	zabiddeh	F	0
زبیده	zabideh,zobeyda	F	0
زبیر	zobair,zobayr	F	0
زبیره	zabireh	F	0
زبیع	zabi'	F	0
زبینده	zabinde	F	0
زحل	zohal	F	0
زحمان	zahman	F	0
زحمت	zahmat	F	0
زخساره	zakhsaareh	F	0
زر	zar	F	0
زرآلی	zarali	F	0
زرا	zara	F	0
زراتشت	zarathosht	F	0
زرار	zorar	F	0
زراره	zorareh	F	0
زراسپ	zarasp	F	0
زراندام	zarandam	F	0
زرانگیز	zarangiiz	F	0
زرانگیس	zarangiis	F	0
زراوه	zaraveh	F	0
زربا	zarba	F	0
زربانو	zarbano	F	0
زربین	zarbin	F	0
زرتا	zarta	F	0
زرتاج	zartaj	F	0
زرتشت	zartosht	F	0
زرجان	zarjan	F	0
زرجین	zarjin	F	0
زرخاتون	zarkhatun	F	0
زرداده	zardadeh	F	0
زرداشت	zardasht	F	0
زردتشت	zardasht	F	0
زردهشت	zardehosht	F	0
زردیس	zardis	F	0
زردین	zardin	F	0
زرسا	zarsa	F	0
زرستان	zarestan	F	0
زرشام	zarsham	F	0
زرعلی	zarali	F	0
زرغام	zargham	F	0
زرغون	zarghoon	F	0
زرفانه	zarafaneh	F	0
زرفشان	zarafshan	F	0
زرقا	zargha	F	0
زرقام	zarqam	F	0
زرقان	zarqan	F	0
زرقلم	zarqalam	F	0
زرقونه	zarqoneh	F	0
زرم	zarm	F	0
زرمان	zarman	F	0
زرماه	zarmah	F	0
زرملک	zarmalak	F	0
زرمی	zarmi	F	0
زرمینه	zarmineh	F	0
زرمیک	zarmik	F	0
زرناز	zarnaz	F	0
زرنشان	zarneshan	F	0
زرنگیس	zarangis	F	0
زرهام	zareham	F	0
زروان	zarvan	F	0
زروانداد	zarvandad	F	0
زروانمهر	zarvanmehr	F	0
زروند	zarvand	F	0
زرپنجه	zarpanjeh	F	0
زرکا	zarka	F	0
زرگان	zargan	F	0
زرگیس	zargis	F	0
زرگیسو	zargiso	F	0
زری	zari	F	0
زریا	zarya	F	0
زریان	zaryan,zeryan	F	0
زریبا	zariba	F	0
زریدخت	zaridokht	F	0
زریر	zarir	F	0
زریفه	zarifeh	F	0
زرینار	zarinar	F	0
زرینتاج	zarintaj	F	0
زریندخت	zarrindokht,zarindokht	F	0
زرینمهر	zarrinmehr	F	0
زرینه	zarineh,zarrine	F	0
زریه	zarieh	F	0
زریون	zaryon	F	0
زستم	zastam	F	0
زستمعلی	zestamali	F	0
زسول	zesul	F	0
زعفر	za'fer	F	0
زعفران	zaferan	F	0
زعلان	za'lan	F	0
زعلیه	zaeliye	F	0
زعید	zaeed	F	0
زعیر	za'ir	F	0
زعیم	za'im,zaeim	F	0
زفشان	zafshan	F	0
زقیه	zaghieh	F	0
زلال	zolal	F	0
زلاله	zolaleh	F	0
زلفا	zolfa	F	0
زلفعلی	zolfali	F	0
زلفقار	zolfaghar	F	0
زلفیه	zolfieh	F	0
زلمه	zalmeh	F	0
زلمی	zalmi	F	0
زلیخ	zalikh	F	0
زلیخا	zoleykha	F	0
زلیخاه	zolikhah	F	0
زلیخواه	zolikhah	F	0
زلیما	zalima	F	0
زماد	zamad	F	0
زمانعلی	zamanali	F	0
زمانه	zamane	F	0
زمران	zamaran	F	0
زمرد	zomorrod	F	0
زمره	zomreh	F	0
زمری	zamari	F	0
زمزمه	zemzemeh	F	0
زمن	zaman	F	0
زمیرا	zamira	F	0
زنب	zanb	F	0
زنبر	zanbar	F	0
زنبق	zanbaq	F	0
زننب	zanab	F	0
زنون	zenon	F	0
زنگل	zangal	F	0
زنگه	zangah	F	0
زنگو	zango	F	0
زنگوذر	zangoozar	F	0
زنگینه	zangineh	F	0
زنی	zani	F	0
زنیان	zanyan	F	0
زنیک	zanik	F	0
زها	zoha	F	0
زهاب	zahab	F	0
زهتاب	zahtab	F	0
زهدیه	zahdieh	F	0
زهر	zahr	F	0
زهرا	zahra	F	0
زهراء	zahra	F	0
زهراب	zahrab	F	0
زهرابیگم	zahrabigam	F	0
زهرات	zahraat	F	0
زهرادخت	zahradokht	F	0
زهرافریده	zahrafarideh	F	0
زهرال	zahraal	F	0
زهرامریم	zahramaryam	F	0
زهراناز	zahranaz	F	0
زهرانساء	zahranasa	F	0
زهرخان	zahrkhan	F	0
زهمرا	zahmara	F	0
زهنت	zahnat	F	0
زهه	zaheh	F	0
زهور	zohur	F	0
زهوری	zohuri	F	0
زهی	zahi	F	0
زهید	zahid	F	0
زهیر	zohayr,zahir	F	0
زهیرا	zahira,zohayra	F	0
زهیره	zahireh	F	0
زهیمه	zahimeh	F	0
زوالیخا	zavalikha	F	0
زوبیده	zobideh	F	0
زوبین	zobin,zubin	F	0
زورار	zorar	F	0
زوران	zoran	F	0
زوریتسا	zoritsa	F	0
زوشا	zusha	F	0
زوفا	zufa	F	0
زولاد	zolad	F	0
زولفعلی	zolfali	F	0
زولیا	zulia	F	0
زومیل	zomil	F	0
زوهر	zohar	F	0
زوپیر	zoopir	F	0
زوپین	zopin	F	0
زویا	zoya	F	0
زوید	zavid	F	0
زویده	zavideh	F	0
زوییش	zoish	F	0
زویین	zuein	F	0
زکاء	zaka'	F	0
زکایه	zakayeh	F	0
زکرالله	zekrullah	F	0
زکرعلی	zekrali	F	0
زکریا	zakariya,zakhariya	F	0
زکریسانو	zakerisano	F	0
زکیا	zakiya	F	0
زکیه	zakiye,zakiyeh	F	0
زگما	zegma	F	0
زگیه	zagieh	F	0
زیا	ziya	F	0
زیاب	ziyab	F	0
زیاد	ziad	F	0
زیادعلی	ziyadali	F	0
زیاده	ziadeh	F	0
زیادین	ziadin	F	0
زیار	ziyar	F	0
زیارت	ziyarat	F	0
زیارتعلی	ziyaratali	F	0
زیان	ziyan	F	0
زیب	zib	F	0
زیبادخت	zibadokht	F	0
زیبارخ	zibarokh	F	0
زیبارو	zibaru	F	0
زیباروی	zibaroo	F	0
زیبامحمد	zibamohammad	F	0
زیبان	ziban	F	0
زیبب	zibeh	F	0
زیبده	zibdeh	F	0
زیبر	zibar	F	0
زیبنب	zibaneh	F	0
زیبنده	zibande,zibandeh	F	0
زیتب	zeytab	F	0
زیتعلی	zeytali	F	0
زیتون	zeytun,zaytun	F	0
زیتونه	zeytuneh,zaytune	F	0
زیحان	zihan	F	0
زید	zayd,zeyd	F	0
زیدالله	zaydollah	F	0
زیداله	zeydollah	F	0
زیدان	zidan	F	0
زیدعلی	zeydali	F	0
زیرالدین	ziraldin	F	0
زیرالله	zirallah	F	0
زیران	ziran	F	0
زیرجد	zirjad	F	0
زیرم	zirm	F	0
زیز	ziz	F	0
زیغم	zigham	F	0
زیفب	zifab	F	0
زیلا	zila	F	0
زیلان	zeylan,zilan	F	0
زیما	zima	F	0
زینا	zina	F	0
زینال	zinal	F	0
زینالابدین	zeynolabedin	F	0
زینالبدین	zeynolbedin	F	0
زینالدین	zaynoddin	F	0
زینالعابدین	zaynoleabedin	F	0
زینالله	zeinollah	F	0
زیناوند	zinavand	F	0
زینب	zeynab	F	0
زینبچ	zeynabch	F	0
زینت	zinat	F	0
زینتالشریعه	zinatoshshariee	F	0
زینل	zeynol	F	0
زینوس	zinous	F	0
زیوا	ziva	F	0
زیور	zivar	F	0
زیوردخت	zivardokht	F	0
زیوز	ziyouz	F	0
زیوین	zivin	F	0
زیگ	zig	F	0
زییر	ziyir	F	0
زیینده	ziyande	F	0
سئودا	seoda	F	0
سئوگی	seogi	F	0
سامرند	samarand,samrand	F	0
سامره	samareh,samere	F	0
ساناز	sanaz	F	0
سائب	saeb	F	0
سااسان	saasaan	F	0
سابر	saber	F	0
سابرینا	sabrina	F	0
سابق	sabeq	F	0
سابود	sabod	F	0
سابین	sabin	F	0
سابینه	sabineh	F	0
ساتراپ	satrap	F	0
ساتکین	satkin	F	0
ساتگین	satgin	F	0
ساتی	sati	F	0
ساتیا	satiya	F	0
ساتیار	satiyar	F	0
ساتیام	satiyam	F	0
ساتیرا	satira	F	0
ساتین	satin	F	0
ساجده	sajede	F	0
ساجدین	sajidin	F	0
ساجر	sajer	F	0
ساجره	sajereh	F	0
ساجلدین	sajaldin	F	0
ساحر	saher	F	0
ساحره	sahereh	F	0
ساحل	sahel	F	0
ساحله	sahele	F	0
ساحیه	sahiyeh	F	0
سادانا	sadana	F	0
سادن	saden	F	0
سادنا	sadna	F	0
سادنه	sadeneh	F	0
سادون	sadun	F	0
سادیار	sadyar	F	0
سادینا	sadina	F	0
سادیه	sadiyeh	F	0
سار	saar	F	0
سارا	sara	F	0
ساراء	sara	F	0
ساراب	sarab	F	0
سارابیگم	sarabigam	F	0
سارادخت	saradokht	F	0
سارال	saral	F	0
سارالاه	saralah	F	0
سارالماز	saralmaz	F	0
ساران	saran	F	0
سارای	saray,saraay	F	0
سارجه	sarjeh	F	0
سارف	sarf	F	0
سارمان	sarman	F	0
سارمه	sarme	F	0
سارمین	sarmin	F	0
سارنا	sarena	F	0
سارنگ	sarang	F	0
سارنیا	sarniya	F	0
ساره	sare	F	0
سارو	saro	F	0
ساروز	sarooz	F	0
سارونا	sarona	F	0
سارونه	saruneh	F	0
ساروین	sarvin	F	0
سارویه	saruye	F	0
سارپ	sarp	F	0
سارک	sark	F	0
سارکو	sarko	F	0
سارگن	sargon	F	0
ساریا	sariya,sarya	F	0
ساریان	sariyan	F	0
ساریسا	sarisa	F	0
سارین	sarin	F	0
سارینا	sarina	F	0
ساریناز	sarinaz	F	0
سارینه	sarineh	F	0
ساریه	sariye,sariyeh	F	0
ساریژ	sarizh	F	0
ساریگل	sarigal	F	0
سازک	sazak	F	0
سازین	sazin	F	0
ساسین	sasin	F	0
ساشا	sasha	F	0
ساطان	satan	F	0
ساطعه	satee	F	0
ساطیار	satyar	F	0
ساعاده	saadeh	F	0
ساعت	saat	F	0
ساعدبگ	sa'adbeg	F	0
ساعده	saedeh	F	0
ساغر	saghar	F	0
ساغمان	saghman	F	0
ساغون	saghon	F	0
سافی	safi	F	0
ساقر	saqr	F	0
ساقه	saghe	F	0
سالاربیک	salaarbik	F	0
سالارمهدی	salarmahdi	F	0
سالالر	salalar	F	0
سالام	salam	F	0
سالخ	salkh	F	0
سالداش	saldash	F	0
سالر	salar	F	0
سالسا	salsa	F	0
سالمان	salman	F	0
سالمه	salemeh	F	0
سالور	saloor	F	0
سالومه	salume	F	0
سالویا	salviya	F	0
سالی	sali	F	0
سالیا	saliya	F	0
سالیان	salian	F	0
سالیز	saliz	F	0
سالین	salin	F	0
سالینا	salina	F	0
ساما	sama	F	0
سامال	samal	F	0
سامالن	samalan	F	0
سامان	saman	F	0
سامانتا	samanta	F	0
سامانه	samaneh	F	0
سامبره	sambreh	F	0
سامتین	samtin	F	0
سامد	samad	F	0
سامر	samer	F	0
سامرا	samra	F	0
سامراد	samrad	F	0
سامران	samran	F	0
سامراند	samerand	F	0
سامعلی	sama'ali	F	0
سامعه	sameeh	F	0
سامه	sameh	F	0
سامول	samool	F	0
سامویل	samvil	F	0
سامک	samak	F	0
سامیا	samya,samiya	F	0
سامیار	samyar,samiar	F	0
سامیتا	samita	F	0
سامیدخت	samidokht	F	0
سامیر	samir	F	0
سامیرا	samira	F	0
سامیز	samiz	F	0
سامیلا	samila	F	0
سامین	samin	F	0
سامینا	samina	F	0
سامینه	samineh	F	0
سامیه	samiyeh,samiye	F	0
سانا	sana	F	0
سانال	sanal	F	0
سانان	sanan	F	0
سانای	sanay	F	0
سانتا	santa	F	0
ساندرا	sandra	F	0
ساندی	sandi	F	0
سانلز	sanelz	F	0
سانلی	sanli	F	0
سانوا	sanva	F	0
سانوس	sanus	F	0
سانک	sanak	F	0
سانی	sani	F	0
سانیا	saniya,sania	F	0
سانیار	sanyar,saniyar	F	0
سانیاز	sanyaz	F	0
سانیتا	sanita	F	0
سانیل	sanil	F	0
سانیلا	sanila	F	0
سانیه	sanieh	F	0
ساها	saha	F	0
ساهر	saher	F	0
ساهره	sahere	F	0
ساهی	sahi	F	0
ساوا	sava	F	0
ساواش	savash	F	0
ساوالان	savalan	F	0
ساوان	savan	F	0
ساورا	savra	F	0
ساوره	savereh	F	0
ساورین	savrin	F	0
ساورینا	savrina	F	0
ساوش	savash	F	0
ساوند	savand	F	0
ساونگ	savang	F	0
ساوه	saveh	F	0
ساویس	savis	F	0
ساوین	savin	F	0
ساوینا	savina	F	0
ساویه	saviyeh	F	0
ساچلی	sachli	F	0
ساکار	sakar	F	0
ساکو	sako	F	0
سایا	saya	F	0
سایار	sayar	F	0
سایان	sayan	F	0
سایب	saib	F	0
سایتال	saytal	F	0
ساید	sayed	F	0
سایدا	sayda	F	0
سایر	sayer	F	0
سایرا	sayra	F	0
سایراد	sayrad	F	0
سایراو	sayrav	F	0
سایره	sayreh	F	0
سایروس	sayrus	F	0
سایق	sayegh	F	0
سایم	sayem	F	0
سایمان	sayman	F	0
سایماه	saymah	F	0
سایمه	saymeh	F	0
ساینا	saina,sayna	F	0
سایناز	saynaz	F	0
ساینه	sayneh	F	0
سایه	saye	F	0
سایهان	sayhan	F	0
سایی	sayi	F	0
ساییل	saeil	F	0
سایین	sayin	F	0
سایینا	sayina	F	0
سبا	saba	F	0
سباب	sabab	F	0
سبارو	sabaro	F	0
سباک	sabak	F	0
سبته	sabteh	F	0
سبحات	sobohat	F	0
سبحان	sobhan	F	0
سبحانعلی	sobhanali	F	0
سبحانقلی	sobhanqoli	F	0
سبحانه	subhane	F	0
سبحه	sobhah	F	0
سبرایل	sabrayel	F	0
سبریه	sabriyeh	F	0
سبزارنگ	sabzarang	F	0
سبزالدین	sabzaldin	F	0
سبزبانو	sabzbanou	F	0
سبزبهار	sabzbahar	F	0
سبزمراد	sabzmorad	F	0
سبزه	sabzeh	F	0
سبزوار	sabzevar	F	0
سبزپری	sabzpari	F	0
سبزک	sabzak	F	0
سبزینه	sabzineh	F	0
سبلان	sabalan	F	0
سبمیه	sabmiyeh	F	0
سبنا	sabna	F	0
سبنم	sabnam	F	0
سبهان	sabahan	F	0
سبهر	sabahr	F	0
سبوح	sabbuh	F	0
سبوحا	sobbuha	F	0
سبکتکین	saboktakin	F	0
سبکتین	sabaktin	F	0
سبکیه	sabkiyeh	F	0
سبیتی	sabiti	F	0
سبیده	sabideh	F	0
سبیل	sabil	F	0
سبیله	sabileh	F	0
سبیمان	sabiman	F	0
سبیه	sabiyeh	F	0
سبیکه	sabike	F	0
ستا	seta	F	0
ستاتیرا	setatira	F	0
ستاه	setaah	F	0
ستاک	setak	F	0
ستایا	setaya	F	0
ستایان	setayan	F	0
سترا	setra	F	0
سترگ	setorg	F	0
ستوره	setareh	F	0
ستوش	satoosh	F	0
ستی	seti	F	0
ستیلا	setila	F	0
ستین	setin	F	0
سجا	saja	F	0
سجاده	sajjadeh	F	0
سجاذ	sajaz	F	0
سجان	sajan	F	0
سجانقلی	sajangoli	F	0
سجایا	sajaya	F	0
سجاید	sajayed	F	0
سجتد	sajjad	F	0
سجد	sajd	F	0
سجده	sajde	F	0
سجواد	sajvad	F	0
سحاب	sahab	F	0
سحابعلی	sahabali	F	0
سحابه	sahabeh	F	0
سحاد	sahad	F	0
سحبان	sahban	F	0
سحذر	sahzar	F	0
سحر	sahar	F	0
سحراب	sahraab	F	0
سحرال	sahral	F	0
سحرانه	sahraneh	F	0
سحربانو	saharbanu	F	0
سحرخان	saharkhan	F	0
سحرنا	sahrna	F	0
سحرناز	saharnaz	F	0
سحره	sahreh	F	0
سحرگل	sahargol	F	0
سحورا	sahora	F	0
سحوره	sahureh	F	0
سحیل	sohail	F	0
سحین	sahin	F	0
سخا	sakha	F	0
سخاوتعلی	sakhavatali	F	0
سخاوه	sakhaveh	F	0
سخر	sokhar	F	0
سخن	sokhan	F	0
سخید	sakhid	F	0
سخیداد	sokhidad	F	0
سخیده	sakhideh	F	0
سدا	seda	F	0
سداب	sadab	F	0
سدابه	sadabeh	F	0
سدار	sedar	F	0
سدالله	saddollah	F	0
سداله	sadaollah	F	0
سدانت	sadanat	F	0
سدخان	sadhkhan	F	0
سدرا	sadra	F	0
سدریه	sadrieh	F	0
سدن	saden	F	0
سدنا	sadena	F	0
سدهومن	sadehoun	F	0
سدید	sadid	F	0
سدیدالدین	sadidaldin	F	0
سدیس	sedis	F	0
سدیف	sadeef,sadif	F	0
سدیقه	sadeeqa	F	0
سدیه	sadiyeh	F	0
سرآویز	saraviz	F	0
سرا	sara	F	0
سراجالدین	sarajaldin,serajoddin	F	0
سراصلانه	sarasalane	F	0
سراف	sarraf	F	0
سرافشان	sarafshan	F	0
سرافیل	sarafil	F	0
سرالله	sarallah	F	0
سراله	seraaleh	F	0
سرانداز	sarandaz	F	0
سراهی	sarahi	F	0
سرایش	sorayesh	F	0
سرایه	soraye	F	0
سربازعلی	sarbazali	F	0
سربس	sarbas	F	0
سربلند	sarboland	F	0
سربناز	sarbanaz	F	0
سرتپ	sartap	F	0
سرتیپ	sartip	F	0
سرتیپه	sartipeh	F	0
سرجان	sarjan	F	0
سرحان	serhan	F	0
سرحد	sarhad	F	0
سرخاب	sorkhab	F	0
سرخای	sorkhayi	F	0
سرخیر	sorkhir	F	0
سرداد	sardad	F	0
سردارر	sardar	F	0
سرداره	sardareh	F	0
سرداغر	sardagher	F	0
سردشت	sardasht	F	0
سردین	sardin	F	0
سرزه	sarzeh	F	0
سرزیگ	sarzig	F	0
سرشین	sarshin	F	0
سرفنا	sarafna	F	0
سرفناز	sarafnaz	F	0
سرمت	sarmad	F	0
سرمد	sarmad	F	0
سرمعلی	sarmali	F	0
سرمه	sorme	F	0
سرمیان	sarmiyan	F	0
سرمیتگ	sarmitak	F	0
سرمین	sarmin	F	0
سرمیناز	sarminaaz	F	0
سرنا	sorna	F	0
سرناد	serenad	F	0
سرناز	sarnaz	F	0
سرنای	serenay	F	0
سره	sareh	F	0
سرهاد	sarhad	F	0
سرهنگ	sarhang	F	0
سرو	sarv	F	0
سروا	sarva	F	0
سرواد	sarvad	F	0
سروبن	saruben	F	0
سروت	sarvat	F	0
سرود	sorud	F	0
سرودخت	sarvdokht	F	0
سروراعظم	sarvaraezam	F	0
سرورال	sarvaral	F	0
سرورالملوک	sarvaralmuluk	F	0
سرورخانم	sarvorkhanom	F	0
سروره	sarvareh	F	0
سروز	sarvaz	F	0
سروشا	sorusha	F	0
سروشان	sorushan	F	0
سروشه	sorushe	F	0
سروناز	sarvnaz	F	0
سروه	sarve	F	0
سروژ	serozh	F	0
سروک	sarok	F	0
سروگل	sarvgol	F	0
سرویس	sarvis	F	0
سروین	sarvin	F	0
سروینا	sarvina	F	0
سروینه	sarvine	F	0
سرژیک	sarzhiak	F	0
سرکب	sarkab	F	0
سرکش	sarkesh	F	0
سرکو	sarku	F	0
سرکوت	sarkut	F	0
سرکیز	sarkiz	F	0
سرکیس	sarkis	F	0
سرگل	sargol	F	0
سرگلان	sargolan	F	0
سرگون	sargoon	F	0
سرگیز	sargiz	F	0
سرگیس	sargis	F	0
سریا	sarya	F	0
سریار	saryar	F	0
سریتا	serita	F	0
سریحه	sariheh	F	0
سرید	sareed	F	0
سریدا	sarida	F	0
سریر	sarir,sareer	F	0
سریرا	sarira	F	0
سریرال	seyral	F	0
سریران	sariran	F	0
سریز	soriz	F	0
سریزه	sarizeh	F	0
سریق	sariq	F	0
سرین	sarin	F	0
سرینا	serina	F	0
سرینگل	saringel	F	0
سریه	sariyeh	F	0
سزاوار	sezavar	F	0
سساوش	sasavash	F	0
سسیما	sasima	F	0
سشولماز	seshoulmaz	F	0
سع	sa	F	0
سعاد	soead	F	0
سعادتعلی	saadatali	F	0
سعادتقلی	saadatgholi	F	0
سعاده	saeade	F	0
سعاه	saaah	F	0
سعبد	sa'bud	F	0
سعبید	sa'bid	F	0
سعد	saed	F	0
سعدا	sa'ada	F	0
سعدال	sa'dal	F	0
سعدالدین	saedoddin	F	0
سعداللاه	sa'dollah	F	0
سعدالله	sa'dollah	F	0
سعداله	sa'dollah	F	0
سعدان	sa'dan	F	0
سعده	sa'adeh	F	0
سعدون	sadun	F	0
سعدیار	saadyar	F	0
سعدیه	saadiyeh,saediye	F	0
سعود	soeud	F	0
سعی	sa'i	F	0
سعیا	saeya	F	0
سعیدا	saida	F	0
سعیدالدین	saeeddodin	F	0
سعیدالله	sa'idollah	F	0
سعیداله	saeedollah	F	0
سعیدبخشعلی	saeidbakhshali	F	0
سعیدخان	saeedkhan	F	0
سعیدرضا	saeedreza,saeidreza	F	0
سعیدن	saeed	F	0
سعیده	saeide,saideh	F	0
سعیدیه	saidiyeh	F	0
سعیذ	sa'id	F	0
سعیذاله	sa'idollah	F	0
سعیذه	sa'ideh	F	0
سعیعد	sa'yed	F	0
سعیی	sa'yi	F	0
سعیید	sa'id	F	0
سغد	soghd	F	0
سغدیان	soghdiyan	F	0
سغرا	soghra	F	0
سغری	soghri	F	0
سفر	safar	F	0
سفندارمذ	safandarmiz	F	0
سفندیار	sefandiyar	F	0
سفورا	safoura	F	0
سفی	safi	F	0
سفیده	sefideh	F	0
سفیر	safir	F	0
سفیه	safih	F	0
سقاح	saqah	F	0
سقرا	soghra	F	0
سقراط	soghrat	F	0
سقیه	saqiyeh	F	0
سل	sal	F	0
سلار	salar	F	0
سلاسه	salaseh	F	0
سلاطین	salatin	F	0
سلاله	solale	F	0
سلام	salam	F	0
سلامان	salaman	F	0
سلامه	salameh	F	0
سلام‌الله	salamollah	F	0
سلبمان	salbeman	F	0
سلبی	salbi	F	0
سلجوق	saljuq	F	0
سلدا	solda	F	0
سلدار	saldar	F	0
سلدوز	saldouz	F	0
سلر	salar	F	0
سلسله	selseleh	F	0
سلسه	selseleh	F	0
سلطان	soltan	F	0
سلطانبانو	saltanbanu	F	0
سلطانرضا	soltanreza	F	0
سلطانمراد	sultanmorad	F	0
سلطانه	soltaneh	F	0
سلطنت	saltanat	F	0
سلطنه	saltaneh	F	0
سلعد	salad	F	0
سلم	salm	F	0
سلما	selma	F	0
سلماء	salma	F	0
سلماز	solmaz	F	0
سلماس	salmas	F	0
سلمانعلی	salmanali	F	0
سلمناز	salmanaz	F	0
سلمنیه	salmaniyeh	F	0
سلمه	salmeh	F	0
سلمی	salmi	F	0
سلمیان	salmyan	F	0
سلمیه	salmiyeh	F	0
سلن	selen	F	0
سلنا	selena	F	0
سلناز	selnaz	F	0
سلوا	selva	F	0
سلوان	selvan	F	0
سلوانا	selvana	F	0
سلور	salvor	F	0
سلوه	salveh	F	0
سلوک	salook	F	0
سلوی	salvi	F	0
سلویناز	salvinaz	F	0
سلیا	seliya	F	0
سلیدا	salida	F	0
سلیله	salile	F	0
سلیملن	salimlan	F	0
سلیمه	salimeh	F	0
سلین	salin	F	0
سلینا	salina	F	0
سلیه	soliyeh	F	0
سلیوه	soliyeh	F	0
سما	sama	F	0
سماء	sama	F	0
سمات	samat	F	0
سماح	samah	F	0
سماحه	samahe	F	0
سمارسیس	samarsis	F	0
سماعلی	samali	F	0
سماعیل	sama'il	F	0
سمال	smal	F	0
سمان	saman	F	0
سمانه	samane	F	0
سمانی	samani	F	0
سماک	samak	F	0
سمای	samay	F	0
سمایع	samayeh	F	0
سمبه	sombeh	F	0
سمتنه	samtaneh	F	0
سمد	samad	F	0
سمر	samar	F	0
سمرا	samra	F	0
سمراد	samrrad	F	0
سمران	somran	F	0
سمرقند	samarkand	F	0
سمزر	samzar	F	0
سمسام	samsam	F	0
سمع	sam'	F	0
سمن	saman	F	0
سمنبر	samanbar	F	0
سمنتا	samanta	F	0
سمندخت	samandokht	F	0
سمنرخ	samanrokh	F	0
سمنرو	samanru	F	0
سمنزار	samanzar	F	0
سمنسا	samansa	F	0
سمنعذار	samaneezar	F	0
سمنناز	samannaz	F	0
سمنوی	samanoy	F	0
سمنچهر	samanchehr	F	0
سمه	sameh	F	0
سمهی	samehi	F	0
سموئیل	samoeil	F	0
سمپات	sampat	F	0
سمک	samak	F	0
سمکنان	samkanan	F	0
سمکو	semko	F	0
سمیا	somayeh	F	0
سمیح	samih	F	0
سمیحه	samihea	F	0
سمید	samid	F	0
سمیر	samir	F	0
سمیرا	samira	F	0
سمیراء	samira	F	0
سمیرات	samirat	F	0
سمیرال	samiraal,samiral	F	0
سمیران	samiran	F	0
سمیراه	samirah	F	0
سمیره	samireh	F	0
سمیعا	sami'a	F	0
سمیعه	samie	F	0
سمیله	samileh	F	0
سمیمه	samimeh	F	0
سمین	samin	F	0
سمینا	samina	F	0
سمینه	samineh	F	0
سمیه	somayye,somayeh	F	0
سمیول	samiul	F	0
سمییرا	samira	F	0
سمییه	samiyeh	F	0
سن	san	F	0
سنا	sana	F	0
سناء	sana	F	0
سناءالدین	sana'aldin	F	0
سنار	sonar	F	0
سناز	sanaz	F	0
سناس	sanas	F	0
سنان	senan	F	0
سناور	sanavar	F	0
سنای	senay	F	0
سنباد	sanbad	F	0
سنبل	sonbol	F	0
سنبله	sonbole	F	0
سنجان	sanjan	F	0
سنجر	sanjar	F	0
سندس	sondos	F	0
سندل	sandal	F	0
سندوس	sandus	F	0
سندین	sandin	F	0
سنعان	sana'an	F	0
سنم	sanam	F	0
سنمبر	sanambar	F	0
سنمیر	sanmir	F	0
سنوبر	sonobar	F	0
سنور	sennor	F	0
سنورا	sanavara	F	0
سنوش	sanush	F	0
سنگره	sangareh	F	0
سنگین	sangin	F	0
سنیا	soniya	F	0
سنیه	saniye,seniyeh	F	0
سها	soha	F	0
سهاب	sahab	F	0
سهاد	sohad	F	0
سهاده	sahadeh	F	0
سهادی	sahadi	F	0
سهام	saham	F	0
سهامالدین	sahamoddin	F	0
سهامه	sahameh	F	0
سهبا	sahba	F	0
سهبلا	sahbla	F	0
سهد	sahd	F	0
سهدالله	sohdollah	F	0
سهداله	sohdollah	F	0
سهر	sohar	F	0
سهراب	sohrab	F	0
سهرابعلی	sohrabali	F	0
سهرام	sahram	F	0
سهران	sahran	F	0
سهرب	sahrab	F	0
سهربانو	sahrbanu	F	0
سهره	sohreh	F	0
سهزاب	sahzab	F	0
سهعید	saeid	F	0
سهل	sahl	F	0
سهلا	sahla	F	0
سهلعلی	sahlali	F	0
سهله	sahleh	F	0
سهم	sahm	F	0
سهند	sahand	F	0
سهندعلی	sahandali	F	0
سهوره	sahureh	F	0
سهی	sohi	F	0
سهیا	sohya	F	0
سهیال	sohyal	F	0
سهیبا	sohayba	F	0
سهیبه	sohaybeh	F	0
سهید	saeid	F	0
سهیده	sahideh	F	0
سهیراد	sahirad	F	0
سهیزاد	sahizad	F	0
سهیل	soheil,sohail	F	0
سهیلا	sohaila,soheyla	F	0
سهیله	sohayla	F	0
سهیلیه	sohaylieh	F	0
سهیه	sahieh	F	0
سوابه	savabe	F	0
سواد	savad	F	0
سوادا	sevada	F	0
سوادبه	savadbeh	F	0
سوالی	savali	F	0
سواماز	savamaz	F	0
سوان	savan	F	0
سواک	savak	F	0
سوایبه	savaybeh	F	0
سوبار	subar	F	0
سوبل	sobel	F	0
سوبیا	sobia	F	0
سوبیتای	soubita	F	0
سوتا	sevta	F	0
سوتامک	sotamak	F	0
سوتیام	sutiyam,sotiyam	F	0
سوجا	souja	F	0
سودا	sowda	F	0
سودابه	sudabe	F	0
سودالبه	soodalbeh	F	0
سودایه	soodaye	F	0
سودمعلی	soodma'ali	F	0
سودملی	soodmali	F	0
سوده	sude	F	0
سودکار	soodkar	F	0
سودیف	soodif	F	0
سور	sur	F	0
سورا	sura	F	0
سوران	suran	F	0
سوربون	sorbon	F	0
سورج	suraj	F	0
سورن	suren	F	0
سورنا	surena	F	0
سورناز	sournaz	F	0
سوره	sureh	F	0
سورور	soroore	F	0
سوروه	sorooh	F	0
سوریا	sorya,suriya	F	0
سوریاش	soryash	F	0
سوریتا	surita	F	0
سوریدخت	suriddokht	F	0
سورین	surin,sorin	F	0
سورینا	surina	F	0
سوریه	suriye	F	0
سوریک	sourik	F	0
سوزان	suzan	F	0
سوزانا	suzana	F	0
سوزنده	soozande	F	0
سوزی	souzi	F	0
سوزیار	sozyar	F	0
سوسا	susa	F	0
سوسره	sosereh	F	0
سوسن	susan	F	0
سوسنبر	sousanbar	F	0
سوسنک	sosanak	F	0
سوسه	suseh	F	0
سوسون	sousoun	F	0
سوش	sush	F	0
سوشا	susha	F	0
سوشیا	soshia	F	0
سوشیان	sushiyan,soshiyan	F	0
سوشیانت	sushiyant,sushiant	F	0
سوشیانس	sushiyans,soshyans	F	0
سوفرا	sofra	F	0
سوفی	sufi	F	0
سوفیا	sufiya,sofia	F	0
سوقات	sogat	F	0
سوقیه	souqieh	F	0
سول	sol	F	0
سولار	sular	F	0
سولاز	solaz	F	0
سولاف	solaf	F	0
سولاله	solaleh	F	0
سولدوز	soldoz	F	0
سولدوست	soldoust	F	0
سولروز	solruz	F	0
سولماز	solmaz	F	0
سولماس	solmas	F	0
سولمز	solmaz	F	0
سولملز	solmelz	F	0
سولناز	solnaz	F	0
سولگون	solegon	F	0
سولگین	solgin	F	0
سولین	sulin	F	0
سولینا	sulina	F	0
سوما	suma	F	0
سومن	soman	F	0
سومیا	somiya	F	0
سومیتا	somita	F	0
سومینا	somina	F	0
سومیه	somayeh	F	0
سون	son	F	0
سونا	sona	F	0
سوناء	sona	F	0
سوناجمال	sonajamal	F	0
سونار	sonar	F	0
سوناز	sonaz	F	0
سونالیکا	sonalika	F	0
سوناگل	sonagal	F	0
سونای	sonay	F	0
سونبات	sonbat	F	0
سونتا	sonta	F	0
سونه	suneh	F	0
سونیا	suniya,sonia	F	0
سونیای	sonia	F	0
سونیتا	sonita	F	0
سونیل	sonil	F	0
سوهیبه	sohaybeh	F	0
سوودابه	soodabeh	F	0
سوون	sovon	F	0
سوژا	suzha	F	0
سوژین	suzhin	F	0
سوگل	sowgol	F	0
سوگلی	sogoli	F	0
سوگند	sowgand	F	0
سوگی	sevgi	F	0
سویبه	suybeh	F	0
سویتا	suita	F	0
سوید	savid	F	0
سویدا	soveyda	F	0
سویرا	sevira	F	0
سویل	savil,sevil	F	0
سویم	sevim	F	0
سوین	sovin,sevin	F	0
سوینا	sevina	F	0
سوینج	sevinj,sovinj	F	0
سوینچ	sevinch	F	0
سویین	suyin	F	0
سپاروک	saparuk	F	0
سپاس	sepas	F	0
سپاسه	sepase	F	0
سپانو	sepano	F	0
سپاکو	sepako	F	0
سپته	septeh	F	0
سپده	sepideh	F	0
سپر	sapar	F	0
سپرنگ	saprang	F	0
سپنتا	sepanta	F	0
سپنتام	sepantam	F	0
سپنتامن	sepantaman	F	0
سپند	sepand	F	0
سپندار	sepandar	F	0
سپندان	sepandan	F	0
سپنسار	sepansar	F	0
سپهدار	sepahdar	F	0
سپهراد	sepahrad	F	0
سپهرار	sepehrar	F	0
سپهرام	sepahram	F	0
سپهران	sepahran	F	0
سپهرراد	sepehrrad	F	0
سپهرم	sepahram	F	0
سپهرین	sepehrin	F	0
سپهیار	sepahyar	F	0
سپورا	sepourah	F	0
سپیتا	sepita	F	0
سپیتام	sepitam	F	0
سپیتمان	sepitman	F	0
سپیته	sepideh	F	0
سپید	sepid	F	0
سپیدار	sepidar	F	0
سپیده	sepide,sepideh	F	0
سپیناز	sepinaz	F	0
سپینود	sepinood,sepinud	F	0
سکبنه	sakbaneh	F	0
سکر	sakr	F	0
سکندر	sekandar	F	0
سکنه	sakaneh	F	0
سکنیه	sakniyeh	F	0
سکیاوه	sakiaveh	F	0
سکیته	sakiteh	F	0
سکیرا	sakira	F	0
سکیمه	sakimeh	F	0
سکینه	sakineh,sakine	F	0
سکیه	sakieh	F	0
سگینه	sagineh	F	0
سی	si	F	0
سیا	sia	F	0
سیاب	siyab	F	0
سیابخش	siyabakhsh	F	0
سیابعلی	siyabali	F	0
سیاد	siyad	F	0
سیاداله	seyyadollah	F	0
سیاره	sayyareh	F	0
سیاست	siyasat	F	0
سیاف	sayyaf	F	0
سیام	siam	F	0
سیاماک	siamak	F	0
سیاملک	siamalak	F	0
سیامن	siaman	F	0
سیامند	siyamand	F	0
سیامنه	siamaneh	F	0
سیامک	siyamak,siamamak,siamak	F	0
سیامکل	siamakol	F	0
سیامیر	siamir	F	0
سیانوش	siyanush	F	0
سیاه	siyah	F	0
سیاوخش	siyavakhsh	F	0
سیاوش	siyavash,siyavosh	F	0
سیاوشس	siyavashs	F	0
سیاووش	siyavush	F	0
سیب	sib	F	0
سیبل	sibel	F	0
سیبویه	sibuyeh	F	0
سیبگل	sibgol	F	0
سیتا	sita	F	0
سیتاک	sitak	F	0
سیترا	sitra	F	0
سیتکا	sitka	F	0
سیحان	seyhan	F	0
سیحون	seyhun	F	0
سیدا	sida	F	0
سیرا	sira	F	0
سیرالله	seyrallah	F	0
سیرامیر	siramir	F	0
سیران	siran,seyran	F	0
سیرانوش	siranush	F	0
سیرت	sirat	F	0
سیرخ	sirokh	F	0
سیرس	siris	F	0
سیرش	seyresh	F	0
سیرمی	seyrami	F	0
سیرنگ	sirang	F	0
سیروان	sirvan	F	0
سیروز	siruz	F	0
سیروش	siroosh	F	0
سیرین	sirin	F	0
سیزالله	sizallah	F	0
سیعد	saeed	F	0
سیعدالله	seyyedollah	F	0
سیفالدین	seyfoddin,seyfaldin	F	0
سیفالله	seyfollah,seifollah	F	0
سیفاله	seyfaleh	F	0
سیفعتی	seyfati	F	0
سیفعلی	seyfali	F	0
سیفور	sayfor	F	0
سیف‌الله	seifollah	F	0
سیلا	sila	F	0
سیلان	silan	F	0
سیلاو	silav	F	0
سیلدا	seylda	F	0
سیلم	saylam	F	0
سیلماز	silmaz	F	0
سیلمان	silman	F	0
سیلوا	silva	F	0
سیلوانا	silvana	F	0
سیما	sima	F	0
سیمادخت	simadokht	F	0
سیمال	simal	F	0
سیمان	siman	F	0
سیماک	simak	F	0
سیمبر	simbar	F	0
سیمبن	simban	F	0
سیمتن	simtan	F	0
سیمحسن	simhasan	F	0
سیمرا	simra	F	0
سیمراد	simrad	F	0
سیمروی	simravi	F	0
سیمزار	simzar	F	0
سیمزر	simzar	F	0
سیمن	simin	F	0
سیمه	simeh	F	0
سیموزر	simoozar	F	0
سیمون	simon	F	0
سیمک	simak	F	0
سیمگون	simgoon	F	0
سیمیا	simiya	F	0
سیمیرا	simira	F	0
سیمیسن	simisan	F	0
سیمین	simin	F	0
سیمینبر	siminbar	F	0
سیمیندخت	simindokht	F	0
سیمینرخ	siminrokh	F	0
سیمینرو	siminru	F	0
سیمینزر	siminzar	F	0
سیمینعذار	simineezar	F	0
سیمینفر	siminfar	F	0
سیمینه	simine,simineh	F	0
سیمینچهر	siminchehr	F	0
سین	sin	F	0
سینادخت	sinadokht	F	0
سینادر	sinadr	F	0
سیناذ	sinaz	F	0
سینار	sinar	F	0
سیناز	sinaz	F	0
سینامهر	sinamehr	F	0
سینان	sinan	F	0
سیناک	sinak	F	0
سینداد	sindad	F	0
سیندخت	sindokht	F	0
سیندرلا	cinderella	F	0
سینره	sinereh	F	0
سینعلی	sinaali	F	0
سینه	sineh	F	0
سینور	sinor	F	0
سینوش	sinush	F	0
سیه	siah	F	0
سیهیلا	sihila	F	0
سیوا	siva	F	0
سیوان	siwan	F	0
سیودا	siyuda	F	0
سیوسن	siavashan	F	0
سیوش	siyavash	F	0
سیپان	sipan	F	0
سیکا	sika	F	0
سیکول	seykul	F	0
سیکینه	seykineh	F	0
سیگه	sigeh	F	0
شائق	shaegh	F	0
شاان	sha'an	F	0
شاباجی	shabaji	F	0
شابرزین	shabarzin	F	0
شابندر	shabandar	F	0
شابور	shapur	F	0
شابکم	shabakam	F	0
شابیگم	shabigam	F	0
شاتاج	shataj	F	0
شاتاح	shataah	F	0
شاجان	shajan	F	0
شاجهان	shahjahan	F	0
شاحرخ	shahrokh	F	0
شاحسین	shahhossein	F	0
شاخسار	shakhsar	F	0
شاخوان	shakhvan	F	0
شادا	shada	F	0
شاداده	shadadeh	F	0
شادالله	shadollah	F	0
شاداله	shadaleh	F	0
شادانه	shadaneh	F	0
شادبخت	shadbakht	F	0
شادبخش	shadbakhsh	F	0
شادبه	shadbeh	F	0
شادخت	shadokht	F	0
شادرای	shadray	F	0
شادرخ	shadrokh	F	0
شادرو	shadru	F	0
شادروز	shadruz	F	0
شادروی	shadroui	F	0
شادسیما	shadsima	F	0
شادعلی	shadali	F	0
شادل	shadel	F	0
شادلی	shadli	F	0
شادلین	shadlin	F	0
شادمانه	shadmane	F	0
شادن	shaden	F	0
شادناز	shadnaz	F	0
شادنوش	shadnush	F	0
شاده	shade	F	0
شادوان	shadvan	F	0
شادور	shador	F	0
شادوین	shadvin	F	0
شادک	shadak	F	0
شادکامه	shadkameh	F	0
شادکان	shadkan	F	0
شادگل	shadgol	F	0
شادگون	shadgon	F	0
شادیا	shadiya	F	0
شادیار	shadyar	F	0
شادیان	shadiyan,shadian	F	0
شادیانه	shadiyane,shadyane	F	0
شادیفروغ	shadforugh	F	0
شادیناز	shadnaz	F	0
شادیه	shadiyeh	F	0
شادیور	shadivar	F	0
شاذب	shazeb	F	0
شاران	sharan	F	0
شارایل	sharayl	F	0
شارخ	sharak	F	0
شارضا	shahrza	F	0
شارلا	sharla	F	0
شارلوت	sharlut	F	0
شارمین	sharmin	F	0
شارمینا	sharmina	F	0
شارن	sharen	F	0
شارو	sharo	F	0
شاروسین	sharosin	F	0
شارون	sharon	F	0
شارونا	sharuna	F	0
شارویه	sharuyeh	F	0
شارک	shark	F	0
شاریا	shariya	F	0
شاریس	sharis	F	0
شارین	sharin	F	0
شارینا	sharina	F	0
شازده	shazdeh	F	0
شازمان	shazman	F	0
شازنان	shaznan	F	0
شازول	shazool	F	0
شازیه	shazieh	F	0
شاسپرم	shasparam	F	0
شاشان	shashan	F	0
شاصنم	shasnam	F	0
شاطلا	shatla	F	0
شاعبدال	sha'bedal	F	0
شاعر	sha'er	F	0
شاعف	sha'ef	F	0
شاعفه	sha'afe	F	0
شاعلی	sha'ali	F	0
شاعی	sha'i	F	0
شاعین	sha'in	F	0
شافی	shafi	F	0
شافیه	shafieh	F	0
شاقلی	shaghli	F	0
شاقی	shaghi	F	0
شالول	shalool	F	0
شالیار	shalyar	F	0
شالیز	shaliz	F	0
شالیزار	shalizar	F	0
شالیزه	shalize	F	0
شامار	shamar	F	0
شامان	shaman	F	0
شامراد	shamrad	F	0
شامرز	shamraz	F	0
شامل	shamil	F	0
شامید	shamid	F	0
شامیرام	shamiram	F	0
شامیرزا	shamirza	F	0
شامیل	shamil	F	0
شان	shan	F	0
شانا	shana	F	0
شانار	shanar	F	0
شاناز	shanaz	F	0
شانال	shanal	F	0
شانای	shanay	F	0
شاندیز	shandiz	F	0
شانظر	shanazar	F	0
شانلی	shanli	F	0
شانو	shanu	F	0
شانی	shani	F	0
شانیا	shaniya	F	0
شانیان	shanian	F	0
شانیز	shaniz	F	0
شانیسا	shanisa	F	0
شانیه	shanieh	F	0
شاها	shaha	F	0
شاهارا	shahara	F	0
شاهان	shahan	F	0
شاهباجی	shahbaji	F	0
شاهباز	shahbaz	F	0
شاهبانو	shahbanu	F	0
شاهبختی	shahbakhti	F	0
شاهبد	shahbud	F	0
شاهبور	shahboor	F	0
شاهبیگن	shahbigan	F	0
شاهجان	shahjan	F	0
شاهدانه	shahdaneh	F	0
شاهدخت	shahdokht	F	0
شاهددخت	shahdadokht	F	0
شاهدل	shahdel	F	0
شاهده	shahedeh	F	0
شاهدوخت	shahdokht	F	0
شاهدیس	shahdis	F	0
شاهدین	shahdin	F	0
شاهر	shaher	F	0
شاهراد	shahrad	F	0
شاهرام	shahram	F	0
شاهرز	shahrz	F	0
شاهرس	shahras	F	0
شاهرضا	shahrza	F	0
شاهرمان	shahraman	F	0
شاهرنان	shaharnan	F	0
شاهره	shahreh	F	0
شاهرو	shahro	F	0
شاهروخ	shahrokh	F	0
شاهرود	shahrud	F	0
شاهروز	shahroz	F	0
شاهزاد	shahzad	F	0
شاهزاده	shahzadeh	F	0
شاهزنان	shahzanan	F	0
شاهسا	shahsa	F	0
شاهسار	shahsar	F	0
شاهسام	shahsam	F	0
شاهسان	shahsan	F	0
شاهصنم	shahsanam	F	0
شاهعلی	shahali	F	0
شاهفر	shahfar	F	0
شاهفرند	shahfarand	F	0
شاهفور	shahfour	F	0
شاهقلی	shahgholi	F	0
شاهلار	shahlar	F	0
شاهمار	shahmar	F	0
شاهمانی	shahmani	F	0
شاهمراد	shahmarad	F	0
شاهمردان	shahmardan	F	0
شاهمروت	shahmroot	F	0
شاهمهر	shahmehr	F	0
شاهمیر	shahmir	F	0
شاهنام	shahnam	F	0
شاهنای	shahnay	F	0
شاهندل	shahandel	F	0
شاهنور	shahnor	F	0
شاهنوش	shahnush	F	0
شاهنگ	shahang	F	0
شاهو	shahu	F	0
شاهورن	shahvarn	F	0
شاهوش	shahvash	F	0
شاهوند	shahvand	F	0
شاهوی	shahvi	F	0
شاهویر	shahvir	F	0
شاهوین	shahvin	F	0
شاهویه	shahoyeh	F	0
شاهپرک	shahparek	F	0
شاهپور	shahpur	F	0
شاهک	shahak	F	0
شاهکار	shahkar	F	0
شاهکام	shahkam	F	0
شاهگل	shahgol	F	0
شاهیاد	shahyad	F	0
شاهیار	shahyar	F	0
شاهیده	shahideh	F	0
شاهیندخت	shahindokht	F	0
شاهیکا	shahika	F	0
شاهیین	shahiin	F	0
شاوان	shawan	F	0
شاور	shavor	F	0
شاوران	shavaran	F	0
شاورک	shavarak	F	0
شاولی	shavoli	F	0
شاوه	shaveh	F	0
شاوگ	shavag	F	0
شاویس	shavis	F	0
شاپر	shaper	F	0
شاپرور	shapravar	F	0
شاپرک	shaparak	F	0
شاپری	shapari	F	0
شاپور	shapur	F	0
شاپیکر	shapikar	F	0
شاکرم	shakaram	F	0
شاکره	shakere	F	0
شاکل	shakl	F	0
شاکو	shako	F	0
شاگر	shager	F	0
شاگل	shaghel	F	0
شاگلدی	shaghaldi	F	0
شایا	shaya	F	0
شایار	shayar	F	0
شایاندخت	shayandokht	F	0
شاید	shayad	F	0
شایده	shaydeh	F	0
شایراد	shayrad	F	0
شایع	shaye'	F	0
شایلا	shayla	F	0
شایلان	shaylan	F	0
شایلن	shaylen	F	0
شایلی	shayli	F	0
شایلین	shaylin	F	0
شایما	shayma	F	0
شایمین	shaimin	F	0
شاین	shayen,shayin	F	0
شاینا	shayna	F	0
شایور	shayvar	F	0
شایورد	shayvard	F	0
شبار	shabar	F	0
شبانعلی	shabaanali	F	0
شباهنگ	shabahang	F	0
شباویز	shabaviz	F	0
شببو	shabbu	F	0
شبدیز	shabdiz	F	0
شبدیس	shabdis	F	0
شبر	shabar	F	0
شبرنک	shabranak	F	0
شبره	shabreh	F	0
شبرین	shabrin	F	0
شبعانعلی	shabaanali	F	0
شبلی	shibli	F	0
شبنا	shabna	F	0
شبناز	shabnaz	F	0
شبنم	shabnam	F	0
شبهن	shabhan	F	0
شبو	shabu	F	0
شبگون	shabgon	F	0
شبیب	shabib	F	0
شبیر	shobayr,shabir	F	0
شب‌پره	shabpareh	F	0
شتابند	shetaband	F	0
شتاو	shetav	F	0
شجاد	shajad	F	0
شجاعالدین	shojaeoddin	F	0
شجاعت	shoja'at	F	0
شجاععلی	shojaali	F	0
شخ	shakh	F	0
شخص	shakhs	F	0
شخصه	shakhseh	F	0
شداد	shedad	F	0
شدی	shodi	F	0
شدیده	shadideh	F	0
شذا	shaza	F	0
شذب	shazab	F	0
شذره	shazreh	F	0
شذی	shaza	F	0
شراراه	shararah	F	0
شرارذه	shararzeh	F	0
شرارره	sharareh	F	0
شراره	sharareh	F	0
شراصلان	sharaslan	F	0
شرافتت	sharafatet	F	0
شرافدین	sharafdin	F	0
شرافعزیز	sharafaziz	F	0
شراکیم	sherakiym	F	0
شراگیم	sharagim,sheragiym	F	0
شربت	sharbat	F	0
شربتعلی	sharbatali	F	0
شرزین	sharzin	F	0
شرف	sharaf	F	0
شرفالدین	sharafoddin	F	0
شرفعلی	sharafali	F	0
شرفنسا	sharafnesa	F	0
شرفه	sharfeh	F	0
شرمین	sharmine,sharmin	F	0
شرمیندخت	sharmindokht	F	0
شرمینه	sharmineh,sharmine	F	0
شرن	sharn	F	0
شرناز	sharnaz	F	0
شرنام	sharnam	F	0
شرنگ	sharang	F	0
شروان	sharvan	F	0
شروانه	sharvaneh	F	0
شروق	soruq	F	0
شروین	shervin,sharvin	F	0
شروینه	sharvine	F	0
شرکت	sherkat	F	0
شری	shari	F	0
شریعنلی	shariyanli	F	0
شریعه	sharieh,shariee	F	0
شریفعلی	sharifali	F	0
شریفه	sharife,sharifeh	F	0
شرین	shirin	F	0
شریندل	sharindel	F	0
شرینعلی	shirinali	F	0
شریوان	sharivan	F	0
شزیفه	shazifeh	F	0
شسلا	shesla	F	0
شسمسی	shamsi	F	0
ششیوا	sheshiva	F	0
شطیطه	shatiteh	F	0
شعابان	sha'aban	F	0
شعاع	shoeae	F	0
شعاعالدین	shoeaeoddin	F	0
شعب	sha'b	F	0
شعباد	shahbad	F	0
شعبالن	shahbalan	F	0
شعبانعلی	shabaanali	F	0
شعبانعی	shabani	F	0
شعرا	sheera	F	0
شعری	shera	F	0
شعف	shaeaf	F	0
شعلا	shahla	F	0
شعمی	sha'ami	F	0
شعیا	shaeiya	F	0
شعیب	shoaib,shoeayb	F	0
شعید	shahid	F	0
شعین	sha'in	F	0
شغاد	shaghad	F	0
شغبان	shaghban	F	0
شغله	shogleh	F	0
شفا	shafa	F	0
شفابخش	shafabakhsh	F	0
شفروه	shafrooh	F	0
شفیح	shafih	F	0
شفیعا	shafiea	F	0
شفیعمحمد	shafiemohammad	F	0
شفیعه	shafiee,shafieeh	F	0
شفیفه	shafifeh	F	0
شفیقه	shafigheh	F	0
شفیه	shafie	F	0
شقاق	shaqaq	F	0
شقاقل	shaghaql	F	0
شقایق	shaghayegh	F	0
شقیق	shaghigh	F	0
شلاله	shalale	F	0
شلر	sheler	F	0
شلش	shalesh	F	0
شلهین	shalehin	F	0
شلیر	shlir	F	0
شماب	shomaab	F	0
شماخ	shomakh	F	0
شماس	shomas	F	0
شماساس	shamasas	F	0
شمال	shomal	F	0
شمامه	shamameh	F	0
شمایل	shamayel	F	0
شماییل	shamayil	F	0
شمزیزن	shamzizan	F	0
شمزین	shamzin	F	0
شمسا	shamsa	F	0
شمساره	shamsareh	F	0
شمسالدین	shamsoddin	F	0
شمسالشریعه	shamsoshsharieeh	F	0
شمسالضحی	shamsozzoha	F	0
شمسالله	shamsollah	F	0
شمسالمعالی	shamsolmaeali	F	0
شمساله	shamsaleh	F	0
شمسالهدی	shamsolhoda	F	0
شمسجهان	shamsjahan	F	0
شمسدین	shamsodin	F	0
شمسه	shamse	F	0
شمسیه	shamsieh	F	0
شمشاد	shemshad	F	0
شمشیر	shamshir	F	0
شمعلی	shamali	F	0
شمعون	shamoon	F	0
شمعیه	shamieh	F	0
شمندر	shamandar	F	0
شمه	shemme	F	0
شمو	shamo	F	0
شموییل	shamuyil	F	0
شمیا	shamiya	F	0
شمید	shamid	F	0
شمیده	shamideh	F	0
شمیرا	shamira,shomira	F	0
شمیران	shamiran	F	0
شمیس	shamis	F	0
شمیسا	shamisa	F	0
شمیسه	shamiseh	F	0
شمیل	shamil	F	0
شمیلا	shomila	F	0
شمیم	shamim	F	0
شمیمه	shamimeh,shamime	F	0
شمیمیه	shamimieh	F	0
شمین	shamin	F	0
شمینا	shamina	F	0
شمینه	shamineh	F	0
شناز	shanaz	F	0
شناسا	shenasa	F	0
شنایا	shenaya	F	0
شنبلید	shanbalid	F	0
شنبم	shanbam	F	0
شنبه	shanbe	F	0
شنتیا	shantiya	F	0
شنطوس	shantus	F	0
شنطیا	shantya	F	0
شنفروز	shanfaruz	F	0
شنه	shanah	F	0
شنو	sheno	F	0
شنون	shenavon	F	0
شنگان	shangan	F	0
شنگل	shangel	F	0
شنیا	shenya	F	0
شنیاز	shenyaz	F	0
شنیان	shaniyan	F	0
شنیده	shenideh	F	0
شهابالدین	shahaboddin,shahabaldin	F	0
شهاز	shahaz	F	0
شهام	sheham	F	0
شهان	shahan	F	0
شهبال	shahbal	F	0
شهبان	shahban	F	0
شهبانعلی	shahbanali	F	0
شهبد	shahbod	F	0
شهبر	shahbar	F	0
شهخرام	shahkhoram	F	0
شهد	shahd	F	0
شهدا	shahada	F	0
شهداد	shahdad	F	0
شهدل	shahdel	F	0
شهده	shahdeh	F	0
شهدوست	shahdoust	F	0
شهدی	shahdi	F	0
شهدیس	shahdis	F	0
شهذبانو	shahzebanoo	F	0
شهر	shahr	F	0
شهرآشوب	shahrashub	F	0
شهرازاد	shahrzad	F	0
شهرام	shahram	F	0
شهران	shahran	F	0
شهرباز	shahrbaz	F	0
شهربان	shahrban	F	0
شهربانر	shahrbanar	F	0
شهربانعلی	shahrbanali	F	0
شهربانو‌ی	shahrbanu	F	0
شهربانی	shahrbani	F	0
شهربتنو	shahrbatno	F	0
شهرت	shohrat	F	0
شهرتاش	shohratash	F	0
شهرخواست	shahrkhasht	F	0
شهردار	shahrdar	F	0
شهردخت	shahrdokht	F	0
شهرزادزهرا	shahrzadzahra	F	0
شهرزلد	shahrzad	F	0
شهرسب	shahrasb	F	0
شهرسپ	shahresap	F	0
شهرضا	shahrza	F	0
شهرفر	shahrfar	F	0
شهرم	shahram	F	0
شهرناز	shahrnaz	F	0
شهرنواز	shahrnavaz	F	0
شهره	shohre	F	0
شهرو	shahru	F	0
شهروان	shahrovan	F	0
شهرود	shahroud	F	0
شهرور	shahrvar	F	0
شهروزه	shahruzeh	F	0
شهروین	shahrovin	F	0
شهرویه	shahroyeh	F	0
شهرک	shahrak	F	0
شهرگان	shahregan	F	0
شهرگل	shahregol	F	0
شهرگیر	shahrgir	F	0
شهریلر	shahrilar	F	0
شهرین	shahrin	F	0
شهریه	shahriyeh	F	0
شهزاده	shahzadeh	F	0
شهزیار	shahzyar	F	0
شهسام	shahsam	F	0
شهسان	shahsan	F	0
شهفور	shahfor	F	0
شهلا	shahla	F	0
شهلال	shahlal	F	0
شهلب	shahlab	F	0
شهمار	shahmar	F	0
شهمال	shahmal	F	0
شهمراد	shahmarad	F	0
شهمردان	shahmardan	F	0
شهمزین	shahmazin	F	0
شهمیر	shahmir	F	0
شهن	shahan	F	0
شهنا	shahna	F	0
شهنار	shahnar	F	0
شهنازال	shahnazal	F	0
شهنتاج	shahentaj	F	0
شهنلز	shahnaz	F	0
شهنوش	shahnush	F	0
شهنیا	shahnia	F	0
شهپر	shahpar	F	0
شهیاد	shahyad	F	0
شهیار	shahyar	F	0
شهید	shahid	F	0
شهیدا	shahida	F	0
شهیدالله	shahidollah	F	0
شهیده	shahideh	F	0
شهیر	shahir	F	0
شهیراد	shahirad	F	0
شهیره	shahire,shahireh	F	0
شهیلا	shahila	F	0
شهیمه	shahimeh	F	0
شهین	shahin	F	0
شهیین	shahyin	F	0
شوا	shava	F	0
شوار	shavar	F	0
شوان	shovan	F	0
شوانا	shavana	F	0
شوانه	showane	F	0
شوبرت	shubert	F	0
شوخان	shokhan	F	0
شود	shavad	F	0
شوذب	shozab	F	0
شور	shour	F	0
شورآفرین	shorafarin	F	0
شورا	shora	F	0
شورانگیز	shurangiz,shourangiz	F	0
شورش	shuresh	F	0
شورعلی	shourali	F	0
شورگر	shorgar	F	0
شوریده	shuride	F	0
شوزب	shozab	F	0
شوزبعلی	shozbaali	F	0
شوشا	shusha	F	0
شوشان	shushan	F	0
شوشیناک	shoshinak	F	0
شوقعلی	shoghali	F	0
شولان	sholan	F	0
شونا	shuna	F	0
شوهر	shohar	F	0
شوهره	shohareh	F	0
شوهلا	shahla	F	0
شوپه	shupeh	F	0
شوکا	shuka	F	0
شوکت	showkat	F	0
شوکوفه	shokufeh	F	0
شوگار	shogar	F	0
شویل	shavil	F	0
شپهر	shapahr	F	0
شپول	shapol	F	0
شکار	shekar	F	0
شکارعلی	shekarali	F	0
شکال	shekal	F	0
شکامه	shakameh	F	0
شکان	shakan	F	0
شکر	shokr	F	0
شکرالله	shokrollah	F	0
شکراله	shakrollah	F	0
شکربانو	shekarbanu	F	0
شکرخدا	shokrkhoda	F	0
شکردخت	shekardokht	F	0
شکرعلی	shokrali	F	0
شکرین	shekarin	F	0
شکریه	shakariyeh	F	0
شکورا	shakura	F	0
شکوره	shakureh	F	0
شکوفا	shokufa	F	0
شکوفان	shokufan	F	0
شکوفه	shokufe	F	0
شکوهنده	shekuhande	F	0
شکوهه	shokuhe	F	0
شکویه	shakouyeh	F	0
شکیبه	shakibeh	F	0
شکیل	shakil	F	0
شکیلا	shakila	F	0
شکیله	shakileh	F	0
شگار	shagar	F	0
شگرف	shegerf	F	0
شگفتی	shegefti	F	0
شگون	shagon	F	0
شی	shi	F	0
شیا	shiya	F	0
شیال	shial	F	0
شیان	shiyan	F	0
شیانا	shiyana	F	0
شیاوش	shyavash	F	0
شیبا	shiba	F	0
شیبان	sheyban	F	0
شیبت	shaybat	F	0
شیبدا	shibda	F	0
شیبو	shibu	F	0
شیث	sheys,shith	F	0
شیخمراد	sheikhmorad	F	0
شیخه	sheykhe	F	0
شید	shid	F	0
شیداب	shidab	F	0
شیدالله	shidollah,sheydollah	F	0
شیداله	shidaleh	F	0
شیدان	sheydan,shidan	F	0
شیدانه	shidaneh	F	0
شیدبانو	sheydbanu	F	0
شیدخت	shidokht	F	0
شیدر	shidor	F	0
شیدرخ	sheydarakh	F	0
شیدرنگ	sheidrang	F	0
شیدسا	shidsa	F	0
شیدسب	shidasb	F	0
شیدمحمد	shaydmohammad	F	0
شیده	shideh	F	0
شیدور	shidvar	F	0
شیدوس	shidus	F	0
شیدوش	shidvash,shidoosh	F	0
شیذا	shida	F	0
شیذر	shizar	F	0
شیر	shir	F	0
شیرآزاد	shirazad	F	0
شیرا	shira	F	0
شیرات	shirat	F	0
شیراز	shiraz	F	0
شیرالله	shirallah	F	0
شیراله	shirallah	F	0
شیرامین	shiramin	F	0
شیراوژن	shiravojan,shirowzhan	F	0
شیراک	shirak	F	0
شیربانو	shirbanu	F	0
شیرجان	shirjan	F	0
شیرحسین	shirhosein	F	0
شیرخسرو	shirkhusrau	F	0
شیرخون	shirkhun	F	0
شیررخ	shirrokh	F	0
شیرزن	shirzan	F	0
شیرزیل	shirzil	F	0
شیرعلم	shiralam	F	0
شیرلا	shirla	F	0
شیرلله	shirallah	F	0
شیرن	shirin	F	0
شیرنعلی	shirnaali	F	0
شیرنگ	shirang	F	0
شیرو	shiru,shiro	F	0
شیروان	shirvan	F	0
شیروده	shirudeh	F	0
شیروس	shiruz	F	0
شیرولی	shirvali	F	0
شیرویه	shiruye,shirvieh	F	0
شیرکو	shirku	F	0
شیرکوه	shirkuh	F	0
شیرگل	shirgol	F	0
شیریجان	shirijan	F	0
شیریزدان	shirizdan	F	0
شیرینبانو	shirinbanoo	F	0
شیریندخت	shirindokht	F	0
شیرینزاد	shirinzad	F	0
شیرینعلی	shirinali	F	0
شیزاد	shizad	F	0
شیعب	shia'b	F	0
شیعه	shia	F	0
شیفته	shifteh	F	0
شیفع	shefa	F	0
شیل	shil	F	0
شیلا	shila	F	0
شیلام	shilam	F	0
شیلان	shilan	F	0
شیلانه	shilane,shilaneh	F	0
شیلر	shiler,shayler	F	0
شیله	shileh	F	0
شیما	shima	F	0
شیماء	shimaa	F	0
شیمازهرا	shimazahra	F	0
شیمن	sheyman	F	0
شیمه	shime	F	0
شیمی	shimi	F	0
شینا	shina	F	0
شیناب	shinab	F	0
شیناز	shinaz	F	0
شیواء	shiva	F	0
شیوادخت	shivadokht	F	0
شیوار	shivar	F	0
شیوال	shival	F	0
شیوان	shivan	F	0
شیون	shivon	F	0
شیوه	shiveh,shive	F	0
شییر	shir	F	0
صائبه	saebeh	F	0
صائم	saem	F	0
صائمه	saeme	F	0
صائن	saen	F	0
صاباح	sabah	F	0
صابره	sabereh	F	0
صابرین	saberin	F	0
صابیه	sabiyeh	F	0
صاتح	sateh	F	0
صاتلح	satalh	F	0
صاح	sah	F	0
صاحاب	sahab	F	0
صاحب	saheb	F	0
صاحبجان	sahebjan	F	0
صاحبعلی	sahabali	F	0
صاحبه	sahebe	F	0
صاحره	sahareh	F	0
صاحیعلی	sahiali	F	0
صاد	sad	F	0
صادا	sada	F	0
صادرق	sadragh	F	0
صادشق	sadegh	F	0
صادقعلی	sadeqali	F	0
صادقه	sadegheh	F	0
صادنا	sadna	F	0
صارق	sareq	F	0
صارم	sarem	F	0
صاعب	sa'eb	F	0
صاعد	saeed	F	0
صاعده	sadeh	F	0
صافورا	safoura	F	0
صافیه	safiyeh	F	0
صالحه	salehe	F	0
صالحین	salehin	F	0
صامت	samet	F	0
صامد	samed	F	0
صامده	samedeh	F	0
صامر	samer	F	0
صامعه	sam'e	F	0
صانو	sano	F	0
صایاد	sayyad	F	0
صایب	sayeb	F	0
صایبه	saybeh	F	0
صاید	sayed	F	0
صایر	sayr	F	0
صایم	sayem	F	0
صایما	sayma	F	0
صایمه	saymeh	F	0
صاین	sayen	F	0
صاینا	sayena	F	0
صباح	sabah	F	0
صباحت	sabahat	F	0
صباحعلی	saba'ali	F	0
صبار	sabar	F	0
صبحان	sabhan	F	0
صبحده	sabahdeh	F	0
صبحعلی	sobhali	F	0
صبحگل	sobhgol	F	0
صبر	sabr	F	0
صبرا	sabra	F	0
صبرالدین	sabraldin	F	0
صبرالله	sabrullah	F	0
صبراله	sabrollah	F	0
صبرعلی	sabreali	F	0
صبرناز	sabrnaz	F	0
صبره	sabreh	F	0
صبرگل	sabargol	F	0
صبرین	sabrin	F	0
صبرینا	sabrina	F	0
صبرینه	sabrine,sabrineh	F	0
صبریه	sabriyeh	F	0
صبورا	sabura	F	0
صبوره	sabureh	F	0
صبیح	sabih	F	0
صبیحه	sabihe	F	0
صبیر	sobeyr	F	0
صبیره	sabireh	F	0
صبیه	sabiyeh,sabiyyeh	F	0
صجه	sajeh	F	0
صحاب	sahab	F	0
صحابعلی	sahabali	F	0
صحابه	sahabe	F	0
صحاح	sahah	F	0
صحاره	sahareh	F	0
صحبت	sohbat	F	0
صحبتالله	sohbatollah	F	0
صحبتعلی	sohbatali	F	0
صحرا	sahra	F	0
صحراب	sahraab	F	0
صحرابگ	sahraabg	F	0
صحنعلی	sahnaali	F	0
صحو	sahv	F	0
صحیب	sohayb	F	0
صحیبه	sahibe	F	0
صدا	seda	F	0
صدابه	sadabeh	F	0
صداق	sadaq	F	0
صداله	sadaollah	F	0
صدام	saddam	F	0
صدبعلی	sadbali	F	0
صدبقه	sadbeqeh	F	0
صدرا	sadra	F	0
صدرالدین	sadroddin	F	0
صدرالله	sadrollah	F	0
صدراله	sadrollah	F	0
صدران	sadran	F	0
صدریجان	sadrijan	F	0
صدریه	sadrieh	F	0
صدف	sadaf	F	0
صدفناز	sadafnaz	F	0
صدق	sedeq	F	0
صدقع	sedaqat	F	0
صدقعلی	sedeqali	F	0
صدقه	sadaqe	F	0
صدقیه	sadeghieh	F	0
صدپر	sadpar	F	0
صدی	sadi	F	0
صدیده	sadideh	F	0
صدیف	sadef	F	0
صدیفه	sadefeh	F	0
صدیقا	sedigha	F	0
صدیقعلی	sediqali	F	0
صدیقه	sediqe,seddighe	F	0
صدیقهی	sadeghi	F	0
صدیه	sadiyeh	F	0
صذیقه	sadiqe	F	0
صراحی	sorahi	F	0
صراط	serat	F	0
صرفنار	sarfnar	F	0
صرفناز	sarfnaz	F	0
صریال	saryal	F	0
صریحه	sariheh	F	0
صریر	sarir	F	0
صریقه	sariqe	F	0
صزه	sazeh	F	0
صطفی	sotfi	F	0
صعاد	sa'ad	F	0
صعد	sa'd	F	0
صعدون	sa'dun	F	0
صعرا	sa'ra	F	0
صعود	sa'ood	F	0
صغرا	soghra	F	0
صغرابیگم	soghrabigam	F	0
صغررا	soghra	F	0
صغره	soghra	F	0
صغری	soghra	F	0
صغریب	saqrib	F	0
صغر‌ی	soghray	F	0
صغزی	soghzi	F	0
صغفرعلی	soghraali	F	0
صغوره	soghoreh	F	0
صغی	soghi	F	0
صغیه	soghieh	F	0
صفاء	safaa	F	0
صفات	sefaat	F	0
صفاعلی	safaei	F	0
صفامحمد	safamohammad	F	0
صفت	sefat	F	0
صفتر	saftar	F	0
صفدر	safdar	F	0
صفدرقلی	safdarqoli	F	0
صفرا	safra	F	0
صفرتاج	safrataaj	F	0
صفردردی	safrdardi	F	0
صفردوردی	safrdoordi	F	0
صفرره	sefrreh	F	0
صفرععلی	sefrali	F	0
صفرعلی	safarali	F	0
صفرقلی	safargholi	F	0
صفرقلیچ	safarghalich	F	0
صفرگل	sefrgol	F	0
صفرگلدی	seforgoldi	F	0
صفقلی	safghali	F	0
صفه	safeh	F	0
صفوان	safvan	F	0
صفوت	safvat	F	0
صفور	safour	F	0
صفورا	safura	F	0
صفوراء	safoura	F	0
صفورال	safural	F	0
صفوران	safuran	F	0
صفوره	safureh	F	0
صفوری	safouri	F	0
صفیا	safiya	F	0
صفیار	safyar	F	0
صفیالدین	safiyyoddin	F	0
صفیالله	safiyyollah	F	0
صفیحه	safiheh	F	0
صفیر	safir	F	0
صفیره	safireh	F	0
صفیعلی	safiali	F	0
صفیه	safieh,safiye	F	0
صفیهه	safieh	F	0
صفییه	safiyeh	F	0
صقری	saqri	F	0
صلا	sala	F	0
صلات	salat	F	0
صلاتین	salatin	F	0
صلاح	salah	F	0
صلاحالدین	salahoddin	F	0
صلبر	salbar	F	0
صلبی	salbi	F	0
صلبیه	salbiyeh	F	0
صلح	solh	F	0
صلدق	sadeq	F	0
صلوه	salveh	F	0
صلیمه	salimeh	F	0
صمانه	samaneh	F	0
صمت	samet	F	0
صمد	samad	F	0
صمدالله	samadollah	F	0
صمداله	samadollah	F	0
صمدد	samad	F	0
صمدعلی	samadali	F	0
صمسام	samsam	F	0
صمصام	samsam	F	0
صمندر	samandar	F	0
صمید	samid	F	0
صمیر	samir	F	0
صمیرا	samira	F	0
صمیعه	samiyeh	F	0
صمیم	samim	F	0
صمیمه	samimeh	F	0
صمیه	somayeh	F	0
صنا	sana	F	0
صناء	sana	F	0
صنبر	sanbar	F	0
صنعان	sanan	F	0
صنعت	san'at	F	0
صنقلی	sangali	F	0
صنم	sanam	F	0
صنمبر	sanambar	F	0
صنوبر	senowbar	F	0
صنورا	sanavara	F	0
صنیع	sanie	F	0
صنیعا	saniea	F	0
صهاف	sahaf	F	0
صهباء	sahba	F	0
صهمورث	sahmorath	F	0
صهیب	sohayb,sohaib	F	0
صهید	sohayd	F	0
صوت	soot	F	0
صودابه	soodabeh	F	0
صورا	soura	F	0
صورت	soorat	F	0
صورتعلی	sooratali	F	0
صوره	sooreh	F	0
صوفا	sofa	F	0
صوفیا	sufiya,sofia	F	0
صوفیه	sufiyeh	F	0
صولتعلی	sowlatali	F	0
صوما	soma	F	0
صونا	sowna	F	0
صونابکم	sonabakam	F	0
صونه	suneh	F	0
صونیا	sonia	F	0
صگر	sagar	F	0
صیاح	siyah	F	0
صیادالله	seyyadollah	F	0
صیاداله	seyyadollah	F	0
صیاده	siyadeh	F	0
صیام	siyam	F	0
صیانه	siyaneh	F	0
صیبه	seybeh	F	0
صید	seyd	F	0
صیدا	sayda	F	0
صیداملک	sayyidamalek	F	0
صیدجمال	sayyidjamal	F	0
صیدنازار	saydnazar	F	0
صیدنظر	seyednazar	F	0
صیدنورالدین	seydnoraldin	F	0
صیدکریم	sayyidkarim	F	0
صیدیقه	seyyedeh	F	0
صیدین	seydin	F	0
صیذق	seydeq	F	0
صیفعلی	seyfali	F	0
صیفه	sifeh	F	0
صیفور	seyfour	F	0
صییقه	seyqeh	F	0
ضابط	zabet	F	0
ضابطه	zabiteh	F	0
ضافر	zafar	F	0
ضامن	zamen	F	0
ضامنعلی	zamanali	F	0
ضاهر	zaher	F	0
ضحا	zoha	F	0
ضحاد	zahad	F	0
ضحاک	zahak	F	0
ضحی	zoha	F	0
ضرار	zarar	F	0
ضربان	zarban	F	0
ضربعلی	zarbaali	F	0
ضرغامه	zarghameh	F	0
ضرقام	zarqam	F	0
ضزغام	zargham	F	0
ضعیفه	za'ifeh	F	0
ضعیم	za'im	F	0
ضغرا	zoghra	F	0
ضغری	zoghri	F	0
ضمبر	zambr	F	0
ضمیره	zamireh	F	0
ضهراب	zahraab	F	0
ضهربانو	zahrabanu	F	0
ضوالفغار	zavalfaghar	F	0
ضیا	zia,ziya	F	0
ضیاءالحق	ziyaolhagh	F	0
ضیاءالدین	ziyaoddin,zia'aldin	F	0
ضیاءالله	ziaollah	F	0
ضیاءاله	ziaollah	F	0
ضیاءعلی	ziaali	F	0
ضیاد	ziyad	F	0
ضیافت	ziyafat	F	0
ضیالدین	ziaoddin	F	0
ضیاله	ziaollah	F	0
ضیاوالحق	ziaolhaq	F	0
ضیای	ziya	F	0
ضیایدین	ziyauddin	F	0
ضیغم	zigham,zeygham	F	0
طائر	taer	F	0
طائف	taef	F	0
طابان	taban	F	0
طاجیه	tajieh	F	0
طار	tar	F	0
طارف	taref	F	0
طارق	taregh	F	0
طارود	tarud	F	0
طاطارقلی	tatarqoli	F	0
طاعره	ta'areh	F	0
طاغندردی	taghandardi	F	0
طافیه	tafieh	F	0
طاقتعتی	taaqatiati	F	0
طالوت	talut	F	0
طالیا	taliya	F	0
طامارا	tamara	F	0
طاها	taha	F	0
طاهاسپنتا	tahasepanta	F	0
طاهاعماد	tahaemad	F	0
طاهرا	tahra	F	0
طاهرالدین	taheralddin	F	0
طاهرز	taherz	F	0
طاهرمحمد	tahermohammad	F	0
طاهره	tahere	F	0
طاهریه	tahariyeh	F	0
طاهزه	tahze	F	0
طاهعره	tahereh	F	0
طاوس	tavus	F	0
طاووس	tavus	F	0
طایف	tayef	F	0
طایل	tayel	F	0
طایمز	taymz	F	0
طباطبا	tabataba	F	0
طبیعت	tabiat	F	0
طبیه	tabiyeh	F	0
طذهر	tazhar	F	0
طراوت	taravat	F	0
طرب	tarab	F	0
طرحان	tarhan	F	0
طرخان	torkhan	F	0
طرف	taraf	F	0
طرفان	tarfan	F	0
طرفه	tarfeh	F	0
طرق	taraq	F	0
طرلان	tarlan	F	0
طرما	tarma	F	0
طرنان	tornan	F	0
طره	toreh	F	0
طرهان	torhan	F	0
طریبه	taribe	F	0
طریفه	tarife	F	0
طعامه	ta'ameh	F	0
طعمه	ta'ameh	F	0
طعیم	ta'im	F	0
طعیمه	ta'imeh	F	0
طغاترکان	toghatarkan	F	0
طغاتیمور	toghatimur	F	0
طغان	toghan	F	0
طغرل	toghrol	F	0
طغری	toghra	F	0
طغیه	toghieh	F	0
طلا	tala	F	0
طلابانو	talabano	F	0
طلاسان	talasan	F	0
طلال	talal	F	0
طلاناز	talanaz	F	0
طلایه	talaye,talayeh	F	0
طلایی	talayi	F	0
طلب	talab	F	0
طلحه	talheh	F	0
طلعت	taleat	F	0
طلعه	tal'eh	F	0
طلعیر	talir	F	0
طلیعه	talieeh,talieh	F	0
طلیعیه	talieyeh	F	0
طماسب	tamasb	F	0
طمراس	tamras	F	0
طمغاج	tamghaj	F	0
طناز	tannaz	F	0
طنازال	tanazal	F	0
طنان	tannan	F	0
طنگهی	tangahi	F	0
طنین	tanin	F	0
طه	tah	F	0
طهامه	tahameh	F	0
طهران	tehran	F	0
طهماس	tahmas	F	0
طهماسب	tahmasb	F	0
طهماسپ	tahmasp	F	0
طهمان	tahman	F	0
طهمز	tahmaz	F	0
طهمورث	tahmures	F	0
طهمورس	tahmours	F	0
طهمینه	tahmineh	F	0
طهور	tahur	F	0
طهورا	tahura	F	0
طهورافاطمه	tahurafatemeh	F	0
طهورث	tahoorath	F	0
طهورپ	tahoorp	F	0
طهیه	tahieh	F	0
طواق	tavaq	F	0
طوبا	tuba	F	0
طوبی	tuba	F	0
طورات	tavrat	F	0
طوران	turan	F	0
طورنا	torna	F	0
طورگ	tovorg	F	0
طوس	tus	F	0
طوش	tosh	F	0
طوطی	toti	F	0
طوطیا	totiya	F	0
طوطیانوش	tutiyanush	F	0
طوعه	tuee	F	0
طوف	toof	F	0
طوفان	tufan	F	0
طولان	tulan	F	0
طولای	toulai	F	0
طومار	tumar	F	0
طویجان	tavijan	F	0
طویقلی	tavighli	F	0
طیاربگ	tayyarbag	F	0
طیببه	tayebeh	F	0
طیبعلی	tayebali	F	0
طیبه	tayebeh,tayyebe	F	0
طیره	tireh	F	0
طیفور	tayfour	F	0
طیلا	tila	F	0
طیمور	teymur	F	0
طینوش	tinosh	F	0
طیهوج	tayhuj	F	0
طیوب	tayub	F	0
ظافر	zafer	F	0
ظاهر	zaher	F	0
ظاهره	zahereh	F	0
ظرغام	zargham	F	0
ظرفیه	zarfiyeh	F	0
ظریفت	zarifat	F	0
ظریفه	zarife,zarifeh	F	0
ظزیفه	zarifeh	F	0
ظعفر	za'far	F	0
ظفر	zafar	F	0
ظفرالله	zafarollah	F	0
ظفرداد	zafardad	F	0
ظفردخت	zafardokht	F	0
ظفره	zafareh	F	0
ظفز	zafaz	F	0
ظلیمه	zalimeh	F	0
ظهراب	zohraab	F	0
ظهرالدین	zohroddin	F	0
ظهور	zohur	F	0
ظهوره	zohoreh	F	0
ظهیر	zahir	F	0
ظهیرالدین	zahiroddin	F	0
ظهیره	zahireh	F	0
عابت	abat	F	0
عابث	abeth	F	0
عابداله	abdollah	F	0
عابده	abedeh	F	0
عابر	aaber	F	0
عابس	abes	F	0
عابی	aabi	F	0
عاتقه	ateqeh	F	0
عاتمتاج	atamtaaj	F	0
عاتکه	atekeh	F	0
عاجی	aaji	F	0
عاد	ad	F	0
عادلرضا	adelreza	F	0
عادله	adele	F	0
عادلیه	adeliyeh	F	0
عادی	adi	F	0
عادیات	adiyat	F	0
عادیکه	adikeh	F	0
عاذل	azl	F	0
عارص	aars	F	0
عارفه	arefe	F	0
عارفهزهرا	arefehzahra	F	0
عارم	aarem	F	0
عاریه	aariyeh	F	0
عازفه	azafeh	F	0
عازم	azam	F	0
عازیز	aziz	F	0
عاسیه	asiyeh	F	0
عاشر	asher	F	0
عاشق	ashegh	F	0
عاشور	ashur	F	0
عاشورا	ashura	F	0
عاشورتاج	ashourtaj	F	0
عاشورجان	ashourjan	F	0
عاشوردردی	ashourdardi	F	0
عاشورعلی	ashourali	F	0
عاشورقلی	ashourgholi	F	0
عاشورگلدی	ashourgoldi	F	0
عاشیه	ashiyeh	F	0
عاصف	asef	F	0
عاصفه	asefeh	F	0
عاصم	asem	F	0
عاصمه	aseme	F	0
عاصی	aasi	F	0
عاصیه	asiyeh	F	0
عاطف	atef	F	0
عاطفه	atefe	F	0
عاطمه	atieh	F	0
عاطی	ati	F	0
عاطیه	aatiyeh	F	0
عاظفه	azafeh	F	0
عاف	aaf	F	0
عافت	aafat	F	0
عافیه	aafieh	F	0
عاقبت	aaghebat	F	0
عاقله	aghele	F	0
عالانی	alani	F	0
عالم	alam	F	0
عالمتاب	alemtab	F	0
عالمتاج	alametaj	F	0
عالمه	alemeh	F	0
عاله	aaleh	F	0
عالهه	aaleh	F	0
عالیا	aaliya	F	0
عالیه	aliye,aliyeh	F	0
عامان	aman	F	0
عامر	amer	F	0
عامره	amereh	F	0
عامل	amel	F	0
عامنه	amaneh	F	0
عاموس	amos	F	0
عامیل	amil	F	0
عاکف	akef	F	0
عاکول	akool	F	0
عای	ayi	F	0
عایدین	ayidin	F	0
عایش	ayesha	F	0
عایشه	ayeshe,ayesha	F	0
عایشیه	aayeshieh	F	0
عایله	ayleh	F	0
عبااس	abbas	F	0
عباد	ebad	F	0
عبادالله	ebadollah	F	0
عباداله	ebadollah	F	0
عبادت	ebadat	F	0
عبادعلی	ebadali	F	0
عبادلله	abdollah	F	0
عبادله	ebadollah	F	0
عباست	abast	F	0
عباسعبی	abbasabi	F	0
عباسعتی	abbasati	F	0
عباسغلی	abbasgholi	F	0
عباسقلی	abbasgholi	F	0
عباصلت	abasalt	F	0
عبالجلیل	abuljalil	F	0
عبالحامد	abulhamid	F	0
عبالحسن	abulhasan	F	0
عبالحسین	abulhossain	F	0
عبالحمید	abalhamid	F	0
عبالخالق	abalkhaliq	F	0
عبالخلیل	abalkhalil	F	0
عبالرحیم	abalrahim	F	0
عبالرزاق	abdolrazag	F	0
عبالزهرا	abalzahra	F	0
عبالعزیز	abdolaziz	F	0
عبالعظیم	abdolazim	F	0
عبالغنی	abulghani	F	0
عبالقادیر	abulqadir	F	0
عبالله	abdollah	F	0
عبالمجید	abulmajid	F	0
عبالمحسن	abulmohsen	F	0
عبالمطلب	abalmatlab	F	0
عبالمنصور	abalmansur	F	0
عبالناصر	abalnasir	F	0
عبالنبی	abalnabi	F	0
عباله	abaleh	F	0
عبای	abayi	F	0
عبایت	abayat	F	0
عبتس	abtas	F	0
عبد	abd	F	0
عبدا	abd	F	0
عبدااعلی	abdali	F	0
عبدااه	abdallah	F	0
عبداباسط	abdabasit	F	0
عبداباقی	abdabaqi	F	0
عبدابصر	abdabasr	F	0
عبدابه	abdabe	F	0
عبداتجبار	abdatajbar	F	0
عبداته	abdate	F	0
عبداحسن	abdahassan	F	0
عبداحسین	abdolhossein	F	0
عبداخضر	abdakhzar	F	0
عبداخیر	abdakhir	F	0
عبدارضا	abdarza	F	0
عبداسلیم	abdalsalim	F	0
عبداشید	abdashid	F	0
عبداعلی	abdali	F	0
عبداغیاث	abdaghiyath	F	0
عبدالآزاد	abdolazad	F	0
عبدالاحد	abdolahad	F	0
عبدالاحسان	abdolahsan	F	0
عبدالاحمد	abdolahmad	F	0
عبدالاسلام	abdoleslam	F	0
عبدالالاه	abdollah	F	0
عبدالالله	abdollah	F	0
عبدالاله	abdollah	F	0
عبدالامام	abdolimam	F	0
عبدالامر	abdolamehr	F	0
عبدالامری	abdolamri	F	0
عبدالامید	abdolamid	F	0
عبدالامیر	abdolamir	F	0
عبدالامین	abdolamin	F	0
عبدالانبی	abdolanbi	F	0
عبدالاه	abdollah	F	0
عبدالاهادی	abdollahadi	F	0
عبدالاهد	abdolahad	F	0
عبدالایوب	abdolayoub	F	0
عبدالباب	abdolbab	F	0
عبدالبادی	abdolbadi	F	0
عبدالباری	abdolbari	F	0
عبدالباسط	abdolbaset	F	0
عبدالباصد	abdolbaset	F	0
عبدالباقر	abdolbaqer	F	0
عبدالباقی	abdolbaghi	F	0
عبدالبشیر	abdolbashir	F	0
عبدالبصیر	abdolbasir	F	0
عبدالبلال	abdolbalal	F	0
عبدالبنی	abdolbani	F	0
عبدالته	abdoltaah	F	0
عبدالجار	abdoljar	F	0
عبدالجاسم	abdoljassem	F	0
عبدالجبار	abodoljabbar	F	0
عبدالجباری	abdoljabbari	F	0
عبدالجلال	abdoljalal	F	0
عبدالجلبل	abdoljalil	F	0
عبدالجلیل	abodoljalil,abdoljalil	F	0
عبدالجمال	abdoljamal	F	0
عبدالجمیل	abdoljamal	F	0
عبدالجواد	abdoljavad	F	0
عبدالجی	abdoljii	F	0
عبدالجیل	abdoljalil	F	0
عبدالحاد	abdolhadi	F	0
عبدالحافظ	abdolhafez	F	0
عبدالحامد	abdolhamid	F	0
عبدالحبیب	abdolhabib	F	0
عبدالحجت	abdolhajjat	F	0
عبدالحد	abdolhadi	F	0
عبدالحسن	abdolhasan	F	0
عبدالحسنت	abdolhasan	F	0
عبدالحسین	abdolhossein	F	0
عبدالحصاب	abdolhossein	F	0
عبدالحصیر	abdolhossein	F	0
عبدالحفیظ	abdolhossein	F	0
عبدالحق	abdolhagh	F	0
عبدالحلیم	abdolhalim,abdolhamim	F	0
عبدالحمد	abdolhamid	F	0
عبدالحمن	abdolrahman	F	0
عبدالحمید	abdolhamid	F	0
عبدالحنان	abdolhanan	F	0
عبدالحکیم	abdolhakim	F	0
عبدالحکیکم	abdolhakeem	F	0
عبدالحی	abdolhay	F	0
عبدالحیف	abdolhayef	F	0
عبدالحیم	abdolhamid	F	0
عبدالحیمد	abdolhamid	F	0
عبدالحیکم	abdolhakim	F	0
عبدالخاق	abdolkhagh	F	0
عبدالخالد	abdolkhaleq	F	0
عبدالخالق	abdolkhalegh	F	0
عبدالخبیر	abdolkhabeer	F	0
عبدالختم	abdolkhatm	F	0
عبدالخدر	abdolkhodr	F	0
عبدالخذر	abdolkhodr	F	0
عبدالخضر	abdolkhodr	F	0
عبدالخضیر	abdolkhazir	F	0
عبدالخلاق	abdolkhalaq	F	0
عبدالخلق	abdolkhalegh	F	0
عبدالخلیل	abdolkhaliq	F	0
عبدالخنان	abdolkhanaan	F	0
عبدالخیل	abdolkhayl	F	0
عبدالدنیا	abdoldonya	F	0
عبدالرازق	abdolrazagh	F	0
عبدالراشد	abdolrashed	F	0
عبدالرافع	abdorrafee	F	0
عبدالرب	abdolrab	F	0
عبدالربی	abdolrabbi	F	0
عبدالرحمان	abdolrahman	F	0
عبدالرحمت	abdolrahmat	F	0
عبدالرحمن	abdolrahman	F	0
عبدالرحیم	abdolrahim	F	0
عبدالرزاق	abdolrazzagh	F	0
عبدالرسول	abdolrasol	F	0
عبدالرضا	abdorreza	F	0
عبدالرفیع	abdolrafi'	F	0
عبدالرقیب	abdolraqeeb	F	0
عبدالرمان	abdolrahman	F	0
عبدالرهرا	abdolrahra	F	0
عبدالرکریم	abdolkarim	F	0
عبدالریوف	abdolreyouf	F	0
عبدالزمان	abdolzaman	F	0
عبدالزهرا	abdolzahra	F	0
عبدالزهراء	abdolzahra	F	0
عبدالساده	abdolsadeh	F	0
عبدالسالم	abdolsalam	F	0
عبدالسام	abdolsam	F	0
عبدالسبحان	abdolsabhan	F	0
عبدالسخید	abdolsokhid	F	0
عبدالسلام	abdossalam	F	0
عبدالسمعی	abdolsam'i	F	0
عبدالسمعیع	abdolsamiei	F	0
عبدالسمیع	abdolsamie	F	0
عبدالسمیغ	abdolsamigh	F	0
عبدالشمس	abdolshams	F	0
عبدالشهید	abdolshahid	F	0
عبدالصاحب	abdolsaheb	F	0
عبدالصدیق	abdolsadiq	F	0
عبدالصمد	abdolsamad	F	0
عبدالضا	abdolzadeh	F	0
عبدالطاهر	abdoltaher	F	0
عبدالطیف	abdoltayef	F	0
عبدالظاهر	abdolzaher	F	0
عبدالظهیر	abdolzahir	F	0
عبدالظیم	abdolazim	F	0
عبدالع	abdolalh	F	0
عبدالعارف	abdol'aref	F	0
عبدالعالی	abdolali	F	0
عبدالعباد	abdolabbas	F	0
عبدالعباس	abdolabbas	F	0
عبدالعدود	abdoladud	F	0
عبدالعزیر	abdolaziz	F	0
عبدالعزیز	abdolaziz	F	0
عبدالعزیزی	abdolaziz	F	0
عبدالعضیم	abdolazim	F	0
عبدالعظیم	abdolazim	F	0
عبدالعفیف	abdolaziz	F	0
عبدالعقفور	abdolaqfour	F	0
عبدالعلا	abdolala	F	0
عبدالعلیم	abdolalim	F	0
عبدالعمیر	abdolamir	F	0
عبدالعنان	abdol'anan	F	0
عبدالعی	abdolali	F	0
عبدالغار	abdolghar	F	0
عبدالغفار	abdolghffar	F	0
عبدالغفور	abdolghafar	F	0
عبدالغقار	abdolghafar	F	0
عبدالغنی	abdolghani	F	0
عبدالغور	abdolghoor	F	0
عبدالغیاث	abdolghiyas	F	0
عبدالغیوم	abdolghayoom	F	0
عبدالفتاح	abdolfttah	F	0
عبدالفغور	abdolfaghoor	F	0
عبدالفقار	abdolfaghar	F	0
عبدالفهور	abdolfahoor	F	0
عبدالفیض	abdolfazl	F	0
عبدالقادر	abdolghader	F	0
عبدالقادیر	abdolqadir	F	0
عبدالقاسد	abdolqased	F	0
عبدالقاسم	abdolqasem	F	0
عبدالقاهر	abdolghaher	F	0
عبدالقایم	abdolqayem	F	0
عبدالقبار	abdolqabar	F	0
عبدالقدوس	abdolqoddoos	F	0
عبدالقدیر	abdolqadir	F	0
عبدالقربان	abdolqorban	F	0
عبدالقفار	abdolghafar	F	0
عبدالقفور	abdolqafur	F	0
عبدالقمیش	abdolqomish	F	0
عبدالقهار	abdolqahhar	F	0
عبدالقوس	abdolqaws	F	0
عبدالقیاس	abdolghiyas	F	0
عبدالقیوم	abdolqayoum	F	0
عبداللطیف	abdollatif	F	0
عبداللمطلب	abdollamatlab	F	0
عبدالله	abdollah	F	0
عبداللهع	abdollah	F	0
عبداللهه	abdollah	F	0
عبدالماجد	abdolmajed	F	0
عبدالمالک	abdolmalek	F	0
عبدالمبین	abdolmobin	F	0
عبدالمتقیم	abdolmotaghiem	F	0
عبدالمتین	abdolmatin	F	0
عبدالمجید	abdolmajid	F	0
عبدالمجیید	abdolmajid	F	0
عبدالمحرم	abdolmahram	F	0
عبدالمحسن	abdolmohsen	F	0
عبدالمحمد	abdolmohammad	F	0
عبدالمحمدریوف	abdolmohammadriouf	F	0
عبدالمحممد	abdolmahammad	F	0
عبدالمحمود	abdolmahmood	F	0
عبدالمحید	abdolmohid	F	0
عبدالمسعود	abdolmasoud	F	0
عبدالمطب	abdolmatab	F	0
عبدالمطلب	abdolmotalleb	F	0
عبدالمعز	abdolmoez	F	0
عبدالمعید	abdolmoeid	F	0
عبدالمعین	abdolmoein	F	0
عبدالمقصود	abdolmaqsud	F	0
عبدالملب	abdolmalek	F	0
عبدالملک	abdolmalek	F	0
عبدالمناف	abdolmanaf	F	0
عبدالمنان	abdolmanan	F	0
عبدالمنصور	abdolmansour	F	0
عبدالمنعم	abdolmanem	F	0
عبدالمنهم	abdolmanham	F	0
عبدالمنیر	abdolmonir	F	0
عبدالمهدی	abdolmahdi	F	0
عبدالمولا	abdolmola	F	0
عبدالمولود	abdolmolood	F	0
عبدالمومن	abdolmomen	F	0
عبدالمومنی	abdolmomeni	F	0
عبدالمید	abdolmohammad	F	0
عبدالمیر	abdolmir	F	0
عبدالنادر	abdolnader	F	0
عبدالناصر	abdolnasir	F	0
عبدالنبی	abdolnabi	F	0
عبدالنصیر	abdolnasir	F	0
عبدالنظام	abdolnizam	F	0
عبدالنعم	abdolna'im	F	0
عبدالنعمت	abdolna'mat	F	0
عبدالنعیم	abdolna'im	F	0
عبدالنور	abdolnur	F	0
عبدالنوید	abdolnavid	F	0
عبدالهادی	abdolhadi	F	0
عبدالهاشم	abdolhashem	F	0
عبدالهدی	abdolhadi	F	0
عبدالهلی	abdollahli	F	0
عبدالواجب	abdolvajeb	F	0
عبدالواجد	abdolvajed	F	0
عبدالواحد	abdolvahed	F	0
عبدالواد	abdolvavad	F	0
عبدالواست	abdolvaast	F	0
عبدالواسط	abdolvaset	F	0
عبدالواسع	abdolvasee	F	0
عبدالواصد	abdolvaset	F	0
عبدالواهاب	abdolvahhab	F	0
عبدالواهب	abdolvaheb	F	0
عبدالوحد	abdolvahed	F	0
عبدالوحید	abdolvahid	F	0
عبدالودود	abdolvadood	F	0
عبدالوسع	abdolvas'	F	0
عبدالولی	abdolvali	F	0
عبدالوهاب	abdolvahhab	F	0
عبدالوهدی	abdolvahdi	F	0
عبدالوکیل	abdolvaqil	F	0
عبدالچیل	abdolchil	F	0
عبدالکادر	abdolkhader	F	0
عبدالکاظم	abdolkhazem	F	0
عبدالکبیر	abdolkabir	F	0
عبدالکریم	abdolkarim	F	0
عبدالکمال	abdolkamal	F	0
عبدالکیم	abdolkim	F	0
عبدالیار	abdalyar	F	0
عبدامحمد	abdolmohammad	F	0
عبدامنان	abdamanan	F	0
عبدانبی	abdanbi	F	0
عبدانعیم	abdolna'im	F	0
عبدانور	abdanur	F	0
عبداواجب	abdavajeb	F	0
عبداواحد	abdavahed	F	0
عبداکبر	abdakbar	F	0
عبداکریم	abdakarim	F	0
عبداکلریم	abdaklarim	F	0
عبدراله	abdollah	F	0
عبدرضا	abdoreza	F	0
عبدشاه	abdshah	F	0
عبدعلی	abdali	F	0
عبدل	abdol	F	0
عبدلا	abdollah	F	0
عبدلاعماد	abdollahmad	F	0
عبدلالعزیز	abdollahaziz	F	0
عبدلامام	abdolmamam	F	0
عبدلامناف	abdolmanaf	F	0
عبدلامیر	abdolamir	F	0
عبدلاه	abdollah	F	0
عبدلباق	abdolbaq	F	0
عبدلباقی	abdolbaqi	F	0
عبدلجبار	abdoljabar	F	0
عبدلجلیل	abdoljalil	F	0
عبدلحسن	abdolhasan	F	0
عبدلحسین	abdolhossein	F	0
عبدلحمید	abdolhamid	F	0
عبدلحکیم	abdolhakim	F	0
عبدلرحمان	abdolrahman	F	0
عبدلرشید	abdolrasheed	F	0
عبدلرضا	abdolreza	F	0
عبدلزهرا	abdolzahra	F	0
عبدلشریف	abdolsharif	F	0
عبدلصداقت	abdolsedaghat	F	0
عبدلطاهر	abdoltaher	F	0
عبدلعزیز	abdolaziz	F	0
عبدلعلی	abdolali	F	0
عبدلغفور	abdolghafour	F	0
عبدلقادر	abdolghader	F	0
عبدلقاسم	abdolqasim	F	0
عبدلقیوم	abdolqayoom	F	0
عبدللاه	abdollah	F	0
عبدلله	abdollah	F	0
عبدلمجید	abdolmajid	F	0
عبدلمحمد	abdolmohammad	F	0
عبدلمیر	abdolmir	F	0
عبدلناصر	abdolnasir	F	0
عبدلنبی	abdolnabi	F	0
عبدله	abdollah	F	0
عبدلواحد	abdolvahed	F	0
عبدلوحید	abdolvahid	F	0
عبدلکریم	abdolkarim	F	0
عبدمحمد	abdolmohammad	F	0
عبدوالخالد	abdolkhaleq	F	0
عبدوالرسول	abdolrasool	F	0
عبدوالقادر	abdolghader	F	0
عبدوالله	abdollah	F	0
عبدوالوان	abdolvalvaan	F	0
عبدوالکریم	abdolkarim	F	0
عبدولباسط	abdolbaset	F	0
عبدولرسوق	abdolrasool	F	0
عبدولله	abdollah	F	0
عبدویس	abdavis	F	0
عبذالجلیل	abduljalil	F	0
عبذالحسین	abdolhossein	F	0
عبذالعظیم	abdolazim	F	0
عبذالغفار	abdulghaffar	F	0
عبذالغنی	abdulghani	F	0
عبذالله	abdollah	F	0
عبذالمحمد	abdolmohammad	F	0
عبرالله	abdollah	F	0
عبراله	abdollah	F	0
عبراهیم	ebrahim	F	0
عبرت	ebrat	F	0
عبلجلیل	abuljalil	F	0
عبلحسن	abulhasan	F	0
عبلدالرضا	abdolreza	F	0
عبلس	ables	F	0
عبلسعلی	ablesa'li	F	0
عبود	aboud	F	0
عبیاله	abiyaleh	F	0
عبید	abid,obeid	F	0
عبیدالله	obeydollah	F	0
عبیداله	obeidollah	F	0
عبیدعلی	obaidali	F	0
عبیده	abideh	F	0
عبیر	abir	F	0
عبیرضا	abirza	F	0
عبیس	abis	F	0
عتابک	atabek	F	0
عتاس	atas	F	0
عترت	etrat	F	0
عتی	ati	F	0
عتیرضا	atirza	F	0
عتیق	atiq	F	0
عتیقه	atiqe	F	0
عثمان	osman	F	0
عثمت	esmat	F	0
عثنر	othnar	F	0
عجب	ajab	F	0
عدالحمید	adalhamid	F	0
عدالرحمان	adalalrahman	F	0
عدالکریم	adalkarim	F	0
عدایل	adail	F	0
عدلیه	adliyeh	F	0
عدم	adam	F	0
عدن	adn	F	0
عدنا	adna	F	0
عدنان	adnan	F	0
عدی	oday	F	0
عدیل	adil	F	0
عدیله	adileh,adile	F	0
عذار	azar	F	0
عذت	ezzat	F	0
عذرا	azra	F	0
عذراء	azra	F	0
عذری	azri	F	0
عذیه	azieh	F	0
عراز	araz	F	0
عرازبردی	arazbardi	F	0
عرازدردی	arazdardi	F	0
عرازدوردی	arazdordi	F	0
عرازقربان	arazqorban	F	0
عرازقلی	arazgholi	F	0
عرازگل	arazgol	F	0
عراک	arak	F	0
عربعلی	arba'ali	F	0
عرش	arsh	F	0
عرشعلی	arshali	F	0
عرشیا	arshiya,arshia	F	0
عرشیان	arshiyan,arshian	F	0
عرشیه	arshieh	F	0
عرضا	arza	F	0
عرضعلی	arzali	F	0
عرف	aref	F	0
عرفات	arafat	F	0
عرفانه	erfane	F	0
عرفه	arafe	F	0
عروج	oroj	F	0
عروجعلی	oroojali	F	0
عروجقلی	oroojgholi	F	0
عروس	aroos	F	0
عروشا	arosha	F	0
عریز	ariz	F	0
عریفه	arefeh	F	0
عرینب	arinab	F	0
عزا	aza	F	0
عزاز	azaz	F	0
عزالدین	ezoddin,azaldin	F	0
عزالله	azollah	F	0
عزالنسا	ezolnesa	F	0
عزاله	azaleh	F	0
عزت	ezzat	F	0
عزتالاه	aztaalah	F	0
عزتالله	ezzatollah	F	0
عزتاله	ezzatollah	F	0
عزتالهی	ezzatollahi	F	0
عزتعلی	aztaali	F	0
عزته	ezzat	F	0
عزتیه	ezzatieh	F	0
عزت‌الله	ezzatollah	F	0
عزرا	ezra	F	0
عزراخاتون	azrakhatoon	F	0
عزری	azari	F	0
عززیز	aziz	F	0
عزعز	az'az	F	0
عزل	azl	F	0
عزیالدین	azizaldin	F	0
عزیر	azir	F	0
عزیرخانم	azirkhanom	F	0
عزیره	azireh	F	0
عزیزافاق	azizafaq	F	0
عزیزالاه	azizollah	F	0
عزیزالدین	azizoddin	F	0
عزیزالله	azizollah	F	0
عزیزاله	azizollah	F	0
عزیزبانو	azizbanoo	F	0
عزیزبک	azizbek	F	0
عزیزبگ	azizbeg	F	0
عزیزخان	azizkhan	F	0
عزیزعلی	azizali	F	0
عزیزقلی	azizgholi	F	0
عزیزمراد	azizmorad	F	0
عزیزه	azizeh	F	0
عزیزکرم	azizkaram	F	0
عزیم	azim	F	0
عزیمه	azimeh	F	0
عسد	asad	F	0
عسدالله	asadollah	F	0
عسل	asal	F	0
عسنان	asnan	F	0
عسکر	askar	F	0
عسگر	asgar	F	0
عسگرعلی	asgarali	F	0
عشا	esha	F	0
عشرات	esharat	F	0
عشرت	eshrat	F	0
عشعلی	esh'ali	F	0
عشق	eshgh	F	0
عشقعلی	eshqali	F	0
عشقلی	eshghali	F	0
عشن	ashan	F	0
عشور	ashur	F	0
عشیر	ashir	F	0
عشیره	ashireh	F	0
عشیشیه	eshishiyeh	F	0
عصام	esam	F	0
عصامالدین	esamoddin	F	0
عصت	asat	F	0
عصرا	asra	F	0
عصم	asam	F	0
عصما	asma	F	0
عصمات	esmat	F	0
عصمت	esmat	F	0
عصنو	asnav	F	0
عصومه	osumeh	F	0
عصکت	askat	F	0
عصیم	asim	F	0
عضت	azat	F	0
عضد	azod	F	0
عضدالدین	ozodaldin	F	0
عضدالملک	ozdalmolk	F	0
عضرا	azra	F	0
عضری	azari	F	0
عضظیم	azim	F	0
عضمت	azmat	F	0
عضنفر	aznafar	F	0
عضیم	azim	F	0
عطا	ata	F	0
عطاء	ata	F	0
عطاءالته	ata'ollah	F	0
عطاءالله	ataollah	F	0
عطاءاله	ataollah	F	0
عطاب	atab	F	0
عطابخش	atabakhsh	F	0
عطابک	atabak	F	0
عطابگ	atabeg	F	0
عطاحسین	atahossein	F	0
عطادردی	atadardi	F	0
عطاره	attareh	F	0
عطاقلیچ	ataghalich	F	0
عطالرحمن	ataalrahman	F	0
عطالله	atollah,ataollah	F	0
عطاله	ataollah,atallah	F	0
عطامحمد	atamohammad	F	0
عطامعلی	atamali	F	0
عطاوردی	atavardi	F	0
عطاکش	atakesh	F	0
عطایلا	atayla	F	0
عطرآگین	atragin	F	0
عطرا	atra	F	0
عطرسای	atrsay	F	0
عطره	atra	F	0
عطرگل	atragol	F	0
عطریا	atriya	F	0
عطریجان	atryjan	F	0
عطرین	atrin	F	0
عطرینه	atrine	F	0
عطریه	atriyeh	F	0
عطهره	atahre	F	0
عطوف	atuf	F	0
عطوفت	otufat	F	0
عطوفه	otufeh	F	0
عطیبه	atibeh	F	0
عطیفه	atifeh	F	0
عطیقه	atigheh	F	0
عطیه	attiye,atiyeh	F	0
عطییه	atiyeh	F	0
عظرا	azra	F	0
عظری	azri	F	0
عظم	azam	F	0
عظما	azma	F	0
عظماء	azma'aa	F	0
عظمت	azmat	F	0
عظمیه	azmiyeh	F	0
عظیم	azim	F	0
عظیما	azima	F	0
عظیمه	azimeh	F	0
عظیمیه	azimieh	F	0
ععبداله	abdollah	F	0
ععظیم	azim	F	0
ععلیرضا	alireza	F	0
عغیغه	aghigheh	F	0
عفاف	afaf	F	0
عفت	effat	F	0
عفتبیگم	efatbigham	F	0
عفر	afar	F	0
عفرا	afra	F	0
عفیف	afif	F	0
عفیفالدین	afifoddin	F	0
عفیفقه	afeqeh	F	0
عفیفه	afife,afifeh	F	0
عفیقه	afiqe	F	0
عقت	oghat	F	0
عقدس	aqdas	F	0
عقیده	aghideh	F	0
عقیق	aqiq,aghigh	F	0
عقیقه	aghighe,aqiqeh	F	0
عقیل	aghil,aqil	F	0
عقیلعلی	aghilali	F	0
عقیله	aghile	F	0
علا	ala	F	0
علاء	alaa	F	0
علاءدین	alaaedin	F	0
علاسعلی	alasali	F	0
علالدین	ala'aldin	F	0
علام	alam	F	0
علامحسین	alamhossein	F	0
علامرضا	alamreza	F	0
علامعلی	alamali	F	0
علاهن	alahen	F	0
علای	alay	F	0
علایدین	alaydin	F	0
علایرضا	alireza	F	0
علایی	alayi	F	0
علبی	alabi	F	0
علثیرضا	alireza	F	0
علدالحمید	aldalhamid	F	0
علدالرحمن	aldalrahman	F	0
علرضا	alireza	F	0
علریضا	alireza	F	0
علطفه	oltefeh	F	0
علع	alal	F	0
علعرضا	alarza	F	0
علف	alef	F	0
علقلی	alqali	F	0
علم	elm	F	0
علمار	almar	F	0
علمالهدی	alamolhoda	F	0
علمشاه	alamshah	F	0
علمقلی	alamqoli	F	0
علمناز	alamnaz	F	0
علمه	almeh	F	0
علمیردان	elmirdaan	F	0
علمیه	elmieh	F	0
علنقی	alnaghi	F	0
علهام	alham	F	0
علوان	alvan	F	0
علویه	alaviyeh	F	0
علیا	olya	F	0
علیاء	aliya	F	0
علیاد	aliad	F	0
علیار	aliyar	F	0
علیاصغر	aliasghar	F	0
علیاکبر	aliakbar	F	0
علیب	alib	F	0
علیباز	alibaz	F	0
علیباکبر	alibakbar	F	0
علیتا	alita	F	0
علیث	alith	F	0
علیجان	alijan	F	0
علیحسن	alihasan	F	0
علیداد	alidad	F	0
علیدوست	alidoust	F	0
علیراد	alirad	F	0
علیراض	alireza	F	0
علیرام	aliram	F	0
علیربضا	alireza	F	0
علیرحم	alirehmat	F	0
علیررضا	alireza	F	0
علیرزا	alireza	F	0
علیرصا	alireza	F	0
علیرضا	alireza,alizda	F	0
علیرضاعلیرضا	alireza	F	0
علیسا	alisa	F	0
علیسینا	alisina	F	0
علیش	alish	F	0
علیشا	alisha	F	0
علیشان	alishan	F	0
علیشاه	alishah	F	0
علیشیر	alishir	F	0
علیصالح	alisaleh	F	0
علیضا	aliza	F	0
علیعرفان	alierfan	F	0
علیقلی	aliqoli	F	0
علیم	alim	F	0
علیما	alima	F	0
علیمحمد	alimahd	F	0
علیمراد	alimrad	F	0
علیمردان	alimardan	F	0
علیمه	alime,alimeh	F	0
علیمیرزا	alimirza	F	0
علینظر	alinazar	F	0
علیه	aliyeh	F	0
علیهان	alihan	F	0
علیوردی	aliordi	F	0
علیپاشا	alipasha	F	0
علیکرم	alekram	F	0
علیگل	aligol	F	0
علی‌نقی	alinaghi	F	0
عل‌ی	ali	F	0
عما	ama	F	0
عمادالدین	emadoddin	F	0
عمادالملک	emadolmolk	F	0
عمادحسین	emadhossein	F	0
عمادرضا	emadreza	F	0
عمادعلی	emadali	F	0
عمادمحمد	emadmohammad	F	0
عمار	ammar	F	0
عمالدین	amaldin	F	0
عمان	oman	F	0
عماندودی	omandoodi	F	0
عمانوئیل	amanoeil	F	0
عمانی	omani	F	0
عمد	omd	F	0
عمر	omar	F	0
عمرالله	omarollah	F	0
عمراله	omrollah	F	0
عمران	emran	F	0
عمرانعلی	omranali	F	0
عمراه	omrah	F	0
عمرنبی	omranabi	F	0
عمرو	amro	F	0
عمصت	amset	F	0
عمه	ameh	F	0
عمید	amid	F	0
عمیدالدین	amidaldin,amidoddin	F	0
عمیدمهدی	amidmahdi	F	0
عنات	anat	F	0
عناد	anad	F	0
عنایتالله	enayatollah	F	0
عنایتاله	enayatollah	F	0
عنایت‌الله	enayatollah	F	0
عنبر	anbar	F	0
عنبربو	anbarbu	F	0
عنبرطلا	anbartala	F	0
عنبرپری	anbarpari	F	0
عنقا	angha	F	0
عنلی	anli	F	0
عنور	anvar	F	0
عنیف	anif	F	0
عهداله	ahdollah	F	0
عهدیه	ahdiyeh,ahdieh	F	0
عهلیرضا	ahlireza	F	0
عهود	ohood	F	0
عهیدیه	ahidieh	F	0
عواد	avad	F	0
عواطف	avatef	F	0
عورج	avorj	F	0
عوره	aureh	F	0
عورینب	avarinab	F	0
عوض	avaz	F	0
عوضعلی	avazali	F	0
عوضعی	avazi	F	0
عوفی	aofi	F	0
عون	awn	F	0
عونعلی	awnali	F	0
عوید	avid	F	0
عویس	oveis	F	0
عپدالله	abdollah	F	0
عکاشه	akashe	F	0
عی	ey	F	0
عیاد	ayad	F	0
عیاز	ayaz	F	0
عیاسعلی	ayasali	F	0
عیاش	ayash	F	0
عیاض	eiad	F	0
عیامین	yamin	F	0
عیان	ayan	F	0
عیجان	eyjan	F	0
عید	eid	F	0
عیدالله	eidollah	F	0
عیده	eideh	F	0
عیدیمحمد	eidimohammad	F	0
عیرضا	arezda	F	0
عیس	eys	F	0
عیسا	isa	F	0
عیسحق	isaq	F	0
عیسی	isa	F	0
عیشغلی	eshghali	F	0
عیل	eil	F	0
عینا	ayna	F	0
عینالله	eynollah	F	0
عیواض	eyvaz	F	0
عیوب	oyoob	F	0
عیوض	eyvaz	F	0
عیوضعلی	eyvazali	F	0
غابد	ghabd	F	0
غاتفر	ghatfar	F	0
غاثر	ghaather	F	0
غادل	ghadil	F	0
غارف	gharef	F	0
غازان	ghazan	F	0
غازی	ghazi	F	0
غافل	ghafel	F	0
غالب	ghaleb	F	0
غالمحسین	ghalamhossein	F	0
غالمرضا	ghalmorza	F	0
غالیه	ghalieh	F	0
غامرضا	ghamreza	F	0
غامعلی	ghamali	F	0
غانم	ghanem	F	0
غانیه	ghaniye,ghaniyeh	F	0
غایب	ghayeb	F	0
غایبعلی	ghaybali	F	0
غباد	ghabad	F	0
غباس	ghabas	F	0
غبداله	ghoddaollah	F	0
غبیبه	ghabibe	F	0
غتام	ghatam	F	0
غتامرضا	ghatamreza	F	0
غدرمعلی	ghadramali	F	0
غدیر	ghadir	F	0
غدیرعلی	ghadirali	F	0
غدیره	ghadireh	F	0
غذرا	ghazra	F	0
غرامرز	gharamraz	F	0
غردین	ghardin	F	0
غرغ	ghorgh	F	0
غرنراله	ghornaallah	F	0
غرهاد	gharhad	F	0
غرور	ghorur	F	0
غریبعلی	gharibaali	F	0
غریبه	gharibe	F	0
غریزه	gharizeh	F	0
غزال	ghazal	F	0
غزاله	ghazale	F	0
غزانه	ghazaneh	F	0
غزت	ghazat	F	0
غزل	ghazal	F	0
غزلک	ghazalak	F	0
غزنفر	ghazanfir	F	0
غزوه	ghazve	F	0
غزیز	ghaziz	F	0
غزیزالله	ghazizollah	F	0
غزیزاله	ghazizaleh	F	0
غزیزه	ghazizeh	F	0
غضبان	ghazban	F	0
غضفر	ghazfar	F	0
غضنفر	ghazanfir	F	0
غظنفر	ghaznfar	F	0
غظیم	ghazim	F	0
غظیمه	ghazimeh	F	0
غعلامعلی	gholamali	F	0
غفار	ghaffar	F	0
غفارعلی	ghafarali	F	0
غفران	ghofran	F	0
غفلر	ghaflar	F	0
غفور	ghafur	F	0
غفورسارلی	ghavorsarli	F	0
غفورقلیچ	ghafurgholich	F	0
غفوره	ghafureh	F	0
غقار	ghaqar	F	0
غلامجسین	gholamhossein	F	0
غلامحسن	gholamhossein	F	0
غلامحسی	gholamhossein	F	0
غلامحسیبن	gholamhossein	F	0
غلامحسین	gholamhossein	F	0
غلامحیدر	gholamheidar	F	0
غلامحیسن	gholamhossein	F	0
غلامرذضا	gholamreza	F	0
غلامرسول	gholamrasool	F	0
غلامرصا	gholamreza	F	0
غلامرض	gholamreza	F	0
غلامرضا	gholamreza	F	0
غلامسخی	gholamsakhi	F	0
غلامسین	gholamsin	F	0
غلامشاه	gholamshah	F	0
غلامضا	gholamza	F	0
غلامعباس	gholamabbas	F	0
غلامعیاس	gholamoyas	F	0
غلامغلی	gholamgholi	F	0
غلامقادر	gholamghader	F	0
غلاممحسین	gholamhossein	F	0
غلامکرضا	gholamkarza	F	0
غلاورضا	ghalavreza	F	0
غللامعلی	gholamali	F	0
غلمحسین	gholamhossein	F	0
غلمرضا	gholamreza	F	0
غلمعلی	gholamali	F	0
غلی	gholi	F	0
غلیه	ghalieh	F	0
غمزه	ghamzeh	F	0
غمگذار	ghamgozar	F	0
غنج	ghanj	F	0
غنجی	ghanji	F	0
غنضنفر	ghanazanfir	F	0
غنفر	ghanfar	F	0
غنچه	ghoncheh	F	0
غنیم	ghanim	F	0
غنیمت	ghanimat	F	0
غنیمه	ghanimeh	F	0
غنیه	ghaniyeh	F	0
غواض	ghavaz	F	0
غوشرت	ghoshret	F	0
غوغا	ghogha	F	0
غیاث	ghyas,ghiyas	F	0
غیاثالدین	ghiyasoddin	F	0
غیاثعلی	ghyasali	F	0
غیاسعلی	ghyasali	F	0
غیبت	ghaybat	F	0
غیبعلی	gheybali	F	0
غیث	ghaith	F	0
غیده	ghideh	F	0
غیر	gheyr	F	0
غیرت	ghayrat	F	0
غیسی	gheysi	F	0
غیضعلی	ghayzali	F	0
غیوب	ghioub	F	0
فؤاد	foad	F	0
فؤادمهدی	foadmahdi	F	0
فاءزه	fa'ezeh	F	0
فاءمه	faameh	F	0
فائحه	fa'ehe	F	0
فائز	faez	F	0
فائزه	faeze	F	0
فائض	faez	F	0
فائضه	fa'ezeh	F	0
فائق	faegh	F	0
فائقه	faeghe	F	0
فاتمه	fatemeh	F	0
فاتن	faten	F	0
فاتک	fatek	F	0
فاتیما	fatima	F	0
فاخته	fakhteh	F	0
فاختک	fakhtak	F	0
فاخرا	fakhra	F	0
فاخره	fakhere	F	0
فادر	fader	F	0
فادل	fadel	F	0
فادی	fadi	F	0
فادیا	fadiya	F	0
فادینا	fadina	F	0
فادیه	fadiye	F	0
فارا	fara	F	0
فاراب	farab	F	0
فاران	faran	F	0
فارد	fared	F	0
فارز	faraz	F	0
فارس	fares	F	0
فارص	fares	F	0
فارغ	fargh	F	0
فارق	fariq	F	0
فارمیس	farmis	F	0
فارناس	farnas	F	0
فارناسس	farnases	F	0
فارناک	farnak	F	0
فارهه	fareheh	F	0
فاروخ	farukh	F	0
فاروغ	farugh	F	0
فاروق	farugh	F	0
فاروپ	faroup	F	0
فاریا	farya	F	0
فاریاب	faryab	F	0
فاریس	faris	F	0
فاسم	fasom	F	0
فاسیروس	fasiros	F	0
فاصل	fasel	F	0
فاصمه	fasmeh	F	0
فاضعلی	fazali	F	0
فاضله	fazeleh	F	0
فاطر	fater	F	0
فاطره	fatereh	F	0
فاطفه	fatefeh	F	0
فاطم	fatemeh	F	0
فاطمعه	fatemeh	F	0
فاطمه	fateme	F	0
فاطمهحورا	fatemehowra	F	0
فاطمهخ	fatemeh	F	0
فاطمهزهرا	fatemezahra	F	0
فاطمهزهره	fatemezohre	F	0
فاطمهزینب	fatemezeynab	F	0
فاطمهسارا	fatemehsara	F	0
فاطمهسبا	fatemesaba	F	0
فاطمهسما	fatemesama	F	0
فاطمهسیما	fatemesima	F	0
فاطمهمحیا	fatememahya	F	0
فاطمهمعصومه	fatemehmaesumeh	F	0
فاطمهنرجس	fatemenarjes	F	0
فاطمهنسا	fatemehnesa	F	0
فاطمهنورا	fatemenura	F	0
فاطمیا	fatemiya	F	0
فاطمیه	fatemieh	F	0
فاطن	faten	F	0
فاطنمه	faatnameh	F	0
فاطنه	faatneh	F	0
فاطهه	faatheh	F	0
فاطی	fati	F	0
فاطیما	fatima	F	0
فاطیمه	fatimeh	F	0
فاظل	fazl	F	0
فاظمه	fazmeh	F	0
فاظیه	fazieh	F	0
فاعزه	fa'zeh	F	0
فاعضه	fa'zeh	F	0
فاعظه	fa'zeh	F	0
فاعقه	fagheh	F	0
فالازر	falazer	F	0
فالح	faleh	F	0
فالق	falegh	F	0
فالقه	faleghe	F	0
فامه	fameh	F	0
فامیل	famil	F	0
فامیله	famileh	F	0
فامینا	famina	F	0
فانزه	fanzeh	F	0
فانوس	fanos	F	0
فانید	fanid	F	0
فانیذ	faniz	F	0
فاکهه	fakeheh	F	0
فایحه	fayeheh	F	0
فایده	faydeh	F	0
فایدیم	faydim,faidim	F	0
فایذه	faizeh	F	0
فایره	fayreh	F	0
فایز	faiz	F	0
فایزه	faizeh	F	0
فایض	faez	F	0
فایضه	faizeh	F	0
فایظ	faiz	F	0
فایظه	faizeh	F	0
فایفه	faifeh	F	0
فایق	fayegh	F	0
فایقه	fayegheh	F	0
فایمه	faymeh	F	0
فایژه	fayjeh	F	0
فاییزه	faayzeh	F	0
فاییک	fayik	F	0
فبدی	fabdi	F	0
فبلعلی	fablali	F	0
فتابه	fatabeh	F	0
فتات	fatat	F	0
فتانه	fattane	F	0
فتایی	fattahi	F	0
فتتاح	fattah	F	0
فتح	fath	F	0
فتحعای	fath'ali	F	0
فتحلعلی	fathali	F	0
فتحلعی	fathlahi	F	0
فتحلی	fathali	F	0
فتحه	fathah	F	0
فتحیه	fathieh	F	0
فتح‌الله	fathollah	F	0
فتعلی	fata'li	F	0
فتنه	fetneh	F	0
فتهعلی	fattahali	F	0
فتی	fati	F	0
فتیحه	fatihe	F	0
فتیه	fatiyeh	F	0
فجر	fajr	F	0
فحت	faht	F	0
فحتعلی	fahtali	F	0
فحد	fahd	F	0
فخامت	fakhamat	F	0
فخرادین	fakhradin	F	0
فخرالزمان	fakhrozzaman	F	0
فخرالسادات	fakhrossadat	F	0
فخرالله	fakhrollah	F	0
فخرالملوک	fakhrolmoluk	F	0
فخرالنسا	fakhronnesa	F	0
فخراله	fakhrollah	F	0
فخرتاج	fakhrtaj	F	0
فخردالین	fakhrdalin	F	0
فخردین	fakhradin	F	0
فخرزمان	fakhrzaman	F	0
فخرعلی	fakhrali	F	0
فخرملوک	fakhrmalook	F	0
فخرگل	fakhrgol	F	0
فخریبن	fakhribin	F	0
فخریه	fakhriye,fakhriyyeh	F	0
فخیم	fakhim	F	0
فخیمه	fakhimeh	F	0
فداعلی	fadaali	F	0
فداک	fadak	F	0
فدایعلی	fadayali	F	0
فدرا	fadra	F	0
فدعم	fada'am	F	0
فدک	fadak	F	0
فدیا	fadya	F	0
فدیله	fadileh	F	0
فرحناز	farhanaz,farahnaz	F	0
فرشته	farshteh,fereshte	F	0
فرصت	forsat	F	0
فرنگیز	farangiz	F	0
فرگل	fargol	F	0
فرآذر	farazar	F	0
فرؤین	farouin	F	0
فرا	farra	F	0
فراب	farab	F	0
فرابرز	faraborz	F	0
فرابین	farabin	F	0
فرات	forat	F	0
فراتاگون	faratagun	F	0
فراته	forate	F	0
فراتین	faratin	F	0
فراحم	faraham	F	0
فراد	farad	F	0
فرادیس	faradis	F	0
فرادین	faradin	F	0
فرارس	fararos	F	0
فرارنگ	fararang	F	0
فرازان	farazan	F	0
فرازانه	farazaneh	F	0
فرازمان	farazman	F	0
فرازنه	farazneh	F	0
فرازین	farazin	F	0
فراس	faras	F	0
فراسیاب	farasiyab	F	0
فراسیاک	farasiyak	F	0
فراصت	faraset	F	0
فراق	faraq	F	0
فراله	faraleh	F	0
فرام	faram	F	0
فرامرز	faramarz	F	0
فرامز	faramez	F	0
فرامزر	faramezar	F	0
فرامک	faramek	F	0
فرامین	faramin	F	0
فران	faran	F	0
فراندخت	farandokht	F	0
فراندوخت	farandokht	F	0
فرانسیس	faransis	F	0
فرانه	farane	F	0
فرانک	faranak	F	0
فرانکه	faranke	F	0
فرانکک	farank	F	0
فرانگیز	farangiz	F	0
فرانگیس	farangis	F	0
فراهاد	farahad	F	0
فراهت	farahat	F	0
فراهل	farahel	F	0
فراهم	faraham	F	0
فراهیم	ferahim	F	0
فراهین	farahin	F	0
فراواز	faravaz	F	0
فراوک	faravak	F	0
فراچهر	farachehr	F	0
فراک	farak	F	0
فرایودین	farayoudin	F	0
فراییم	faraeim	F	0
فرایین	faraein	F	0
فربان	farban	F	0
فربانعلی	farbanali	F	0
فرببرز	farbarz	F	0
فربد	farbod	F	0
فربدعلی	farbodali	F	0
فربده	farbedeh	F	0
فربو	farbo	F	0
فربیا	farbiya	F	0
فربیده	farideh	F	0
فربیرز	farbirz	F	0
فربین	farbin	F	0
فرتاش	fartash	F	0
فرتن	fartan	F	0
فرتوس	fartus	F	0
فرتوک	fartuk	F	0
فرتیام	fartiyam	F	0
فرتیپ	fartip	F	0
فرج	faraj	F	0
فرجالله	farajollah	F	0
فرجاله	farajaleh	F	0
فرجعلی	farajali	F	0
فرجهان	farjahan	F	0
فرجو	farju	F	0
فرجود	farjud	F	0
فرجیه	farajieh	F	0
فرج‌الله	farajollah	F	0
فرحان	farhan	F	0
فرحانه	farhaneh	F	0
فرحانگیز	farahangiz	F	0
فرحبخش	farahbakhsh	F	0
فرحبد	farahbod	F	0
فرحت	farhat	F	0
فرحتاج	farahtaj	F	0
فرحدخت	farahdokht	F	0
فرحدوخت	farhadokht	F	0
فرحروز	farahruz	F	0
فرحزاد	farahzad	F	0
فرحسا	farahsa	F	0
فرحسیما	farahsima	F	0
فرحنار	farhanar	F	0
فرحندوخت	farahandukht	F	0
فرحنز	farahnaz	F	0
فرحنسا	farahnesa	F	0
فرحنوش	farahnush	F	0
فرحه	farah	F	0
فرخاد	farkhad	F	0
فرخان	farkhan	F	0
فرخبخت	farrokhbakht	F	0
فرختاج	farokhtaj	F	0
فرخداد	farrokhdad	F	0
فرخرو	farrokhru	F	0
فرخروز	farrokhruz	F	0
فرخزاد	farrokhzad	F	0
فرخشاد	farakhshad	F	0
فرخعلی	farokhali	F	0
فرخلقا	farrokhlegha	F	0
فرخمهر	farrokhmehr	F	0
فرخناز	farrokhnaz	F	0
فرخندهچهر	farkhondehchehr	F	0
فرخننده	farokhnandeh	F	0
فرخونده	farakhondeh	F	0
فرخپی	farrokhpey	F	0
فرخچهر	farrokhchehr	F	0
فرداد	fardad	F	0
فردار	fardar	F	0
فردان	fardan	F	0
فردانه	fardaneh	F	0
فردعلی	fardali	F	0
فرده	farde	F	0
فردود	fardood	F	0
فردوس	ferdos	F	0
فردوسیه	ferdosieh	F	0
فردیتن	farditan	F	0
فردید	fardid	F	0
فردیده	fardideh	F	0
فردیس	fardis	F	0
فردیسمهر	fardismehr	F	0
فردیسچهر	fardischehr	F	0
فردیک	fardik	F	0
فرزااد	farzaad	F	0
فرزاته	farzateh	F	0
فرزادد	farzad	F	0
فرزادین	farzadin	F	0
فرزالله	farzollah	F	0
فرزاله	farzaleh	F	0
فرزاندخت	farzandokht	F	0
فرزانفر	farzanfar	F	0
فرزانمه	farzanameh	F	0
فرزانمهر	farzanmehr	F	0
فرزانک	farzank	F	0
فرزباد	farzabad	F	0
فرزد	farzad	F	0
فرزدق	farzdagh	F	0
فرزر	farzar	F	0
فرزرانه	farzaraneh	F	0
فرزعلی	farzaali	F	0
فرزلنه	farzaneh	F	0
فرزن	farzan	F	0
فرزناز	farzaneh	F	0
فرزنده	farzandeh	F	0
فرزنه	farzaneh	F	0
فرزوقه	farzoghe	F	0
فرزیان	farzian	F	0
فرزیب	farzib	F	0
فرزینه	farzineh	F	0
فرزیه	farziyeh	F	0
فرسا	farsa	F	0
فرسار	farsar	F	0
فرسام	farsam	F	0
فرسان	forsan	F	0
فرسبا	farsba	F	0
فرستو	farastu	F	0
فرسمن	farasman	F	0
فرسیم	farsim	F	0
فرسیما	farsima	F	0
فرشااد	farshaad	F	0
فرشاسب	farshasb	F	0
فرشام	farsham	F	0
فرشایی	farshayi	F	0
فرشباف	farshbaf	F	0
فرشته‌ی	fereshteh	F	0
فرشد	farshid	F	0
فرشنه	farshneh	F	0
فرشوشتر	farshushtar	F	0
فرشیبد	farshid	F	0
فرشیده	farshideh	F	0
فرشیدورد	farshidvard,farshidord	F	0
فرشیم	farshim	F	0
فرشین	farshin	F	0
فرصاد	forsad	F	0
فرصتعلی	forsatali	F	0
فرض	farz	F	0
فرضال	farzal	F	0
فرضعلی	farzaali	F	0
فرضیه	farziyeh	F	0
فرطوس	fartus	F	0
فرعان	far'aan	F	0
فرغ	fargh	F	0
فرغار	farghar	F	0
فرغان	forghan	F	0
فرغانه	farghaneh	F	0
فرفود	farfood	F	0
فرفید	farfid	F	0
فرق	farg	F	0
فرقان	forghan	F	0
فرقد	farghad	F	0
فرماد	farmad	F	0
فرمان	farman	F	0
فرمانبخش	farmanbakhsh	F	0
فرمانده	farmandeh	F	0
فرمانعلی	farmanali	F	0
فرمد	farmad	F	0
فرمرز	farmarz	F	0
فرمسک	farmask	F	0
فرمناز	farmnaz	F	0
فرمند	farmand	F	0
فرمنش	farmanesh	F	0
فرمهر	farmehr	F	0
فرمیسک	fermisk	F	0
فرمین	farmin	F	0
فرن	faran	F	0
فرناد	farnad	F	0
فرنار	farnar	F	0
فرنازال	farnazal	F	0
فرناس	farnas	F	0
فرناک	farnak	F	0
فرند	ferend	F	0
فرندخت	farandokht	F	0
فرنسا	faransa	F	0
فرنلز	farnaz	F	0
فرنما	farnama	F	0
فرنو	farnu	F	0
فرنواز	farnavaz	F	0
فرنود	farnud	F	0
فرنور	farnur	F	0
فرنوش	farnush	F	0
فرنوشا	farnusha	F	0
فرنک	farank	F	0
فرنکیس	frankis	F	0
فرنگ	farang	F	0
فرنگناز	farangnaz	F	0
فرنگیس	farangis	F	0
فرنی	ferni	F	0
فرنیان	farnian,farniyan	F	0
فرنیک	farnik	F	0
فره	farah	F	0
فرها	farah	F	0
فرهام	farham	F	0
فرهان	farrehan	F	0
فرهانه	farhaneh	F	0
فرهت	farhat	F	0
فرهد	farhad	F	0
فرهدخت	farahdokht	F	0
فرهم	farahm	F	0
فرهماد	farahmad	F	0
فرهمن	farahman	F	0
فرهناز	farahnaz	F	0
فرهند	farahand	F	0
فرهنگدخت	farhangdokht	F	0
فرهود	farhud	F	0
فرهوده	farhude	F	0
فرهور	farrehvar	F	0
فرهوش	farahvash	F	0
فرهوشداد	farhoshdad	F	0
فرهومند	farreumand	F	0
فرهیخته	farhikhte	F	0
فرهید	farhid	F	0
فروان	faravan	F	0
فرواک	farvak	F	0
فروحر	forouhar	F	0
فروخ	forukh	F	0
فرود	forud	F	0
فرودیه	faroodieh	F	0
فرور	farvar	F	0
فرورتیش	farvartish	F	0
فروز	foruz	F	0
فروزا	foruza	F	0
فروزاتون	forozatoon	F	0
فروزجهان	frozjahan	F	0
فروزن	foruzan	F	0
فروزین	foruzin	F	0
فروزینه	frozineh	F	0
فروشنک	forushanak	F	0
فروشی	faravashi	F	0
فروغ	forugh	F	0
فروغاعظم	forughaezam	F	0
فروغالدین	forughoddin	F	0
فروغه	forugh	F	0
فروغیه	forughieh	F	0
فروه	foruh	F	0
فروهل	foruhel	F	0
فروهنده	frohandeh	F	0
فرویدن	froydan	F	0
فرپرک	farparak	F	0
فرگان	fargan	F	0
فرگاه	fargah	F	0
فرگون	fargoon	F	0
فری	fari	F	0
فریا	fariya,farya	F	0
فریاب	faryab	F	0
فریابا	faryaba	F	0
فریاد	faryad	F	0
فریار	faryar	F	0
فریال	feriyal	F	0
فریاله	faryaleh	F	0
فریان	faryan	F	0
فریانه	faryaneh	F	0
فریب	farib	F	0
فریبا	fariba	F	0
فریبات	faribat	F	0
فریبرز	fariborz,faryborz	F	0
فریبز	faribaz	F	0
فریتا	farita	F	0
فریتون	feriton	F	0
فریجاد	farijad	F	0
فریحا	fariha	F	0
فریحناز	farihnaz	F	0
فریدا	farida	F	0
فریدالدین	faridoddin	F	0
فریدحسین	faridhossein	F	0
فریدخت	faridokht	F	0
فریدرضا	faridreza	F	0
فریدمن	faridman	F	0
فریده	farideh,faride	F	0
فریدون	fereydun,fereydoun	F	0
فریدین	faridin	F	0
فریر	farir	F	0
فریرخ	farirokh	F	0
فریرز	farirz	F	0
فریرو	fariru	F	0
فریزه	farizeh	F	0
فریس	faris	F	0
فریسا	farisa	F	0
فریسان	farisan	F	0
فریشا	farisha	F	0
فریشاد	farishad	F	0
فریضه	farizeh	F	0
فریفته	farifteh	F	0
فریق	farigh	F	0
فریم	farim	F	0
فریما	farima	F	0
فریمان	fariman	F	0
فریمانه	farimaneh,farimane	F	0
فریماه	farimah	F	0
فریمن	fariman	F	0
فریمند	farimand	F	0
فریمه	farimeh	F	0
فرین	farin	F	0
فرینا	farina	F	0
فرینار	farinar	F	0
فریناز	farinaaz	F	0
فرینام	farinam	F	0
فرینای	farinay	F	0
فرینو	farinu	F	0
فرینوش	farinoosh	F	0
فریه	faryeh	F	0
فریهام	fariham	F	0
فریوار	farivar	F	0
فریوش	farivash,faryush	F	0
فریون	faryun	F	0
فرییا	faryia	F	0
فرییبعلی	faryabali	F	0
فریین	fariin	F	0
فزء	faz	F	0
فزاد	fazad	F	0
فزانه	fazaneh	F	0
فزراد	fazrad	F	0
فزرانه	fazraneh	F	0
فزشاد	fazhad	F	0
فزشته	fazeshteh	F	0
فزه	fazeh	F	0
فزهاد	fazhad	F	0
فزیبا	faziba	F	0
فزیده	fazideh	F	0
فزیه	fazieh	F	0
فسانه	fasaneh	F	0
فسیح	fasih	F	0
فشین	fashin	F	0
فصحعلی	fas'ali	F	0
فصیح	fasih	F	0
فصیحه	fasihe	F	0
فصیرال	fasiral	F	0
فصیله	fasileh	F	0
فضاله	fazaleh	F	0
فضایل	fazayel	F	0
فضاییل	fazayil	F	0
فضعلی	fazeli	F	0
فضل	fazl	F	0
فضلالله	fazlollah	F	0
فضلیه	fazliyeh	F	0
فضل‌الله	fazlollah	F	0
فضه	fezzeh	F	0
فضیل	fazil	F	0
فضیله	fazileh	F	0
فضیه	fazieh	F	0
فطانه	fataneh	F	0
فطرت	fetrat	F	0
فظه	fazhe	F	0
فظیله	fazileh	F	0
فعاد	foad	F	0
فعیمه	faymeh	F	0
فغان	faghan	F	0
فغستان	faghostan	F	0
ففتحعلی	fattahali	F	0
فقان	faghan	F	0
فقیر	faqir	F	0
فقیهه	faghihe,faqiheh	F	0
فلامرز	flamraz	F	0
فلامک	falamak	F	0
فلاکت	falakat	F	0
فلضل	fazl	F	0
فلطمه	faltameh	F	0
فلق	falagh	F	0
فلمه	falmeh	F	0
فلوار	flavar	F	0
فلور	felor	F	0
فلورا	felora	F	0
فلورانس	florans	F	0
فلوریا	feloriya	F	0
فلوه	falveh	F	0
فلک	falak	F	0
فلیت	feleet	F	0
فلیکس	feliks	F	0
فمر	famar	F	0
فموره	famureh	F	0
فمیمه	fameemeh	F	0
فندق	fandogh	F	0
فنوره	fanureh	F	0
فهام	fahham	F	0
فهامه	fahhame	F	0
فهد	fahd	F	0
فهروز	fahruz	F	0
فهمعلی	fahmali	F	0
فهمه	fahmeh	F	0
فهمینه	fahmineh	F	0
فهمیه	fahmieh	F	0
فهنوش	fahnoosh	F	0
فهیما	fahima	F	0
فهیمه	fahime,fahimeh	F	0
فهیمیه	fahimieh	F	0
فهیه	faheyeh	F	0
فواد	foad	F	0
فواداله	foadollah	F	0
فوادرضا	foadreza	F	0
فوادض	favadz	F	0
فواعد	fava'ed	F	0
فواید	fava'id	F	0
فوریه	foriyeh	F	0
فوزی	fouzi	F	0
فوزیه	fouzieh,fuziye	F	0
فوضیه	fozieh	F	0
فوعاد	fouad	F	0
فولیا	folia	F	0
فومن	fuman	F	0
فوژان	fuzhan	F	0
فوکا	fuka	F	0
فوگان	foghan	F	0
فویاد	foyad	F	0
فویه	fouyeh	F	0
فکرعلی	fekrali	F	0
فیبا	fiba	F	0
فیدان	fidan	F	0
فیران	firan	F	0
فیروره	firouzeh	F	0
فیروزان	firozan	F	0
فیروزر	firoozar	F	0
فیروزش	firoozh	F	0
فیروزعلی	firoozali	F	0
فیروزمهر	firuzmehr	F	0
فیریزه	firizeh	F	0
فیزوز	fizooz	F	0
فیسل	fesl	F	0
فیصل	faisal,feysal	F	0
فیضالله	feyzollah	F	0
فیضاله	feyzollah	F	0
فیضعلی	feyzali	F	0
فیضمحمد	feyzmohammad	F	0
فیضه	fayzeh	F	0
فیضیه	fayzieh	F	0
فیض‌الله	feyzollah	F	0
فیله	fileh	F	0
فیلیپوس	filipus	F	0
فیممه	fimmeh	F	0
فینا	fina	F	0
فیهمه	fihmeh	F	0
فیونا	fiona	F	0
فیکا	fika	F	0
قائد	ghaed	F	0
قائم	ghaem	F	0
قابوس	ghabus	F	0
قابیل	ghabil	F	0
قاجق	qajq	F	0
قادربخش	ghadirbakhsh	F	0
قادل	qadel	F	0
قادی	qadi	F	0
قادیر	qadir	F	0
قارااش	qaraash	F	0
قارجان	qarjan	F	0
قارجه	qarjeh	F	0
قارد	qard	F	0
قارداش	qardash	F	0
قارداشعلی	qardashali	F	0
قارلی	qarli	F	0
قارمحمر	qaramehmar	F	0
قارن	gharen	F	0
قاروق	qarugh	F	0
قارون	gharun	F	0
قاریا	qarya	F	0
قاریاقدی	qaryaqdi	F	0
قارینه	qarineh	F	0
قازان	ghazan	F	0
قاسمعتی	qasemati	F	0
قاسمیه	ghasemieh	F	0
قاسیم	qasim	F	0
قاشم	qashem	F	0
قاصدک	ghasedak	F	0
قاطمه	ghatemeh	F	0
قافلان	qaflan	F	0
قالب	ghalb	F	0
قالسین	galsin	F	0
قالوس	ghalos	F	0
قامتعلی	qamatali	F	0
قانته	ganete	F	0
قانم	ghanem	F	0
قانمه	qanmeh	F	0
قاهر	ghaher	F	0
قاهره	ghahereh	F	0
قاور	ghavr	F	0
قاپی	qapi	F	0
قاچاق	qachaq	F	0
قایلی	qayeli	F	0
قایم	qayem	F	0
قایمه	qaymeh	F	0
قباد	ghobad	F	0
قبضعلی	ghabzali	F	0
قبلعلی	ghablali	F	0
قبلعی	ghablavi	F	0
قبول	ghabul	F	0
قبیله	qabileh	F	0
قتور	qatoor	F	0
قجرخانم	gajarkhanom	F	0
قدر	ghadr	F	0
قدرالله	ghadarallah	F	0
قدراله	ghadrollah	F	0
قدرانه	ghadraneh	F	0
قدرتالله	ghodratollah	F	0
قدرتاله	ghodratollah	F	0
قدرتعلی	ghodratali	F	0
قدریه	ghadriyeh	F	0
قدسیه	ghodsiyeh	F	0
قدم	ghadam	F	0
قدمخیر	ghadamkheyr	F	0
قدمخیز	ghadamkhiz	F	0
قدمعلی	ghadamali	F	0
قدوس	ghoddus	F	0
قدوسه	ghoduseh	F	0
قدوم	ghodom	F	0
قدیر	ghadir	F	0
قدیراله	ghadirollah	F	0
قدیرعلی	ghadirali	F	0
قدیرمحمد	ghadirmohammad	F	0
قدیره	ghadire,ghadireh	F	0
قدیس	ghedis	F	0
قدیسه	qaddiseh,gheddise	F	0
قدیم	ghadim	F	0
قدیمعلی	ghadimali	F	0
قدیمه	ghadimeh	F	0
قراتکین	gharatkin	F	0
قرباان	ghorban	F	0
قرباتعلی	ghorbatali	F	0
قرباعلی	ghorbali	F	0
قربالغلی	ghorbalgholi	F	0
قربامعلی	ghorbamali	F	0
قربانتاج	ghorbantaj	F	0
قرباندردی	ghorbandardi	F	0
قربانسلطان	ghorbansoltan	F	0
قربانعی	ghorbani	F	0
قربانغلی	ghorbanqoli	F	0
قربانقلی	ghorbanqoli	F	0
قربانقلیچ	ghorbanqolich	F	0
قربانمراد	ghorbanmorad	F	0
قربانگل	ghorbangol	F	0
قربانگلدی	ghorbangoldi	F	0
قرباگلدی	ghorbagoldi	F	0
قربت	ghorbat	F	0
قربتعلی	ghorbatali	F	0
قربعلی	ghorbali	F	0
قربلن	ghorbalan	F	0
قرةالعین	ghorratoleeyn	F	0
قرجه	gorjeh	F	0
قرداش	gordash	F	0
قرداشعلی	gordashali	F	0
قرزاد	gharzad	F	0
قرزانه	gharzaneh	F	0
قرمان	ghoraman	F	0
قرنفل	gharanfol	F	0
قره	qareh	F	0
قرهاد	gharhad	F	0
قریانعلی	gharianali	F	0
قریبا	ghariba	F	0
قریبرز	gharibarz	F	0
قریده	gharideh	F	0
قریش	gharish	F	0
قزال	ghazal	F	0
قزبس	qazbas	F	0
قزبست	qazbest	F	0
قزتمام	qaztemam	F	0
قزخانم	ghazkhanom	F	0
قزشید	ghazid	F	0
قزقاید	ghazghaid	F	0
قزقیت	ghazghiyat	F	0
قزقید	ghazghid	F	0
قزنی	ghazni	F	0
قسم	ghasam	F	0
قسمت	ghesmat	F	0
قسمتعلی	ghasemali	F	0
قسمه	ghasmeh	F	0
قسیم	qasim	F	0
قشم	qeshm	F	0
قشمشم	ghashmash	F	0
قشمعلی	ghashmali	F	0
قشنگ	ghashang	F	0
قشون	ghashoon	F	0
قصاب	qassab	F	0
قصه	ghesse	F	0
قصی	qasi	F	0
قصیده	ghasideh	F	0
قضنفر	ghaznfar	F	0
قضه	ghazzeh	F	0
قطب‌الدین	ghotboddin	F	0
قطره	ghatreh	F	0
قطعه	ghat'eh	F	0
قطور	qatoor	F	0
قفاطمه	ghafatemeh	F	0
قفیم	qafim	F	0
قلسم	gholsam	F	0
قلعلی	gholi	F	0
قلم	qalam	F	0
قلنج	golanj	F	0
قلیج	gholij	F	0
قمبر	qambar	F	0
قمر	ghamar	F	0
قمرالزمان	ghamarozzaman	F	0
قمرالملوک	ghamarolmoluk	F	0
قمرتاج	ghamartaj	F	0
قمرجهان	qamarjahan	F	0
قمررخ	qamarrokh	F	0
قمرسلطان	qamarsoltan	F	0
قمرسیما	qamarsima	F	0
قمرعلی	qamarali	F	0
قمرناز	ghamarnaz	F	0
قمرگل	qamargol	F	0
قمصود	qomsud	F	0
قنبر	ghanbar	F	0
قنداب	ghandab	F	0
قندعلی	ghandali	F	0
قنر	ghanar	F	0
قنیمت	ghanimat	F	0
قنیه	ghaniyeh	F	0
قهار	ghahhar	F	0
قهرملن	qahremalan	F	0
قهمان	qahman	F	0
قوامالدین	ghavamoddin	F	0
قوانچ	ghavanch	F	0
قوبان	qoban	F	0
قوتاز	ghavtaz	F	0
قوتلی	ghavtali	F	0
قودوس	qodous	F	0
قوزیه	ghoziyeh	F	0
قوس	ghaus	F	0
قوشت	gosht	F	0
قوشلی	ghoshli	F	0
قوطاس	ghotas	F	0
قول	ghol	F	0
قولاق	gholagh	F	0
قوچعتی	ghoch'ati	F	0
قوچعلی	ghochali	F	0
قویاش	ghaviyash	F	0
قوینلی	ghavini	F	0
قپانی	ghapani	F	0
قپفاطمه	ghafatemeh	F	0
قپونعلی	qapoonali	F	0
قیاس	qiyas	F	0
قیام	ghiam	F	0
قیبری	ghaybari	F	0
قیدار	qaidar	F	0
قیدافه	ghidafeh	F	0
قیدرا	qeidra	F	0
قیده	qideh	F	0
قیزبس	ghizbas	F	0
قیزبست	ghazbest	F	0
قیزقید	ghazghid	F	0
قیس	ghais,ghays	F	0
قیصر	gheysar	F	0
قیطاز	gheitaz	F	0
قیطاس	qeytas	F	0
قیطران	gheytaran	F	0
قیطرن	ghaytaran	F	0
قیطون	gheyton	F	0
قیطونی	qeytooni	F	0
قیل	ghil	F	0
قیمت	ghemat	F	0
قیمتی	ghaymati	F	0
قیمیت	ghaimiyat	F	0
قیه	ghiyeh	F	0
قیوب	qiyub	F	0
قیوم	qayyum	F	0
لؤلؤ	lolo	F	0
لئا	lea	F	0
لابان	laban	F	0
لاجان	lajan	F	0
لاجین	lajin	F	0
لادبن	ladbon	F	0
لادن	ladan	F	0
لار	lar	F	0
لارا	lara	F	0
لارما	larma	F	0
لاریسا	larisa	F	0
لازم	lazem	F	0
لالهدخت	laledokht	F	0
لالهرخ	lalerokh	F	0
لالهرو	laleru	F	0
لالهزار	lalezar	F	0
لالهسار	lalesar	F	0
لالهسان	lalesan	F	0
لالهوش	lalevash	F	0
لالهگون	lalegun	F	0
لامعلی	lamaali	F	0
لامعه	lamee	F	0
لامیا	lamya	F	0
لانیا	lanya	F	0
لاهور	lahor	F	0
لاوان	lavan	F	0
لاون	lavan	F	0
لاوچاک	lavchak	F	0
لاویا	loveya	F	0
لاوین	lavin	F	0
لاچین	lachin	F	0
لایا	laya	F	0
لایذ	layed	F	0
لایقه	layeqeh	F	0
لایلا	layla	F	0
لایه	layeh	F	0
لبابه	lobabe	F	0
لبانه	lobane	F	0
لبخند	labkhand	F	0
لبراهیم	lebrahim	F	0
لبلا	labla	F	0
لبنا	lobna	F	0
لبولفضل	labolfazl	F	0
لبی	labi	F	0
لبیب	labib	F	0
لبینا	labina	F	0
لتکا	letka	F	0
لحسان	lahsan	F	0
لحظه	lahzeh	F	0
لحیا	lahya	F	0
لدرچین	ladrchin	F	0
لدچین	ladchin	F	0
لردا	lorda	F	0
لرزو	larzoo	F	0
لزمان	lazman	F	0
لزگی	lazgi	F	0
لزگین	lazgin	F	0
لسته	lasteh	F	0
لسماعیل	lasma'il	F	0
لشکان	lashkan	F	0
لشکر	lashkar	F	0
لشکران	lashkaran	F	0
لشگراله	lashgaraleh	F	0
لطف	lotf	F	0
لطفالدین	lotfoddin	F	0
لطفالله	lotfollah	F	0
لطفعی	lotfaei	F	0
لطفه	lotfa	F	0
لطف‌الله	lotfollah	F	0
لطیفه	latifeh	F	0
لظفعلی	lazfali	F	0
لعبا	laba	F	0
لعبت	lobat	F	0
لعل	laal	F	0
لعیا	laya	F	0
لغت	loghat	F	0
لفت	left	F	0
لفته	lafte	F	0
لفشین	lafshin	F	0
لفطه	lafteh	F	0
لفمان	lafman	F	0
لفنه	lafneh	F	0
لقا	legha	F	0
لقای	laghay	F	0
لقط	laqat	F	0
لقمان	loghman	F	0
لقمانه	luqmaneh	F	0
للبخش	lalbakhsh	F	0
لله	lallah	F	0
لمیا	lamya,lamia	F	0
لمیر	lamir	F	0
لمیس	lamis	F	0
لمیعه	lamie	F	0
لمین	lamin	F	0
لمیه	lamiyeh	F	0
لنا	lena	F	0
لناز	lanaaz	F	0
لنبک	lambak	F	0
لندینا	landina	F	0
لنیا	leniya	F	0
لهام	leham	F	0
لهاک	lahhak	F	0
لهداد	lehdad	F	0
لهراسب	lohrasb	F	0
لهراسپ	lahrasp	F	0
لهه	leha	F	0
لهون	lahoon	F	0
لوا	lava	F	0
لواده	lavadeh	F	0
لواز	lavaaz	F	0
لوبا	luba	F	0
لوترا	lutara	F	0
لوتوس	lotos	F	0
لورا	lura	F	0
لوران	luran	F	0
لوریس	loris	F	0
لولیتا	lolita	F	0
لون	lon	F	0
لونا	luna	F	0
لوکاس	lukas	F	0
لوکیه	lokiyeh	F	0
لوی	lavi	F	0
لوییزا	loyiza	F	0
لچک	lachak	F	0
لی	li	F	0
لیا	liya	F	0
لیادخت	liyadokht	F	0
لیال	layal	F	0
لیالی	leyali	F	0
لیام	liam	F	0
لیان	lian,layan	F	0
لیانا	layana,liana	F	0
لیای	liya	F	0
لیبرا	libra	F	0
لیبه	libeh	F	0
لیتا	lita	F	0
لیث	leith,lais	F	0
لیدا	lida	F	0
لیدار	lidar	F	0
لیدال	lidaal	F	0
لیده	lida	F	0
لیدیا	lidiya	F	0
لیرا	lyra	F	0
لیزا	liza	F	0
لیزان	lizan	F	0
لیزدا	lizda	F	0
لیسا	lisa	F	0
لیعیا	liya	F	0
لیلا	leyla,leila	F	0
لیلابیگم	lilabigam	F	0
لیلازکیه	leylazakiye	F	0
لیلال	lailal,leilaal	F	0
لیلان	laylan	F	0
لیلای	leila	F	0
لیلماه	lilmah	F	0
لیله	leila	F	0
لیلوه	leilouyeh	F	0
لیلپار	lilpar	F	0
لیلی	leyla	F	0
لیلیا	lilia	F	0
لیلیان	lilyan	F	0
لیلیث	lilis	F	0
لیلین	lilian	F	0
لیلیوم	liliyom	F	0
لیمان	liman	F	0
لیمه	limeh	F	0
لیمو	limo	F	0
لینا	layena	F	0
لینت	linet	F	0
لیندا	linda	F	0
لینه	layene	F	0
لیو	lio	F	0
لیوذا	liyudha	F	0
لیوراد	liorad	F	0
لیوزا	livza,liyooza	F	0
لیوزاد	liyozad	F	0
لیوسا	livsa	F	0
لیونا	liona	F	0
لیوه	liyeh	F	0
لی‌لی	lili	F	0
مأمون	ma'mun	F	0
مأوا	mava	F	0
مؤتمن	motaman	F	0
مؤمنه	momeneh	F	0
ماءالسماء	maolsama	F	0
مائد	maed	F	0
مائده	maede	F	0
مابیبی	mabibi	F	0
ماتا	mata	F	0
ماتان	matan	F	0
ماتیا	matya	F	0
ماتیار	matyar	F	0
ماتیاس	matyas	F	0
ماتیسا	matisa	F	0
ماتیلدا	matilda	F	0
ماتینا	matina	F	0
ماتیکان	matikan	F	0
ماجان	majan	F	0
ماجد	majed	F	0
ماجده	majedeh	F	0
ماحمود	mahmood	F	0
ماحوز	mahoz	F	0
ماخ	makh	F	0
ماداک	madak	F	0
مادح	madeh	F	0
مادر	madar	F	0
مادری	maderi	F	0
مادلن	madelin	F	0
مادیا	madiya	F	0
مادیار	madyar	F	0
ماراسفند	marasfand	F	0
ماراسپند	maraspand	F	0
مارال	maral	F	0
ماران	maran	F	0
مارتا	marta	F	0
مارتیا	martiya	F	0
مارتین	martin	F	0
مارتینا	martina	F	0
مارتیک	martik	F	0
ماردین	mardin	F	0
مارل	marl	F	0
مارلوترا	marlotra	F	0
مارلک	marlak	F	0
مارلی	marli	F	0
مارلیس	marlis	F	0
مارلین	marlin	F	0
مارم	marm	F	0
مارمار	marmar	F	0
ماروسپند	marosepand	F	0
مارک	mark	F	0
مارگاریتا	margatita	F	0
مارگریت	margerit	F	0
ماری	mari	F	0
ماریا	maria	F	0
ماریال	marial	F	0
ماریام	mariam	F	0
ماریان	mariyan	F	0
ماریانا	mariana	F	0
ماریتا	marita	F	0
ماریسا	marisa	F	0
مارین	marin	F	0
مارینا	marina	F	0
ماریه	mariyeh	F	0
ماریو	mario	F	0
مازاده	mazadeh	F	0
مازستا	mazesta	F	0
مازن	mazn	F	0
مازنه	mazneh	F	0
مازولا	mazola	F	0
مازون	mazoon	F	0
مازیا	maziya	F	0
مازیار	mazyar,maziar	F	0
ماسا	masa	F	0
ماسال	masal	F	0
ماسلطان	masaltan	F	0
ماسو	maso	F	0
ماسیس	masis	F	0
ماشاءالله	mashaallah	F	0
ماشاءاله	masha'allah	F	0
ماشاأاله	masha'allah	F	0
ماشالا	masha'allah	F	0
ماشالاه	mashallah,mashaallah	F	0
ماشالله	mashaallah,masha'allah	F	0
ماشاله	masha'allah	F	0
ماشتالله	mashtallah	F	0
ماشگانا	mashgana	F	0
ماعده	ma'edeh	F	0
مالا	mala	F	0
مالت	malt	F	0
مالد	mald	F	0
مالکه	malekeh	F	0
مالیا	maliya	F	0
مامال	mamal	F	0
ماماند	mamand	F	0
مامش	mamesh	F	0
مامن	maman	F	0
مامند	mamand	F	0
مامو	mamo	F	0
مامون	mamoon	F	0
مامک	mamak	F	0
مامکان	mamakan	F	0
مامیثا	mamisa	F	0
مامیک	mamik	F	0
مانا	mana	F	0
ماناد	manad	F	0
مانادخت	manadokht	F	0
ماناسه	manaseh	F	0
مانای	manay	F	0
مانترا	mantara	F	0
مانتره	mantreh	F	0
ماندا	manda	F	0
مانداتا	mandata	F	0
ماندان	mandan	F	0
ماندانا	mandana	F	0
ماندانه	mandane	F	0
ماندخت	mandokht	F	0
ماندلی	mandeli	F	0
ماندنا	mandna	F	0
مانده	mande	F	0
ماندوی	mandavi	F	0
ماندی	mandi	F	0
مانسا	mansa	F	0
مانشت	manshat	F	0
مانل	manel	F	0
مانلی	maneli	F	0
مانلیا	manelia	F	0
مانوئل	manuel	F	0
مانوش	manush	F	0
مانوشا	manusha	F	0
مانوشاک	manushak	F	0
مانوک	manuk	F	0
مانک	manak	F	0
مانگ	manag	F	0
مانگور	mangoor	F	0
مانیا	maniya,mania	F	0
مانیاد	manyad	F	0
مانیار	manyar	F	0
مانیتا	manita	F	0
مانیدا	manida	F	0
مانیسا	manisa	F	0
مانیشا	manisha	F	0
مانیلا	manila	F	0
مانیوک	maniyuk	F	0
مانیکا	manika	F	0
ماه	mah	F	0
ماهآذر	mahazar	F	0
ماهآفرید	mahafarid	F	0
ماهآفرین	mahafarin	F	0
ماها	maha	F	0
ماهان	mahan	F	0
ماهانا	mahana	F	0
ماهانداد	mahandad	F	0
ماهانه	mahaneh	F	0
ماهایا	mahaya	F	0
ماهبخت	mahbakht	F	0
ماهبد	mahbod	F	0
ماهبرزین	mahbarzin	F	0
ماهبری	mahbari	F	0
ماهت	mahat	F	0
ماهتا	mahta	F	0
ماهتاب	mahtab	F	0
ماهتابان	mahtaban	F	0
ماهتابه	mahtabe	F	0
ماهتاج	mahtaj	F	0
ماهتو	mahtoo	F	0
ماهتیتی	mahititi	F	0
ماهتیسا	mahtisa	F	0
ماهتینا	mahtina	F	0
ماهتینار	mahtinar	F	0
ماهجهان	mahjahan	F	0
ماهد	mahed	F	0
ماهداد	mahdad	F	0
ماهدانه	mahdaneh	F	0
ماهدخت	mahdokht	F	0
ماهده	mahede	F	0
ماهدولت	mahdolat	F	0
ماهدیس	mahdis	F	0
ماهرخ	mahrokh	F	0
ماهرخسار	mahrokhsar	F	0
ماهرز	mahraz	F	0
ماهره	mahereh	F	0
ماهرو	mahru	F	0
ماهروخ	mahrokh	F	0
ماهروزه	mahruzeh	F	0
ماهروی	mahruy	F	0
ماهریز	mahriz	F	0
ماهزاد	mahzad	F	0
ماهزر	mahzar	F	0
ماهزنان	mahzanan	F	0
ماهسا	mahsa	F	0
ماهسار	mahsar	F	0
ماهستی	mahsatti	F	0
ماهسون	mahson	F	0
ماهسیما	mahsima	F	0
ماهشاد	mahshad	F	0
ماهشید	mahshid	F	0
ماهصنم	mahsanam	F	0
ماهفروز	mahforuz	F	0
ماهفروغ	mahforugh	F	0
ماهل	mahil	F	0
ماهلی	mahli	F	0
ماهلین	mahlin	F	0
ماهم	maham	F	0
ماهمنظر	mahmanzar	F	0
ماهمنیر	mahmanir	F	0
ماهنا	mahna	F	0
ماهناز	mahnaz	F	0
ماهناک	mahnak	F	0
ماهنسا	mahnesa	F	0
ماهنساء	mahnesa	F	0
ماهنور	mahnur	F	0
ماهنوش	mahnush	F	0
ماهنگار	mahnegar	F	0
ماهنی	mahni	F	0
ماهنیلا	mahnila	F	0
ماهه	maheh	F	0
ماهو	maho	F	0
ماهوار	mahvar	F	0
ماهوت	mahout	F	0
ماهور	mahvar,mahur	F	0
ماهورا	mahoora	F	0
ماهوره	mahureh	F	0
ماهوش	mahvash	F	0
ماهونداد	mahondad	F	0
ماهونیا	mahoniya	F	0
ماهوین	mahvin	F	0
ماهویه	mahuyeh	F	0
ماهپاره	mahpareh	F	0
ماهپری	mahpari	F	0
ماهپیکر	mahpeykar	F	0
ماهچهر	mahchehr	F	0
ماهچهره	mahchehre	F	0
ماهک	mahak	F	0
ماهکان	mahakan	F	0
ماهگل	mahgol	F	0
ماهیار	mahyar	F	0
ماهیدا	mahida	F	0
ماهیدان	mahidan	F	0
ماهیده	mahideh	F	0
ماهیره	mahireh	F	0
ماهیسا	mahisa	F	0
ماهیطلا	mahitla	F	0
ماهیم	mahim	F	0
ماهین	mahin	F	0
ماهینه	mahineh	F	0
ماهیه	mahiyeh	F	0
ماورد	mavard	F	0
ماونداد	mavandad	F	0
ماژان	mazhan	F	0
ماکان	makan	F	0
ماکل	makl	F	0
ماکوان	makvan	F	0
ماگنولیا	magnolia	F	0
مایا	maya	F	0
مایابانو	mayabano	F	0
مایار	mayar	F	0
مایان	mayan	F	0
مایحه	mayheh	F	0
ماید	mayid	F	0
مایدا	mayda	F	0
مایده	maydeh	F	0
مایدی	maydi	F	0
مایسا	maisa,maysa	F	0
مایل	mayel	F	0
مایلا	mayla	F	0
مایم	mayam	F	0
مایکا	maika	F	0
مایکل	maykel	F	0
مباح	mabah	F	0
مباحعلی	mabahali	F	0
مبارز	mobarez	F	0
مبارزالدین	mobarazaldin	F	0
مبارکعلی	mobarakali	F	0
مبارکه	mobarake	F	0
مبثم	mobtham	F	0
مبرا	mobarra	F	0
مبرجواد	mobarjavad	F	0
مبرز	mobarrez	F	0
مبرواحد	mobarvahed	F	0
مبشره	mobashshereh	F	0
مبعث	mab'ath	F	0
مبلاد	mblad	F	0
مبنا	mabna	F	0
مبید	mobid	F	0
مبینا	mobina	F	0
مبینه	mobineh,mobine	F	0
متاب	matab	F	0
متانت	metanat	F	0
متانه	mataneh	F	0
متایون	matayoon	F	0
مترتضی	motarredzi	F	0
مترضی	motarzi	F	0
متصور	motasavvar	F	0
متضی	motazeh	F	0
متعلم	mot'aallim	F	0
متو	mato	F	0
متوکل	motevakkel	F	0
متی	matti	F	0
متیا	mattia	F	0
متیبه	matibe	F	0
متیرا	matira	F	0
متینا	matina	F	0
متینه	matineh	F	0
مثال	mesal	F	0
مثتانه	mastaneh	F	0
مثلم	maslam	F	0
مثم	matham	F	0
مجاهده	mojahede	F	0
مجبتی	majbati	F	0
مجبد	majid	F	0
مجبوبه	majboobe	F	0
مجبی	majbi	F	0
مجتب	mojtaba	F	0
مجتبا	mojtaba	F	0
مجتبی	mojtaba	F	0
مجتب‌ی	mojtaba	F	0
مجتلبی	mohtalebi	F	0
مجتمع	mojtama	F	0
مجتی	mojtaba	F	0
مجثبی	mohtabi	F	0
مجحمد	mohammad	F	0
مجدالدین	majddoddin	F	0
مجده	mojdeh	F	0
مجدود	majdod	F	0
مجدیه	majdieh	F	0
مجذوب	majzob	F	0
مجرم	mojrem	F	0
مجسد	majassad	F	0
مجلله	mojallale	F	0
مجمود	majmood	F	0
مجنبی	majnabi	F	0
مجی	maji	F	0
مجیب	majid,mojib	F	0
مجیبه	mojibeh	F	0
مجیتی	majiti	F	0
مجید	majid	F	0
مجیدالدین	majidoddin	F	0
مجیداله	majidollah	F	0
مجیدامیر	majidamir	F	0
مجیدرضا	majidreza	F	0
مجیده	majideh	F	0
مجیر	mojir,majir	F	0
مجیرا	mojira	F	0
مجیرالدین	mojiroddin	F	0
مجیید	majid	F	0
محامد	mohammad	F	0
محبتعلی	mohabbatali	F	0
محبته	mohabbeh	F	0
محبه	mohebbeh	F	0
محبوبعلی	mahboubali	F	0
محبوبه	mahbube	F	0
محبوبیه	mahbubieh	F	0
محبوه	mohboue	F	0
محبویه	mohbavieh	F	0
محبیبه	mohabibe	F	0
محتاج	mohtaj	F	0
محتبی	mohtabi	F	0
محترم	mohtaram	F	0
محترمه	mohtarameh	F	0
محتشمه	mohtashameh	F	0
محتصم	mohtasem	F	0
محجل	mahjal	F	0
محجمد	mohammad	F	0
محجوبه	mahjubeh	F	0
محجوره	mahjureh	F	0
محدثه	mohaddese	F	0
محراب	mehrab	F	0
محرابعلی	mehrabali	F	0
محراتب	moharratab	F	0
محراج	mahraj	F	0
محران	mahran	F	0
محرتم	mohratam	F	0
محررم	maharram	F	0
محرعلی	mahraali	F	0
محرم	moharam	F	0
محرمعلی	mohramali	F	0
محرمغلی	moharramgholi	F	0
محرملی	mohramli	F	0
محرمه	mahrameh	F	0
محرویه	mahruyeh	F	0
محرک	moharek	F	0
محزاد	mahzad	F	0
محزز	mahzaz	F	0
محس	mohs	F	0
محسا	mahsa	F	0
محست	mohast	F	0
محستن	mohasten	F	0
محسن	mohsen	F	0
محسنم	mohsenam	F	0
محسنن	mohsen	F	0
محسنه	mohseneh	F	0
محصا	mahsa	F	0
محصون	mahsun	F	0
محفوظ	mahfuz	F	0
محفوظه	mahfuzeh	F	0
محلا	mohalla	F	0
محلقا	mohleqa	F	0
محمبوبه	mahbubeh	F	0
محمت	mohammad	F	0
محمحمدرضا	mohammadreza	F	0
محمدآبتین	mohammadabtin	F	0
محمدآدرین	mohammadadrin	F	0
محمدآراد	mohammadarad	F	0
محمدآراس	mohammadaras	F	0
محمدآرتین	mohammadartin	F	0
محمدآرسام	mohammadarsam	F	0
محمدآرش	mohammadarash	F	0
محمدآرشام	mohammadarsham	F	0
محمدآرمان	mohammadarman	F	0
محمدآرمین	mohammadarmin	F	0
محمدآروین	mohammadarvin	F	0
محمدآریا	mohammadariya	F	0
محمدآریان	mohammadariyan	F	0
محمدآرین	mohammadariyan	F	0
محمدآزاد	mohammadazad	F	0
محمدآیدین	mohammadaydin	F	0
محمدا	mohammad	F	0
محمدابراهیم	mohammadebrahim	F	0
محمداحسان	mohammadehsan	F	0
محمدادریس	mohammadedris	F	0
محمدادیب	mohammadadib	F	0
محمداردلان	mohammadardalan	F	0
محمدارسلان	mohammadarsalan	F	0
محمدارشاد	mohammadershad	F	0
محمدارشام	mohammadarshan	F	0
محمدارشیا	mohammadarshiya	F	0
محمدارمیا	mohammadermiya	F	0
محمداسامه	mohammadosame	F	0
محمداسحاق	mohammadeshagh	F	0
محمداسلام	mohammadeslam	F	0
محمداسماعیل	mohammadesmail	F	0
محمداشکان	mohammadashkan	F	0
محمداعلا	mohammadaela	F	0
محمدافشار	mohammadafshar	F	0
محمدافشین	mohammadafshin	F	0
محمدافضل	mohammadafzal	F	0
محمداقبال	mohammadeghbal	F	0
محمدالله	mohammadollah	F	0
محمدالیاس	mohammadeliyas	F	0
محمدامید	mohammadomid	F	0
محمدامیر	mohammadamir	F	0
محمدامین	mohammadamin	F	0
محمدانور	mohammadanvar	F	0
محمداویس	mohammadoveys	F	0
محمداکبر	mohammadakbar	F	0
محمدایلیا	mohammadiliya	F	0
محمدایمان	mohammadiman	F	0
محمدایوب	mohammadayyub	F	0
محمدب	mohammad	F	0
محمدباراد	mohammadbarad	F	0
محمدباسط	mohammadbast	F	0
محمدباقر	mohammadbagher	F	0
محمدبای	mohammadbaei	F	0
محمدبخش	mohammadbakhsh	F	0
محمدبردی	mohammadbardi	F	0
محمدبرنا	mohammadborna	F	0
محمدبرهان	mohammadborhan	F	0
محمدبسام	mohammadbassam	F	0
محمدبشیر	mohammadbashir	F	0
محمدبصیر	mohammadbasir	F	0
محمدبلال	mohammadbelal	F	0
محمدبنیامین	mohammadbenyamin	F	0
محمدبهراد	mohammadbehrad	F	0
محمدبهروز	mohammadbehruz	F	0
محمدبهزاد	mohammadbehzad	F	0
محمدبهمن	mohammadbahman	F	0
محمدبهنام	mohammadbehnam	F	0
محمدبهنود	mohammadbehnud	F	0
محمدت	mohammad	F	0
محمدتارخ	mohammadtarokh	F	0
محمدتحسین	mohammadtahsin	F	0
محمدتقی	mohammadtaghi,mohaddaqi	F	0
محمدتوحید	mohammadtowhid	F	0
محمدتوفیق	mohammadtowfigh	F	0
محمدتکین	mohammadtakin	F	0
محمدتیام	mohammadtiyam	F	0
محمدث	mohaddes	F	0
محمدثاقب	mohammadsagheb	F	0
محمدثامن	mohammadsamen	F	0
محمدجابر	mohammadjaber	F	0
محمدجان	mohammadjan	F	0
محمدجاوید	mohammadjavid	F	0
محمدجبار	mohammadjabbar	F	0
محمدجسیم	mohammadjasim	F	0
محمدجعفر	mohammadjaefar	F	0
محمدجلال	mohammadjalal	F	0
محمدجلیل	mohammadjalil	F	0
محمدجمال	mohammadjamal	F	0
محمدجمشید	mohammadjamshid	F	0
محمدجمیل	mohammadjamil	F	0
محمدجواد	mohammadjavad	F	0
محمدجوان	mohammadjavan	F	0
محمدحاتم	mohammadhatam	F	0
محمدحافظ	mohammadhafez	F	0
محمدحامد	mohammadhamed	F	0
محمدحامی	mohammadhami	F	0
محمدحبیب	mohammadhabib	F	0
محمدحجت	mohammadhojjat	F	0
محمدحسام	mohammadhesam	F	0
محمدحسان	mohammadhesan	F	0
محمدحسین	mohaddesin,mohammadhossein	F	0
محمدحلیم	mohammadhalim	F	0
محمدحمزه	mohammadhamze	F	0
محمدحمید	mohammadhamid	F	0
محمدحنان	mohammadhannan	F	0
محمدحنیف	mohammadhanif	F	0
محمدحکیم	mohammadhakim	F	0
محمدحیدر	mohammadheydar	F	0
محمدخالد	mohammadkhaled	F	0
محمدخالق	mohammadkhalegh	F	0
محمدخان	mohammadkhan	F	0
محمدخسرو	mohammadkhosrow	F	0
محمدخلیل	mohammadkhalil	F	0
محمدداد	mohammaddad	F	0
محمددارا	mohammaddara	F	0
محمددانش	mohammaddanesh	F	0
محمددانیال	mohammaddaniyal	F	0
محمدداوود	mohammaddavud	F	0
محمددل	mohammaddel	F	0
محمددین	mohammaddin	F	0
محمدذاکر	mohammadzaker	F	0
محمدرئوف	mohammadrauf	F	0
محمدراد	mohammadrad	F	0
محمدرادمان	mohammadradman	F	0
محمدراستین	mohammadrastin	F	0
محمدراشد	mohammadrashed	F	0
محمدرافع	mohammadrafe	F	0
محمدرامان	mohammadraman	F	0
محمدرامتین	mohammadramtin	F	0
محمدرامین	mohammadramin	F	0
محمدرایا	mohammadraya	F	0
محمدرحمان	mohammadrahman	F	0
محمدرحیم	mohammadrahim,mohdarahim	F	0
محمدرسا	mohammadrasa	F	0
محمدرسام	mohammadrassam	F	0
محمدرستگار	mohammadrastgar	F	0
محمدرسول	mohammadrasul	F	0
محمدرشاد	mohammadrashad	F	0
محمدرشه	mohammadrashe	F	0
محمدرشید	mohammadrashid	F	0
محمدرصا	mohammadreza	F	0
محمدرضا	mohammadreza	F	0
محمدرضوان	mohammadrezvan	F	0
محمدرفیع	mohammadrafie	F	0
محمدرفیق	mohammadrafiq	F	0
محمدرهام	mohammadrohham	F	0
محمدریوف	mohammadriouf	F	0
محمدزاهد	mohammadzahed	F	0
محمدزبیر	mohammadzabir	F	0
محمدزمان	mohammadzaman	F	0
محمدزهیر	mohammadzohayr	F	0
محمدزکریا	mohammadzakariya	F	0
محمدساجد	mohammadsajed	F	0
محمدساسان	mohammadsasan	F	0
محمدساعد	mohammadsaed	F	0
محمدسالار	mohammadsalar	F	0
محمدسالم	mohammadsalem	F	0
محمدسام	mohammadsam	F	0
محمدسامان	mohammadsaman	F	0
محمدسامی	mohammadsami	F	0
محمدسامیار	mohammadsamyar	F	0
محمدسانی	mohammadsani	F	0
محمدسبحان	mohammadsobhan	F	0
محمدستار	mohammadsattar	F	0
محمدسجاد	mohammadsajjad	F	0
محمدسدیس	mohammadsedis	F	0
محمدسردار	mohammadsardar	F	0
محمدسرور	mohammadsarvar	F	0
محمدسروش	mohammadsorush	F	0
محمدسعد	mohammadsaed	F	0
محمدسعید	mohammadsaeid	F	0
محمدسعیدی	mohammadsaeidi	F	0
محمدسلمان	mohammadsalman	F	0
محمدسلیم	mohammadsalim	F	0
محمدسلیمان	mohammadsoleyman	F	0
محمدسمیر	mohammadsamir	F	0
محمدسنا	mohammadsana	F	0
محمدسنان	mohammadsenan	F	0
محمدسهراب	mohammadsohrab	F	0
محمدسهند	mohammadsahand	F	0
محمدسهیل	mohammadsoheyl	F	0
محمدسورنا	mohammadsurena	F	0
محمدسویین	mohammadsouyin	F	0
محمدسپهر	mohammadsepehr	F	0
محمدسینا	mohammadsina	F	0
محمدشا	mohammadsha	F	0
محمدشاه	mohammadshah	F	0
محمدشاهد	mohammadshahed	F	0
محمدشاهرخ	mohammadshahrokh	F	0
محمدشاهین	mohammadshahin	F	0
محمدشاکر	mohammadshaker	F	0
محمدشایان	mohammadshayan	F	0
محمدشایگان	mohammadshaygan	F	0
محمدشبیر	mohammadshobayr	F	0
محمدشروین	mohammadshervin	F	0
محمدشریف	mohammadsharif	F	0
محمدشفیع	mohammadshafie	F	0
محمدشفیق	mohammadshafigh	F	0
محمدشمس	mohammadshams	F	0
محمدشهاب	mohammadshahab	F	0
محمدشهرام	mohammadshahram	F	0
محمدشهروز	mohammadshahruz	F	0
محمدشهیار	mohammadshahyar	F	0
محمدشکور	mohammadshakur	F	0
محمدشکیب	mohammadshakib	F	0
محمدصائب	mohammadsaeb	F	0
محمدصابر	mohammadsaber	F	0
محمدصاحب	mohammadsaheb	F	0
محمدصادق	mohammadsadegh	F	0
محمدصالح	mohammadsaleh	F	0
محمدصانع	mohammadsanee	F	0
محمدصبور	mohammadsabur	F	0
محمدصبیر	mohammadsobeyr	F	0
محمدصدرا	mohammadsadra	F	0
محمدصدیق	mohammadsedigh	F	0
محمدصفا	mohammadsafa	F	0
محمدصفی	mohammadsafi	F	0
محمدصلاح	mohammadsalah	F	0
محمدصمیم	mohammadsamim	F	0
محمدضیا	mohammadziya	F	0
محمدطارق	mohammadtaregh	F	0
محمدطالب	mohammadtaleb	F	0
محمدطاهر	mohammadtaher	F	0
محمدطه	mohammadtaha	F	0
محمدطی	mohammadti	F	0
محمدطیب	mohammadtayyeb,mohammadtayeb	F	0
محمدظاهر	mohammadzaher	F	0
محمدظفر	mohammadzafar	F	0
محمدعابد	mohammadabed	F	0
محمدعادل	mohammadadel	F	0
محمدعارف	mohammadaref	F	0
محمدعامر	mohammadamer	F	0
محمدعباس	mohammadabbas	F	0
محمدعدنان	mohammadadnan	F	0
محمدعرشیا	mohammadarshiya	F	0
محمدعرفان	mohammaderfan	F	0
محمدعطا	mohammadata	F	0
محمدعظیم	mohammadazim	F	0
محمدعقیل	mohammadaghil	F	0
محمدعلیم	mohammadalim	F	0
محمدعماد	mohammademad	F	0
محمدعمران	mohammademran	F	0
محمدعمید	mohammadamid	F	0
محمدعیسی	mohammadisa	F	0
محمدغفور	mohammadghafur	F	0
محمدغلی	mohammadgholi	F	0
محمدفؤاد	mohammadfuad	F	0
محمدفائق	mohammadfaegh	F	0
محمدفاتح	mohammadfateh	F	0
محمدفاخر	mohammadfakher	F	0
محمدفاروق	mohammadfarugh	F	0
محمدفاضل	mohammadfazel	F	0
محمدفتاح	mohammadfattah	F	0
محمدفربد	mohammadfarbod	F	0
محمدفرحان	mohammadfarhan	F	0
محمدفردین	mohammadfardin	F	0
محمدفرزاد	mohammadfarzad	F	0
محمدفرزام	mohammadfarzam	F	0
محمدفرزان	mohammadfarzan	F	0
محمدفرزین	mohammadfarzin	F	0
محمدفرساد	mohammadfarsad	F	0
محمدفرشاد	mohammadfarshad	F	0
محمدفرشید	mohammadfarshid	F	0
محمدفرهاد	mohammadfarhad	F	0
محمدفرهام	mohammadfarham	F	0
محمدفرید	mohammadfarid	F	0
محمدفهیم	mohammadfahim	F	0
محمدفیاض	mohammadfayyaz	F	0
محمدفیروز	mohammadfiruz	F	0
محمدقائم	mohammadgham	F	0
محمدقادر	mohammadghader	F	0
محمدقاسم	mohammadghasem	F	0
محمدقاشم	mohammadqasem	F	0
محمدقدیر	mohammadghadir	F	0
محمدقربان	mohammadqorban	F	0
محمدقلیچ	mohammadgholich	F	0
محمدم	mohammad	F	0
محمدماجد	mohammadmajed	F	0
محمدمازیار	mohammadmazyar	F	0
محمدمالک	mohammadmalek	F	0
محمدماهان	mohammadmahan	F	0
محمدماکان	mohammadmakan	F	0
محمدمبین	mohammadmobin	F	0
محمدمتین	mohammadmatin	F	0
محمدمجتبی	mohammadmojtaba	F	0
محمدمجیب	mohammadmojib	F	0
محمدمجید	mohammadmajid	F	0
محمدمجیر	mohammadmojir	F	0
محمدمحتشم	mohammadmohtasham	F	0
محمدمحراب	mohammadmehrab	F	0
محمدمحسن	mohammadmohsen	F	0
محمدمحمود	mohammadmohmod	F	0
محمدمختار	mohammadmokhtar	F	0
محمدمراد	mohammadmorad	F	0
محمدمرتضی	mohammadmorteza	F	0
محمدمرصاد	mohammadmersad	F	0
محمدمسعود	mohammadmaseud	F	0
محمدمسلم	mohammadmoslem	F	0
محمدمسیح	mohammadmasih	F	0
محمدمسیحا	mohammadmasiha	F	0
محمدمشتاق	mohammadmoshtagh	F	0
محمدمصباح	mohammadmesbah	F	0
محمدمصطفی	mohammadmostafa	F	0
محمدمعراج	mohammadmeeraj	F	0
محمدمعز	mohammadmoeez	F	0
محمدمعصوم	mohammadmaesum	F	0
محمدمعید	mohammadmoeid	F	0
محمدمعین	mohammadmoein	F	0
محمدمقصود	mohammadmaghsud	F	0
محمدمنان	mohammadmanan	F	0
محمدمنصور	mohammadmansur	F	0
محمدمنعم	mohammadmonem	F	0
محمدمنیب	mohammadmonib	F	0
محمدمنیر	mohammadmanir	F	0
محمدمهبد	mohammadmahbod	F	0
محمدمهتدی	mohammadmohtadi	F	0
محمدمهدی	mohammadmahdi	F	0
محمدمهدیار	mohammadmahdyar	F	0
محمدمهر	mohammadmehr	F	0
محمدمهراب	mohammadmehrab	F	0
محمدمهراد	mohammadmehrad	F	0
محمدمهران	mohammadmehran	F	0
محمدمهرداد	mohammadmehrdad	F	0
محمدمهرشاد	mohammadmehrshad	F	0
محمدمهزیار	mohammadmahziyar	F	0
محمدمهیار	mohammadmahyar	F	0
محمدموسی	mohammadmusa	F	0
محمدمیثاق	mohammadmisagh	F	0
محمدمیران	mohammadmiran	F	0
محمدمیرزا	mohammadmirza	F	0
محمدمیعاد	mohammadmiead	F	0
محمدمیلاد	mohammadmilad	F	0
محمدمیکائیل	mohammadmikail	F	0
محمدناجی	mohammadnaji	F	0
محمدنادر	mohammadnader	F	0
محمدناصح	mohammadnaseh	F	0
محمدناصر	mohammadnaser	F	0
محمدنافع	mohammadnafee	F	0
محمدنبی	mohammadnabi	F	0
محمدنجات	mohammadnejat	F	0
محمدنجار	mohammadnajar	F	0
محمدنصیر	mohammadnasir	F	0
محمدنظر	mohammadnazar	F	0
محمدنعیم	mohammadnaeim,mohammadna'im	F	0
محمدنقی	mohammadnaghi	F	0
محمدنور	mohammadnoor	F	0
محمدنورالدین	mohammadnuroddin	F	0
محمدنوید	mohammadnavid	F	0
محمدنیما	mohammadnima	F	0
محمدنیکان	mohammadnikan	F	0
محمدهاتف	mohammadhatef	F	0
محمدهادی	mohammadhadi	F	0
محمدهاشم	mohammadhashem	F	0
محمدهامان	mohammadhaman	F	0
محمدهانی	mohammadhani	F	0
محمدهدایت	mohammadhedayat	F	0
محمدهشام	mohammadhesham	F	0
محمدهمام	mohammadhomam	F	0
محمدهمایون	mohammadhomayun	F	0
محمدهورام	mohammadhuram	F	0
محمدهومان	mohammadhuman	F	0
محمدهومن	mohammadhuman	F	0
محمدهیرسا	mohammadhirsa	F	0
محمدوحید	mohammadvahid	F	0
محمدوصال	mohammadvesal	F	0
محمدوفا	mohammadvafa	F	0
محمدوهاب	mohammadvahhab	F	0
محمدوهب	mohammadvahab	F	0
محمدویل	mohammadvil	F	0
محمدپارسا	mohammadparsa	F	0
محمدپاشا	mohammadpasha	F	0
محمدپایا	mohammadpaya	F	0
محمدپدرام	mohammadpedram	F	0
محمدپرهام	mohammadparham	F	0
محمدپوریا	mohammadpurya	F	0
محمدپویا	mohammadpuya	F	0
محمدپویان	mohammadpuyan	F	0
محمدپیام	mohammadpayam	F	0
محمدپیمان	mohammadpeyman	F	0
محمدچ	mohammadch	F	0
محمدکارن	mohammadkaren	F	0
محمدکاظم	mohammadkazem	F	0
محمدکامران	mohammadkamran	F	0
محمدکاوه	mohammadkaveh	F	0
محمدکرم	mohammadkaram	F	0
محمدکریم	mohammadkarim	F	0
محمدکسری	mohammadkasra	F	0
محمدکمال	mohammadkamal	F	0
محمدکمیل	mohammadkomeyl	F	0
محمدکیا	mohammadkiya	F	0
محمدکیان	mohammadkiyan	F	0
محمدکیهان	mohammadkeyhan	F	0
محمدکیوان	mohammadkeyvan	F	0
محمدگل	mohammadgol	F	0
محمدگلدی	mohammadgoldi	F	0
محمدیار	mohammadyar	F	0
محمدیارا	mohammadyara	F	0
محمدیاسان	mohammadyasan	F	0
محمدیاسین	mohammadyasin	F	0
محمدیاشا	mohammadyasha	F	0
محمدیاشار	mohammadyashar	F	0
محمدیث	mohadith	F	0
محمدیحیی	mohammadyahya	F	0
محمدیزدان	mohammadyazdan	F	0
محمدیه	mahdiyeh	F	0
محمدیوسف	mohammadyusof	F	0
محمدیونس	mohammadyunos	F	0
محمذ	mohammad	F	0
محمذدرضا	mohammadreza	F	0
محمذعلی	mohammadali	F	0
محمرضا	mohammadreza	F	0
محمرم	moharram	F	0
محمس	mohammad	F	0
محممد	mohammad	F	0
محممود	mahmood	F	0
محمو	mahmood	F	0
محموبشاه	mahboubshah	F	0
محموبه	mahmoubeh	F	0
محمود	mahmud,mahmoud	F	0
محموداله	mahmoodollah	F	0
محمودذ	mahmoud	F	0
محمودرضا	mahmudreza	F	0
محمودعلی	mahmoudali	F	0
محموده	mahmudeh	F	0
محمودچ	mahmoudch	F	0
محموود	mahmood	F	0
محموی	mohmavi	F	0
محمکد	mohammad	F	0
محمی	mohammad,mohammadi	F	0
محنا	mohanna	F	0
محناز	mahnaz	F	0
محنوش	mahnoosh	F	0
محنی	mohanna	F	0
محوبه	mahubeh	F	0
محوش	mahvash	F	0
محکانه	mahkaneh	F	0
محکومه	mahkumeh	F	0
محکیه	mahkiyeh	F	0
محی	mohyi	F	0
محیا	mahya	F	0
محیات	mohiyat	F	0
محیار	mahyar	F	0
محیالدین	mohyaldin	F	0
محیان	mehyan	F	0
محیده	mahideh	F	0
محیصا	mahisa	F	0
محیل	mohil	F	0
محین	mohin	F	0
محیی	mohyi	F	0
محی‌الدین	mohyeddin	F	0
مختارعلی	mokhtaraali	F	0
مختاره	makhtareh	F	0
مختبی	makhtabi	F	0
مختوم	makhtoom	F	0
مختومقلی	makhtoomqoli	F	0
مخد	mokhadd	F	0
مخداد	mokhaddad	F	0
مخدره	mokhadereh	F	0
مخدومه	makhdoomeh	F	0
مخدی	mokhadi	F	0
مخریم	makhrim	F	0
مخسن	mokhsen	F	0
مخصوصی	makhsusi	F	0
مخلوقه	makhlughe	F	0
مخلیقه	mokhalighe	F	0
مخم	makham	F	0
مخمد	mohammad	F	0
مخمل	makhmal	F	0
مخنار	makhnar	F	0
مخواسته	makhvasteh	F	0
مخیتار	mokhitar	F	0
مخید	mokhid	F	0
مد	mad	F	0
مداد	medad	F	0
مدارا	modara	F	0
مدتضی	modatzi	F	0
مدثر	moddasser	F	0
مدثره	modarreh	F	0
مدحت	medhat	F	0
مدد	madad	F	0
مددیار	madadiyar	F	0
مدرک	madrek	F	0
مدریک	medrik	F	0
مدنیه	madaniyeh	F	0
مدوسا	medusa	F	0
مدیا	mediya	F	0
مدیار	madyar	F	0
مدیحا	madiha	F	0
مدیحه	madihe,madiheh	F	0
مدیر	modir	F	0
مدیس	medis	F	0
مدیسا	medisa	F	0
مدیسه	madiseh	F	0
مدیم	madim	F	0
مدینا	madina	F	0
مدینه	madineh	F	0
مدیوماه	madiyomah	F	0
مدیک	madik	F	0
مذکور	mazkur	F	0
مرآت	merat	F	0
مراتضی	morteza	F	0
مرادبخش	moradbakhsh	F	0
مرادجان	moradjan	F	0
مرادحاصل	moradhasel	F	0
مرادخان	moradkhan	F	0
مراددردی	moraddardi	F	0
مرادرسول	moradrasool	F	0
مرادعلی	moradali	F	0
مرادقلیچ	moradgholich	F	0
مرادقی	moradqi	F	0
مرادممد	moradmad	F	0
مرادگلدی	moradgoldi	F	0
مرار	marar	F	0
مرال	meral	F	0
مرام	maram	F	0
مرایب	maraib	F	0
مربم	marbam	F	0
مرتا	merta	F	0
مرتاج	mortaj	F	0
مرتاح	mortah	F	0
مرتبه	martabeh	F	0
مرتسی	mortsai	F	0
مرتصی	morteza	F	0
مرتض	morteza	F	0
مرتضا	morteza	F	0
مرتضس	morteza	F	0
مرتضضی	morteza	F	0
مرتضیی	morteza	F	0
مرتظی	morteza	F	0
مرتیا	martiya	F	0
مرثا	mersa	F	0
مرجاتن	marjatan	F	0
مرجان	marjan	F	0
مرجاندخت	marjandokht	F	0
مرجانرخ	marjanrokh	F	0
مرجانه	marjaneh	F	0
مرجانچهر	marjanchehr	F	0
مرجلن	marjlan	F	0
مرجن	marjan	F	0
مرجون	marjon	F	0
مرحان	marahan	F	0
مرحت	marhat	F	0
مرحمت	marhamat	F	0
مرحناز	marhnaz	F	0
مرد	mard	F	0
مردآوند	mardavand	F	0
مرداد	mordad	F	0
مرداس	merdas	F	0
مردتیا	mardtiya	F	0
مرددردی	marddardi	F	0
مردردی	mardardi	F	0
مردصیاد	mardasyad	F	0
مردو	mardo	F	0
مردگل	mardgol	F	0
مرزاعلی	marzaali	F	0
مرزانه	marzaneh	F	0
مرزعلی	marzali	F	0
مرزه	marzeh	F	0
مرزوان	marzvan	F	0
مرزوق	marzough	F	0
مرزیه	marzieh	F	0
مرسا	morsa	F	0
مرساد	marsad	F	0
مرسان	marsan	F	0
مرسانا	mersana	F	0
مرسده	mersede	F	0
مرسع	mars'a	F	0
مرسل	morsal	F	0
مرسلین	morsalin	F	0
مرسم	marsem	F	0
مرسنا	mersana	F	0
مرسیا	marsia	F	0
مرسین	marsin	F	0
مرشاد	marshad	F	0
مرشید	marshid	F	0
مرشیه	marshieh	F	0
مرصاد	mersad	F	0
مرصع	morassae	F	0
مرصل	marsal	F	0
مرصیه	marsiyeh	F	0
مرضبه	marzabeh	F	0
مرضه	marzeh	F	0
مرضی	marzi	F	0
مرضیع	marziyeh	F	0
مرضیه	marzieh,marziye	F	0
مرضییه	marziyeh	F	0
مرطوبه	martubeh	F	0
مرظیه	marziyeh	F	0
مرعلی	mor'ali	F	0
مرغدبعلی	morghdabaali	F	0
مرغوب	marghoob	F	0
مرغوبعلی	marghoubali	F	0
مرم	marm	F	0
مرمر	marmar	F	0
مرمری	marmari	F	0
مرمرین	marmarin	F	0
مرناز	marnaz	F	0
مرنضی	morteza	F	0
مرنگ	marang	F	0
مرهم	marham	F	0
مرهمت	marhamat	F	0
مروئه	maroee	F	0
مروا	morva	F	0
مروارید	marvarid	F	0
مروان	marvan	F	0
مروانه	marvaneh	F	0
مروه	moravah	F	0
مرچان	morchan	F	0
مرکا	mareka	F	0
مرکام	merkam	F	0
مرگن	margan	F	0
مریان	maryan	F	0
مریح	marieh	F	0
مرید	morid	F	0
مریدا	marida	F	0
مریس	maris	F	0
مریسا	marisa	F	0
مریضه	marizeh	F	0
مریلا	merila	F	0
مریم	maryam	F	0
مریمل	marimel	F	0
مرینا	merina	F	0
مریوان	meryavan	F	0
مزاهر	mazaher	F	0
مزبان	mazban	F	0
مزدا	mazda	F	0
مزدخ	mazdak	F	0
مزده	mazdeh	F	0
مزدک	mazdak	F	0
مزدیسنا	mazdeyasna	F	0
مزمز	mazmaz	F	0
مزن	mazan	F	0
مزه	maze	F	0
مزکان	mazkan	F	0
مزید	mazid	F	0
مزیده	mazideh	F	0
مزیم	mazim	F	0
مزین	mazin,mozayan	F	0
مسا	masa	F	0
مساعد	mosa'ad	F	0
مساله	masaleh	F	0
مسام	masam	F	0
مسان	masan	F	0
مساکن	masaken	F	0
مسباد	mesbad	F	0
مستان	mastan	F	0
مستانه	mastane	F	0
مستجاب	mostajab	F	0
مستجب	mostajab	F	0
مسترن	mastran	F	0
مستعان	mostaean	F	0
مستوده	mastoudeh	F	0
مستوران	mastooran	F	0
مستوره	mastureh	F	0
مسحاب	masaheb	F	0
مسحن	mas'han	F	0
مسرت	maserrat	F	0
مسروب	masroob	F	0
مسسعود	massoud	F	0
مسطفی	mostafa	F	0
مسطوره	mastureh	F	0
مسطومه	mastumeh	F	0
مسعد	mosa'ad	F	0
مسععود	mas'oud	F	0
مسعمد	mosa'mad	F	0
مسعوداله	masoudollah	F	0
مسعودرضا	maseudreza	F	0
مسعوده	maseudeh	F	0
مسعوذ	mas'oud	F	0
مسعور	mas'oor	F	0
مسعید	mas'id	F	0
مسغود	masghood	F	0
مسل	masal	F	0
مسلمان	mosalman	F	0
مسلمه	moslemeh	F	0
مسلو	maslou	F	0
مسن	masn	F	0
مسود	masoud	F	0
مسودی	masoudi	F	0
مسکود	maskood	F	0
مسیب	moseyb,mosayyeb	F	0
مسیح	masih,masiha	F	0
مسیحا	masiha	F	0
مسیحه	masihe	F	0
مسیر	masir	F	0
مسین	masin	F	0
مسینا	masina	F	0
مسیه	mosiyeh	F	0
مسیود	masiud	F	0
مسییب	masiib	F	0
مشاری	mashari	F	0
مشاعل	mashael	F	0
مشاله	masha'allah	F	0
مشانا	mashana	F	0
مشانعلی	moshanaali	F	0
مشتبی	moshtaba	F	0
مشتری	moshtari	F	0
مشتمان	moshtaman	F	0
مشجر	moshajjar	F	0
مشجره	moshajereh	F	0
مشد	moshad	F	0
مشدقلی	moshadghali	F	0
مشدی	moshdi	F	0
مشروطه	mashruteh	F	0
مشعل	mash'al	F	0
مشعود	mashoud	F	0
مشمت	moshmat	F	0
مشهد	mashhad	F	0
مشهدقلی	mashhadqoli	F	0
مشهود	mashhud	F	0
مشهور	mashhur	F	0
مشک	moshk	F	0
مشکات	meshkat	F	0
مشکان	moshkan	F	0
مشکاندخت	mashkandokht	F	0
مشکاه	meshkah	F	0
مشکدانه	moshkdaaneh	F	0
مشکعلی	moshghali	F	0
مشکناز	moshknaz	F	0
مشکنک	moshkenk	F	0
مشکوت	moshkoot	F	0
مشکوه	moshkueh	F	0
مشکین	moshkin	F	0
مشکیناز	moshkinaz	F	0
مشکیندخت	moshkindokht	F	0
مشگعلی	moshghali	F	0
مشی	mashi	F	0
مشیا	moshya,mashiya	F	0
مشیانه	mashiyane,mashiyaneh	F	0
مشیت	mashiyat	F	0
مشید	mashid	F	0
مشیر	moshir	F	0
مشیما	moshima	F	0
مصتطفی	mostafa	F	0
مصتفا	mostafa	F	0
مصتفی	mostafa	F	0
مصدقه	mosaddegh	F	0
مصرحد	masrahad	F	0
مصرولی	masrooli	F	0
مصریه	masriyeh	F	0
مصصطفی	mostafa	F	0
مصصلفی	mosalafi	F	0
مصططفی	mostafa	F	0
مصطغی	mostaqi	F	0
مصطف	mostafa	F	0
مصطفیی	mostafa	F	0
مصطقی	mostaqi	F	0
مصطوفی	mostofi	F	0
مصطی	mostafa	F	0
مصظفی	mostafa	F	0
مصعب	mos'ab	F	0
مصعصومه	mas'umeh	F	0
مصعمومه	mas'oomeh	F	0
مصعود	masoud	F	0
مصفی	mosaffa	F	0
مصلحالدین	moslehoddin	F	0
مصلحت	maslahat	F	0
مصلفی	mosalafi	F	0
مصلم	mosallam	F	0
مصود	masoud	F	0
مصور	masvar	F	0
مصومه	masoumeh	F	0
مصیب	mosib	F	0
مصیبه	mosibe	F	0
مصیر	masir	F	0
مصیود	masiud	F	0
مضانعلی	mazanali	F	0
مضاهر	mazaher	F	0
مضطفی	mostafa	F	0
مضفر	mozafar	F	0
مضور	mazur	F	0
مطاء	mataa	F	0
مطاب	matab	F	0
مطانات	matanat	F	0
مطاهر	motaaher	F	0
مطصطفی	mostafa	F	0
مطعم	mat'am	F	0
مطفی	motafi	F	0
مطلب	matlab	F	0
مطلبعلی	matlabali	F	0
مطهر	motahhar	F	0
مطهره	motahhare	F	0
مطیب	motayeb	F	0
مطیر	matir	F	0
مطیره	matireh	F	0
مطیعا	motiea	F	0
مظاهر	mazaher	F	0
مظفرالدین	mozaffaroddin	F	0
مظلومه	mazlumeh	F	0
مظهر	mazhar	F	0
معاب	ma'ab	F	0
معاد	maead	F	0
معاذالله	maazallah	F	0
معارج	maearej	F	0
معارف	ma'aref	F	0
معال	ma'al	F	0
معان	maan	F	0
معبود	mabod	F	0
معتبر	mo'tabar	F	0
معتصم	moetasem	F	0
معتضد	mo'tazid	F	0
معتقد	mo'taqed	F	0
معتوک	matvak	F	0
معدی	ma'adi	F	0
معراب	ma'raab	F	0
معراج	meeraj	F	0
معراجعلی	mo'rajaali	F	0
معرفتالله	maerefatollah	F	0
معروفه	ma'roufeh	F	0
معز	moeez	F	0
معزالدین	moezoddin	F	0
معززه	moazzaze	F	0
معسود	masoud	F	0
معسوم	masoom	F	0
معشوقه	ma'shuqe	F	0
معصمه	ma'sumeh	F	0
معصمومه	ma'soumeh	F	0
معصومع	masoumeh	F	0
معصومعه	masoumeh	F	0
معصومنه	masoumeh	F	0
معصومه	maesume	F	0
معصومیه	masoumiyeh	F	0
معصوه	ma'souh	F	0
معصیمه	ma'simeh	F	0
معضومه	mo'zoomeh	F	0
معطر	moeattar	F	0
معطلی	mo'tali	F	0
معطی	moti	F	0
معظمه	moeazzameh	F	0
مععومه	ma'moumeh	F	0
معقصود	maqsood	F	0
معقوله	maquleh	F	0
معلومه	ma'lume	F	0
معمان	mo'ammen	F	0
معمصومه	ma'masumeh	F	0
معهدی	mo'eddi	F	0
معوش	ma'ush	F	0
معوصمه	ma'osameh	F	0
معیار	ma'yar	F	0
معیت	ma'iyat	F	0
معید	mo'id,moeid	F	0
معیر	moeayyer	F	0
معینا	moeina	F	0
معینالدین	moeinoddin	F	0
معینه	mo'ineh	F	0
معیین	mo'yeen	F	0
مغداد	maqdad	F	0
مغرب	maghreb	F	0
مغرز	magharz	F	0
مغصود	maqsood	F	0
مغصوم	maqsoom	F	0
مغصومه	maqsoomeh	F	0
مغعصومه	maqsoomeh	F	0
مغفور	maghfoor	F	0
مغیث	moghis	F	0
مفتح	moftah	F	0
مفرح	mofarreh	F	0
مفضل	mofazzel	F	0
مفظر	mofazir	F	0
مفلح	mofleh	F	0
مفیده	mafideh,mofide	F	0
مقاره	moghareh	F	0
مقبل	moghbel	F	0
مقبله	moghbeleh	F	0
مقبول	maqbul	F	0
مقبوله	maghbuleh	F	0
مقتدا	moghtada	F	0
مقتدی	moqtadi	F	0
مقداد	meghdad	F	0
مقدار	meqdar	F	0
مقدر	moqaddar	F	0
مقدره	moghaddereh	F	0
مقدسه	moghaddaseh	F	0
مقدمعلی	moqaddamali	F	0
مقدوده	maqdudeh	F	0
مقدید	maqdid	F	0
مقربه	mogharrebah	F	0
مقصد	maghsad	F	0
مقصداله	maqsadollah	F	0
مقصود	maghsud	F	0
مقصودعلی	maqsudali	F	0
مقصوده	maghsude	F	0
مقصور	maqsur	F	0
مقصوعلی	maqsuali	F	0
مقطوره	maqtoreh	F	0
مقیما	maqima,moghima	F	0
ملائک	malaek	F	0
ملابخش	mollabakhsh	F	0
ملاجان	mollajan	F	0
ملاحت	malahat	F	0
ملاطاطار	malatatar	F	0
ملاقلی	malaghli	F	0
ملال	malal	F	0
ملالله	malalleh	F	0
ملان	malan	F	0
ملاندر	malander	F	0
ملانی	melani	F	0
ملانیا	melaniya	F	0
ملاک	malak	F	0
ملاکه	malakeh	F	0
ملایار	malayar	F	0
ملایم	molayem	F	0
ملاین	malayin	F	0
ملاییکه	malayikeh	F	0
ملت	mellat	F	0
ملحه	malheh	F	0
ملحیه	malhieh	F	0
ملدا	melda	F	0
ملقب	molqeb	F	0
ملندانا	malendana	F	0
ملنگ	malang	F	0
مله	malleh	F	0
ملود	melod	F	0
ملودی	melodi	F	0
ملورین	melorin	F	0
ملورینا	melorina	F	0
ملوس	malos	F	0
ملوسک	malusak	F	0
ملوک	moluk	F	0
ملوکان	malokan	F	0
ملوکه	maloke	F	0
ملوین	melvin	F	0
ملوینه	malvineh	F	0
ملکا	maleka	F	0
ملکتاج	malektaaj	F	0
ملکعلی	malekali	F	0
ملکعی	malekai	F	0
ملکله	malakleh	F	0
ملکه	malakeh	F	0
ملکها	malekha	F	0
ملکوم	malcolm	F	0
ملی	melli	F	0
ملیا	melia	F	0
ملیجه	malijeh	F	0
ملیح	malih	F	0
ملیحجه	malihje	F	0
ملیحه	malihe	F	0
ملیخه	malikheh	F	0
ملیسا	malisa	F	0
ملیسی	malisi	F	0
ملیفه	malifeh	F	0
ملیله	malileh	F	0
ملینا	melina	F	0
ملیناز	malinaz	F	0
ملیه	malihe	F	0
ملیکا	malika	F	0
ملیکه	malikeh,malike	F	0
مماس	mamas	F	0
ممجید	mojid	F	0
ممحسن	mohsen	F	0
ممد	mamad	F	0
ممدرضا	mamadrza	F	0
ممدوح	mamdoh	F	0
ممسعود	mamsoud	F	0
مملکت	mamlekat	F	0
ممنصور	mansour	F	0
ممنصوره	mamansoreh	F	0
ممنوش	mamnoosh	F	0
ممیش	mamish	F	0
منا	mona	F	0
مناحت	manahat	F	0
منار	manar	F	0
مناف	manaf	F	0
منال	manal	F	0
منالیزا	manaliza	F	0
منان	manan	F	0
منانه	mannaneh	F	0
مناهل	manahal	F	0
مناور	manavar	F	0
مناک	menak	F	0
منبج	manbij	F	0
منبر	manbar	F	0
منبره	manbareh	F	0
منتا	menta	F	0
منتاج	montaj	F	0
منتجم	montajem	F	0
منتصر	montasir	F	0
منتعلی	montali	F	0
منتها	montaha	F	0
منتیا	mentiya	F	0
منجعلی	monjali	F	0
منجمد	manjamad	F	0
منجوق	manjough	F	0
منجی	monji	F	0
منجید	manjid	F	0
منجیه	manjieh	F	0
منجیک	monjik	F	0
مندا	monda	F	0
مندانا	mandana	F	0
مندلی	mandeli	F	0
مندنی	mandani	F	0
مندی	mandi	F	0
منذر	monzer	F	0
منر	manar	F	0
منزر	manzar	F	0
منزل	manzel	F	0
منزلت	manzelat	F	0
منزوق	manzoq	F	0
منسا	mansa	F	0
منسور	mansoor	F	0
منش	manesh	F	0
منشور	manshur	F	0
منصر	monsar	F	0
منصمره	mansamreh	F	0
منصوح	mansuh	F	0
منصورالزمان	mansooralzaman	F	0
منصوراله	mansoorollah	F	0
منصوره	mansure	F	0
منصومه	mansoumeh	F	0
منصیور	mansour	F	0
منضور	manzoor	F	0
منظر	manzar	F	0
منظربانو	manzarbanoo	F	0
منظره	manzareh	F	0
منظم	monazam	F	0
منظوره	manzooreh	F	0
منمصور	manamsur	F	0
منه	maneh	F	0
منهاج	menhaj	F	0
منهاجالدین	menhajoddin	F	0
منهاز	manhaz	F	0
منود	manood	F	0
منور	monavvar	F	0
منورال	manvaral	F	0
منوره	monavvareh	F	0
منوش	manush	F	0
منوشان	manushan	F	0
منوشفر	manooshfar	F	0
منوشچهر	manouchehr	F	0
منوه	manveh	F	0
منوهر	manoher	F	0
منچهر	manchehr	F	0
منژه	manzhe	F	0
منکشه	mankasheh	F	0
منگشتی	mangashti	F	0
منگلور	manglor	F	0
منیا	manya	F	0
منیب	monib	F	0
منیبا	moniba	F	0
منیج	manij	F	0
منیجه	manijeh	F	0
منیحه	maniheh	F	0
منیر	manir,monir	F	0
منیرآغا	maniragha	F	0
منیراعظم	manirazem	F	0
منیرالدین	moniroddin	F	0
منیرالسات	maniralasat	F	0
منیره	monire,monireh	F	0
منیرو	moniro	F	0
منیزه	manizeh	F	0
منیع	manie	F	0
منیف	monif	F	0
منیو	maniu	F	0
منیپه	manipeh	F	0
منیژ	manij	F	0
منیژه	manijeh	F	0
منیکا	manika	F	0
منیکاییل	manikail	F	0
مه	mah	F	0
مها	meha	F	0
مهاب	mahab	F	0
مهاباد	mahabad	F	0
مهابت	mahabat	F	0
مهابد	mahabod	F	0
مهاجره	mohajereh	F	0
مهاد	mehad	F	0
مهادا	mehada	F	0
مهاز	mahaz	F	0
مهاسا	mahsa	F	0
مهام	maham	F	0
مهان	mahan	F	0
مهانفر	mahanfar	F	0
مهاوا	mahava	F	0
مهاپاره	mahapareh	F	0
مهبا	mohabba	F	0
مهباد	mahbad	F	0
مهبان	mahban	F	0
مهبوبه	mahbubeh	F	0
مهبیبی	mahbibi	F	0
مهتا	mahta	F	0
مهتابه	mahtabe	F	0
مهتاز	mahtaz	F	0
مهتر	mahtar	F	0
مهترا	mahtara	F	0
مهجبین	mahjabin	F	0
مهخدی	mahkadi	F	0
مهد	mahd	F	0
مهدا	mahda	F	0
مهداد	mehdad	F	0
مهدال	mahdal	F	0
مهدان	mahdan	F	0
مهدبی	mahdabi	F	0
مهدثه	mahdeseh	F	0
مهدس	mahdas	F	0
مهدسه	mahdeseh	F	0
مهدعلی	mahdali	F	0
مهدل	mahdel	F	0
مهدوخت	mahduxt	F	0
مهدودی	mahdoudi	F	0
مهدونه	mahdoneh	F	0
مهدیا	mahdiya	F	0
مهدیار	mahdyar	F	0
مهدیث	mahdis	F	0
مهدیس	mahdis	F	0
مهدیسا	mahdisa	F	0
مهدیسه	mahdiseh	F	0
مهدیصالح	mahdisaleh	F	0
مهدیقلی	mahdiqoli	F	0
مهدیقمی	mahdiqami	F	0
مهدیم	mahdiam	F	0
مهدین	mahdin	F	0
مهدینا	mahdina	F	0
مهدینه	mahdineh	F	0
مهدیه‌ی	mahdieh	F	0
مهدیپارسا	mahdiparsa	F	0
مهدیی	mahdi	F	0
مهدییار	mahdiyar	F	0
مهد‌ی	mahdi	F	0
مهذران	mahzaran	F	0
مهذی	mahdi	F	0
مهر	mehr	F	0
مهرءال	mehral	F	0
مهرآذر	mehrazar	F	0
مهرآذین	mehrazin	F	0
مهرآراد	mehrarad	F	0
مهرآرتا	mehrarta	F	0
مهرآزاد	mehrazad	F	0
مهرآزما	mehrazma	F	0
مهرآفاق	mehrafagh	F	0
مهرآفرید	mehrafarid	F	0
مهرآفرین	mehrafarin	F	0
مهرآمیز	mehramiz	F	0
مهرآمین	mehramin	F	0
مهرآنا	mehrana	F	0
مهرآوه	mehraveh	F	0
مهرآویر	mehravir	F	0
مهرآیه	mehraye	F	0
مهرآیین	mehrain	F	0
مهرا	mehra	F	0
مهراب	mehrab	F	0
مهرابعلی	mehrabali	F	0
مهرابه	mehrabe	F	0
مهراج	mahraj	F	0
مهرادا	mehrada	F	0
مهراس	mehras	F	0
مهراسا	mehrasa	F	0
مهراسپند	mehraspand	F	0
مهراصغر	mehrasghar	F	0
مهراعظم	mehraezam	F	0
مهرافزا	mehrafza	F	0
مهرافزون	mehrafzoon	F	0
مهرافشان	mehrafshan	F	0
مهرالله	mehrallah	F	0
مهرالنسا	mehralnasa	F	0
مهراله	mehraleh	F	0
مهرام	mahram	F	0
مهرانا	mehrana	F	0
مهرانتاج	mehrantaj	F	0
مهراندخت	mehrdokht	F	0
مهراندیش	mehrandish	F	0
مهرانفر	mehrfar	F	0
مهرانه	mehrane	F	0
مهرانوش	mehranush	F	0
مهرانگز	mehrangiz	F	0
مهرانگل	mehrgol	F	0
مهرانگیر	mehrangiz	F	0
مهرانگیز	mehrangiz	F	0
مهرانگیس	mehrangiz	F	0
مهراوه	mehraveh	F	0
مهربا	mehrba	F	0
مهرباز	mehrbaz	F	0
مهربانو	mehrbanu	F	0
مهربد	mehrbod	F	0
مهربرزین	mehrborzin	F	0
مهربنداد	mehrbandad	F	0
مهرتا	mehreta	F	0
مهرتاب	mehrtab	F	0
مهرتابان	mehrtaban	F	0
مهرتاج	mehrtaj	F	0
مهرتاش	mehrtash	F	0
مهرثنا	mehrsana	F	0
مهرجان	mehrjan	F	0
مهرخو	mehrkhu	F	0
مهردا	mehrda	F	0
مهردار	mehrdar	F	0
مهردخت	mehrdokht	F	0
مهردلبر	mehrdelbar	F	0
مهردوخت	mehrdoxt	F	0
مهردیس	mehrdis	F	0
مهرراز	mehrraz	F	0
مهررضا	mehrreza	F	0
مهرروز	mehrruz	F	0
مهرریز	mehriz	F	0
مهرزهرا	mehrzahra	F	0
مهرسا	mehrsa	F	0
مهرساد	mehrsad	F	0
مهرسام	mehrsam	F	0
مهرسان	mehrsan	F	0
مهرسانا	mehrsana	F	0
مهرسنا	mehrsana	F	0
مهرسیما	mehrsima	F	0
مهرسینا	mehrsina	F	0
مهرش	mehrash	F	0
مهرشید	mehrshid	F	0
مهرشین	mehrshin	F	0
مهرشینا	mehrshina	F	0
مهرفر	mehrfar	F	0
مهرفروز	mehrforuz	F	0
مهرفروغ	mehrforugh	F	0
مهرلقا	mehrlagha	F	0
مهرمان	mehrman	F	0
مهرماه	mehrmah	F	0
مهرمس	mehrmas	F	0
مهرمند	mehrmand	F	0
مهرناز	mehrnaz	F	0
مهرنام	mehrnam	F	0
مهرنان	mehrnan	F	0
مهرنرسه	mehrnarseh	F	0
مهرنسا	mehrnesa	F	0
مهرنواز	mehrnavaz	F	0
مهرنور	mehrnur	F	0
مهرنوش	mehrnush	F	0
مهرنگ	mehrang	F	0
مهرنگار	mehrnegar	F	0
مهرنگیز	mehrangiz	F	0
مهرنیک	mehrnik	F	0
مهروا	mehrva	F	0
مهروالا	mehrvala	F	0
مهروش	mehrvash	F	0
مهروشا	mehrosha	F	0
مهروند	mehrvand	F	0
مهروی	mahruy	F	0
مهروین	mehrvin	F	0
مهرویه	mahrooye	F	0
مهرپاد	mehrpad	F	0
مهرپو	mehrpu	F	0
مهرپوی	mehrpouy	F	0
مهرپیکر	mehrpeikar	F	0
مهرچهر	mehrchehr	F	0
مهرچین	mehrchin	F	0
مهرک	mehrak	F	0
مهرکام	mehrkam	F	0
مهرکان	mehrkan	F	0
مهرکوش	mehrkush	F	0
مهرکوشا	mehrkusha	F	0
مهرکیش	mehrkish	F	0
مهرگل	mehrgol	F	0
مهریا	mehriya,mahrya	F	0
مهریاد	mahryad,mehryad	F	0
مهریاس	mehryas	F	0
مهریان	mahrian	F	0
مهریز	mehriz,mahriz	F	0
مهریماه	mehrimah	F	0
مهرین	mehrin	F	0
مهریه	mehrieh	F	0
مهریوان	mehrivan	F	0
مهر‌ی	mahri	F	0
مهزات	mahzat	F	0
مهزان	mahzan	F	0
مهزیار	mahziyar	F	0
مهزییار	mahziyar	F	0
مهسا	mahsa	F	0
مهسال	mahsaal	F	0
مهسان	mahsan	F	0
مهسانه	mahsaneh	F	0
مهست	mahast	F	0
مهستا	mahasta	F	0
مهستی	mahasti	F	0
مهسن	mahsan	F	0
مهسی	mahsi	F	0
مهسیما	mahsima	F	0
مهسین	mahsin	F	0
مهشا	mahsa	F	0
مهشام	mahsham	F	0
مهشان	mahshan	F	0
مهشب	mahshab	F	0
مهشید	mahshid	F	0
مهشیر	mahshir	F	0
مهصا	mahsa	F	0
مهلا	mahla	F	0
مهلاء	mahlaa	F	0
مهلت	mohlat	F	0
مهلق	mahlaq	F	0
مهلقتا	mohleghata	F	0
مهمان	mehman	F	0
مهمد	mohammad	F	0
مهمدرضا	mohammadreza	F	0
مهمود	mahmood	F	0
مهمور	mahmor	F	0
مهنا	mohanna	F	0
مهناد	mohnad	F	0
مهناذ	mahnaz	F	0
مهنازال	mahnazal	F	0
مهنازبانو	mahnazbanoo	F	0
مهنازه	mahnaz	F	0
مهند	mohannad,mahnad	F	0
مهنز	mahnaz	F	0
مهنلز	mahnelz	F	0
مهنو	mahno	F	0
مهنیا	mahniya	F	0
مهوا	mahva	F	0
مهوار	mahvar	F	0
مهوان	mahvan	F	0
مهور	mahvar	F	0
مهوش	mahvash	F	0
مهوند	mehvand	F	0
مهوچهر	mahvachehr	F	0
مهوین	mahvin	F	0
مهپاره	mahpareh	F	0
مهژین	mahzhin	F	0
مهکام	mahkam	F	0
مهکیا	mahkiya	F	0
مهگامه	mahgameh	F	0
مهگان	mahgan	F	0
مهی	mahi,mahy	F	0
مهیا	mahya	F	0
مهیاد	mahyad	F	0
مهیار	mahyar	F	0
مهیاره	mahyareh	F	0
مهیال	mahyal	F	0
مهیان	mahiyan	F	0
مهیتا	mahita	F	0
مهید	mahid	F	0
مهیده	mahideh	F	0
مهیدین	mahidin	F	0
مهیرا	mahira	F	0
مهیره	mahire	F	0
مهیسا	mahisa	F	0
مهیشا	mahisha	F	0
مهیلا	maheila	F	0
مهیم	mahim	F	0
مهیمن	mohaymen,mohayman	F	0
مهیمنه	mahimaneh	F	0
مهیمه	mahimeh	F	0
مهین	mehin,mahin	F	0
مهینا	mahina	F	0
مهینخان	mahinkhan	F	0
مهیندخت	mehindokht,mahindokht	F	0
مهینه	mahineh	F	0
مهیه	mahieh	F	0
مهیی	mahyi	F	0
مونسه	mouneseh	F	0
موءدب	mo'addab	F	0
موآنا	moana	F	0
موافق	movaafagh	F	0
مواهب	mavaheb	F	0
موبین	mobin	F	0
موبینا	mobina	F	0
موتا	muta	F	0
موثر	mo'asser	F	0
موج	moj	F	0
موجان	mojan	F	0
موجد	mojad	F	0
موحده	movahhede	F	0
موذم	mozam	F	0
موذمه	mozameh	F	0
موذن	moozan	F	0
موراشین	morashin	F	0
مورد	mored	F	0
مورسل	morsal	F	0
موزه	muzeh	F	0
موزون	mowzun	F	0
موس	moos	F	0
موسسه	moasseseh	F	0
موسیه	mosiyeh	F	0
موسی‌الرضا	musarreza	F	0
موشا	mousha	F	0
موصطفی	mostafa	F	0
موعود	moweud	F	0
مولابخش	moulabakhsh	F	0
مولاداد	mouladad	F	0
مولامراد	moulamerad	F	0
مولانا	mowlana	F	0
مولاوردی	molaavardi	F	0
مولایار	molaayar	F	0
مولد	mavlad	F	0
مولود	mowlud	F	0
مولودال	mouloudal	F	0
مولودعلی	mouloudali	F	0
مولوده	mowludeh	F	0
مولوذ	molavaz	F	0
مولور	moulour	F	0
مولوک	molook	F	0
مولک	molek	F	0
مولی	moli	F	0
مولیان	moliyan	F	0
مومس	moomas	F	0
مومنعلی	momenali	F	0
مومنه	momenneh	F	0
مونا	muna	F	0
مونال	monal	F	0
مونجوق	monjogh	F	0
مونس	munes	F	0
مونیا	mounia	F	0
مونیره	monireh	F	0
مونیکا	monika	F	0
موهب	moheb	F	0
موهبت	muhebat	F	0
موهبه	muhebeh	F	0
موهذوبه	mohezhube	F	0
موهری	moehri	F	0
موهور	mohur	F	0
موژان	muzhan	F	0
موژانا	muzhana	F	0
موکا	moka	F	0
موگه	mogeh	F	0
موید	moeid	F	0
مویز	mowiz	F	0
مویین	moyin	F	0
مپگان	mapegan	F	0
مچتبی	mojtaba	F	0
مچید	machid	F	0
مژان	mozhan	F	0
مژده	mozhde	F	0
مژدگان	mozdegan	F	0
مژه	mazhe	F	0
مژکان	mozhakan	F	0
مژگاتتن	mozhgatton	F	0
مژگان	mozhgan	F	0
مژگانم	mozhganam	F	0
مژگانی	mozhgani	F	0
مکابیز	mekabiz	F	0
مکارم	makarem	F	0
مکامه	makameh	F	0
مکایل	mikail	F	0
مکاییل	maka'il	F	0
مکبر	mokabber	F	0
مکتوبه	maktubeh	F	0
مکثومه	makthumeh	F	0
مکرمه	mokarrameh	F	0
مکعصومه	mok'asoomeh	F	0
مکلثوم	mokhtoom	F	0
مکمل	mokamel	F	0
مکنا	makna	F	0
مکنصور	makansoor	F	0
مکنونه	maknune	F	0
مکه	makkeh	F	0
مکیله	makileh	F	0
مکین	makin	F	0
مکینا	makina	F	0
مکیناس	makinas	F	0
مکیه	makiyeh,makkiyeh	F	0
مگابیز	maghabiz	F	0
میاسا	miyasa	F	0
میالد	miyald	F	0
میانا	miyana	F	0
میب	mib	F	0
میباد	mibad	F	0
میبهن	mibehan	F	0
میت	mit	F	0
میتا	mita	F	0
میتاد	mitaad	F	0
میترا	mitra	F	0
میترادخت	mitradokht	F	0
میترال	mitral	F	0
میتراناز	mitranaz	F	0
میترانوش	mitranush	F	0
میتلاد	mitalad	F	0
میتم	meytam	F	0
میتن	mitan	F	0
میتنرا	mitrana	F	0
میثاق	misagh,mithaq	F	0
میثاقیه	mithaqiyeh	F	0
میثم	meisam,meysam	F	0
میثمه	mithmeh	F	0
میثنم	meisam	F	0
میثیم	meithim	F	0
میجد	majid	F	0
میحاد	mihad	F	0
میخائیل	mikha'il	F	0
میخانم	mikhanam	F	0
میخایل	mikha'il	F	0
میخوش	mikhush	F	0
میخک	mikhak	F	0
میدولی	meydoli	F	0
میدی	midi	F	0
میدیا	midiya	F	0
میدینه	midineh	F	0
میرآرش	mirarash	F	0
میرا	meyra	F	0
میراب	mirab	F	0
میرابآذر	mirabazhar	F	0
میرابراهیم	mirabrahim	F	0
میرابوالفضل	mirabolfazl	F	0
میرابوطالب	mirabotaleb	F	0
میرابولفضل	mirabolfazl	F	0
میراث	miras	F	0
میراحد	mirahad	F	0
میراحسان	mirahsan	F	0
میراحمد	mirahmad	F	0
میراسدالله	mirasadollah	F	0
میراسداله	mirasadollah	F	0
میراسدله	mirasadleh	F	0
میراسلام	miraslam	F	0
میراسماعیل	mirasma'il	F	0
میراصغر	mirasghar	F	0
میرافشین	mirafshin	F	0
میرافضل	mirafzal	F	0
میرال	miral	F	0
میرالقفات	miralqafat	F	0
میرالهویردی	miralhoyardi	F	0
میرامیر	miramir	F	0
میرامین	miramin	F	0
میران	miran	F	0
میرانا	mirana	F	0
میراندا	miranda	F	0
میرانه	miraneh	F	0
میراژدر	mirajdar	F	0
میراکبر	mirakbar	F	0
میرای	mirai	F	0
میرایام	mirayam	F	0
میرایمان	mirayeman	F	0
میرایوب	mirayoub	F	0
میربابا	mirbaba	F	0
میربابک	mirbabak	F	0
میرباقر	mirbagher	F	0
میربدیع	mirbadi'	F	0
میربرار	mirbarar	F	0
میربهلول	mirbahlol	F	0
میربهنام	mirbehnam	F	0
میربگ	mirbag	F	0
میربیگ	mirbag	F	0
میرتعارف	mirtarof	F	0
میرتقی	mirtaghi	F	0
میرتو	mirtu	F	0
میرتوحید	mirtouhid	F	0
میرتوران	mirturan	F	0
میرتوکل	mirtavakkol	F	0
میرجابر	mirjaber	F	0
میرجبار	mirjabar	F	0
میرجعفر	mirja'far	F	0
میرجلال	mirjalal	F	0
میرجلیل	mirjalil	F	0
میرجمال	mirjamal	F	0
میرجمیل	mirjamal	F	0
میرجواد	mirjavad	F	0
میرحاتم	mirhatam	F	0
میرحاجی	mirhaji	F	0
میرحامد	mirhamad	F	0
میرحبیب	mirhabib	F	0
میرحجت	mirhajat	F	0
میرحسن	mirhasan	F	0
میرحسین	mirhossein	F	0
میرحمزه	mirhamzeh	F	0
میرحمید	mirhamid	F	0
میرحکمت	mirhekmat	F	0
میرحکیم	mirhakim	F	0
میرحیدر	mirheidar	F	0
میرداد	mirdad	F	0
میرداریوش	mirdarioush	F	0
میرداماد	mirdamad	F	0
میردامون	mirdamoon	F	0
میرداود	mirdavood	F	0
میرداوود	mirdavood	F	0
میردرگاه	mirdargah	F	0
میردوست	mirdoust	F	0
میرذکری	mirzakhani	F	0
میررامین	mirmamin	F	0
میررحمان	mirrahman	F	0
میررحیم	mirrahim	F	0
میررسول	mirrasool	F	0
میررشید	mirrashid	F	0
میررضا	mirreza	F	0
میررضی	mirrazi	F	0
میررمضان	mirramazan	F	0
میرزابالا	mirzabala	F	0
میرزاجعفر	mirzaja'far	F	0
میرزاد	mirzad	F	0
میرزامراد	mirzamorad	F	0
میرزامین	mirzamin	F	0
میرزاهد	mirzaahad	F	0
میرزاکرم	mirzakarim	F	0
میرزای	mirzaei	F	0
میرزعلی	mirzaali	F	0
میرزعیم	mirza'im	F	0
میرزمان	mirzaman	F	0
میرساری	mirsari	F	0
میرساسان	mirsasan	F	0
میرسالم	mirsalam	F	0
میرستار	mirstar	F	0
میرسجاد	mirsajad	F	0
میرسخاوت	mirsakhavat	F	0
میرسعادت	mirsadadat	F	0
میرسعید	mirsaeed	F	0
میرسلام	mirsalam	F	0
میرسلمان	mirsalman	F	0
میرسلیم	mirsalim	F	0
میرسن	mirsan	F	0
میرسهیل	mirsehil	F	0
میرشاهین	mirshahin	F	0
میرشجاع	mirshoja'	F	0
میرشعبان	mirsha'ban	F	0
میرشهاب	mirshahab	F	0
میرشکور	mirshakour	F	0
میرصادق	mirsadegh	F	0
میرصفا	mirsafa	F	0
میرصفی	mirsafi	F	0
میرصیاد	mirsyad	F	0
میرضا	mirza	F	0
میرطاهر	mirtaher	F	0
میرطیب	mirtayeb	F	0
میرعادل	mir'adel	F	0
میرعباس	mirabbas	F	0
میرعبدالله	mirabdollah	F	0
میرعرفان	mirarfan	F	0
میرعزیز	miraziz	F	0
میرعطاء	mir'ataa	F	0
میرعطاله	mir'ataollah	F	0
میرعلی	mirali	F	0
میرغفار	mirghaffar	F	0
میرغفور	mirghafur	F	0
میرغلامعلی	mirgholamali	F	0
میرفاضل	mirfazl	F	0
میرفتاح	mirfatahi	F	0
میرفتحعلی	mirfathali	F	0
میرفخار	mirfakhar	F	0
میرفرامرز	mirfaramarz	F	0
میرفرحان	mirfarhan	F	0
میرفردین	mirfardin	F	0
میرفرشاد	mirfarshad	F	0
میرفرهاد	mirfarhad	F	0
میرفرید	mirfarid	F	0
میرفیاض	mirfeyaz	F	0
میرقادر	mirghader	F	0
میرقاسم	mirqasim	F	0
میرقدیر	mirghadir	F	0
میرقیاس	mirqiyas	F	0
میرلطیف	mirlatif	F	0
میرم	miram	F	0
میرمجید	mirmajid	F	0
میرمحبت	mirmahabat	F	0
میرمحبوب	mirmahabob	F	0
میرمحرمعلی	mirmohramali	F	0
میرمحمود	mirmahmood	F	0
میرمختار	mirmokhtar	F	0
میرمرتضی	mirmorteza	F	0
میرمرسل	mirmarsal	F	0
میرمسعود	mirmasoud	F	0
میرمصباح	mirmasbah	F	0
میرمصطفی	mirmostafa	F	0
میرمقصود	mirmaqsood	F	0
میرمنصف	mirmansef	F	0
میرمنصور	mirmansoor	F	0
میرمهیار	mirmohayar	F	0
میرموسی	mirmousi	F	0
میرمیثم	mirmeysam	F	0
میرنادر	mirnader	F	0
میرناصر	mirnasir	F	0
میرنبی	mirnabi	F	0
میرنجف	miranjaf	F	0
میرنصیر	mirnasir	F	0
میرنظام	mirnazam	F	0
میرنعیم	mirna'im	F	0
میرنقی	mirnaqi	F	0
میرنورالدین	mirnooraldin	F	0
میرنوید	mirnavid	F	0
میره	mireh	F	0
میرهاشم	mirhashem	F	0
میرهوشنگ	mirhoshang	F	0
میرو	miro	F	0
میرواثق	mirovaseq	F	0
میروالله	miroollah	F	0
میروان	mirovan	F	0
میروحید	miroohid	F	0
میرودود	miroodood	F	0
میرولی	mirvali	F	0
میرویس	mirovis	F	0
میرپرهام	mirparham	F	0
میرپرویز	mirparviz	F	0
میرپوریا	mirpouria	F	0
میرپیمان	mirpayman	F	0
میرکا	mirka	F	0
میرکاظم	mirkazem	F	0
میرکاوه	mirkaveh	F	0
میرکریم	mirkarim	F	0
میرکمال	mirkamal	F	0
میرکو	mirko	F	0
میرکیا	mirkia	F	0
میرگل	mirgol	F	0
میریاسین	miryasin	F	0
میریام	miryam	F	0
میریحیی	mirihyi	F	0
میریعغوب	miryaghoob	F	0
میریعقوب	miryaghoob	F	0
میرین	mirin	F	0
میریوسف	miryusuf	F	0
میریونس	miryouns	F	0
میز	miz	F	0
میزاجان	mizajan	F	0
میزان	mizan	F	0
میزاولی	mizavoli	F	0
میسا	maysa,misa	F	0
میساح	misah	F	0
میسان	maysan	F	0
میسثم	misehtam	F	0
میسروپ	misroop	F	0
میسم	meysam	F	0
میسون	maysun,meysun	F	0
میشا	misha	F	0
میشان	mishan	F	0
میشانه	mishane	F	0
میشل	mishel	F	0
میشم	misham	F	0
میشه	mishe	F	0
میشواک	mishvak	F	0
میشکا	mishka	F	0
میشی	mishi	F	0
میعاد	miyad,miaad	F	0
میعلی	meyali	F	0
میعن	miyan	F	0
میعود	miaood	F	0
میفر	mifar	F	0
میلا	mila	F	0
میلااد	milad	F	0
میلاد	milad	F	0
میلالد	milad	F	0
میلان	milan	F	0
میلانا	milana	F	0
میلاو	milove	F	0
میلاوه	milave	F	0
میلحه	milheh	F	0
میللا	milla	F	0
میلکان	milkan	F	0
میلی	mili	F	0
میلیس	milis	F	0
میمنت	meymanat	F	0
میمونه	mimuneh	F	0
مین	min	F	0
مینابگیم	minabgim	F	0
میناد	minad	F	0
مینادخت	minadokht	F	0
میناز	minaz	F	0
میناس	minas	F	0
مینال	minal,minaal	F	0
میناور	minavar	F	0
میناوش	minavash	F	0
میناگون	minagun	F	0
مینایه	minaye	F	0
مینتا	minta	F	0
مینجه	minjeh	F	0
مینل	minel	F	0
مینه	mina	F	0
مینو	minoo	F	0
مینوخانم	minokhanom	F	0
مینودخت	minoodokht,minudokht	F	0
مینورام	minoram	F	0
مینورخ	minorkh,minurokh	F	0
مینوره	minoreh	F	0
مینوزاد	minuzad	F	0
مینوس	minus	F	0
مینوسا	minusa	F	0
مینوش	minush	F	0
مینوشا	minusha	F	0
مینوفر	minufar,minoufar	F	0
مینومهر	minumehr	F	0
مینووش	minuvash	F	0
مینوچهر	minouchahr	F	0
مینژه	minjeh	F	0
مینگله	mingaleh	F	0
مینیکا	minika	F	0
میها	miha	F	0
میهایلا	mihayla	F	0
میهران	meyran	F	0
میهن	mihan	F	0
میپم	mipam	F	0
میچکا	michka	F	0
میژه	mizhe	F	0
میکاییل	mikayil,mika'il	F	0
میکائلا	mikaela	F	0
میکائیل	mikaeil,mika'il	F	0
میکادیل	mikadil	F	0
میکاعیل	mika'il	F	0
میکال	mikal	F	0
میکان	mikan	F	0
میکایل	mikail	F	0
میکسا	miksa	F	0
میگل	meygol	F	0
میگون	meygun	F	0
نائل	nael	F	0
نائله	naele	F	0
نائیریکا	nayrika,nairika	F	0
نابت	nabet	F	0
ناتا	nata	F	0
ناتاشا	natasha	F	0
ناتالیا	natalia	F	0
ناتصر	natasar	F	0
ناجح	najeh	F	0
ناجیا	najia	F	0
ناجیه	najiyeh,najieh	F	0
ناحید	nahid	F	0
ناحیه	nahiye	F	0
ناد	nad	F	0
نادار	nadar	F	0
ناددر	nader	F	0
نادر	nader	F	0
نادررضا	naderreza	F	0
نادرزاد	naderzad	F	0
نادرقلی	nadergholi	F	0
نادره	nadere	F	0
نادمردی	nadmardi	F	0
نادمه	nademe	F	0
نادیا	nadia	F	0
نادیال	nadial	F	0
نادین	nadin	F	0
نادینوس	nadinus	F	0
نادیه	nadiye,nadiyeh	F	0
ناذدار	nazdar	F	0
ناذر	nazr	F	0
نار	nar	F	0
نارا	nara	F	0
نارامسین	naramsin	F	0
ناراین	narayn	F	0
ناربن	narbon	F	0
نارتا	narta	F	0
نارتاج	nartaj	F	0
ناردانا	nardana	F	0
ناردخت	nardokht	F	0
ناردیس	nardis	F	0
ناردین	nardin	F	0
نارسیس	narsis	F	0
نارشین	narshin	F	0
نارملا	narmela	F	0
نارمیلا	narmila	F	0
نارنج	narenj	F	0
نارنجه	narenjeh	F	0
نارنیا	narniya	F	0
نارو	naro	F	0
ناروش	narvash	F	0
نارون	narvon,narvan	F	0
ناروین	narvin	F	0
نارگا	narga	F	0
نارگله	nargaleh	F	0
نارگون	nargun	F	0
ناری	nari	F	0
ناریا	nariya	F	0
ناریسا	narisa	F	0
ناریش	narish	F	0
ناریلا	narila	F	0
نارین	narin	F	0
نارینا	narina	F	0
نارینه	narine	F	0
نارینکل	narinakl	F	0
نارینگل	naringel	F	0
ناریه	nariyeh	F	0
ناریکا	narika	F	0
ناز	naz	F	0
نازآفرید	nazafarin	F	0
نازآفرین	nazafarin	F	0
نازار	nazaar	F	0
نازارطلا	nazartala	F	0
نازارمراد	nazarmorad	F	0
نازاره	nazareh	F	0
نازاری	nazari	F	0
نازان	nazan	F	0
نازانتا	nazanta	F	0
نازباجی	nazbaji	F	0
نازبانو	nazbano	F	0
نازبردی	nazbardi	F	0
نازبیبی	nazbibi	F	0
نازبیگم	nazbigam	F	0
نازتیام	naztiyam	F	0
نازخانم	nazkhanom	F	0
نازخانوم	nazkhanom	F	0
نازدار	nazdar	F	0
نازدانه	nazdaneh	F	0
نازدای	nazday	F	0
نازدلبر	nazdelbar	F	0
نازدوردی	nazdourdi	F	0
نازدولت	nazdolat	F	0
نازرخ	nazrokh	F	0
نازروی	nazroy	F	0
نازشید	nazshid	F	0
نازصنم	nazsanam	F	0
نازعلی	nazali	F	0
نازعنبر	naz'anbar	F	0
نازقربان	nazghorban	F	0
نازقلی	nazgholi	F	0
نازقید	nazghid	F	0
نازل	nazl	F	0
نازلار	nazlar	F	0
نازلر	nazlor	F	0
نازله	nazleh	F	0
نازلو	nazloo	F	0
نازلی	nazli	F	0
نازمراد	nazmorad	F	0
نازنیا	nazniya	F	0
نازنین	nazanin	F	0
نازوند	nazvand	F	0
نازپرور	nazparvar	F	0
نازپری	nazpari	F	0
نازک	nazak	F	0
نازگل	nazgol	F	0
نازگیتی	nazgiti	F	0
نازیا	nazya	F	0
نازیاب	nazyab	F	0
نازیار	nazyar	F	0
نازیبی	nazibi	F	0
نازیتا	nazita	F	0
نازیلا	nazila	F	0
نازیله	nazileh	F	0
نازین	nazin	F	0
نازینه	nazineh	F	0
نازیه	nazieh	F	0
نازیک	nazik	F	0
نازیین	naziin	F	0
ناسو	nasoo	F	0
ناسکه	naskeh	F	0
ناسین	nasim	F	0
ناسیه	nasieh	F	0
ناسیکو	nasiko	F	0
ناشا	nasha	F	0
ناشیر	nashir	F	0
ناص	nas	F	0
ناصرالدین	naseroddin	F	0
ناصرخسرو	naserkhosrow	F	0
ناصرعباس	nasirabbas	F	0
ناصرعلی	nasrali	F	0
ناصرقلی	nasrgholi	F	0
ناصره	nasreh	F	0
ناصرچ	nasrch	F	0
ناصریه	nasariyeh	F	0
ناضر	nazer	F	0
ناطر	nater	F	0
ناظره	nazereh	F	0
ناظمه	nazemeh	F	0
ناعمه	naeemeh	F	0
نافذ	nafez	F	0
نافع	nafee	F	0
نافله	nafele	F	0
نافه	nafeh	F	0
نافیا	nafiya	F	0
نافیه	nafieh	F	0
نامبد	nambod	F	0
نامعلی	namali	F	0
نامق	namq	F	0
نامهر	namahr	F	0
نامیرا	namira	F	0
نامیفق	namifagh	F	0
نامیق	namigh	F	0
نامین	namin	F	0
نامیک	namik	F	0
نانا	nana	F	0
نانسی	nansi	F	0
نانوش	nanush	F	0
نانیا	naniya	F	0
نانیسا	nanisa	F	0
ناهبد	nahbed	F	0
ناهد	nahed	F	0
ناهده	nahideh	F	0
ناهرین	nahrin	F	0
ناهیتا	nahita	F	0
ناهیده	nahideh,nahide	F	0
ناهیرا	nahira	F	0
ناهیو	nahiu	F	0
ناورز	navarz	F	0
ناوند	navand	F	0
ناوه	naveh	F	0
ناوک	navak	F	0
ناژو	nazhu	F	0
ناژیلا	najila	F	0
ناژین	najin,nazhin	F	0
ناکتا	nakta	F	0
ناکله	nakleh	F	0
نایا	naya	F	0
نایاب	nayab	F	0
نایان	nayan	F	0
نایب	naib,nayeb	F	0
نایبا	naiba	F	0
نایبعلی	naibali	F	0
نایر	nayer	F	0
نایره	nayereh,nayere	F	0
نایریکا	nayrika	F	0
نایف	naif,nayef	F	0
نایله	nayleh	F	0
نایمه	naymeh	F	0
ناینی	naini	F	0
ناییله	nayileh	F	0
نایین	nayin	F	0
نبات	nabat	F	0
نباتعلی	nabataly	F	0
نبار	nabar	F	0
نبر	nabar	F	0
نبراس	nebras	F	0
نبرزین	nabarzin	F	0
نبرفته	nabarafte	F	0
نبض	nabz	F	0
نبعه	nab'eh	F	0
نبما	nabma	F	0
نبهان	nabhan	F	0
نبوت	nobovat	F	0
نبکا	nabka	F	0
نبیل	nabil	F	0
نبین	nabin	F	0
نبیه	nabih,nabieh	F	0
نبی‌الله	nabiyollah	F	0
نتظر	natazer	F	0
نتقی	nateqi	F	0
نثار	nesar	F	0
نثاراحمد	nesarahmad	F	0
نثرالله	nasrallah	F	0
نجاتعلی	najaatali	F	0
نجاح	najah	F	0
نجبه	najbeh	F	0
نجبیه	najbiyeh	F	0
نجغ	najgh	F	0
نجغقلی	najghaqli	F	0
نجف	najaf	F	0
نجفقلی	najafgholi	F	0
نجفهلی	najafhali	F	0
نجلا	najla	F	0
نجله	najleh	F	0
نجما	najma	F	0
نجمالدین	najmoddin,najmaldin	F	0
نجمعه	najma'eh	F	0
نجمه	najme	F	0
نجمیه	najmieh,najmiye	F	0
نجوا	najva	F	0
نجوده	najudeh	F	0
نجوه	najva	F	0
نجی	naji	F	0
نجیالله	najiyollah	F	0
نجیبالدین	najiboddin	F	0
نجیبالله	najibollah	F	0
نجیباله	najibaleh	F	0
نجیبه	najibe	F	0
نجیده	najideh	F	0
نجیفه	najifeh	F	0
نجیم	najim	F	0
نجیما	najima	F	0
نجیمه	najimeh	F	0
نجیه	najieh	F	0
نحجت	nahjat	F	0
نحف	nahaf	F	0
نحله	nahle	F	0
نحمه	nahmeh	F	0
نحیم	nahim	F	0
نخستین	nakhstin	F	0
نخشن	nakhshan	F	0
نخشین	nakhshin	F	0
ندا	neda	F	0
نداء	neda	F	0
ندال	nadal,nedaal	F	0
ندر	nadr	F	0
ندرت	nadrat	F	0
ندعی	nedaei	F	0
ندل	nadel	F	0
ندی	nadi	F	0
ندیبه	nadibe	F	0
ندیل	nadil	F	0
ندیم	nadim	F	0
ندیمه	nadime,nadimeh	F	0
نذرعلی	nazrali	F	0
نذری	nazri	F	0
نذهت	nazhat	F	0
نذیر	nazir	F	0
نذیره	nazireh	F	0
نرجس	narjes	F	0
نرجیس	narjis	F	0
نرذگس	narghas	F	0
نرسا	narsa	F	0
نرسانگا	narasanga	F	0
نرسه	narse	F	0
نرسی	nersi	F	0
نرمی	narmi	F	0
نرمین	narmin	F	0
نرمینه	narmineh	F	0
نروزعلی	noroozali	F	0
نرکس	narkes	F	0
نرگس	narges	F	0
نرگسدخت	nargesdokht	F	0
نرگسه	nargeseh	F	0
نرگیس	nargis	F	0
نریما	narima	F	0
نریمتن	nerimtan	F	0
نزاد	nazad	F	0
نزار	nazar	F	0
نزاکت	nezakat	F	0
نزلا	nazla	F	0
نزهت	nozhat	F	0
نزهتالزمان	nozhatozzaman	F	0
نزهه	nazhah	F	0
نزیمان	naziman	F	0
نزیه	nazih	F	0
نزیهه	naziheh	F	0
نسا	nesa	F	0
نساء	nesaa	F	0
نسابیگم	nasabigam	F	0
نسار	nasar	F	0
نساک	nasak	F	0
نسای	nasai	F	0
نسبه	nasbeh	F	0
نسبیه	nasbiyeh	F	0
نستار	nastar	F	0
نستر	nastar	F	0
نسترن	nastaran	F	0
نستهن	nastahan	F	0
نستهین	nastahin	F	0
نستود	nastod	F	0
نستور	nastor	F	0
نستوه	nastuh	F	0
نسرسن	nasrasan	F	0
نسریم	nasrim	F	0
نسرین	nasrin	F	0
نسریندخت	nasrindokht	F	0
نسرینرخ	nasrinrokh	F	0
نسرینه	nasrine	F	0
نسریه	nasrieh	F	0
نسزین	nazrin	F	0
نسیم	nasim	F	0
نسم	nasim	F	0
نسمه	nasmeh	F	0
نسمی	nasimi	F	0
نسک	nask	F	0
نسکو	nesku	F	0
نسی	nasi	F	0
نسیا	nasya	F	0
نسیبا	nasiba	F	0
نسیبع	nasib	F	0
نسیبه	nasibe	F	0
نسیرن	nasirin	F	0
نسیرین	nasirin	F	0
نسیما	nasima	F	0
نسیمه	nasimeh,nasime	F	0
نسیه	nasieh	F	0
نشتمان	nashteman	F	0
نشتیمان	nashtiman	F	0
نشریه	nashriyeh	F	0
نشعه	nash'e	F	0
نشغیمان	nashghiman	F	0
نشمی	nashmi	F	0
نشمیل	nashmil	F	0
نشمین	nashmin	F	0
نشمینه	nashmineh	F	0
نشمیه	nashmieh	F	0
نشواد	nashvad	F	0
نشوان	neshvan	F	0
نشکیمان	nashkiman	F	0
نصار	nassar	F	0
نصذرت	nasrat	F	0
نصرا	nasra	F	0
نصرالاه	nasrallah	F	0
نصرالدین	nasroddin	F	0
نصرالله	nasrollah	F	0
نصران	nasran	F	0
نصرتالدین	nosratoddin	F	0
نصرتالله	nosratollah	F	0
نصرتعلی	nosratali	F	0
نصرته	nasrateh	F	0
نصرت‌الله	nosratollah	F	0
نصرلله	nasrallah	F	0
نصره	nasreh	F	0
نصرین	nasrin	F	0
نصزاله	nasrallah	F	0
نصزت	nasrat	F	0
نصمیل	nasimil	F	0
نصه	nasr	F	0
نصوح	nasuh	F	0
نصور	nasr	F	0
نصیب	nasib	F	0
نصیبر	nasibir	F	0
نصیبه	nasibeh,nasibe	F	0
نصیبیه	nasibieh	F	0
نصیرا	nasira	F	0
نصیرالدین	nasiroddin	F	0
نصیرالله	nasirollah	F	0
نصیراله	nasirollah	F	0
نصیره	nasireh	F	0
نصیه	nasieh	F	0
نصیور	nasir	F	0
نضال	nizal	F	0
نضمه	nazmeh	F	0
نضیر	nazir	F	0
نظاره	nazare	F	0
نظال	nazal	F	0
نظامالدین	nezamoddin	F	0
نظامعلی	nazamali	F	0
نظرعلی	nazrali	F	0
نظرقلی	nazargoli	F	0
نظرقلیچ	nazargolich	F	0
نظرمحمد	nazarmohammad	F	0
نظریه	nazariyeh	F	0
نظمیه	nazmiyeh	F	0
نظیر	nazir	F	0
نظیربخش	nazirbakhsh	F	0
نظیره	nazire,nazireh	F	0
نظیفه	nazifeh	F	0
نعبمه	na'bameh	F	0
نعجیبه	na'jibe	F	0
نعر	na'r	F	0
نعصومه	na'sumeh	F	0
نعما	na'ma	F	0
نعمان	noeman	F	0
نعمت	neemat	F	0
نعمتالله	neematollah	F	0
نعمتاله	nematollah	F	0
نعمتعلی	na'matali	F	0
نعمت‌الله	nematollah	F	0
نعمعیم	na'ma'im	F	0
نعمه	na'meh	F	0
نعمیا	na'miya	F	0
نعمیه	na'miyeh	F	0
نعنا	naena	F	0
نعناع	nana	F	0
نعیامت	naiamat	F	0
نعید	na'id	F	0
نعیم	naeim,na'im	F	0
نعیما	na'eema,naeima	F	0
نعیمان	na'iman	F	0
نعیمه	naeime,naimeh	F	0
نغم	nagham	F	0
نغمه	naghme	F	0
نغیمه	naghimeh	F	0
نفحه	nafhe	F	0
نفرت	nafrat	F	0
نفس	nafas	F	0
نفسیه	nafasieh	F	0
نفشه	nafsheh	F	0
نفهت	nafahat	F	0
نفیده	nafideh	F	0
نفیس	nafis	F	0
نفیسا	nafisa	F	0
نفیسه	nafiseh	F	0
نفیصه	nafiseh	F	0
نفیل	nafil	F	0
نقرعلی	noghraali	F	0
نقره	noghre	F	0
نقسیه	naqsiyeh	F	0
نقشعلی	naqshali	F	0
نقشین	naghshin,naqshin	F	0
نقشینه	naghshineh	F	0
نقی	naghi	F	0
نقیبه	naghibe,naghibeh	F	0
نقیده	naghideh	F	0
نقیسه	naghiseh	F	0
نقیمه	naghimeh	F	0
نل	nell	F	0
نلا	nella	F	0
نلسا	nelsa	F	0
نلصر	nalsar	F	0
نلکا	nalka	F	0
نلی	neli	F	0
نلیا	nelya	F	0
نلیحه	nalihe	F	0
نلیسا	nelisa	F	0
نلین	nelin	F	0
نماز	namaz	F	0
نمام	namam	F	0
نمامعلی	namali	F	0
نماهید	namahid	F	0
نمایان	namayan	F	0
نمحسن	namhasan	F	0
نمرود	namrud	F	0
نمصرت	namasrat	F	0
نمونه	nemune	F	0
نمک	namak	F	0
نمیا	namiya	F	0
نمیتاج	nimitaj	F	0
نمیره	namireh	F	0
ننه	naneh	F	0
نها	neha	F	0
نهاد	nahad	F	0
نهارا	nahara	F	0
نهال	nahal	F	0
نهاله	nahale	F	0
نهام	noham	F	0
نهان	nahan	F	0
نهایت	nahayat	F	0
نهایه	nahaye	F	0
نهبام	nahbam	F	0
نهبهز	nahbehz	F	0
نهدی	nahdi	F	0
نهروان	nahravan	F	0
نهروز	nahruz	F	0
نهسرهو	nahsarho	F	0
نهضت	nehzat	F	0
نهل	nahl	F	0
نهله	nahle	F	0
نهناز	nahnaz	F	0
نهوشیروان	nahushiravan	F	0
نهکهروز	nahkehruz	F	0
نهی	nahi	F	0
نهیبه	nahibe	F	0
نهیفه	nahifeh	F	0
نهیمه	nahimeh	F	0
نهین	nahin	F	0
نهیه	nahiyeh	F	0
نوئل	noel	F	0
نوا	nava	F	0
نوابه	navabeh	F	0
نواد	navad	F	0
نواز	navaz	F	0
نوازاله	navazaleh	F	0
نوازان	navazan	F	0
نوازش	navazesh	F	0
نوال	naval	F	0
نوالبه	navalbeh	F	0
نوالدین	navaldin	F	0
نوالله	navallah	F	0
نواله	navaleh	F	0
نوبار	nobar	F	0
نوبان	noban	F	0
نوبانو	nobanoo	F	0
نوباوه	nobaveh	F	0
نوبرعلی	nobraly	F	0
نوبه	noveh	F	0
نوتاش	notash	F	0
نوتریکا	nutrika	F	0
نوجهان	nojahan	F	0
نوح	nuh	F	0
نوحا	noha	F	0
نوحعلی	noohali	F	0
نوحید	navid	F	0
نوذر	nowzar	F	0
نورآفرین	noorafarin	F	0
نوراتته	nouratteh	F	0
نوراتدین	nouratdin	F	0
نورادین	nooradin	F	0
نورال	nooral	F	0
نورالامین	nooralamin	F	0
نورالاه	nooralah	F	0
نورالحق	nurolhagh	F	0
نورالدین	nooraldin,nuroddin	F	0
نورالزهرا	nurozzahra	F	0
نورالستین	nooralastin	F	0
نورالسما	nurolsama	F	0
نورالعین	nuroleein	F	0
نورالله	nurollah	F	0
نورالمهدی	nurolmahdi,nooralmohdi	F	0
نورالنساء	nooralnasa	F	0
نوراله	noorollah	F	0
نورالهدی	nurolhoda	F	0
نورالین	nooralin	F	0
نوران	nuran	F	0
نوراندیش	noorandish	F	0
نورانه	nooraneh	F	0
نوراهان	noorahan	F	0
نورای	nourai	F	0
نوربانو	noorbanoo	F	0
نوربردی	noorbardi	F	0
نوربیبی	noorbibi	F	0
نوربیکه	noorbikeh	F	0
نورتاج	nourtaj	F	0
نورتقان	norteqan	F	0
نورتکین	nourtekin	F	0
نورجان	noorjan	F	0
نورجل	noorjal	F	0
نورجمال	noorjamal	F	0
نورجهان	noorjahan	F	0
نورحسین	noorhossein	F	0
نورخاتون	norkhatun	F	0
نورخدا	nourkhoda	F	0
نوردانه	nourdaneh	F	0
نوردوستی	nourdoosti	F	0
نوردین	nourdin	F	0
نوررحمان	noorrahman	F	0
نورزعلی	noorzali	F	0
نورزو	norooz	F	0
نورس	nours	F	0
نورسا	nursa	F	0
نورسعادت	noursa'adat	F	0
نورسلطان	noursoltan	F	0
نورسو	nurso	F	0
نورشاد	noorshad	F	0
نورصباح	noursabah	F	0
نورطلا	noortala	F	0
نورعباس	noorabbas	F	0
نورقلی	noorqoli	F	0
نورقلیچ	noorqolich	F	0
نورلدین	nouraldin	F	0
نورلی	noorli	F	0
نورمان	norman	F	0
نورماه	noormah	F	0
نورمراد	noormerad	F	0
نورملک	noormalak	F	0
نورمند	nurmand	F	0
نورنیا	nournia	F	0
نوره	noure	F	0
نورو	noru	F	0
نوروان	norvan	F	0
نوروردی	noorvardi	F	0
نوروزعلی	noroozali	F	0
نوروزقلی	noroozgholi	F	0
نوروزه	norooz	F	0
نورپرور	noorparvar	F	0
نورپری	noorpouri	F	0
نورپسند	noorpasand	F	0
نورک	nork	F	0
نورکرم	nourkaram	F	0
نورگل	noorgol	F	0
نورگلدی	nourgoldi	F	0
نوریا	nuriya,nouria	F	0
نوریاغبی	nouriaghebi	F	0
نوریاغدی	nouriyagdi	F	0
نوریاقدی	nouriaqdi	F	0
نورید	nourid	F	0
نوریقدی	noorighadi	F	0
نورین	nourin,nurin	F	0
نوریه	nuriyeh	F	0
نوزاله	navzaleh	F	0
نوزان	navazan	F	0
نوزت	navzat	F	0
نوزر	navzar	F	0
نوزیتا	navzita	F	0
نوسین	navin	F	0
نوش	nush	F	0
نوشا	nusha	F	0
نوشاب	nushab	F	0
نوشابه	noshabeh	F	0
نوشافرین	nushafarin	F	0
نوشان	nushan	F	0
نوشبن	nushban	F	0
نوشروان	nowshervan	F	0
نوشزاد	nushzad	F	0
نوشن	nushan	F	0
نوشناز	nushnaz	F	0
نوشه	nushe	F	0
نوشی	nushi	F	0
نوشیار	nushyar	F	0
نوشید	nushid,nowshid	F	0
نوشیر	nushir	F	0
نوشیروان	nushirvan	F	0
نوشین	nushin	F	0
نوشیندخت	nushindokht	F	0
نوشینه	nushine	F	0
نوشیکا	nushika	F	0
نوطه	nothe	F	0
نوفل	nowfal	F	0
نوفیق	nofiq	F	0
نوما	numa	F	0
نومان	noman	F	0
نومحمد	nomohammad	F	0
نونا	nuna	F	0
نونهال	noonahal	F	0
نونود	nonud	F	0
نوه	naveh	F	0
نوهاد	nohad	F	0
نوچهر	nochahr	F	0
نوژا	nuzha	F	0
نوژان	nuzhan	F	0
نوژن	nuzhan	F	0
نوژه	nuzhe	F	0
نوژیان	nozhyan	F	0
نوژین	nuzhin	F	0
نوگل	nowgol	F	0
نوی	navi	F	0
نویار	noyar	F	0
نویان	noviyan,navian	F	0
نویداله	navidollah	F	0
نویدحسین	navidhossein	F	0
نویدرضا	navidreza	F	0
نویده	navideh,navide	F	0
نویسا	nevisa,navisa	F	0
نویل	naveel	F	0
نوینا	novina	F	0
نچمه	nachmeh	F	0
نچیروان	nachiravan	F	0
نژلا	nazhla	F	0
نکتار	nektar	F	0
نکسیا	nexia	F	0
نکه	nakeh	F	0
نکهت	nakhat	F	0
نکو	neku	F	0
نکوزاد	nekoozad	F	0
نکویار	nekoyar	F	0
نکیسا	nakisa	F	0
نگار	negar	F	0
نگارا	negara	F	0
نگارافروز	negarafruz	F	0
نگارزهرا	negarzahra	F	0
نگارشید	negarshid	F	0
نگارموژان	negarmozhan	F	0
نگاره	negare	F	0
نگارین	negarin	F	0
نگاه	negah	F	0
نگر	negar	F	0
نگس	negas	F	0
نگور	negur	F	0
نگیسا	nagisa	F	0
نگین	negin	F	0
نگینا	negina	F	0
نگیندخت	negindokht	F	0
نگینرخ	neginrokh	F	0
نگینزهرا	neginzahra	F	0
نگینه	negineh	F	0
نگینچهره	neginchehreh	F	0
نیا	nia,niya	F	0
نیاتعلی	niyatali	F	0
نیاتور	niyator	F	0
نیاتوس	niyatus	F	0
نیار	niyar	F	0
نیارا	niyara	F	0
نیاراد	niyarad	F	0
نیاز	niyaz	F	0
نیازبروی	niyazbaroo	F	0
نیازعلی	niyazali	F	0
نیازقلی	niyazgholi	F	0
نیازگلدی	niyazgoldi	F	0
نیاسا	niyasa	F	0
نیاسان	niyasan	F	0
نیاطوس	niyatus	F	0
نیالا	niyala	F	0
نیامت	niyamat	F	0
نیان	niyan	F	0
نیاوش	niyavash	F	0
نیاوند	niyavand	F	0
نیاک	niyak	F	0
نیایش	niyayesh	F	0
نیبه	nibe	F	0
نیت	niyat	F	0
نیتا	nita	F	0
نیترا	nitra	F	0
نیتعلی	niyatali	F	0
نیتون	neytoon	F	0
نیثاطنه	nithatneh	F	0
نیدا	nida	F	0
نیذره	nizreh	F	0
نیر	nir,nayyer	F	0
نیراج	niraj	F	0
نیراعظم	nirazham,nayyeraezam	F	0
نیرال	niral	F	0
نیران	niran	F	0
نیراوان	niravan	F	0
نیرم	neyram	F	0
نیرمان	nirman	F	0
نیره	nayyere,nireh	F	0
نیرو	niru	F	0
نیروان	nirvan	F	0
نیروانا	nirvana	F	0
نیسا	nisa	F	0
نیسان	neysan	F	0
نیسانا	nisana	F	0
نیستمان	nisteman	F	0
نیسم	nisam	F	0
نیشا	nisha	F	0
نیشام	nisham	F	0
نیشتمان	nishteman	F	0
نیشتیان	nishtiyan	F	0
نیل	nil	F	0
نیلا	nila	F	0
نیلاب	nilab	F	0
نیلاس	nilas	F	0
نیلان	nilan	F	0
نیلای	nilay	F	0
نیلدا	nilda	F	0
نیلرام	nilram	F	0
نیلسا	nilsa	F	0
نیلسان	nilsan	F	0
نیلسو	nilso	F	0
نیلفام	nilfam	F	0
نیلما	nilma	F	0
نیلماه	nilmah	F	0
نیله	nileh	F	0
نیلو	nilu	F	0
نیلور	nilor	F	0
نیلوسا	nilosa	F	0
نیلوغر	niloufar	F	0
نیلوفر	nilufar,niloufar	F	0
نیلوفرال	niloufaral	F	0
نیلوفز	nilufar	F	0
نیلوپر	nilupar	F	0
نیلپر	nilpar	F	0
نیلگون	nilgun,nilgoun	F	0
نیلیا	niliya	F	0
نیلین	nilin	F	0
نیما	nima	F	0
نیمات	nimat	F	0
نیماکه	nimakeh	F	0
نیمتا	nimta	F	0
نیمتاج	nimtaj	F	0
نیمتاچ	nimtach	F	0
نیمه	nimeh	F	0
نینا	nina	F	0
نینوا	ninava	F	0
نینوس	ninos	F	0
نینوش	ninoosh	F	0
نینوشا	ninousha	F	0
نینگ	ning	F	0
نیها	niha	F	0
نیهات	nihat	F	0
نیهاد	nihad	F	0
نیهان	nihan	F	0
نیو	niyu,niv	F	0
نیواد	nivad	F	0
نیوان	nivan	F	0
نیوتش	nivtash	F	0
نیوتیش	niyoutish	F	0
نیوراد	nivrad	F	0
نیوزا	neyza	F	0
نیوزاد	nivzad	F	0
نیوزار	nivzar	F	0
نیوسا	niyosa	F	0
نیوشا	niyousha,niyusha	F	0
نیوشه	niyoushe	F	0
نیووند	nivvand	F	0
نیچروان	nichervan	F	0
نیژن	nizhan	F	0
نیژه	nizhe	F	0
نیکآرا	nikara	F	0
نیکآفرید	nikafarid	F	0
نیکآهنگ	nikahang	F	0
نیکآیین	nikayin	F	0
نیکا	nika	F	0
نیکاختر	nikakhtar	F	0
نیکاد	nikad	F	0
نیکارام	nikaram	F	0
نیکافروز	nikafruz	F	0
نیکامهر	nikamehr	F	0
نیکاو	nikav	F	0
نیکبه	nikbeh	F	0
نیکبین	nikbin	F	0
نیکتا	nikta	F	0
نیکتاب	niktab	F	0
نیکداد	nikdad	F	0
نیکدخت	nikdokht	F	0
نیکراد	nikrad	F	0
نیکرای	nikray	F	0
نیکرخ	nikrokh	F	0
نیکروح	nikrouh	F	0
نیکروز	nikruz	F	0
نیکروی	nikrouy	F	0
نیکسا	niksa	F	0
نیکسان	niksan	F	0
نیکسیما	niksima	F	0
نیکشاد	nikshad	F	0
نیکفام	nikfam	F	0
نیکفر	nikfar	F	0
نیکمهر	nikmehr	F	0
نیکناز	niknaz	F	0
نیکوراد	nikurad	F	0
نیکوزاد	nikoozad	F	0
نیکوزهرا	nikuzahra	F	0
نیکوش	nikvash	F	0
نیکولقا	nikulegha	F	0
نیکومهر	nikumehr	F	0
نیکوناز	nikunaz	F	0
نیکونام	nikunam	F	0
نیکوچهر	nikuchehr	F	0
نیکپی	nikpey	F	0
نیکچهر	nikchehr	F	0
نیکچهره	nikchehre	F	0
نیکیا	nikiya	F	0
نیکیاد	nikyad	F	0
نیکیار	nikiyar	F	0
نیکیتا	nikita	F	0
نیکین	nikin	F	0
هایده	haydeh,hayede	F	0
هائد	haed	F	0
هابل	habl	F	0
هابه	habe	F	0
هابیل	habil	F	0
هاتفه	hatefe	F	0
هاتم	hatam	F	0
هاجان	hajan	F	0
هاجد	hajd	F	0
هاجر	hajar	F	0
هاجرال	hajral	F	0
هاجرخاتون	hajarkhatun	F	0
هاجره	hajereh	F	0
هاجقلی	hajgholi	F	0
هاجی	haji	F	0
هاجیه	hajieh	F	0
هادان	hadan	F	0
هادیه	hadiye,hadiyeh	F	0
هاد‌ی	hadi	F	0
هارا	hara	F	0
هاران	haran	F	0
هارای	haray	F	0
هارطون	hartoon	F	0
هارمونیکا	harmonika	F	0
هاره	hareh	F	0
هارولد	harold	F	0
هارون	harun	F	0
هارپارک	harpark	F	0
هارپاک	harpak	F	0
هاسم	hasam	F	0
هاسمیک	hasmik	F	0
هاش	hash	F	0
هاشا	hasha	F	0
هاشم	hashem	F	0
هاشمعلی	hashma'li	F	0
هاشمن	hashman	F	0
هاشمه	hasheme	F	0
هاشمیه	hashemieh	F	0
هاشنم	hashnam	F	0
هالان	halan	F	0
هاله	hale	F	0
هالی	hali	F	0
هالیده	halideh	F	0
هالین	halin	F	0
هامان	haman	F	0
هامد	hamid	F	0
هامر	hamer	F	0
هامرز	hamerz	F	0
هامن	haman	F	0
هامون	hamun	F	0
هامویه	hamoyeh	F	0
هامک	hamak	F	0
هامی	hami	F	0
هامیر	hamir	F	0
هامیم	hamim	F	0
هامین	hamin	F	0
هامیه	hamiyeh	F	0
هانا	hana	F	0
هانده	handeh	F	0
هاندو	handu	F	0
هانه	haneh	F	0
هانو	hanu	F	0
هانی	hani	F	0
هانیا	haniya,hania	F	0
هانیتا	hanita	F	0
هانیدا	hanida	F	0
هانیس	hanis	F	0
هانیسا	hanisa	F	0
هانیش	hanish	F	0
هانیل	hanil	F	0
هانیه	haniye,hanieh	F	0
هانیهزهرا	haniyezahra	F	0
هاوار	havar	F	0
هاوره	havreh	F	0
هاوری	havri	F	0
هاورین	havrin	F	0
هاوش	havash	F	0
هاون	havon	F	0
هاونی	havni	F	0
هاووش	havush	F	0
هاوژین	havzhin	F	0
هاویار	havyar	F	0
هاویر	havir	F	0
هاوین	havin	F	0
هاژان	hazhan	F	0
هاکان	hakan	F	0
هاکتان	haktan	F	0
هایا	haya	F	0
هایان	hayan	F	0
هاید	hayd	F	0
هایدی	haidi	F	0
هایق	hayq	F	0
هایلا	hayla	F	0
هایله	hayle	F	0
هایلین	haylin	F	0
هاینا	hayna	F	0
هاینه	hayneh	F	0
هایکا	hayka	F	0
هایکو	hayko	F	0
هایی	hayi	F	0
هاییده	hayideh	F	0
هایین	haeen	F	0
هباسپ	habasp	F	0
هبت	habt	F	0
هبراهیم	habrahim	F	0
هبه	hebe	F	0
هبیةلله	habibollah	F	0
هبیر	habir	F	0
هتادی	hatadi	F	0
هتاو	hatav	F	0
هترا	hatra	F	0
هتف	hatf	F	0
هجار	hajar	F	0
هجت	hojjat	F	0
هجر	hajer	F	0
هجران	hojran	F	0
هجرت	hejrat	F	0
هجیر	hajir	F	0
هحد	hhad	F	0
هحمد	hahmad	F	0
هحمیده	hamideh	F	0
هحکیمه	hakimeh	F	0
هخا	hakha	F	0
هخاجر	hakhar	F	0
هخامنش	hakhamanesh	F	0
هدا	hoda	F	0
هدات	hedat	F	0
هدال	hedal	F	0
هدایتالله	hedayatollah	F	0
هدایتاله	hedayatollah	F	0
هدرا	hedra	F	0
هدسا	hadasa	F	0
هدسه	hedseh	F	0
هدی	hoda,hedi	F	0
هدیر	hadir	F	0
هدیش	hadish	F	0
هدیل	hadil	F	0
هدیه	hediye,hedye	F	0
هدیهزهرا	hedyezahra	F	0
هرا	hera	F	0
هراب	harab	F	0
هران	haran	F	0
هرانوش	haranush	F	0
هرای	haray	F	0
هربد	herbad	F	0
هرداد	herdad	F	0
هردار	hardar	F	0
هرزاد	harzad	F	0
هرسام	harsam	F	0
هرش	harsh	F	0
هرمان	herman	F	0
هرمز	hormoz	F	0
هرمزان	hormozan	F	0
هرمزد	hormozd	F	0
هرمس	hermes	F	0
هرمیس	hermis	F	0
هرمینا	hermina	F	0
هرمینه	hormineh	F	0
هرمیون	hermiyon	F	0
هرنگ	herang	F	0
هرواک	hervak	F	0
هروز	harooz	F	0
هرگل	hargol	F	0
هریاد	haryad	F	0
هریه	hariyeh	F	0
هزارگل	hazargol	F	0
هزبر	hazbar	F	0
هزوارش	hozvaresh	F	0
هزیر	hazir	F	0
هزینب	hazineb	F	0
هستان	hastan	F	0
هستنوه	hastanveh	F	0
هستی	hasti	F	0
هستیا	hastiya	F	0
هستیار	hastiyar	F	0
هسعیده	hesaideh	F	0
هسل	hasel	F	0
هسیل	hasil	F	0
هشام	hesham	F	0
هشمت	hashmat	F	0
هشیار	hoshyar	F	0
هصغر	hasghar	F	0
هظی	hazi	F	0
هعظم	ha'azam	F	0
هعمای	ha'maay	F	0
هفاطمه	hafatemeh	F	0
هفال	hefal	F	0
هفتصد	haftsad	F	0
هفدن	havdan	F	0
هفسه	hafseh	F	0
هفضه	hafzeh	F	0
هفیان	hafyan	F	0
هقان	haqan	F	0
هلال	halal	F	0
هلاله	halaleh	F	0
هلام	halam	F	0
هلاکویی	halakuyi	F	0
هلبست	halbest	F	0
هلبژارده	halbejarde	F	0
هلبژیر	halbejir	F	0
هلدا	helda	F	0
هلدیر	heldir	F	0
هلسا	helsa	F	0
هلما	helma	F	0
هلمت	helmet	F	0
هلموت	helmut	F	0
هلن	helen	F	0
هلنا	helena	F	0
هلناز	helnaz	F	0
هلنسا	helensa	F	0
هلنی	haleni	F	0
هله	haleh	F	0
هلهن	halehn	F	0
هلورین	halorin	F	0
هلپرین	helparin	F	0
هلکو	halako	F	0
هلکوت	halakot	F	0
هلگر	halgar	F	0
هلگورد	halghord	F	0
هلی	holi	F	0
هلیا	heliya	F	0
هلیانا	helyana	F	0
هلیانه	heliyane	F	0
هلیبخت	halibakht	F	0
هلیحه	haligheh	F	0
هلیسا	helisa	F	0
هلیل	halil	F	0
هلیله	halileh	F	0
هلیمه	halimeh	F	0
هلین	helin	F	0
هلینا	helina	F	0
هلیناه	halina	F	0
هلیه	helye	F	0
هلیوس	helios	F	0
هلیون	helyon	F	0
هما	homa	F	0
همابانو	hamabanu	F	0
همادخت	homadokht	F	0
همادی	hamadi	F	0
همادیس	homadis	F	0
همار	hamar	F	0
همافر	homafar	F	0
همام	homam	F	0
هماناز	hamanaz	F	0
هماوند	homavand	F	0
همای	hamay	F	0
همایوندخت	homayundokht	F	0
همایی	hamaei	F	0
همتا	hamta	F	0
همتالله	hemmatollah	F	0
همتعلی	hamtaali	F	0
همدم	hamdam	F	0
همدمعلی	hamdamali	F	0
همده	hamdeh	F	0
همرا	hamra	F	0
همراء	hamraah	F	0
همراد	hamrad	F	0
همراز	hamraz	F	0
همرود	hamroud	F	0
همریا	hamrya	F	0
همزار	hamzar	F	0
همزعلی	hamzaali	F	0
همزه	hamzeh	F	0
همساز	hamsaz	F	0
همشنگ	hamshang	F	0
همنایون	hamnaion	F	0
همنواد	hamnavad	F	0
هموند	hamvand	F	0
همگام	hamgam	F	0
همگون	hamgun	F	0
همید	hamid	F	0
همیدرضا	hamidreza	F	0
همیر	hamir	F	0
همیرا	hamira	F	0
همیشه	hamishe	F	0
همیلا	hamila	F	0
همین	hamin	F	0
همینه	hamineh	F	0
همیون	hamiyun	F	0
هنا	hana	F	0
هناء	hana	F	0
هنار	henar	F	0
هناس	henas	F	0
هناسه	hanaseh	F	0
هنانه	hananeh	F	0
هناهیده	hanaheide	F	0
هناو	honav	F	0
هندرین	handarin	F	0
هنده	hende	F	0
هندیه	hendiyeh	F	0
هنربخش	honarbaksh	F	0
هنوش	hanoosh	F	0
هنگام	hengam	F	0
هنگامه	hengame	F	0
هنی	hani	F	0
هنیا	haniya	F	0
هنیس	hanis	F	0
هنیسه	haniseh	F	0
هنیفه	hanifeh	F	0
هنیه	hanieh	F	0
ههری	heri	F	0
هوآفرید	havafrid	F	0
هوا	hava	F	0
هوار	havar	F	0
هواس	havas	F	0
هوال	haval	F	0
هواله	havaleh	F	0
هوبان	huban	F	0
هوبخت	hobakht	F	0
هوبر	hobar	F	0
هوتخش	hootakhsh	F	0
هوتس	hutos	F	0
هوتسا	hutsa	F	0
هوتن	hutan	F	0
هوتوس	houtous	F	0
هوتک	hotak	F	0
هود	hood	F	0
هودا	huda	F	0
هوداد	hudad	F	0
هودسا	hoodsa	F	0
هوده	houdeh	F	0
هودین	hodin,hudin	F	0
هور	hur	F	0
هورا	hura	F	0
هوراد	hurad	F	0
هوراز	horaz	F	0
هورام	huram	F	0
هورامان	hooraman	F	0
هوراماه	huramah	F	0
هوران	huran	F	0
هوراوش	huravash	F	0
هوربانو	hoorbanoo	F	0
هورتاش	hurtash	F	0
هورتن	hurtan	F	0
هورخ	horokh	F	0
هورخش	hurakhsh	F	0
هوردیس	hurdis	F	0
هورس	horus	F	0
هورسا	hursa	F	0
هورسان	hursan	F	0
هورشید	horshid	F	0
هورمز	hormoz	F	0
هورمزد	hurmazd	F	0
هورمن	hurman	F	0
هورمند	hurmand	F	0
هورمهر	hurmehr	F	0
هورموند	hormond	F	0
هورمک	hormak	F	0
هورناز	hurnaz	F	0
هورنگ	hurang	F	0
هوروس	horus	F	0
هوروش	hurvash	F	0
هوری	hoori,huri	F	0
هوریا	huriya	F	0
هوریار	huryar	F	0
هورین	hurin	F	0
هوریه	horieh	F	0
هوزاد	hozad	F	0
هوزان	huzan	F	0
هوسان	hosan	F	0
هوسنگ	havssang	F	0
هوسکر	havaskar	F	0
هوشبام	hoshbam	F	0
هوشدار	hushdar	F	0
هوشمگ	hooshmag	F	0
هوشنک	houshank	F	0
هوشنگ	hushang	F	0
هوشور	hushvar	F	0
هوشیدر	hoshidar	F	0
هوشین	hoshin	F	0
هوض	hoz	F	0
هوضیه	hozieh	F	0
هوفر	hufar	F	0
هولان	hoolan	F	0
هولاکو	holaku	F	0
هوما	huma	F	0
هومانگیو	hoomangiou	F	0
هومایا	humaya	F	0
هومایون	homayoun	F	0
هومت	homat	F	0
هومر	homer	F	0
هومند	hoomand	F	0
هونا	hona	F	0
هونار	honar	F	0
هونگ	hong	F	0
هونیا	honia	F	0
هونیاک	honyak	F	0
هوورشت	hovarasht	F	0
هووی	hovi	F	0
هوپاد	hupad	F	0
هوپند	hupand	F	0
هوچهر	huchehr	F	0
هوژان	huzhan	F	0
هوژین	huzhin	F	0
هوکرپ	hokarp	F	0
هوگر	huger	F	0
هوگون	hugun	F	0
هویاد	hoyad	F	0
هویار	haviyar	F	0
هوین	hevin	F	0
هویه	havieh	F	0
هژار	hazhar	F	0
هژیان	hazhyan	F	0
هژیر	hazhir,hajir	F	0
هژین	hazhin	F	0
هژیه	hajieh	F	0
هگبه	hagbeh	F	0
هیئت	hey'at	F	0
هیاتان	hayatan	F	0
هیاس	hiyas	F	0
هیام	hayam,heyam	F	0
هیبا	hiba	F	0
هیبت	heybat	F	0
هیبتالله	heybatollah	F	0
هیتا	hita	F	0
هیتاسب	hitasb	F	0
هیثم	haysam	F	0
هیجلر	heyjlar	F	0
هیدا	hida	F	0
هیدارا	hidara	F	0
هیدخت	hidokht	F	0
هیدی	heidi,hidi	F	0
هیدیه	hidieh	F	0
هیدیکا	hidika,heidika	F	0
هیرا	hira	F	0
هیراب	hirab	F	0
هیراد	hirad	F	0
هیران	hiran	F	0
هیربد	heyrbed,hirbad	F	0
هیرسا	hirsa	F	0
هیرساد	hirsad	F	0
هیرش	hiresh	F	0
هیرمان	hirman	F	0
هیرمند	hirmand	F	0
هیرو	hiru	F	0
هیروان	hirvan	F	0
هیرود	hirod,hirud	F	0
هیرون	hirun	F	0
هیرکان	hirkan	F	0
هیری	heyri	F	0
هیزان	hizan	F	0
هیشنگ	hishing	F	0
هیشو	hisho	F	0
هیشوی	hishuy	F	0
هیفا	heyfa,hayfa	F	0
هیفاء	hayfa	F	0
هیلا	hila,hala	F	0
هیلان	hilan	F	0
هیلدا	hilda	F	0
هیلما	hilma	F	0
هیلماه	hilmah	F	0
هیلمی	hilmi	F	0
هیلناز	hilnaz	F	0
هیله	hileh	F	0
هیلی	haile	F	0
هیما	hima	F	0
هیمان	himan	F	0
هیمن	himan,heyman	F	0
هیمه	himeh	F	0
هیمو	himo	F	0
هینا	hina	F	0
هینان	hainan	F	0
هیوا	hiva	F	0
هیواد	hivad	F	0
هیوان	hivan	F	0
هیوب	hiyob	F	0
هیوش	hayvash	F	0
هیون	hayun	F	0
هیژا	hija,heyzha	F	0
هیژان	hizhan	F	0
هییت	hiyat	F	0
وائل	val	F	0
واته	vateh	F	0
واتیار	vatyar	F	0
واثق	vasegh	F	0
واج	vaj	F	0
واجد	vajed	F	0
واحدبخش	vahidbakhsh	F	0
واحده	vahede	F	0
واحه	vaheh	F	0
واحید	vahid	F	0
واحیق	vahigh	F	0
واد	vad	F	0
وادا	vada	F	0
وادان	vadan	F	0
وادگان	vadgan	F	0
وادی	vadi	F	0
وادیار	vadyar	F	0
واراز	varaz	F	0
واران	varan	F	0
وارتان	vartan	F	0
وارتوش	vartosh	F	0
وارتیقس	vartiqs	F	0
وارث	vares	F	0
واردان	vardan	F	0
واردوهی	vardouhi	F	0
وارش	varesh	F	0
وارونا	varona	F	0
واروژ	vaaroozh	F	0
واروژان	varuzhan	F	0
وازنا	vazna	F	0
واسع	vasee	F	0
واسپور	vaspur	F	0
واسپوهر	vaspohr	F	0
واشیر	vashir	F	0
واصف	vasef	F	0
واصل	vasel	F	0
وافاق	vafaq	F	0
وافی	vafi	F	0
واقبف	vaqif	F	0
واقد	vaghed	F	0
واقف	vaghef	F	0
واقیق	vaqi'q	F	0
والا	vala	F	0
والارضا	valareza	F	0
والاعلی	valaali	F	0
والاگهر	valagowhar	F	0
والایار	valayar	F	0
والج	valj	F	0
والح	valh	F	0
والد	valed	F	0
والدانای	valdanay	F	0
والده	valedeh	F	0
والریا	valeria	F	0
والنتین	valentin	F	0
والینتوبت	valintubat	F	0
والیه	valiye,valiyeh	F	0
وامق	vamegh	F	0
وانان	vanan	F	0
وانتیار	vantiyar	F	0
وانوش	vanosh	F	0
وانوشه	vanusheh	F	0
وانیا	vaniya	F	0
وانیار	vanyar	F	0
وانیشا	vanisha	F	0
وانیک	vanik	F	0
واهب	vaheb	F	0
واهیه	vahiye	F	0
واهیک	vahik	F	0
واپسین	vapsin	F	0
واچیک	vachik	F	0
واژه	vazhe	F	0
وایه	vayeh	F	0
وایو	vayo	F	0
وتار	vetar	F	0
وترا	vatra	F	0
وجاسب	vajasb	F	0
وجهیه	vajhieh	F	0
وجود	vojood	F	0
وجی	vaji	F	0
وجیحه	vajiheh	F	0
وجید	vajid	F	0
وجیلا	vajila	F	0
وجیه	vajih	F	0
وجیهالله	vajihollah	F	0
وجیهه	vajihe,vajiheh	F	0
وحد	vahd	F	0
وحدانه	vahdaneh	F	0
وحدیده	vahdideh	F	0
وحدیه	vahdieh	F	0
وحورا	vahura	F	0
وحیدالدین	vahidoddin	F	0
وحیدالله	vahidollah	F	0
وحیدبخش	vahidbakhsh	F	0
وحیدرضا	vahidreza	F	0
وحیده	vahideh,vahide	F	0
وحیدیه	vahidieh	F	0
وخش	vakhsh	F	0
وخشور	vakhshur	F	0
وخید	vakhid	F	0
ودا	veda	F	0
وداد	vedad	F	0
ودود	vadud	F	0
ودوود	vdood	F	0
ودیان	vadyan	F	0
ودیع	vadie,vadi'	F	0
ودیعه	vadi'e	F	0
وراز	varaz	F	0
ورازاد	varazad	F	0
ورالدین	varaldin	F	0
ورتا	varta	F	0
ورتاج	vartaj	F	0
ورجا	varja	F	0
ورجاوند	varjavand	F	0
ورحمت	varahmat	F	0
ورد	vard	F	0
وردآفرید	vardafarid	F	0
وردآور	vordavar	F	0
وردا	varda	F	0
وردان	verdan	F	0
وردانشاه	vardanshah	F	0
ورده	varde	F	0
وردین	vardin	F	0
ورزا	varza	F	0
ورزان	varzan	F	0
ورزاک	varzak	F	0
ورزم	varzam	F	0
ورزمیار	varzamiar	F	0
ورزیار	varziyar	F	0
ورزیر	varzir	F	0
ورساز	varsaz	F	0
ورشاد	varshad	F	0
ورشان	varashan	F	0
ورشنگ	varshang	F	0
ورضیه	varziyeh	F	0
ورقا	vargha	F	0
ورقعلی	varaqali	F	0
ورقه	varqeh	F	0
ورنا	varna	F	0
ورهرام	varahram	F	0
ورهران	varahran	F	0
ورود	vorood	F	0
ورونیکا	voronika	F	0
ورپا	varpa	F	0
ورژینا	varzhina	F	0
ورگاه	vargah	F	0
ورگر	vargir	F	0
ورگیر	vargir	F	0
وریا	verya	F	0
وریشه	varisheh	F	0
وریم	varim	F	0
وزخاتون	vazkhatun	F	0
وزگان	vazgan	F	0
وزیر	vaziri	F	0
وسام	vesam	F	0
وساک	vesak	F	0
وستا	vosta	F	0
وستهم	vastaham	F	0
وستوی	vastavi	F	0
وسط	vasat	F	0
وسف	vasf	F	0
وسفعلی	vasfali	F	0
وسمه	vasmeh	F	0
وسنه	vasneh	F	0
وسپار	vaspar	F	0
وسپور	vaspor	F	0
وسپوهر	vaspohr	F	0
وسیعه	vasieh	F	0
وسیله	vasileh	F	0
وسیم	vasim	F	0
وسیمه	vasimeh	F	0
وسین	vasin	F	0
وش	vash	F	0
وشان	vashan	F	0
وشم	voshm	F	0
وشمگیر	vashmgir,voshmgir	F	0
وشن	vashen	F	0
وشنام	vashnam	F	0
وشنگ	vashang	F	0
وصله	vasleh	F	0
وصی	vasi	F	0
وصیه	vasieh	F	0
وعد	vadeh	F	0
وعصومه	vasoumeh	F	0
وف	vaf	F	0
وفاء	vafa	F	0
وفاق	vefagh	F	0
وفالدین	vafa'aldin	F	0
وفیه	vafieh	F	0
وقار	vaghar	F	0
وقیه	vaghieh	F	0
ولا	vala	F	0
ولات	valat	F	0
ولام	valam	F	0
ولان	valan	F	0
ولایت	velayat	F	0
ولخش	valakhsh	F	0
ولد	valad	F	0
ولش	valash	F	0
ولگا	valga	F	0
ولیار	valyar	F	0
ولیالاه	valiallah	F	0
ولیالله	valiollah,valiyollah	F	0
ولیاله	valiyaleh	F	0
ولید	valid	F	0
ولیداد	validad	F	0
ولیرضا	valireza	F	0
ولیعهد	vali'ahd	F	0
ولیمراد	valimrad	F	0
ولی‌الله	valiollah	F	0
ونا	vana	F	0
وناز	vanaz	F	0
وندا	vanda	F	0
ونداد	vandad	F	0
وندیداد	vandidad	F	0
ونس	vans	F	0
ونفشه	vanafsheh	F	0
ونن	vanan	F	0
ونو	vanu	F	0
ونوس	venus	F	0
ونوسا	venusa	F	0
ونوش	venosh	F	0
ونوشا	venusha	F	0
ونوشه	vanushe	F	0
ونوشک	vanushak	F	0
ونون	vanun	F	0
ونیسه	venise	F	0
وها	vaha	F	0
وهاج	vahhaj	F	0
وهاد	vehad	F	0
وهار	vehar	F	0
وهامان	vahaman	F	0
وهان	vahan	F	0
وهب	vahab	F	0
وهبرز	vahbarz	F	0
وهبی	vahbi	F	0
وهرز	vahrez	F	0
وهرو	vahro	F	0
وهزاد	vahzad	F	0
وهسود	vahsod	F	0
وهشاپور	vahshapur	F	0
وهشتیه	vahshitieh	F	0
وهمن	vahman	F	0
وهمنش	vahmansh	F	0
وهمهر	vahmehr	F	0
وهنیا	vahnia	F	0
وهومن	vahuman,vohuman	F	0
وهوگون	vahogun	F	0
وهید	vahid	F	0
وهیستا	vahista	F	0
ووحید	vahid	F	0
وچان	vachan	F	0
وژاسپ	vazhasb	F	0
وژمه	vazhmeh	F	0
وکتوریا	viktoria	F	0
وکیل	vakil	F	0
ویارش	viyarash	F	0
ویام	viyam	F	0
ویان	vayan	F	0
ویانا	viyana,viana	F	0
وید	vid	F	0
ویدا	vida	F	0
ویدال	vidal	F	0
ویدیا	vidiya	F	0
ویرا	vira	F	0
ویراب	virab	F	0
ویراک	virak	F	0
ویرو	viro	F	0
ویریا	viriya	F	0
ویس	vais,veys	F	0
ویستا	vista	F	0
ویستاخ	vistakh	F	0
ویستهم	vistaham	F	0
ویستور	vistor	F	0
ویسعلی	vesali	F	0
ویسمراد	vismarad	F	0
ویسه	viseh,veyse	F	0
ویسپار	vispar	F	0
ویسپرد	vispard	F	0
ویشار	vishar	F	0
ویشتاسب	vishtasb	F	0
ویشکا	vishka	F	0
ویعاد	viyad	F	0
ویلا	vila	F	0
ویلنا	vilna	F	0
وینا	vina	F	0
ویناسب	vinasb	F	0
وینسار	vinsar	F	0
وینه	vine	F	0
وینوس	vinus	F	0
ویهان	vihan	F	0
ویو	vive	F	0
ویوات	vivat	F	0
ویوان	vivan	F	0
ویولا	viyola	F	0
ویولت	viyulet	F	0
ویونا	viona,vauona	F	0
ویوگ	viyog	F	0
ویویان	viviyan	F	0
ویوین	vivienne	F	0
ویکتور	victor	F	0
ویکتوریا	viktoria	F	0
ویگن	vigen	F	0
ویگین	vigin	F	0
پائیزه	paaizeh	F	0
پاتیرا	patira	F	0
پادار	padar	F	0
پاداشت	padash	F	0
پادرا	padra	F	0
پادشا	padsha	F	0
پادشاه	padshah	F	0
پادمیرا	padmira,padamira	F	0
پادنا	padena	F	0
پادیان	padyan	F	0
پادینا	padina	F	0
پاراحات	parahat	F	0
پاراخت	parakht	F	0
پارامیدا	paramida	F	0
پارتیا	partia	F	0
پاردیس	pardis	F	0
پاردیک	pardik	F	0
پارس	pars	F	0
پارسادخت	parsadokht	F	0
پارسان	parsan	F	0
پارسانا	parsana	F	0
پارساکیا	parsakiya	F	0
پارسوا	parsua	F	0
پارسیا	parsia,parsiya	F	0
پارسیس	parsis	F	0
پارسین	parsin	F	0
پارسینا	parsina	F	0
پارسیکا	parsika	F	0
پارلا	parla	F	0
پارلار	parlar	F	0
پارمیدا	parmida	F	0
پارمیس	parmis	F	0
پارمیسا	parmisa	F	0
پارمین	parmin	F	0
پارنا	parna	F	0
پارند	parand	F	0
پاریس	paris	F	0
پاساد	pasad	F	0
پاساک	pasak	F	0
پاستور	pastur	F	0
پاسر	pasar	F	0
پاسکال	paskal	F	0
پاشجم	pashjam	F	0
پاشنگ	pashang	F	0
پاطریس	patris	F	0
پالیزا	paliza	F	0
پامچال	pamchal	F	0
پامیر	pamir	F	0
پانا	pana	F	0
پانتا	panta	F	0
پانتهآ	pantea	F	0
پانته‌آ	pantea	F	0
پانتی	panti	F	0
پانتیش	pantishe	F	0
پاندورا	pandora	F	0
پانی	pani	F	0
پانیا	paniya,pania	F	0
پانیتا	panita	F	0
پانید	panid	F	0
پانیدا	panida	F	0
پانیذ	paniz	F	0
پانیسا	panisa	F	0
پانیک	panik	F	0
پاو	pav	F	0
پاوان	pavan	F	0
پاوس	pavus	F	0
پاپریک	paprik	F	0
پاپل	papel	F	0
پاپور	papoor	F	0
پاپوک	papok	F	0
پاپک	papak	F	0
پاکان	pakan	F	0
پاکبانو	pakbanu	F	0
پاکداد	pakdad	F	0
پاکدخت	pakdokht	F	0
پاکدین	pakdin	F	0
پاکذاد	pakzad	F	0
پاکر	pakor	F	0
پاکراد	pakrad	F	0
پاکرای	pakray	F	0
پاکرو	pakro	F	0
پاکروز	pakruz	F	0
پاکروی	pakrooy	F	0
پاکسار	paksar	F	0
پاکفر	pakfar	F	0
پاکنظر	paknazar	F	0
پایار	payar	F	0
پایماز	paymaz	F	0
پایور	payvar	F	0
پایون	payun,payoon	F	0
پاییز	payiz	F	0
پاییزان	payizan	F	0
پاییزعلی	payizali	F	0
پاییزه	payizeh	F	0
پجمان	pajman	F	0
پخشان	pakhshan	F	0
پداخواست	padakhasht	F	0
پدارام	pedaram	F	0
پدارم	pedaram	F	0
پدرپور	paderpur	F	0
پدیده	padide,padideh	F	0
پذرام	pazram	F	0
پراتعلی	paratali	F	0
پرادیس	paradis	F	0
پرارین	pararin	F	0
پراشان	parashan	F	0
پرانسیس	paransis	F	0
پراهام	paraham	F	0
پراونه	paravaneh	F	0
پربسا	parbasa	F	0
پربها	porbaha	F	0
پرتاش	partash	F	0
پرتام	partam	F	0
پرخیده	porkhideh	F	0
پرداد	pardad	F	0
پردان	pardan	F	0
پردخت	pardokht	F	0
پردیا	pardiya	F	0
پردیز	pardiz	F	0
پردیس	pardis	F	0
پردیکا	pardika	F	0
پررخ	parrokh	F	0
پرروانه	parravaneh	F	0
پررین	parrin	F	0
پرزاد	parzad	F	0
پرزغلی	parzaghli	F	0
پرزین	parzin	F	0
پرسا	porsa	F	0
پرسام	parsam	F	0
پرسان	parsan	F	0
پرستا	parasta	F	0
پرستو	parasto	F	0
پرستوک	parastuk	F	0
پرستک	parastak	F	0
پرسون	parsun	F	0
پرسیا	persia,persiya	F	0
پرسیان	parsiyan	F	0
پرسیانا	parsiyana	F	0
پرسیس	persis	F	0
پرسین	persin	F	0
پرسیکا	persika	F	0
پرشاد	porshad	F	0
پرشان	parshan	F	0
پرشت	parasht	F	0
پرشنگ	parshang	F	0
پرشیا	pershiya	F	0
پرشیان	pershiyan	F	0
پرشیانا	pershiyana	F	0
پرشین	pershiyan	F	0
پرلا	parela	F	0
پرما	parma	F	0
پرمان	parman	F	0
پرمایه	pormayeh	F	0
پرمودیه	parmodieh	F	0
پرمیس	parmis	F	0
پرنان	parnan	F	0
پرنددخت	parandokht	F	0
پرنددیس	parandis	F	0
پرندک	parandak	F	0
پرنسا	paransa	F	0
پرنوش	pornush	F	0
پرنگ	parang	F	0
پرنیا	parnia,parniya	F	0
پرنیاز	parniaz	F	0
پرنیانه	parniyane	F	0
پرنین	parnin	F	0
پرنیک	parnik	F	0
پرنیکا	parnika	F	0
پرهان	parhan	F	0
پروا	parva	F	0
پروبز	porvaz	F	0
پروز	parvaz	F	0
پروش	parvash	F	0
پروشا	perosha	F	0
پروشات	porushat	F	0
پروشه	porosheh	F	0
پرومند	paromand	F	0
پرووانه	parvaneh	F	0
پروچستا	prochesta	F	0
پروچیستا	poruchista	F	0
پرویر	parvir	F	0
پرویزر	parviz	F	0
پرویش	parvish	F	0
پرویندخت	parvindokht,parvizdokht	F	0
پروینرخ	parvizrokh	F	0
پرویوش	parviyush	F	0
پرپر	parpar	F	0
پرچم	parcham	F	0
پرژان	parzhan	F	0
پرژین	parzhin	F	0
پرک	parak	F	0
پرگام	pergam	F	0
پرگان	pargan	F	0
پرگون	pargon	F	0
پریا	pariya	F	0
پریار	paryar	F	0
پریاس	parias,paryas	F	0
پریام	pariyam	F	0
پریان	pariyan	F	0
پریبرز	pariborz	F	0
پریبسا	paribesa	F	0
پریثا	paritha	F	0
پریجان	parijan	F	0
پریخواه	parikhah	F	0
پریخون	parikhun	F	0
پریدخت	paridokht	F	0
پریده	parideh	F	0
پریدوخت	paridukht	F	0
پریرخ	parirokh	F	0
پریرو	pariru	F	0
پریز	pariz	F	0
پریزاده	parizadeh	F	0
پریس	paris	F	0
پریسا	parisa	F	0
پریسال	parisaal,parisal	F	0
پریسان	parisan	F	0
پریسما	parisma	F	0
پریسکا	pariska	F	0
پریشا	parisha	F	0
پریشاد	parishad	F	0
پریفام	parifam	F	0
پریفر	parifar	F	0
پریما	parima	F	0
پریماه	parimah	F	0
پریمرز	parimarz	F	0
پرین	parin	F	0
پرینا	parina	F	0
پریناز	parinaz	F	0
پرینام	parinam	F	0
پرینوس	parinos	F	0
پرینوش	parinush	F	0
پریه	parieh	F	0
پریهان	parihan	F	0
پریوا	pariva	F	0
پریوار	parivar	F	0
پریور	parivar	F	0
پریوش	parivash	F	0
پریوه	parivah	F	0
پریویز	pariviz	F	0
پریوین	parvin	F	0
پریچه	pariche	F	0
پریچهر	parichahr,parichehr	F	0
پریچهره	parichahreh	F	0
پریژه	parizheh	F	0
پریکا	parika	F	0
پریگل	parigol	F	0
پریگون	parigon	F	0
پر‌ی	pari	F	0
پزاد	pazad	F	0
پزدان	pazdan	F	0
پزمان	pezman	F	0
پزوانه	pazvaneh	F	0
پزویز	pazviz	F	0
پساک	pasak	F	0
پسته	pesteh	F	0
پسندیار	pasandiyar	F	0
پشتیسار	poshtisar	F	0
پشتیوان	poshtivan	F	0
پشمین	pashmin	F	0
پشن	pashn	F	0
پشکار	pashkar	F	0
پشکو	pashku	F	0
پشین	pashin	F	0
پطروس	petrus	F	0
پعادل	paadel	F	0
پغمبر	paghambar	F	0
پفک	pofak	F	0
پلاش	palash	F	0
پلاشان	pelashan	F	0
پنام	panam	F	0
پناهعلی	panahali	F	0
پناهلی	panahali	F	0
پنبه	panbeh	F	0
پنجشنبه	panjshanbeh	F	0
پنوییل	panviyil	F	0
پهلبد	pahlbod	F	0
پوئین	poein	F	0
پوارن	pavaran	F	0
پوبان	puban	F	0
پودنه	pudneh	F	0
پورا	pura	F	0
پوران	puran	F	0
پورانداخت	pourandakht	F	0
پوراندخت	purandokht	F	0
پوراندوخت	pourandokht	F	0
پورانرخ	puranrokh	F	0
پورانمهر	puranmehr	F	0
پوربا	pourba	F	0
پوربخش	pourbakhsh	F	0
پوربه	purbe	F	0
پورتاش	portash	F	0
پورج	pooj	F	0
پورداد	pordad	F	0
پورسام	pursam	F	0
پورشا	pursha	F	0
پورشان	purshan	F	0
پورشسب	poursasb	F	0
پورنا	purna	F	0
پورنسا	pournasa	F	0
پورنگ	porang	F	0
پورنیک	pournik	F	0
پوروشسب	porushasb	F	0
پوروچیستا	poruchista	F	0
پورچیستا	purchista,poochista	F	0
پورک	porak	F	0
پوریار	poryar	F	0
پوریامهر	puriyamehr	F	0
پوریامین	puryamin	F	0
پوریه	puriyeh	F	0
پوزر	poozar	F	0
پوسف	posaf	F	0
پوشنگ	pushang	F	0
پولا	pula	F	0
پولاد	pulad	F	0
پولک	polak	F	0
پولکی	polaki	F	0
پولی	puli	F	0
پونا	puna	F	0
پونس	pouns	F	0
پونه	pune	F	0
پونیا	pounia	F	0
پوهگل	pohgel	F	0
پوپر	pupar	F	0
پوپه	popeh	F	0
پوپک	pupak	F	0
پوژان	poojan	F	0
پوژمان	poozhan	F	0
پوژن	pozhan	F	0
پوژیا	poozhia	F	0
پویراز	poyraz	F	0
پویز	poyz	F	0
پویش	puyesh	F	0
پویه	puye,puyeh	F	0
پویین	pouyin	F	0
پژار	pezhar	F	0
پژال	pezhal	F	0
پژدو	pazhdo	F	0
پژند	pazhand	F	0
پژوان	pajvan	F	0
پژواک	pezhvak	F	0
پژوتن	pazhutan	F	0
پگام	pagham	F	0
پگامه	pegameh	F	0
پگاهان	pegahan	F	0
پگین	pagin	F	0
پیا	paya	F	0
پیان	payan	F	0
پیخی	pikhi	F	0
پیداگشسب	peydagashasp	F	0
پیدرا	pidra	F	0
پیراد	pirad	F	0
پیراله	piraleh	F	0
پیراژ	piraj	F	0
پیراژه	pirazhe	F	0
پیرایه	piraye	F	0
پیربخش	pirbakhsh	F	0
پیرتک	pirtak	F	0
پیرجلال	pirjalal	F	0
پیرداد	pirdad	F	0
پیرناز	pirnaz	F	0
پیروت	peyrut	F	0
پیروزان	piruzan,pirouzan	F	0
پیروزدخت	pirozdokht	F	0
پیروزه	pirouzeh,piruzeh	F	0
پیروزگر	piruzgar	F	0
پیرولی	pirouli	F	0
پیرک	pirak	F	0
پیریوش	piryush	F	0
پیسا	pisa	F	0
پیشتوان	pishtevan	F	0
پیغام	peygham,paygham	F	0
پیغمبر	payghambar	F	0
پیغمبرقلی	payghambergholi	F	0
پیلسم	pilsam	F	0
پیما	peyma	F	0
پیمانعلی	paymanali	F	0
پیمانه	peymaneh	F	0
پینار	pinar	F	0
پیچک	pichak	F	0
پیکاسو	pikaso	F	0
پیکان	peykan	F	0
پیگون	peygun	F	0
چاره	chare	F	0
چاریا	charya	F	0
چاریار	charyar	F	0
چاسب	chasb	F	0
چاسد	chased	F	0
چاعظم	chaa'azam	F	0
چالش	chalesh	F	0
چالوس	chalus	F	0
چالی	chali	F	0
چالیز	chaliz	F	0
چالیک	chalik	F	0
چام	cham	F	0
چامه	chame	F	0
چاوان	chavan	F	0
چاوره	chavereh	F	0
چاوز	chavez	F	0
چاوش	chavosh	F	0
چاولان	chavlan	F	0
چاوه	chaveh	F	0
چاووش	chavush	F	0
چاویار	chavyar	F	0
چاپار	chapar	F	0
چاکان	chakan	F	0
چاکر	chaker	F	0
چبه	chabeh	F	0
چراغلعلی	cheraghali	F	0
چراقعلی	charaqali	F	0
چرانعلی	charanali	F	0
چرستو	chresto	F	0
چرمه	charmah	F	0
چرو	cheru	F	0
چرکز	charkaz	F	0
چشمان	cheshman	F	0
چشمعلی	cheshmali	F	0
چشمناز	cheshmnaz	F	0
چقو	chaghu	F	0
چلچله	chelcheleh	F	0
چلیپا	chalipa	F	0
چمان	chaman	F	0
چمانه	chamane	F	0
چمران	chamran	F	0
چمریم	chamarym	F	0
چمشید	chamshid	F	0
چمل	chamal	F	0
چمناز	chamnaz	F	0
چمنرخ	chamanrokh	F	0
چمنعلی	chamanali	F	0
چمنناز	chamannaz	F	0
چمنچهر	chamanchehr	F	0
چمین	chamin	F	0
چنا	chena	F	0
چنان	chenan	F	0
چنور	chanoor,chenur	F	0
چنگبز	changbaz	F	0
چنگش	chengesh	F	0
چنگیز	changiz	F	0
چنی	chani	F	0
چنیا	chania	F	0
چهاری	chahari	F	0
چهاندار	chahandar	F	0
چهانگیر	jahangir	F	0
چهرآذر	chehrazar	F	0
چهرآرا	chehrara	F	0
چهرآزاد	chehrazad	F	0
چهراب	chehrab	F	0
چهراز	chehraz	F	0
چهرزاد	chehrzad	F	0
چهرفروز	chehrforoz	F	0
چهرمینو	chehrmino	F	0
چهره	chehre	F	0
چهرک	chehrak	F	0
چهکو	cheku	F	0
چواد	chavad	F	0
چوبان	chuban	F	0
چوبانعلی	chubanali	F	0
چوتا	chouta	F	0
چورکش	churkeshe	F	0
چومان	choman	F	0
چوپانقلی	chopanqoli	F	0
چوچی	chochi	F	0
چوک	chok	F	0
چپر	chapar	F	0
چکاد	chekad	F	0
چکامه	chakameh	F	0
چکاو	chakav	F	0
چکاوه	chakaveh	F	0
چکاوک	chakavak	F	0
چیا	chia	F	0
چیان	chiyan	F	0
چیاوا	chiyava	F	0
چیاوان	chiavan	F	0
چیاکو	chiako	F	0
چیتا	chita	F	0
چیترا	chitra	F	0
چیدا	chida	F	0
چیدامه	chidameh	F	0
چیره	chireh	F	0
چیروک	chirok	F	0
چیستا	chista	F	0
چیستی	chisti	F	0
چیلان	chilan	F	0
چیلانه	chilaneh	F	0
چیلک	chilak	F	0
چیم	chim	F	0
چیماه	chimah	F	0
چیمن	chiman	F	0
چیمه	chimeh	F	0
چینی	chini	F	0
چیچک	chichak	F	0
چیکا	chika	F	0
چیکدم	chikdam	F	0
ژابیز	zhabiz	F	0
ژابیژ	zhabizh	F	0
ژاسمن	zhasman	F	0
ژاسمین	zhasamin,yasamin	F	0
ژافه	zhafeh	F	0
ژالان	zhalan	F	0
ژالانه	jalaneh	F	0
ژالیا	zhaliya	F	0
ژالین	zhalin	F	0
ژاماسب	zhamasb	F	0
ژاماسپ	zhamasp	F	0
ژامک	zhamak	F	0
ژان	zhan	F	0
ژانت	zhanet	F	0
ژانیا	zhaniya	F	0
ژانیتا	zhanita	F	0
ژانین	zhanin	F	0
ژانینا	zhanina	F	0
ژاوا	zhava	F	0
ژاویا	zhavia	F	0
ژاوین	zhavin	F	0
ژاک	zhak	F	0
ژاکاو	jakav	F	0
ژاکلین	jaklin	F	0
ژاییز	zhayiz	F	0
ژاییژ	zhaeezh	F	0
ژربرا	zherbera	F	0
ژرف	zharf	F	0
ژرفا	zharfa	F	0
ژرفی	zharfi	F	0
ژرفین	zherfin	F	0
ژرویرا	zharvira	F	0
ژروین	zharvin	F	0
ژرژ	zhorzh	F	0
ژرژیت	zherzhit	F	0
ژم	zham	F	0
ژنا	zhena	F	0
ژنوا	zhanva	F	0
ژنوس	zhenus	F	0
ژنگ	zhang	F	0
ژنیا	zhaniya	F	0
ژنیک	zhenik	F	0
ژنییا	zhaniya	F	0
ژوان	zhovan	F	0
ژوانا	zhevana	F	0
ژوبین	zobin,zhobin	F	0
ژورا	zhora	F	0
ژورک	zhurk	F	0
ژوزف	jozef	F	0
ژوزفی	jozefi	F	0
ژوزفین	jozefin	F	0
ژولیا	zhuliya	F	0
ژون	zhon	F	0
ژونا	zhona	F	0
ژوپین	joupin	F	0
ژکان	zhakan	F	0
ژکور	zhakor	F	0
ژیا	zhiya	F	0
ژیار	zhiyar,zhiar	F	0
ژیانا	zhiyana	F	0
ژیانو	zhiyano	F	0
ژیبا	zhiba	F	0
ژیر	zhir	F	0
ژیران	zhiran	F	0
ژیرو	zhiro	F	0
ژیل	zhil	F	0
ژیلا	zhila	F	0
ژیلمو	zhilmo	F	0
ژیله	zhileh	F	0
ژیلوان	zhilvan	F	0
ژیما	zhima	F	0
ژینا	zhina	F	0
ژینار	zhinar	F	0
ژینر	zhinir	F	0
ژینو	zhinu,zhino	F	0
ژینوس	zhinus	F	0
ژیهات	zihayat,zhihat	F	0
ژیوا	zhiva	F	0
ژیوار	zhivar	F	0
ژیوان	zhivan,zhiwan	F	0
ژیوانا	zhivana	F	0
ژیویر	zhivir	F	0
ژیژیس	zhizhis	F	0
ژیکال	zhikal	F	0
ژیکان	zhikan	F	0
ژیکو	zhiko	F	0
ژیگس	zhiges	F	0
کاآن	kaan	F	0
کااظم	kazeem	F	0
کابل	kabul	F	0
کابی	kabi	F	0
کابیان	kabiyan	F	0
کابیز	kabiz	F	0
کاتبیل	katabil	F	0
کاترین	katrin	F	0
کاترینا	katrina	F	0
کاتوزا	katuza	F	0
کاتیا	katiya	F	0
کاتیوشا	katyusha	F	0
کاثوم	kathum	F	0
کاد	kad	F	0
کادر	kadr	F	0
کادوسا	kadusa	F	0
کارآک	karak	F	0
کارا	kara	F	0
کاران	karaan	F	0
کارانای	karanay	F	0
کارانوس	karanos	F	0
کاراک	karak	F	0
کاربین	karbin	F	0
کارتال	kartal	F	0
کاردار	kardar	F	0
کاردلن	kardelen	F	0
کاردو	kardu	F	0
کاردوس	kardos	F	0
کارزان	karzan	F	0
کارلو	karloo	F	0
کارمانیا	karmania	F	0
کارمل	karmel	F	0
کارمن	karmen	F	0
کارمیلا	carmilla	F	0
کارن	karen	F	0
کارنا	karna	F	0
کارنگ	karang	F	0
کارنیک	karnik	F	0
کارو	karo	F	0
کاروخ	karukh	F	0
کاروس	karus	F	0
کارولین	karolin	F	0
کارولینا	karolina	F	0
کارون	karun	F	0
کاروند	karvand	F	0
کاریا	karia	F	0
کاریز	kariz	F	0
کارین	karin	F	0
کارینا	karina	F	0
کازم	kazem	F	0
کازمیه	kazmiyeh	F	0
کازنیه	kazniye	F	0
کازیوه	kaziveh	F	0
کاس	kas	F	0
کاساندان	kasandan	F	0
کاسعلی	kasali	F	0
کاسمار	kasmar	F	0
کاسپین	caspian	F	0
کاسی	kasi	F	0
کاشانه	kashane	F	0
کاشین	kashin	F	0
کاضم	kazem	F	0
کاضمه	kazmeh	F	0
کاظظم	kazham	F	0
کاظم	kazem	F	0
کاظمع	kazem	F	0
کاظمعلی	kazemali	F	0
کاظمه	kazeme	F	0
کاظمیه	kazemiyeh	F	0
کاظیم	kazim	F	0
کافور	kafur	F	0
کافیه	kafiye	F	0
کال	kal	F	0
کالو	kalo	F	0
کالی	kali	F	0
کالین	kalin	F	0
کامان	kaman	F	0
کامبخش	kambakhsh	F	0
کامبد	kambod	F	0
کامبوزیا	kambuziya	F	0
کامبیز	kambiz	F	0
کامبیزط	kambiz	F	0
کامبین	kambin	F	0
کامجور	kamjour	F	0
کامداد	kamdad	F	0
کامدل	kamadel	F	0
کامدین	kamdin	F	0
کامراد	kamrad	F	0
کامراز	kamraz	F	0
کامرانن	kamran	F	0
کامرو	kamro	F	0
کامروز	kamruz	F	0
کامشا	kamsha	F	0
کامشاد	kamshad	F	0
کامشید	kamshid	F	0
کامله	kameleh	F	0
کاملیا	kameliya	F	0
کاملین	kamelin	F	0
کاممبیز	kammbiz	F	0
کامه	kameh	F	0
کامور	kamvar	F	0
کاموس	kamus	F	0
کامک	kamak	F	0
کامی	kami	F	0
کامیاد	kamyad	F	0
کامیز	kamiz	F	0
کامیشا	kamisha	F	0
کامیل	kamil	F	0
کامیلا	kamila	F	0
کامیلیا	kamilia	F	0
کامین	kamin	F	0
کامینه	kamine	F	0
کاناز	kanaz	F	0
کانبی	kanbi	F	0
کاندیش	kandish	F	0
کانگ	kang	F	0
کانی	kani	F	0
کانیا	kaniya	F	0
کانیاو	kaniyav	F	0
کانیل	kaniil	F	0
کانیلان	kanilan	F	0
کاوان	kavan	F	0
کاوس	kavous	F	0
کاوش	kavosh	F	0
کاووس	kavus	F	0
کاووش	kavosh	F	0
کاوک	kavak	F	0
کاویار	kavyar	F	0
کاویس	kavis	F	0
کاویش	kavish	F	0
کاپر	kaper	F	0
کاژاو	kazhav	F	0
کاژه	kazheh	F	0
کاژین	kazhin	F	0
کاکا	kaka	F	0
کاکاجان	kakajan	F	0
کاکاخاص	kakakhas	F	0
کاکاخان	kakakhan	F	0
کاکاعلی	kakali	F	0
کاکالی	kakali	F	0
کاکامراد	kakamarad	F	0
کاکامیر	kakamir	F	0
کاکل	kakol	F	0
کاکله	kakoleh	F	0
کاکو	kaku	F	0
کاکوتی	kakuti	F	0
کاکیوشا	kakyusha	F	0
کایا	kaya	F	0
کایان	kayan	F	0
کایاهان	kayahan	F	0
کایر	kayer	F	0
کایرا	kaira	F	0
کایلین	kailin	F	0
کایوس	kaios	F	0
کبخسرو	kabkhosrow	F	0
کبدا	kabda	F	0
کبدی	kabeedi	F	0
کبرا	kobra	F	0
کبراه	kobrah	F	0
کبری	kobra	F	0
کبریا	kobraa,kebriya	F	0
کبر‌ی	kobray	F	0
کبزی	kabzi	F	0
کبوتر	kabutar	F	0
کبوجیه	kabujiye	F	0
کبوده	kabudeh	F	0
کبگعلی	kabgali	F	0
کبی	kabi	F	0
کبیتا	kobita	F	0
کبیرا	kabira	F	0
کتابعلی	ketabali	F	0
کتان	katan	F	0
کتانه	katane	F	0
کتایون	katayoun,kataun	F	0
کتاییون	katayoun	F	0
کتماره	katmareh	F	0
کتیبه	katibe	F	0
کثوم	kothum	F	0
کثیره	kathireh	F	0
کجید	kojid	F	0
کجیر	kajir	F	0
کحکدرضا	kahkedarza	F	0
کدخدایی	khodkhodai	F	0
کدمان	kadman	F	0
کده	kadeh	F	0
کرا	kera	F	0
کراخان	karakhan	F	0
کرار	karrar	F	0
کرامتالله	keramatollah	F	0
کرامش	karamash	F	0
کرامه	karameh	F	0
کرانه	karaneh	F	0
کربلایی	karbalayi	F	0
کربم	karbam	F	0
کرت	kurt	F	0
کردعلی	kordali	F	0
کردوشا	kardosha	F	0
کردوی	korduy	F	0
کردیا	kordiya	F	0
کردیار	kordyar	F	0
کردیه	kordiyeh	F	0
کرریم	karim	F	0
کرشاسب	karshasb	F	0
کرشمه	kereshme	F	0
کرم	karam	F	0
کرمخدا	karamkhoda	F	0
کرمرضا	karmreza	F	0
کرمضا	karimza	F	0
کروخان	krokhan	F	0
کروش	kourosh	F	0
کری	kari	F	0
کریت	krit	F	0
کریستل	kristal	F	0
کریستینه	kristine	F	0
کریشنا	kerishna	F	0
کریمداد	karimdad	F	0
کریمقلی	karimgholi	F	0
کریمحمد	karimmohammad	F	0
کریمه	karimeh	F	0
کریه	kariyeh	F	0
کزال	kazal	F	0
کزریم	kazrim	F	0
کزیم	kazim	F	0
کسا	kesa	F	0
کسایون	kasayon	F	0
کسرا	kasra	F	0
کسری	kasra	F	0
کسریکسرا	kasra	F	0
کسما	kasma	F	0
کسمراد	kasemrad	F	0
کسی	kasi	F	0
کسیاوش	kasyavash	F	0
کشتاسب	kushtasb	F	0
کشتزار	kashtzar	F	0
کشتمند	kashtmand	F	0
کشعلی	kash'ali	F	0
کشم	kasham	F	0
کشمند	kashmand	F	0
کشواد	keshvad	F	0
کشور	keshvar	F	0
کشوربانو	keshvarbanoo	F	0
کعبه	kaebe	F	0
کفاء	kafa'	F	0
کفاح	kafah	F	0
کفایت	kafaayat	F	0
کفایه	kafaaye	F	0
کفتر	kaftar	F	0
کفلیت	kafliyat	F	0
کفی	kafi	F	0
کفیات	kafiat	F	0
کل	kal	F	0
کلابتون	kalabtoon	F	0
کلابتین	kalabtin	F	0
کلابعلی	kalabali	F	0
کلاخان	kolakhan	F	0
کلارا	kelara	F	0
کلاره	kolareh	F	0
کلاریز	kalariz	F	0
کلاریس	klaris	F	0
کلاس	kelas	F	0
کلاله	kolale	F	0
کلام	kalam	F	0
کلان	kalan	F	0
کلاهور	kalahur	F	0
کلاویز	kalaviz	F	0
کلباد	kalbad	F	0
کلثم	kaltham	F	0
کلثوم	kolsum	F	0
کلثومه	kalthumeh	F	0
کلزار	kalzar	F	0
کلستان	kolestan	F	0
کلسوم	kolsoum	F	0
کلشوم	kolsoom	F	0
کلظم	kalzam	F	0
کلمبیز	kalambiz	F	0
کلمران	kalmaran	F	0
کلندار	kalandar	F	0
کله	kalleh	F	0
کلوریا	kaloria	F	0
کلوم	kolom	F	0
کلویی	chloe	F	0
کلپوم	kalpom	F	0
کلکز	kolkez	F	0
کلیثوم	kelisum	F	0
کلیله	kalileh	F	0
کلیم	kalim	F	0
کلیمه	kalimeh	F	0
کلیم‌الله	kalimollah	F	0
کماتل	kamatel	F	0
کمالالدین	kamaloddin	F	0
کمالان	kamalan	F	0
کمالدین	kamaldin,kamaaldin	F	0
کماله	kamaleh	F	0
کمانعلی	kamanali	F	0
کمانه	kamaneh	F	0
کمانگیر	kamangir	F	0
کمبوجیه	kamboujiyeh,kambujiyeh	F	0
کمر	kamar	F	0
کمرالدین	kamaraldin	F	0
کمرخون	kamarkhun	F	0
کمرعلی	kamarali	F	0
کمش	kamash	F	0
کمند	kamand	F	0
کمندعلی	kamandali	F	0
کمک	komak	F	0
کمکعلی	komakali	F	0
کمگ	kamg	F	0
کمیا	kamiya	F	0
کمیره	kamireh	F	0
کمیل	komeyl,kamil	F	0
کمیلا	kamila	F	0
کمیلاد	kamilad	F	0
کمیله	kamileh	F	0
کمین	kamin	F	0
کنارنگ	kanarang	F	0
کناس	konas	F	0
کنتو	konto	F	0
کندال	kandal	F	0
کندر	kondar	F	0
کندرو	kandrou	F	0
کنعان	kanan	F	0
کنیا	konia	F	0
کنیره	konireh	F	0
کنیز	khaniz	F	0
کنیزرضا	khanizreza	F	0
کهار	kahar	F	0
کهبد	kahbod	F	0
کهراد	kahrad	F	0
کهرام	kahram	F	0
کهربا	kahroba	F	0
کهرم	kohram	F	0
کهزاد	kohzad	F	0
کهسا	kahsa	F	0
کهسار	kohsar	F	0
کهلیک	khalik	F	0
کهور	kahur	F	0
کهکشان	kahkeshan	F	0
کهیار	kahyar	F	0
کهیرک	kheyrak	F	0
کهیلا	kahila	F	0
کهین	kahin	F	0
کوالثوم	kavlthum	F	0
کواژین	koazhin	F	0
کواکب	kavakeb	F	0
کوت	koot	F	0
کوتاه	kootah	F	0
کوتر	kavtar	F	0
کوثرال	kowsaral	F	0
کوثرالزهرا	kowsarozzahra	F	0
کوجک	koojk	F	0
کوجی	koji	F	0
کودرز	koodarz	F	0
کودرک	koodarak	F	0
کودشت	koodasht	F	0
کورالعین	kooral'ayn	F	0
کورج	koorj	F	0
کورداک	kordak	F	0
کوردستان	kordestan	F	0
کورس	kors	F	0
کورش	kourosh	F	0
کورنگ	korang	F	0
کورو	koro	F	0
کورورش	kourosh	F	0
کوروس	kuros	F	0
کوروش	kourosh	F	0
کوروشکورش	kurosh	F	0
کورگه	korgeh	F	0
کوزل	kozel	F	0
کوسار	kusar	F	0
کوستان	kustan	F	0
کوسر	koser	F	0
کوش	kush	F	0
کوشاد	koshad	F	0
کوشادخت	kushadokht	F	0
کوشان	kushan	F	0
کوشانه	koshaneh	F	0
کوشنگ	koushang	F	0
کوشک	koshk	F	0
کوشیار	kushyar	F	0
کولاله	koolaleh	F	0
کولیار	kolyar	F	0
کومار	kumar	F	0
کوماس	komas	F	0
کونا	kona	F	0
کونول	konol	F	0
کوهر	kohar	F	0
کوهرشاد	koharshad	F	0
کوهرنگ	kohrang	F	0
کوهزاد	kuhzad	F	0
کوهسار	kohsar	F	0
کوهشاد	kohshad	F	0
کوهعلی	kuhali	F	0
کوهگرد	kuhgard	F	0
کوهیار	kuhiyar	F	0
کوهین	kuhin	F	0
کوهینه	kohineh	F	0
کوپال	kupal	F	0
کوچکعلی	koochakali	F	0
کوچیار	kochyar	F	0
کوژیر	kozhir	F	0
کوژین	kozhin	F	0
کوکب	kowkab	F	0
کوکبدخت	kowkabdokht	F	0
کوکبه	kokabeh	F	0
کوکعلی	kookali	F	0
کوکی	kuki	F	0
کوی	kuy	F	0
کویار	kouyar	F	0
کویر	kavir	F	0
کویستان	kouyestan	F	0
کوین	kewin	F	0
کژال	kazhal	F	0
کژان	kajan	F	0
کژوان	kazhvan	F	0
کژین	kazhin	F	0
کیابد	kiyabod	F	0
کیابر	kiabar	F	0
کیاتن	kiatan	F	0
کیاجور	kiyajor	F	0
کیاداوود	kiyadavud	F	0
کیادخت	kiyadokht	F	0
کیارا	kiara,kiyara	F	0
کیاراد	kiarad	F	0
کیارخ	kiarakh	F	0
کیارزم	kiyarazm	F	0
کیارس	kiyaras,kiaras	F	0
کیارش	kiyarash,kiarash	F	0
کیارنگ	kiarang	F	0
کیازاد	kiyazad	F	0
کیازند	kiyazand	F	0
کیاس	kiyas	F	0
کیاسا	kiasa	F	0
کیاسام	kiyasam	F	0
کیاسان	kiyasan	F	0
کیاشا	kiyasha	F	0
کیافر	kiyafar	F	0
کیامرث	kiamars	F	0
کیامرز	kiamarz	F	0
کیانا	kiyana,kiana	F	0
کیاناز	kiyanaz	F	0
کیاندخت	kiyandokht	F	0
کیانرخ	kianrokh	F	0
کیانسه	kianseh	F	0
کیانمهر	kianmehr	F	0
کیانه	kiyaneh	F	0
کیانور	kiyanvar,kianur	F	0
کیانوش	kianush,kiyanush	F	0
کیاهور	kiahor	F	0
کیاوش	kiyavash	F	0
کیاچهر	kiyachahr,kiyachehr	F	0
کیاکسار	kiyaksar	F	0
کیایون	kiyavun	F	0
کیبد	keybod	F	0
کیتی	kiti	F	0
کیجا	kija	F	0
کیجانا	kijana	F	0
کیخسرو	kikhusro	F	0
کیدی	kidi	F	0
کیز	kiz	F	0
کیسان	kaysan,keysan	F	0
کیسر	kaysar	F	0
کیشید	keishid	F	0
کیفسان	kifsan	F	0
کیفعلی	keyfali	F	0
کیفیه	kifiyyeh	F	0
کیقباد	keyghobad	F	0
کیلان	kailan	F	0
کیلرش	kilarsh	F	0
کیلنوش	kilanush	F	0
کیم	kim	F	0
کیمان	keyman	F	0
کیمرث	kimras	F	0
کیمن	kiman	F	0
کیمند	keymand	F	0
کیمه	kimeh	F	0
کیمیا	kimiya	F	0
کیمیاء	kimiya	F	0
کیمیازهرا	kimyazahra	F	0
کیناز	kinaz,keynaz	F	0
کینه	kineh	F	0
کینوش	kinoosh	F	0
کینگی	kingi	F	0
کیهانرخ	keyhanrokh	F	0
کیهانه	keyhaneh	F	0
کیهانک	kiyhank	F	0
کیوا	kiva	F	0
کیواندخت	keyvandokht	F	0
کیوانرخ	kivanrakh	F	0
کیوانزاد	kivanzad	F	0
کیوانعلی	kiyvanali	F	0
کیوانه	keyvane,kivaneh	F	0
کیوانچهر	kivanchahr	F	0
کیور	keyvar	F	0
کیوس	kayus	F	0
کیوما	kiyuma	F	0
کیومر	kiumar	F	0
کیومرت	kiumart	F	0
کیومرث	kiyomars,kiumars	F	0
کیومرز	kiumarz	F	0
کیومند	kiumand	F	0
کیژان	kizhan	F	0
کیکاوس	kikavus	F	0
کیکاووس	kikavus	F	0
کییان	kiyan	F	0
کییهان	kiyahan	F	0
گئو	geo	F	0
گئومات	geumat	F	0
گابریل	gabril	F	0
گاتا	gata	F	0
گاتاج	gataj	F	0
گارنیک	garnik	F	0
گاریز	gariz	F	0
گارینه	garineh	F	0
گاسپار	gaspar	F	0
گاطع	ghat'e	F	0
گاظم	ghazem	F	0
گاعذار	ghazdar	F	0
گافشان	gafshan	F	0
گاقدم	ghadam	F	0
گالان	galan	F	0
گالوس	galus	F	0
گالیا	galiya	F	0
گانار	ganar	F	0
گاچهره	gachahreh	F	0
گایار	gayar	F	0
گباد	gabad	F	0
گبهنام	gabehname	F	0
گدا	gda	F	0
گداعلی	ghodali	F	0
گرازه	gorazeh	F	0
گرامیدخت	geramidokht	F	0
گراناز	geranaz	F	0
گرانخوار	gerankhar	F	0
گراهون	gerahon	F	0
گرایش	garayesh	F	0
گرد	gord	F	0
گردآزاد	gordazad	F	0
گردآفرید	gordafarid	F	0
گردآفرین	gordafarin	F	0
گرداب	gordab	F	0
گردو	gardo	F	0
گردگیر	gordgir	F	0
گردی	gardi	F	0
گردیا	gordiya	F	0
گردیه	gordieh,gordiye	F	0
گردیک	gordik	F	0
گرزعلی	ghorzali	F	0
گرزم	gorazm	F	0
گرزن	gorzan	F	0
گرستون	garaston	F	0
گرسیوز	garsivaz	F	0
گرشا	garsha	F	0
گرشاد	gershad	F	0
گرشاسب	garshasb	F	0
گرشین	garshin	F	0
گرمانک	garmanak	F	0
گرمایل	garmayel	F	0
گرناز	garnaz	F	0
گرنش	garnesh	F	0
گروخان	gorvkhan	F	0
گروس	garos	F	0
گروی	gorvi	F	0
گرگان	gorgan	F	0
گرگعلی	gorgali	F	0
گرگینه	gorgineh	F	0
گریم	gorim	F	0
گزل	gouzal	F	0
گزلار	gozlar	F	0
گزگید	gazgid	F	0
گزیزه	ghazizeh	F	0
گزینه	gozine	F	0
گستهم	gostahm	F	0
گشتا	gashta	F	0
گشتاب	gashtab	F	0
گشتاسب	gashtasp	F	0
گشتاسپ	gashtasb	F	0
گشسد	goshasd	F	0
گشسپ	goshasp	F	0
گشواد	gashvad	F	0
گشین	goshin,gashin	F	0
گلاب	golab	F	0
گلابتن	golabtan	F	0
گلابتون	golabetun	F	0
گلابتین	golabtin	F	0
گلابعلی	golabali	F	0
گلادژ	goladzh	F	0
گلارا	golara	F	0
گلاره	gelare	F	0
گلاریس	gelaris	F	0
گلارین	gelarin	F	0
گلاسا	golasa	F	0
گلال	golal	F	0
گلالان	golalan	F	0
گلاله	golale	F	0
گلالک	golalak	F	0
گلان	golan	F	0
گلانتون	golantun	F	0
گلاندام	golandam	F	0
گلاندخت	golandokht	F	0
گلانه	golane	F	0
گلاوژ	golavazh	F	0
گلاویز	golaviz	F	0
گلاویش	golavish	F	0
گلاویژ	gelavizh,golavij	F	0
گلاویژه	golavizhe	F	0
گلایل	golayel	F	0
گلایلگلایول	gelayol	F	0
گلایور	golayvor	F	0
گلایول	golayoul	F	0
گلایون	golayoon	F	0
گلایژ	golayej	F	0
گلباجی	golbaji	F	0
گلباد	golbad	F	0
گلباش	golbash	F	0
گلباغی	golbaghi	F	0
گلبانو	golbanu	F	0
گلبدان	golbadan	F	0
گلبدین	golbaddin	F	0
گلبر	golbar	F	0
گلبرار	golbarar	F	0
گلبرگ	golbarg	F	0
گلبس	golbes	F	0
گلبست	golbast	F	0
گلبن	golbon	F	0
گلبه	golbeh	F	0
گلبو	golbu	F	0
گلبیز	golbiz	F	0
گلتاج	goltaaj	F	0
گلتن	goltan	F	0
گلثوم	golsoum	F	0
گلثومه	golsumeh	F	0
گلجان	goljan	F	0
گلخاتون	golkhatoon	F	0
گلخندر	golkhandehr	F	0
گلخوشه	golkhushe	F	0
گلدب	goldab	F	0
گلدره	goldareh	F	0
گلدسته	goldasteh	F	0
گلدن	goldan	F	0
گلدوخت	goldookht	F	0
گلدوز	goldooz	F	0
گلدوستی	goldoosti	F	0
گلدونه	golduneh	F	0
گلدی	goldi	F	0
گلدیس	goldis	F	0
گلدیمحمد	goldimohammad	F	0
گلدین	goldin	F	0
گلذار	golzar	F	0
گلر	golr	F	0
گلرضا	golrza	F	0
گلروی	golrouy	F	0
گلریزان	golrizan	F	0
گلزاده	golzadeh	F	0
گلسا	golsa	F	0
گلسار	golsar	F	0
گلساره	golsareh	F	0
گلسر	golsar	F	0
گلسن	golsan	F	0
گلسنم	golsanam	F	0
گلسو	golsou	F	0
گلسون	golsun	F	0
گلسونه	golsuneh	F	0
گلسیما	golsima	F	0
گلشان	golshan	F	0
گلشاه	golshah	F	0
گلشه	golsha	F	0
گلشهر	golshahr	F	0
گلشوم	golshom	F	0
گلشید	golshid	F	0
گلشیفته	golshifteh	F	0
گلعلی	golali	F	0
گلفدار	golfdar	F	0
گلقدم	golqadam	F	0
گلقید	golgid	F	0
گللر	gollar	F	0
گلمان	golman	F	0
گلمحمد	golmohammad	F	0
گلمراد	golmorad	F	0
گلمرینا	golmarina	F	0
گلمیر	golmir	F	0
گلمیس	golmis	F	0
گلن	golan	F	0
گلناج	golnaj	F	0
گلنبر	golnabar	F	0
گلنجش	golanjash	F	0
گلندام	golandam	F	0
گلندان	golandan	F	0
گلنساء	golnesa	F	0
گلنسار	golnasar	F	0
گلنواز	golnavaz	F	0
گله	galeh	F	0
گلو	golu	F	0
گلوار	golvar	F	0
گلور	golvar	F	0
گلوردی	golvardi	F	0
گلورچین	golurchin	F	0
گلوری	glory	F	0
گلوریا	geloriya	F	0
گلوریار	goloryar	F	0
گلوش	golvash	F	0
گلپا	golpa	F	0
گلپاد	golpad	F	0
گلپاشا	golpasha	F	0
گلپری	golpari	F	0
گلچاره	golchareh	F	0
گلک	golak	F	0
گلکز	golakz	F	0
گلگر	golgar	F	0
گلگرد	golgard	F	0
گلگز	golgaz	F	0
گلگله	golgoleh	F	0
گلگون	golgun	F	0
گلگونه	golgune	F	0
گلیا	goliya	F	0
گلیار	golyar	F	0
گلیدا	golida	F	0
گلین	golin,gelin	F	0
گلینا	golina	F	0
گلینه	goline	F	0
گلینوش	golinush	F	0
گمانی	gomani	F	0
گنار	gonar	F	0
گناز	gonaz	F	0
گنجا	gonja	F	0
گنجان	ganjan	F	0
گندم	gandom	F	0
گندمک	gandomak	F	0
گنش	gonesh	F	0
گنکلیک	gonaklik	F	0
گنگلیک	ganglik	F	0
گهار	gahar	F	0
گهر	gahar	F	0
گهربانو	gahrbanu	F	0
گهردخت	gahardokht	F	0
گهرنگار	gaharnagar	F	0
گهرچهر	gaharchehr	F	0
گهور	gahoor	F	0
گوارا	govara	F	0
گودرز	gudarz	F	0
گودز	goudz	F	0
گوذل	gozal	F	0
گورش	gorash	F	0
گورنگ	gorang	F	0
گورگیز	gorgiz	F	0
گورگیس	gorgis	F	0
گوزبز	gozbaz	F	0
گوزل	guzal	F	0
گوشیار	goshyar	F	0
گوطلا	gotala	F	0
گوفار	goufar	F	0
گولد	gold	F	0
گولر	guler	F	0
گولن	gulan	F	0
گولی	goli	F	0
گونا	gona	F	0
گونای	gunay	F	0
گونش	gunash	F	0
گونل	gonel	F	0
گوهر	gowhar	F	0
گوهرآرا	goharara	F	0
گوهرافروز	goharafroz	F	0
گوهرافشان	gowharafshan	F	0
گوهرالشریعه	gowharroshsharieeh	F	0
گوهران	gowharan	F	0
گوهربانو	goharbano	F	0
گوهرزاد	goharzad	F	0
گوهرسان	goharsan	F	0
گوهرسمانه	gowharsamaneh	F	0
گوهرشاد	gowharshad	F	0
گوهرشید	goharshid	F	0
گوهرطلا	gohartala	F	0
گوهرفشان	goharfashan	F	0
گوهرناز	gowharnaz	F	0
گوهره	gohareh	F	0
گوهرچهر	goharchehr	F	0
گوهرچین	goharchin	F	0
گوهرین	goharin	F	0
گووهند	gavhand	F	0
گوکجه	gokje	F	0
گوکی	gooki	F	0
گوی	goy	F	0
گویچک	guichek	F	0
گویک	goyak	F	0
گژدهم	gazhdahm	F	0
گژگین	gzhgin	F	0
گکمال	gokamal	F	0
گیتا	gita	F	0
گیتان	gitan	F	0
گیتانوش	gitanush	F	0
گیتی	giti	F	0
گیتیفروغ	gitiforugh	F	0
گیتیناز	gitinaz	F	0
گیرا	gira	F	0
گیسا	gisa	F	0
گیسو	gisu	F	0
گیسیا	gisiya	F	0
گیشا	gisha	F	0
گیل	gil	F	0
گیلا	gila	F	0
گیلار	gilar	F	0
گیلان	gilan	F	0
گیلانا	gilana	F	0
گیلاوا	gilava	F	0
گیلاکو	gilako	F	0
گیلدا	gilda	F	0
گیلرا	gailra	F	0
گیلماه	gilmah	F	0
گیلنار	gilnar	F	0
گیلناز	gilnaz	F	0
گیلو	gilu	F	0
گیلوا	gileva	F	0
گینت	ginat	F	0
گیهان	geyhan	F	0
گیو	giv	F	0
گیوا	giva	F	0
گیوان	givan	F	0
یابر	yaber	F	0
یاثر	yather	F	0
یاحا	yaha	F	0
یاخشی	yakhshi	F	0
یاد	yad	F	0
یادا	yada	F	0
یادمهر	yadmehr	F	0
یادکار	yadkar	F	0
یار	yar	F	0
یارا	yara	F	0
یارات	yarat	F	0
یاراد	yarad	F	0
یاراش	yarash	F	0
یارالله	yarallah,yarollah	F	0
یاراله	yarallah	F	0
یاران	yaran	F	0
یارتا	yarta	F	0
یارحسن	yarhasan	F	0
یارحسین	yarhossein	F	0
یاردا	yarda	F	0
یاردل	yardel	F	0
یارسا	yarsa	F	0
یارسان	yarsan	F	0
یارسانا	yarsana	F	0
یارقین	yarghin	F	0
یارمراد	yarmarad	F	0
یارمس	yarmas	F	0
یارن	yaren	F	0
یارناز	yarnaz	F	0
یارنوش	yarnosh	F	0
یارنیک	yarnik	F	0
یاره	yareh	F	0
یارور	yarvar	F	0
یارولی	yarouli	F	0
یارک	yark	F	0
یارگل	yargol	F	0
یارین	yarin	F	0
یاریوش	yariush	F	0
یاز	yaz	F	0
یازا	yaza	F	0
یاس	yas	F	0
یاسا	yasa	F	0
یاسام	yasam	F	0
یاسان	yasan	F	0
یاسر	yaser	F	0
یاسرزاد	yasrazad	F	0
یاسره	yasreh	F	0
یاسم	yasaman	F	0
یاسما	yasaman	F	0
یاسمسن	yasamsan	F	0
یاسمن	yasaman	F	0
یاسمندخت	yasamandokht	F	0
یاسمهر	yasmehr	F	0
یاسمین	yasamin,yasmin	F	0
یاسمینا	yasmina,yasamina	F	0
یاسمینه	yasamine	F	0
یاسن	yasen	F	0
یاسو	yasu	F	0
یاسیمین	yasimin	F	0
یاسین	yasin	F	0
یاسینا	yasina	F	0
یاسینه	yasineh	F	0
یاشا	yasha	F	0
یاشار	yashar	F	0
یاشارا	yashara	F	0
یاشال	yashal	F	0
یاشام	yasham	F	0
یاشر	yasher	F	0
یاشرلی	yasherli	F	0
یاشلار	yashlar	F	0
یاشنگ	yashang	F	0
یاشگین	yashgin	F	0
یاشیل	yashil	F	0
یاشین	yashin	F	0
یاصر	yaser	F	0
یاصنم	yasnam	F	0
یاغمور	yaghmur	F	0
یافا	yafa	F	0
یافتین	yaftin	F	0
یاقوت	yaqut,yaghut	F	0
یالان	yalan	F	0
یالمان	yalman	F	0
یام	yam	F	0
یاماچ	yamach	F	0
یامور	yamur	F	0
یامین	yamin	F	0
یانا	yana	F	0
یانار	yanar	F	0
یانی	yani	F	0
یانیک	yanik	F	0
یاوان	yavan	F	0
یاورعلی	yavaraali	F	0
یاوند	yavand	F	0
یاپار	yapar	F	0
یاکام	yakam	F	0
یاکو	yaku	F	0
یایر	yair	F	0
یبوک	yebok	F	0
یترا	yetra	F	0
یثرب	yasreb	F	0
یثنا	yasna	F	0
یحی	yahya	F	0
یحیا	yahya	F	0
یحیحی	yahya	F	0
یحیی	yahya	F	0
یحییمحمد	yahyamohammd	F	0
یخانه	ykhane	F	0
یدا	yeda	F	0
یدالا	yadallah	F	0
یدالاه	yadollah	F	0
یدالله	yadollah	F	0
یداله	yadollah	F	0
یدلله	yadollah	F	0
یذبه	yazbeh	F	0
یرحا	yarha	F	0
یرمیا	yarmiya	F	0
یروانه	yarvaneh	F	0
یریسا	yarisa	F	0
یزداد	yazdad	F	0
یزدالله	yazdollah	F	0
یزدان	yazdan	F	0
یزدانبخش	yazdanbakhsh	F	0
یزدانداد	yazdandad	F	0
یزداندخت	yazdandokht	F	0
یزدانشاه	yazdanshah	F	0
یزدانعلی	yazdanali	F	0
یزدانقلی	yazdankhali	F	0
یزدانمهر	yazdanmehr	F	0
یزدانیار	yazdanyar,yazdaniyar	F	0
یزدجرد	yazdjerd,yazdjard	F	0
یزدگرد	yazdgerd	F	0
یزدیار	yazdiar	F	0
یزذان	yazdan	F	0
یستان	yestan	F	0
یسرا	yasra,yosra	F	0
یسراء	yasra	F	0
یسره	yasreh	F	0
یسری	yasari	F	0
یسن	yasn	F	0
یسنا	yasna	F	0
یسنی	yasni	F	0
یسوب	yasub	F	0
یشار	yashar	F	0
یشتار	yashtar	F	0
یشم	yashm	F	0
یشما	yeshma,yashma	F	0
یشیر	yashir	F	0
یشیم	yeshim	F	0
یعثوب	ya'thub	F	0
یعثوق	ya'thoq	F	0
یعسوب	yasoub	F	0
یعصوب	ya'soub	F	0
یعغوب	yaqoob	F	0
یعغوبعلی	yaghoubali	F	0
یعقعوب	yaqoob	F	0
یعقوب	yaeghub,yaqoob,yaqoub	F	0
یعقوبعلی	yaqoubali	F	0
یعقوپ	yaqoob	F	0
یعوب	ya'qub	F	0
یعید	ya'id	F	0
یغقوب	yaghoub	F	0
یغما	yaghma	F	0
یغماناز	yaghmanaz	F	0
یغمر	yaghmar	F	0
یغمور	yaghmour	F	0
یغوب	yaghoub	F	0
یغیا	yaghya	F	0
یفعلی	yef'ali	F	0
یقعوب	yaqoob	F	0
یققوب	yaqqub	F	0
یقوب	yaqoub	F	0
یقین	yaqin	F	0
یقینعلی	yaqinali	F	0
یقیه	yaghieh	F	0
یلا	yala	F	0
یلان	yalan	F	0
یلدا	yalda	F	0
یلدوز	yaldoz	F	0
یلدیز	yaldiz	F	0
یلسان	yalsan	F	0
یلسر	yalsar	F	0
یلنا	yelna	F	0
یما	yama	F	0
یمان	yeman	F	0
یمانه	yamaneh	F	0
یمشیک	yamshik	F	0
یمن	yemen	F	0
یمنا	yomna,yamna	F	0
یمنس	yamanas	F	0
یمور	yamur	F	0
یمین	yamin	F	0
یمینالله	yaminollah	F	0
یمیه	yamieh	F	0
ینال	yanal,yenal	F	0
ینب	yenab	F	0
ینصر	yansar	F	0
ینیامین	yaniyamin	F	0
یهدا	yahda	F	0
یهودا	yahoda	F	0
یواو	yavav	F	0
یوتاب	yotab	F	0
یوتام	yotam	F	0
یوتس	youts	F	0
یوحنا	yohana	F	0
یورام	yoram	F	0
یورتای	yortay	F	0
یوری	yuri	F	0
یوریل	yoril	F	0
یوزارسیف	yozarsif	F	0
یوسفرضا	yusofreza	F	0
یوسفعلی	yousefali	F	0
یوسفعیوضی	yosofiyouzi	F	0
یوسفمحمد	yusofmohammad	F	0
یوسن	yousan	F	0
یوسوف	yusuf	F	0
یوسیف	yousef	F	0
یوشا	yousha	F	0
یوشع	yushee,yoush'a	F	0
یوشیتا	yoshita	F	0
یوشیج	yushij	F	0
یوشیع	yoshi'	F	0
یوصف	yusuf	F	0
یوف	yuf	F	0
یوفاوه	yufaveh	F	0
یولداش	yoldash	F	0
یولی	yuli	F	0
یومیه	yomiye	F	0
یون	yun	F	0
یونا	yuna	F	0
یوناس	yunas	F	0
یونس	yunos,younes	F	0
یونسعلی	younesali	F	0
یونسور	younsoor	F	0
یونصور	younsor	F	0
یوهان	uhan	F	0
یوکابد	yokabad,yukabed	F	0
یویف	yuyif	F	0
یوییل	yuyil	F	0
یکتاره	yektare	F	0
یکتاش	yektaash	F	0
یکتافاطمه	yektafateme	F	0
یکسارا	yeksara	F	0
یکسر	yaksar	F	0
یکشنبه	yekshanbeh	F	0
یکمال	yekmal	F	0
یکیتی	yekiti	F	0
یگان	yegan	F	0
ییلدیز	yildiz	F	0
