latin_key	persian	freq
ke	که	1497746
ro	رو	1348950
be	به	1314499
man	من	1263732
o	و	1048663
az	از	980699
to	تو	968244
in	این	881163
ye	یه	847445
on	اون	723549
mi	می	591888
na	نه	543759
ba	با	470717
dar	در	449699
ma	ما	399303
chi	چی	374366
kheili	خیلی	352472
sh	ش	347223
bayad	باید	340002
ham	هم	322258
bod	بود	307036
bashe	باشه	304463
bray	برای	302181
are	آره	299623
konam	کنم	291138
kon	کن	278010
ta	تا	273810
inja	اینجا	262470
fekr	فکر	250707
dige	دیگه	248256
t	ت	241466
nyst	نیست	240509
khob	خب	229735
shma	شما	221676
faghat	فقط	214800
kar	کار	210174
ha	ها	208927
dare	داره	202018
age	اگه	191633
hame	همه	188444
chyzy	چیزی	186852
daram	دارم	185885
shdh	شده	181090
vly	ولی	179574
koni	کنی	177352
che	چه	173117
tvy	توی	172333
yk	یک	167188
dari	داری	160491
ama	اما	153176
pas	پس	152072
mishe	میشه	151355
nmy	نمی	151304
chera	چرا	145676
m	م	142606
mikonam	میکنم	138754
hala	حالا	136895
krdm	کردم	135580
kone	کنه	133947
dorost	درست	132185
vghty	وقتی	131490
alan	الان	128955
avna	اونا	125951
ay	ای	124970
konim	کنیم	124780
har	هر	123799
y	ی	123369
khvd	خود	122608
avh	اوه	120912
ya	یا	120098
shod	شد	119664
blh	بله	115728
hy	هی	115197
dost	دوست	113690
hay	های	113331
mnv	منو	112155
bia	بیا	111310
dst	دست	110160
aynkh	اینکه	110042
salam	سلام	109041
koja	کجا	108314
chyh	چیه	106540
hst	هست	105673
boro	برو	105531
bd	بعد	103611
bhm	بهم	102922
msl	مثل	102383
khube	خوبه	102349
hmyn	همین	99569
bede	بده	99323
ki	کی	99273
pyda	پیدا	98154
hych	هیچ	98065
mikoni	میکنی	97240
yky	یکی	96582
krd	کرد	93987
hrf	حرف	93900
h	ه	93740
krdy	کردی	92436
byrvn	بیرون	89395
mikone	میکنه	89199
ksy	کسی	89134
bchh	بچه	88774
vagha	واقعا	88667
krdn	کردن	88167
berim	بریم	87909
mikham	میخوام	87649
krdh	کرده	84644
st	ست	83356
mamnon	ممنون	82735
midoni	میدونی	80764
onja	اونجا	80167
darim	داریم	79807
kary	کاری	78450
vash	واسه	78233
ra	را	78127
pysh	پیش	77875
khune	خونه	76301
shayad	شاید	76004
bvdm	بودم	75742
sr	سر	75094
chyz	چیز	74402
bash	باش	74125
hstm	هستم	73906
chon	چون	73765
rvy	روی	73162
chykar	چیکار	72990
konid	کنید	72977
miad	میاد	71539
anjam	انجام	71534
dv	دو	71215
ndarh	نداره	71213
pdr	پدر	69092
kmk	کمک	68638
vaght	وقت	68544
mnm	منم	68283
mikhai	میخوای	68037
dashth	داشته	67745
hsty	هستی	67693
mvrd	مورد	66912
zndgy	زندگی	66429
hanoz	هنوز	66273
aynh	اینه	65685
beshe	بشه	65675
lnty	لعنتی	65336
midonam	میدونم	65263
roz	روز	64597
ast	است	64494
tmam	تمام	64297
aynv	اینو	63639
mrd	مرد	63560
nzr	نظر	62912
rah	راه	61807
hmyshh	همیشه	61150
bebin	ببین	60894
byshtr	بیشتر	57638
chy	چی؟	57588
sbr	صبر	56976
tnha	تنها	56428
asm	اسم	56199
mtasfm	متاسفم	56061
bashy	باشی	55895
sal	سال	55722
aghay	آقای	55154
chand	چند	54663
psr	پسر	54512
gvsh	گوش	54512
ngah	نگاه	54304
bego	بگو	54253
khvdm	خودم	53867
nemidonam	نمیدونم	53500
ghrban	قربان	53452
dvbarh	دوباره	52765
khday	خدای	52581
chetor	چطور	51633
bvdh	بوده	51578
bbkhshyd	ببخشید	51472
bdm	بدم	51363
khvby	خوبی	50655
avnv	اونو	50255
by	بی	50083
khda	خدا	49940
hty	حتی	49609
goftam	گفتم	49387
bdy	بدی	48752
bgm	بگم	48461
khvahsh	خواهش	48353
brm	برم	48250
br	بر	48103
zyzm	عزیزم	48060
daran	دارن	47421
hstn	هستن	47421
shrv	شروع	47252
shbt	صحبت	47245
albth	البته	46913
tmvm	تموم	46573
bazy	بازی	46031
ghbl	قبل	45729
goft	گفت	44840
adm	آدم	44773
mitonam	میتونم	44592
nfr	نفر	44571
shv	شو	44514
madr	مادر	44365
mygm	میگم	44074
pvl	پول	43874
knyn	کنین	43853
bar	بار	43609
dnbal	دنبال	43604
khanm	خانم	43462
khvsh	خوش	43223
mitoni	میتونی	43190
ghrar	قرار	43082
hal	حال	43020
shodam	شدم	42989
shab	شب	42759
nakon	نکن	42561
mydm	میدم	42304
mmknh	ممکنه	42197
baba	بابا	41962
dashtm	داشتم	41838
ltfa	لطفا	41744
shdn	شدن	41181
knn	کنن	40970
vjvd	وجود	40860
bashm	باشم	40629
asla	اصلا	40617
mrdm	مردم	40500
baz	باز	40389
yny	یعنی	40206
emroz	امروز	40110
khatr	خاطر	40077
hmvn	همون	40074
dkhtr	دختر	40061
agr	اگر	39848
dasht	داشت	39495
bvdy	بودی	39490
bbynm	ببینم	39395
yala	یالا	39320
dvnm	دونم	39314
bdvn	بدون	39126
mgh	مگه	39124
hychy	هیچی	38991
bozorg	بزرگ	38930
nystm	نیستم	38930
astfadh	استفاده	38916
bala	بالا	38787
bvdn	بودن	38085
kenar	کنار	38071
sat	ساعت	37899
nemitonam	نمیتونم	37854
cheghadr	چقدر	37780
brat	برات	37344
halt	حالت	37344
bezar	بذار	37258
krdym	کردیم	36984
ndarm	ندارم	36896
avl	اول	36849
bry	بری	36842
sy	سعی	36250
zvd	زود	36229
km	کم	36207
avnha	اونها	36161
amadh	آماده	35714
maman	مامان	35705
am	ام	35616
drbarh	درباره	35554
nbvd	نبود	35511
bkhatr	بخاطر	35332
mtmn	مطمئن	35170
bahash	باهاش	34960
atfaghy	اتفاقی	34874
zndh	زنده	34804
azt	ازت	34484
myknym	میکنیم	33956
mashin	ماشین	33936
jayy	جایی	33789
byn	بین	33775
mide	میده	33653
nemishe	نمیشه	33574
bezan	بزن	33507
nyaz	نیاز	33359
shodi	شدی	33156
zn	زن	33074
dvr	دور	32924
arvm	آروم	32713
hychvght	هیچوقت	32638
bhtr	بهتر	32490
alyh	عالیه	32338
dad	داد	32280
chtvry	چطوری	32195
khvam	خوام	32072
yad	یاد	31888
zng	زنگ	31883
dnya	دنیا	31861
mnh	منه	31639
gofti	گفتی	31610
zmyn	زمین	31428
tvnm	تونم	31424
trf	طرف	31393
htma	حتما	31376
ja	جا	31287
zyady	زیادی	30683
myknn	میکنن	30499
jay	جای	30450
mygy	میگی	30450
shhr	شهر	30395
av	او	30297
mshkly	مشکلی	30282
khbr	خبر	30034
payyn	پایین	30033
nbayd	نباید	30019
bram	برام	29966
zman	زمان	29651
dadh	داده	29538
ayna	اینا	29501
dktr	دکتر	29410
mikhad	میخواد	29320
frar	فرار	29192
zyad	زیاد	29026
dghyghh	دقیقه	29021
mrdh	مرده	28899
mnzvr	منظور	28865
mitone	میتونه	28807
ah	آه	28742
mal	مال	28677
bas	باعث	28426
plys	پلیس	28401
mohem	مهم	28162
ajazh	اجازه	28110
mykrdm	میکردم	28084
ngh	نگه	28068
miram	میرم	27996
atfagh	اتفاق	27897
bad	بد	27887
ngran	نگران	27840
psht	پشت	27762
nshvn	نشون	27629
lahze	لحظه	27487
rfygh	رفیق	27227
dl	دل	27201
sobh	صبح	27193
smt	سمت	27188
karv	کارو	27009
aynkarv	اینکارو	26957
njat	نجات	26873
kamla	کاملا	26833
bgy	بگی	26654
bhtrh	بهتره	26553
begir	بگیر	26503
mygh	میگه	26383
dghygha	دقیقا	26348
adamh	ادامه	26342
bavr	باور	26296
bsyar	بسیار	26289
avlyn	اولین	26060
didam	دیدم	26051
jvab	جواب	25894
hstym	هستیم	25853
ab	آب	25849
hrkt	حرکت	25588
mmnvnm	ممنونم	25552
dakhl	داخل	25454
dadm	دادم	25357
byad	بیاد	25294
hmchyn	همچین	25089
lazm	لازم	24964
hmyntvr	همینطور	24950
ghrarh	قراره	24909
khvn	خون	24881
vay	وای	24803
tvny	تونی	24734
rfth	رفته	24656
nysty	نیستی	24554
mshkl	مشکل	24295
bhtryn	بهترین	24129
bznm	بزنم	24091
arh	اره	24090
ahsas	احساس	23937
ashtbah	اشتباه	23738
vard	وارد	23504
brh	بره	23468
ghbla	قبلا	23468
atagh	اتاق	23398
tr	تر	23325
bghyh	بقیه	23301
jng	جنگ	23295
ghvl	قول	23270
antkhab	انتخاب	23220
shlyk	شلیک	23219
bdym	بدیم	23077
dvny	دونی	22989
bknm	بکنم	22781
emshab	امشب	22761
hgh	حق	22712
kodom	کدوم	22703
avmd	اومد	22632
veysa	وایسا	22592
avmdh	اومده	22558
bkhyr	بخیر	22536
nmyad	نمیاد	22443
hafte	هفته	22439
bhshvn	بهشون	22417
mnzvrt	منظورت	22415
atmad	اعتماد	22398
hmlh	حمله	22273
kart	کارت	22187
jan	جان	22088
bahat	باهات	22084
nzdyk	نزدیک	21944
azdvaj	ازدواج	21808
bkny	بکنی	21756
zyr	زیر	21749
grfth	گرفته	21708
hghyght	حقیقت	21661
mtvjh	متوجه	21573
akhryn	آخرین	21543
dady	دادی	21534
mrg	مرگ	21486
jdyd	جدید	21426
dadn	دادن	21327
jeddi	جدی	21324
chtvrh	چطوره	21320
bashym	باشیم	21293
gfth	گفته	21175
aly	عالی	21127
farda	فردا	21122
ykm	یکم	20731
hstnd	هستند	20694
bshy	بشی	20688
mytvnym	میتونیم	20661
nemikham	نمیخوام	20547
bshm	بشم	20497
mah	ماه	20398
mire	میره	20353
khvay	خوای	20344
bryd	برید	20268
ash	اش	20261
raft	رفت	20254
rys	رئیس	20112
bradr	برادر	19873
ndary	نداری	19777
vz	عوض	19716
aftadh	افتاده	19658
hrgz	هرگز	19617
gereftam	گرفتم	19538
khvahd	خواهد	19535
dorogh	دروغ	19466
blnd	بلند	19458
kyh	کیه	19425
angar	انگار	19382
gm	گم	19381
avmdy	اومدی	19371
ghb	عقب	19287
ghzyh	قضیه	19263
hs	حس	19071
mvzv	موضوع	19033
nmyknm	نمیکنم	19021
tmas	تماس	18953
pydash	پیداش	18953
shgh	عشق	18922
aftad	افتاد	18897
ghbvl	قبول	18875
jvr	جور	18873
tazh	تازه	18841
nbash	نباش	18840
mvgh	موقع	18800
dashty	داشتی	18698
mntzr	منتظر	18682
khanvadh	خانواده	18674
sry	سریع	18659
lbas	لباس	18654
shbyh	شبیه	18635
ghyr	غیر	18617
khfh	خفه	18601
ayntvry	اینطوری	18597
nemitoni	نمیتونی	18583
bhtvn	بهتون	18539
jlvy	جلوی	18504
andazh	اندازه	18499
bashyd	باشید	18468
nh	نه،	18380
hmynh	همینه	18332
agha	آقا	18315
vaghy	واقعی	18303
ahmgh	احمق	18281
kafy	کافی	18270
mirim	میریم	18219
khvbm	خوبم	18214
lnt	لعنت	18174
pr	پر	18159
brash	براش	18097
bs	بس	17992
zmany	زمانی	17992
nghshh	نقشه	17948
brnamh	برنامه	17895
bgyrm	بگیرم	17758
bzy	بعضی	17725
avmdm	اومدم	17646
miam	میام	17646
nshdh	نشده	17621
azm	ازم	17592
tvh	توئه	17537
mygn	میگن	17532
bzny	بزنی	17510
beshin	بشین	17497
daryn	دارین	17480
akhr	آخر	17448
khvshhalm	خوشحالم	17415
nvan	عنوان	17406
mraghb	مراقب	17370
kl	کل	17357
rd	رد	17328
kshty	کشتی	17175
mjbvr	مجبور	17166
fylm	فیلم	17155
jm	جمع	17076
grvh	گروه	17070
an	آن	17061
rast	راست	17050
dyvvnh	دیوونه	16998
kshth	کشته	16986
aynjvry	اینجوری	16960
didi	دیدی	16899
shh	شه	16897
yadt	یادت	16777
ashgh	عاشق	16775
aynghdr	اینقدر	16713
bvdym	بودیم	16705
mtshkrm	متشکرم	16582
chshm	چشم	16546
ks	کس	16501
ayntvr	اینطور	16481
ahtmala	احتمالا	16376
chra	چرا؟	16353
rvsh	روش	16346
anjamsh	انجامش	16340
shmarh	شماره	16299
mydy	میدی	16294
drd	درد	16150
tsmym	تصمیم	16111
gzshth	گذشته	16091
tghyyr	تغییر	16038
amydvarm	امیدوارم	16014
mvfgh	موفق	15998
trk	ترک	15972
bdn	بدن	15939
myshm	میشم	15924
byayn	بیاین	15876
svrt	صورت	15875
gyr	گیر	15862
miri	میری	15837
tym	تیم	15795
bykhyal	بیخیال	15787
zdh	زده	15767
shnydm	شنیدم	15731
khdahafz	خداحافظ	15698
drsth	درسته	15597
khvshm	خوشم	15588
khdaya	خدایا	15583
chyzyh	چیزیه	15583
aslhh	اسلحه	15519
hayy	هایی	15503
bashn	باشن	15502
ndarym	نداریم	15476
framvsh	فراموش	15455
myshn	میشن	15434
kharj	خارج	15307
aynjast	اینجاست	15295
fhmydm	فهمیدم	15259
mykrd	میکرد	15231
dastan	داستان	15220
ghdrt	قدرت	15208
kntrl	کنترل	15204
myshy	میشی	15158
zvdbash	زودباش	15152
hmsh	همش	15146
jvn	جون	15137
daryd	دارید	15095
rftn	رفتن	15023
sday	صدای	14986
avnm	اونم	14957
byar	بیار	14949
dh	ده	14947
yarv	یارو	14931
knndh	کننده	14908
mdt	مدت	14894
mzrt	معذرت	14889
ahtyaj	احتیاج	14888
afrad	افراد	14864
sakht	سخت	14857
dlar	دلار	14838
jda	جدا	14829
hychks	هیچکس	14807
knnd	کنند	14786
hstsh	هستش	14758
khvdmvn	خودمون	14752
tvl	طول	14736
mykhvastm	میخواستم	14692
aya	آیا	14685
tkvn	تکون	14669
bgyry	بگیری	14635
sval	سوال	14553
kly	کلی	14528
khvshhal	خوشحال	14498
pnj	پنج	14451
mbarzh	مبارزه	14443
ghza	غذا	14413
khvab	خواب	14401
nknm	نکنم	14394
bzar	بزار	14369
mdrsh	مدرسه	14311
mrdy	مردی	14259
raj	راجع	14252
myan	میان	14234
padshah	پادشاه	14113
tvst	توسط	14072
bashyn	باشین	14038
bhmvn	بهمون	13992
mrsy	مرسی	13949
bkhsh	بخش	13940
nkrdm	نکردم	13934
jk	جک	13924
dydh	دیده	13899
byam	بیام	13860
jlh	عجله	13840
tht	تحت	13797
shrkt	شرکت	13790
dlyl	دلیل	13676
dyr	دیر	13676
tbdyl	تبدیل	13653
tvnh	تونه	13646
hmdygh	همدیگه	13639
shvkhy	شوخی	13583
zdn	زدن	13554
shdym	شدیم	13517
dfh	دفعه	13466
tghryba	تقریبا	13452
drk	درک	13421
psrm	پسرم	13419
myznm	میزنم	13381
kvchvlv	کوچولو	13330
shans	شانس	13289
shkst	شکست	13268
byay	بیای	13261
bemon	بمون	13150
tvr	طور	13142
bznym	بزنیم	13137
aynm	اینم	13122
bydar	بیدار	13068
btvnm	بتونم	13059
mhafzt	محافظت	13017
chhar	چهار	13017
bksh	بکش	12945
bryn	برین	12894
rastsh	راستش	12892
dashtym	داشتیم	12886
bda	بعدا	12882
brgrd	برگرد	12849
kmy	کمی	12842
bdvnm	بدونم	12834
khvbyh	خوبیه	12829
khvrdh	خورده	12815
dashtn	داشتن	12760
bgyrh	بگیره	12756
hdf	هدف	12718
grftn	گرفتن	12656
dvta	دوتا	12601
bkhvay	بخوای	12579
nmytvnh	نمیتونه	12575
sda	صدا	12572
vzy	عوضی	12542
mykny	میکنی؟	12535
ktab	کتاب	12508
hsab	حساب	12482
rahat	راحت	12465
goftan	گفتن	12461
nabvd	نابود	12448
zd	زد	12430
tvjh	توجه	12422
bshym	بشیم	12404
khvdshh	خودشه	12393
ansan	انسان	12367
nmyknh	نمیکنه	12343
bbyny	ببینی	12294
prvndh	پرونده	12251
aynkar	اینکار	12244
grfty	گرفتی	12231
aftkhar	افتخار	12199
shmaha	شماها	12174
mkhfy	مخفی	12149
balakhrh	بالاخره	12124
bazm	بازم	12109
atlat	اطلاعات	12104
bahm	باهم	12098
ghsmt	قسمت	12079
tryn	ترین	12034
myzny	میزنی	11934
mvndh	مونده	11925
zadam	زدم	11920
hdaghl	حداقل	11904
jlv	جلو	11833
bnzr	بنظر	11832
pyshnhad	پیشنهاد	11743
myrsh	میرسه	11720
gereft	گرفت	11693
rftar	رفتار	11680
mlaghat	ملاقات	11668
azad	آزاد	11651
hzar	هزار	11643
bznh	بزنه	11628
zndan	زندان	11552
kafyh	کافیه	11552
bknym	بکنیم	11549
bsth	بسته	11547
svar	سوار	11478
khvastm	خواستم	11473
chkar	چکار	11430
kochik	کوچیک	11424
nzrt	نظرت	11421
ghtl	قتل	11414
mlvmh	معلومه	11388
hmsr	همسر	11384
ayndh	آینده	11377
sg	سگ	11356
nzn	نزن	11350
prvaz	پرواز	11305
mtmny	مطمئنی	11281
jvry	جوری	11274
bgyrym	بگیریم	11261
tlfn	تلفن	11248
mvazb	مواظب	11224
bdvny	بدونی	11221
tvsh	توش	11153
hmynja	همینجا	11128
syah	سیاه	11120
chyza	چیزا	11114
byarm	بیارم	11086
vagh	واقع	11072
mamvr	مامور	11044
dkhtrh	دختره	11010
kshtn	کشتن	10995
bknh	بکنه	10972
hazr	حاضر	10966
atsh	آتش	10965
fvgh	فوق	10961
bdyn	بدین	10947
kaml	کامل	10914
dstvr	دستور	10876
avza	اوضاع	10869
pa	پا	10854
baham	باهام	10826
at	ات	10785
chyzayy	چیزایی	10780
bjnb	بجنب	10768
hstyd	هستید	10768
khrab	خراب	10756
yadm	یادم	10730
dryaft	دریافت	10717
anha	آنها	10716
rahy	راهی	10682
kshvr	کشور	10669
rvzy	روزی	10667
emtehan	امتحان	10627
tvnym	تونیم	10608
bshn	بشن	10597
ghabl	قابل	10590
kmkt	کمکت	10559
hmrah	همراه	10541
bdyd	بدید	10531
bsh	بسه	10516
hstyn	هستین	10504
bkn	بکن	10502
zdy	زدی	10478
byshtry	بیشتری	10470
mvad	مواد	10452
khvdtvn	خودتون	10447
khvbh	خوبه؟	10441
tvzyh	توضیح	10435
kht	خط	10429
shrmndh	شرمنده	10374
khvad	خواد	10358
tng	تنگ	10328
srt	سرت	10302
aynjam	اینجام	10298
raftam	رفتم	10298
hnvzm	هنوزم	10297
ml	عمل	10262
myznh	میزنه	10256
mykhvaym	میخوایم	10230
bbynym	ببینیم	10193
ghdymy	قدیمی	10188
nam	نام	10174
hrvmzadh	حرومزاده	10168
salh	ساله	10154
krdyn	کردین	10147
halsh	حالش	10129
midone	میدونه	10099
srvrm	سرورم	10090
bbr	ببر	10059
frst	فرصت	10052
khtr	خطر	10032
namh	نامه	9993
bdst	بدست	9967
rvshn	روشن	9946
vlsh	ولش	9945
khsth	خسته	9941
bkshh	بکشه	9908
hrchy	هرچی	9905
lzt	لذت	9901
baghy	باقی	9882
khvahy	خواهی	9867
nkrdh	نکرده	9859
khvdshvn	خودشون	9858
tmvmsh	تمومش	9850
ghanvn	قانون	9827
nfs	نفس	9789
nvshth	نوشته	9785
payan	پایان	9766
ngv	نگو	9756
khyal	خیال	9750
nbashh	نباشه	9730
dyshb	دیشب	9703
dydn	دیدن	9681
mikhan	میخوان	9597
artsh	ارتش	9595
ghlb	قلب	9593
mydym	میدیم	9587
fshar	فشار	9578
did	دید	9576
aladh	العاده	9567
mydn	میدن	9535
mhmh	مهمه	9512
ndashtm	نداشتم	9511
krdnd	کردند	9505
tghsyr	تقصیر	9492
sakt	ساکت	9459
avnjast	اونجاست	9444
akhh	آخه	9442
antzar	انتظار	9442
khbrh	خبره	9401
mybyny	میبینی	9395
ahmyt	اهمیت	9377
sham	شام	9377
mskhrh	مسخره	9376
khvdtv	خودتو	9366
ghsm	قسم	9361
rabth	رابطه	9339
gzarsh	گزارش	9336
amkan	امکان	9303
dadash	داداش	9247
laghh	علاقه	9217
ghvy	قوی	9208
trjmh	ترجمه	9200
nmykny	نمیکنی	9186
hds	حدس	9179
tvrv	تورو	9178
jyb	عجیب	9169
khvsht	خوشت	9163
kapytan	کاپیتان	9145
sm	سم	9134
btvny	بتونی	9080
bkshy	بکشی	9052
chndta	چندتا	9047
dnyay	دنیای	9035
srm	سرم	9002
btvnh	بتونه	8995
shsh	شش	8969
btvnym	بتونیم	8955
tlash	تلاش	8936
ndasht	نداشت	8919
avmdn	اومدن	8913
ght	قطع	8908
sfr	سفر	8906
msabghh	مسابقه	8890
rvh	روح	8881
amryka	آمریکا	8877
khanvm	خانوم	8871
myshd	میشد	8854
naraht	ناراحت	8848
mylyvn	میلیون	8842
tnhayy	تنهایی	8827
chnyn	چنین	8804
zhn	ذهن	8802
vl	ول	8801
bkhvr	بخور	8774
shrt	شرط	8770
nystn	نیستن	8757
chjvry	چجوری	8719
vst	وسط	8717
bzrgy	بزرگی	8704
hva	هوا	8697
brndh	برنده	8694
khaly	خالی	8674
ndashth	نداشته	8671
mvn	مون	8647
arzsh	ارزش	8632
bymarstan	بیمارستان	8628
khvast	خواست	8627
sbany	عصبانی	8602
aynha	اینها	8601
skhth	سخته	8598
klmh	کلمه	8596
jshn	جشن	8590
marv	مارو	8589
nmytvnym	نمیتونیم	8573
avnvght	اونوقت	8559
alv	الو	8557
khyabvn	خیابون	8553
frmandh	فرمانده	8502
dm	دم	8498
jz	جز	8489
byny	بینی	8473
brabr	برابر	8445
chk	چک	8438
bgh	بگه	8435
sdmh	صدمه	8433
systm	سیستم	8429
hl	حل	8410
bbynh	ببینه	8402
fhmydy	فهمیدی	8387
miai	میای	8382
vzyt	وضعیت	8371
jb	عجب	8367
mntghh	منطقه	8365
mykshh	میکشه	8363
brrsy	بررسی	8361
dy	دی	8361
khvahm	خواهم	8354
ghatl	قاتل	8349
and	اند	8325
sanyh	ثانیه	8320
rsyd	رسید	8320
avrdy	آوردی	8313
zny	زنی	8313
mamlh	معامله	8310
dvm	دوم	8303
drmvrd	درمورد	8289
bratvn	براتون	8248
rsydh	رسیده	8247
myshym	میشیم	8247
khylh	خیله	8245
ghdm	قدم	8239
asly	اصلی	8235
mny	معنی	8230
ayshvn	ایشون	8216
mshrvb	مشروب	8207
mykrdy	میکردی	8206
bmvnh	بمونه	8192
tvry	طوری	8183
jryan	جریان	8177
babt	بابت	8169
sabt	ثابت	8165
vav	واو	8159
sfyd	سفید	8158
mraghbt	مراقبت	8153
as	اس	8150
dftr	دفتر	8149
shnydy	شنیدی	8149
shvn	شون	8145
khvahr	خواهر	8139
nbvdm	نبودم	8126
nyrvy	نیروی	8105
dstm	دستم	8092
jvrayy	جورایی	8089
mvghyt	موقعیت	8078
sks	سکس	8064
msyr	مسیر	8061
knd	کند	8060
gryh	گریه	8053
zvdy	زودی	8051
hft	هفت	8049
zrbh	ضربه	8014
nmaysh	نمایش	8005
ghhvh	قهوه	7987
aghayvn	آقایون	7984
jmhvr	جمهور	7984
drkhvast	درخواست	7982
mhl	محل	7982
asyb	آسیب	7973
mybynmt	میبینمت	7972
han	هان	7969
mlkh	ملکه	7954
astraht	استراحت	7926
ghhrman	قهرمان	7905
mybynm	میبینم	7889
tsvr	تصور	7885
byary	بیاری	7878
gzashth	گذاشته	7867
jy	جی	7861
nbvdh	نبوده	7840
ahtram	احترام	7829
brdar	بردار	7824
mykhvast	میخواست	7817
hmvntvr	همونطور	7816
vgrnh	وگرنه	7813
tvn	تون	7811
bgyrsh	بگیرش	7783
sadh	ساده	7781
myknyd	میکنید	7780
msyh	مسیح	7778
darnd	دارند	7777
ashkaly	اشکالی	7772
zndgym	زندگیم	7768
nyazy	نیازی	7763
tbghh	طبقه	7714
b	ب	7713
mydvnstm	میدونستم	7708
nkrdy	نکردی	7696
jv	جو	7686
shk	شک	7670
tmvmh	تمومه	7666
tykh	تیکه	7659
brsh	برسه	7638
bavrm	باورم	7631
hmshvn	همشون	7631
jnab	جناب	7627
mrasm	مراسم	7619
tshkr	تشکر	7607
anghdr	انقدر	7602
tyr	تیر	7601
tmryn	تمرین	7594
ashna	آشنا	7590
dadym	دادیم	7586
vghth	وقته	7582
bvdnd	بودند	7565
artbat	ارتباط	7512
avrdm	آوردم	7491
brdh	برده	7474
mmkn	ممکن	7474
avnh	اونه	7464
salm	سالم	7459
sakhth	ساخته	7458
dyvar	دیوار	7457
hmyntvrh	همینطوره	7457
mhz	محض	7455
bfrma	بفرما	7453
nmykhvay	نمیخوای	7444
khndh	خنده	7411
bmvny	بمونی	7402
nmydh	نمیده	7358
mrkz	مرکز	7356
ziba	زیبا	7308
mymvnh	میمونه	7308
admay	آدمای	7273
mslh	مسئله	7235
shah	شاه	7234
msla	مثلا	7216
adarh	اداره	7206
charly	چارلی	7196
atraf	اطراف	7193
aynjayy	اینجایی	7192
jyn	جین	7178
mamvryt	ماموریت	7175
amn	امن	7166
jhan	جهان	7154
sazman	سازمان	7144
pay	پای	7129
bra	برا	7097
glvlh	گلوله	7096
zrh	ذره	7083
amnyt	امنیت	7081
hd	حد	7079
chp	چپ	7046
jhnm	جهنم	7045
rafti	رفتی	7039
bvy	بوی	7033
pak	پاک	7027
khvahym	خواهیم	7022
bkhvad	بخواد	7018
nyvyvrk	نیویورک	7009
hat	هات	7005
hvapyma	هواپیما	7002
nghsh	نگهش	6988
faslh	فاصله	6982
tkht	تخت	6981
drdsr	دردسر	6974
azshvn	ازشون	6970
nvr	نور	6960
vghtshh	وقتشه	6945
tarykh	تاریخ	6943
shmal	شمال	6938
ghrmz	قرمز	6937
nv	نوع	6933
nystym	نیستیم	6933
bprsm	بپرسم	6932
byayd	بیاید	6932
nmykhvad	نمیخواد	6930
znm	زنم	6926
kmtr	کمتر	6909
khyant	خیانت	6904
bmb	بمب	6869
hmgy	همگی	6864
khvrd	خورد	6846
vlm	ولم	6842
hsaby	حسابی	6833
mrbvt	مربوط	6833
krdyd	کردید	6795
thml	تحمل	6794
bashh	باشه؟	6793
astad	استاد	6791
dkhtrm	دخترم	6775
dvnh	دونه	6755
dstgah	دستگاه	6747
dshmn	دشمن	6737
sng	سنگ	6737
hash	هاش	6734
mrdn	مردن	6730
mtasfanh	متاسفانه	6728
grm	گرم	6720
pkhsh	پخش	6717
mhmvny	مهمونی	6709
gl	گل	6709
mghdar	مقدار	6708
byan	بیان	6696
brgrdm	برگردم	6693
asb	اسب	6689
nvshydny	نوشیدنی	6675
bbynyd	ببینید	6670
avny	اونی	6654
tfng	تفنگ	6652
bkhvam	بخوام	6651
ghlty	غلطی	6651
ryys	رییس	6646
bhs	بحث	6642
kjast	کجاست؟	6636
bahashvn	باهاشون	6632
skhty	سختی	6631
adma	آدما	6624
jybh	عجیبه	6622
nsbt	نسبت	6607
py	پی	6606
bnabrayn	بنابراین	6605
mygyrm	میگیرم	6605
mayk	مایک	6600
chyzay	چیزای	6598
ntyjh	نتیجه	6568
bkshm	بکشم	6564
khdmt	خدمت	6564
dfa	دفاع	6564
shkl	شکل	6564
mygyrh	میگیره	6557
frank	فرانک	6553
bndaz	بنداز	6545
aztvn	ازتون	6544
ayjad	ایجاد	6539
bdtr	بدتر	6525
myknyn	میکنین	6518
gvsht	گوشت	6509
jash	جاش	6508
hdyh	هدیه	6503
rbty	ربطی	6501
amyd	امید	6500
aydh	ایده	6488
zvdtr	زودتر	6486
frgh	فرق	6484
afryn	آفرین	6479
jalbh	جالبه	6466
mahy	ماهی	6464
klas	کلاس	6463
gzsht	گذشت	6458
trjyh	ترجیح	6456
dygr	دیگر	6452
nemidoni	نمیدونی	6440
slamty	سلامتی	6438
maykl	مایکل	6434
pyadh	پیاده	6420
pytr	پیتر	6418
brd	برد	6413
mhkm	محکم	6411
brn	برن	6406
shnh	صحنه	6401
ghaygh	قایق	6400
hmchnyn	همچنین	6399
ahng	آهنگ	6397
ndarn	ندارن	6397
ahmghanh	احمقانه	6396
mkan	مکان	6393
gzashtm	گذاشتم	6392
hdvd	حدود	6391
azmaysh	آزمایش	6390
bfrmayyd	بفرمایید	6389
bn	بن	6384
khvdmv	خودمو	6383
atysh	آتیش	6373
byst	بیست	6370
pyr	پیر	6367
dstgyr	دستگیر	6364
chyzhayy	چیزهایی	6357
jymz	جیمز	6345
hrfy	حرفی	6343
sragh	سراغ	6340
msht	مشت	6334
shdnd	شدند	6330
nknh	نکنه	6323
srbaz	سرباز	6322
bzary	بذاری	6314
shahzadh	شاهزاده	6314
shy	شی	6294
chvnkh	چونکه	6288
klh	کله	6286
shrayt	شرایط	6284
lazmh	لازمه	6282
khvshgl	خوشگل	6268
karhay	کارهای	6268
rghs	رقص	6260
htl	هتل	6254
dlyly	دلیلی	6249
dyvyd	دیوید	6247
vast	واست	6237
tbryk	تبریک	6235
hlghh	حلقه	6232
shkhsy	شخصی	6231
prt	پرت	6230
kara	کارا	6228
myz	میز	6227
shytan	شیطان	6211
a	ا	6209
bysh	بیش	6208
halm	حالم	6201
bmvnm	بمونم	6198
yadth	یادته	6195
khbry	خبری	6180
dadgah	دادگاه	6171
ghsd	قصد	6170
jadh	جاده	6156
tasyr	تاثیر	6151
ahl	اهل	6143
kmky	کمکی	6140
balay	بالای	6126
zyz	عزیز	6118
byarh	بیاره	6114
dyn	دین	6113
ghtar	قطار	6098
klyd	کلید	6082
dryayy	دریایی	6081
nkhvr	نخور	6075
sd	صد	6072
mghabl	مقابل	6064
mydvnym	میدونیم	6052
zndany	زندانی	6050
tslym	تسلیم	6047
jvan	جوان	6042
rng	رنگ	6037
bznn	بزنن	6034
bary	باری	6033
mtvghf	متوقف	6025
ngftm	نگفتم	6006
jngl	جنگل	6001
nkny	نکنی	5998
trs	ترس	5994
khvrdn	خوردن	5991
byfth	بیفته	5990
mlyat	عملیات	5986
lyst	لیست	5981
khvasty	خواستی	5980
kjayy	کجایی	5974
tmyz	تمیز	5972
hry	هری	5967
shkr	شکر	5961
bkhvab	بخواب	5957
dvrbyn	دوربین	5955
jndh	جنده	5952
sara	سارا	5934
mks	مکس	5932
jalb	جالب	5929
bramvn	برامون	5928
dvlt	دولت	5919
mykhvayn	میخواین	5894
tam	تام	5892
shmshyr	شمشیر	5889
mv	عمو	5888
myknnd	میکنند	5885
nsf	نصف	5883
ky	کی؟	5883
frstadh	فرستاده	5882
ksht	کشت	5879
ashtbahy	اشتباهی	5869
ghrbany	قربانی	5865
ltf	لطف	5859
kny	کنی؟	5848
jzyrh	جزیره	5841
fk	فک	5832
dvt	دعوت	5827
bnvan	بعنوان	5812
azady	آزادی	5811
asr	اثر	5798
bbnd	ببند	5794
blayy	بلایی	5793
myarm	میارم	5782
ashghal	آشغال	5781
arbab	ارباب	5771
khvdshv	خودشو	5767
pssh	پسش	5753
bzrgtryn	بزرگترین	5746
diruz	دیروز	5738
jbh	جعبه	5733
tvlany	طولانی	5726
dvstan	دوستان	5710
rsydym	رسیدیم	5710
drstsh	درستش	5706
bynm	بینم	5695
tk	تک	5680
myarh	میاره	5679
lyh	علیه	5678
mtnfrm	متنفرم	5678
shm	شم	5677
shghl	شغل	5671
myrn	میرن	5663
ksayy	کسایی	5661
mykhvrm	میخورم	5659
jlsh	جلسه	5648
mbark	مبارک	5634
mytvnn	میتونن	5633
hsy	حسی	5629
bdv	بدو	5625
bradrm	برادرم	5625
bzarm	بذارم	5622
mk	مک	5622
bmyrh	بمیره	5618
tvnstm	تونستم	5609
myfth	میفته	5606
nmydm	نمیدم	5600
aby	آبی	5586
rvsy	عروسی	5584
psrh	پسره	5580
lrd	لرد	5578
starh	ستاره	5573
nyk	نیک	5555
hsht	هشت	5548
zyrnvys	زیرنویس	5541
ghvanyn	قوانین	5520
hmvnja	همونجا	5512
khvasth	خواسته	5508
taryky	تاریکی	5494
sakhtmvn	ساختمون	5486
bkhvry	بخوری	5470
bymary	بیماری	5466
gyry	گیری	5458
ndh	نده	5456
danshgah	دانشگاه	5451
brgrdym	برگردیم	5449
dkhtra	دخترا	5447
kash	کاش	5447
drs	درس	5431
dnbalm	دنبالم	5429
ahmyty	اهمیتی	5426
nshd	نشد	5422
jymy	جیمی	5418
avmdym	اومدیم	5414
brgrdy	برگردی	5413
msvl	مسئول	5411
nvbt	نوبت	5410
tbgh	طبق	5409
hnry	هنری	5408
gaz	گاز	5403
tryf	تعریف	5398
dard	دارد	5391
khb	خب؟	5389
fkry	فکری	5379
avnghdr	اونقدر	5372
khyr	خیر	5369
khvahnd	خواهند	5354
sbrkn	صبرکن	5353
ghta	قطعا	5346
brmygrdm	برمیگردم	5339
park	پارک	5331
srzmyn	سرزمین	5312
karmvn	کارمون	5309
bkhvrm	بخورم	5305
mghds	مقدس	5303
tkrar	تکرار	5295
amnyty	امنیتی	5294
bank	بانک	5294
ghanvny	قانونی	5291
da	دعا	5289
bgyryd	بگیرید	5287
khdayan	خدایان	5285
harv	هارو	5275
drman	درمان	5271
ady	عادی	5269
tvp	توپ	5268
chyzha	چیزها	5267
fla	فعلا	5264
vasm	واسم	5259
mvsyghy	موسیقی	5258
blkh	بلکه	5256
zahra	ظاهرا	5251
avnjayy	اونجایی	5244
avrdh	آورده	5228
amrykayy	آمریکایی	5224
ajra	اجرا	5224
ghaym	قایم	5215
kyf	کیف	5211
dzdy	دزدی	5208
khasy	خاصی	5199
vaghyt	واقعیت	5198
amnh	امنه	5189
mst	مست	5188
valtr	والتر	5186
ranndgy	رانندگی	5182
mygft	میگفت	5171
slah	سلاح	5168
gzashty	گذاشتی	5167
grdn	گردن	5164
brkhvrd	برخورد	5160
azafh	اضافه	5153
vkyl	وکیل	5153
zndgyt	زندگیت	5151
bbry	ببری	5147
shyr	شیر	5147
myshnasm	میشناسم	5143
ndydh	ندیده	5142
znh	زنه	5140
hfz	حفظ	5139
drjh	درجه	5130
gndh	گنده	5119
gh	گه	5110
bashd	باشد	5108
mstghym	مستقیم	5102
mmvla	معمولا	5087
prndh	پرنده	5087
atghad	اعتقاد	5084
mrfy	معرفی	5080
myfhmy	میفهمی	5080
pvst	پوست	5071
mykhvrh	میخوره	5070
dvstm	دوستم	5069
rsydn	رسیدن	5056
mjbvrm	مجبورم	5054
drkht	درخت	5051
tvyy	تویی	5042
rha	رها	5042
thdyd	تهدید	5035
kshydh	کشیده	5034
jrm	جرم	5032
nym	نیم	5031
sn	سن	5029
aystgah	ایستگاه	5028
tjrbh	تجربه	5023
sahb	صاحب	5020
mykhvasty	میخواستی	5011
anglysy	انگلیسی	5007
alam	اعلام	5004
drvazh	دروازه	5003
nmydvnstm	نمیدونستم	4995
zhnral	ژنرال	4994
trtyb	ترتیب	4991
nknyd	نکنید	4989
brgh	برق	4979
angyzh	انگیزه	4975
gnd	گند	4972
gmshv	گمشو	4968
shansy	شانسی	4956
bvd	بود؟	4955
khamvsh	خاموش	4941
synh	سینه	4936
mtmna	مطمئنا	4936
sndly	صندلی	4933
mvghy	موقعی	4933
shgft	شگفت	4932
tayyd	تایید	4929
sahl	ساحل	4928
hvast	حواست	4920
ngahy	نگاهی	4916
hyjan	هیجان	4915
pygham	پیغام	4899
adt	عادت	4896
grftym	گرفتیم	4895
shvd	شود	4893
napdyd	ناپدید	4887
ry	ری	4877
bkhvrh	بخوره	4873
shdyd	شدید	4872
srytr	سریعتر	4865
bycharh	بیچاره	4864
asharh	اشاره	4860
mlhgh	ملحق	4858
prdakht	پرداخت	4850
pnjrh	پنجره	4846
khlas	خلاص	4841
kvchk	کوچک	4834
srnvsht	سرنوشت	4832
klah	کلاه	4829
ghfl	قفل	4825
ly	لی	4824
haly	حالی	4818
ndydm	ندیدم	4804
khvrshyd	خورشید	4803
mnfjr	منفجر	4803
bdvnh	بدونه	4795
vsylh	وسیله	4795
bazsh	بازش	4789
khvrdm	خوردم	4789
bynmt	بینمت	4785
kshyd	کشید	4780
bbrh	ببره	4779
nghth	نقطه	4779
ahsasy	احساسی	4778
nmyshm	نمیشم	4775
shrab	شراب	4774
dva	دعوا	4768
ntvnstm	نتونستم	4767
sygar	سیگار	4764
vyzhh	ویژه	4763
dydnt	دیدنت	4761
gmvnm	گمونم	4760
dsth	دسته	4756
mykrdn	میکردن	4751
tghyb	تعقیب	4750
hmmvn	هممون	4749
mghz	مغز	4744
thvyl	تحویل	4734
nkrd	نکرد	4731
avmdyn	اومدین	4729
tghdym	تقدیم	4722
ykh	یخ	4722
shkar	شکار	4721
fhmm	فهمم	4718
mykrdym	میکردیم	4716
shkhs	شخص	4714
atmynan	اطمینان	4704
jsd	جسد	4694
avrdn	آوردن	4692
chyzhay	چیزهای	4683
avrd	آورد	4677
banvy	بانوی	4677
bgyd	بگید	4675
hshdar	هشدار	4673
grbh	گربه	4664
rvznamh	روزنامه	4660
bzaryn	بذارین	4658
shvhr	شوهر	4649
mydvnsty	میدونستی	4647
admy	آدمی	4642
brgshty	برگشتی	4638
shyn	شین	4635
zr	عذر	4632
avky	اوکی	4630
karha	کارها	4630
bkhvrym	بخوریم	4628
bbrm	ببرم	4627
tvnsty	تونستی	4624
brgrdh	برگرده	4623
bgym	بگیم	4617
drvn	درون	4613
tmrkz	تمرکز	4611
ghshngh	قشنگه	4611
ghzay	غذای	4601
hmayt	حمایت	4598
bgyn	بگین	4597
nzamy	نظامی	4592
ngfty	نگفتی	4584
mry	مری	4577
sghvt	سقوط	4569
ayvl	ایول	4568
myshnasy	میشناسی	4562
shnasayy	شناسایی	4561
khdavnd	خداوند	4560
haltvn	حالتون	4557
mytvnyd	میتونید	4552
ayh	ایه	4550
khak	خاک	4547
dvnstm	دونستم	4544
vghta	وقتا	4538
mryz	مریض	4536
ksany	کسانی	4533
byarym	بیاریم	4526
lndn	لندن	4517
alks	الکس	4516
frd	فرد	4515
mdyr	مدیر	4512
yn	عین	4510
mytvnstm	میتونستم	4507
hrkary	هرکاری	4503
nshan	نشان	4501
mr	عمر	4496
bfhmm	بفهمم	4491
dyvanh	دیوانه	4478
pashv	پاشو	4477
hmyntvry	همینطوری	4473
slh	صلح	4466
chyzv	چیزو	4464
nshh	نشه	4459
nshv	نشو	4454
nghban	نگهبان	4453
tdad	تعداد	4450
mmvly	معمولی	4450
brashvn	براشون	4447
jnvb	جنوب	4445
bab	باب	4436
aramsh	آرامش	4435
bzaryd	بذارید	4431
rftym	رفتیم	4427
vsayl	وسایل	4422
bkhshy	بخشی	4410
kvtah	کوتاه	4409
dkhtry	دختری	4398
mlvm	معلوم	4395
mybrh	میبره	4383
majra	ماجرا	4382
pl	پل	4381
svm	سوم	4373
hmynjvry	همینجوری	4371
jvvn	جوون	4361
anchh	آنچه	4360
aym	ایم	4358
hashvn	هاشون	4358
afsr	افسر	4354
pyam	پیام	4354
jdy	جدی؟	4351
amvzsh	آموزش	4347
mydvnyd	میدونید	4346
rm	رم	4342
nymh	نیمه	4342
jany	جانی	4338
brsym	برسیم	4337
nkhvahd	نخواهد	4336
vhshy	وحشی	4335
mshkhs	مشخص	4334
gzashtn	گذاشتن	4334
nrv	نرو	4324
drsd	درصد	4323
vzyfh	وظیفه	4323
hast	هاست	4322
hmtvn	همتون	4313
ksyf	کثیف	4299
hmynv	همینو	4298
dvrh	دوره	4295
vaysta	وایستا	4295
khryd	خرید	4292
astark	استارک	4291
nyrvhay	نیروهای	4286
dydym	دیدیم	4284
drgyr	درگیر	4282
zban	زبان	4281
shahd	شاهد	4278
myfhmm	میفهمم	4255
brgshth	برگشته	4254
karyh	کاریه	4247
rvany	روانی	4243
rahty	راحتی	4242
ghdr	قدر	4242
brgsht	برگشت	4237
nmvnh	نمونه	4237
ana	آنا	4232
bgyrn	بگیرن	4232
bvr	عبور	4232
dhn	دهن	4227
zv	عضو	4225
antgham	انتقام	4222
bznyd	بزنید	4213
nbvdy	نبودی	4211
ngash	نگاش	4211
dydmsh	دیدمش	4209
bshyd	بشید	4205
bshnvm	بشنوم	4194
khvshglh	خوشگله	4194
karay	کارای	4189
msh	مثه	4183
bahvsh	باهوش	4181
vahd	واحد	4175
dstshvyy	دستشویی	4172
shaydm	شایدم	4171
mayl	مایل	4161
brdn	بردن	4160
dstrsy	دسترسی	4156
bhtry	بهتری	4155
bgyryn	بگیرین	4155
shn	شن	4155
vyl	ویل	4154
amydvar	امیدوار	4151
babam	بابام	4148
amza	امضا	4145
gzasht	گذاشت	4145
jrat	جرات	4144
mamanm	مامانم	4144
tlvyzyvn	تلویزیون	4139
mnasb	مناسب	4138
hrchyzy	هرچیزی	4131
ghashang	قشنگ	4127
nmygm	نمیگم	4127
bmyrm	بمیرم	4120
srvys	سرویس	4119
ty	تی	4118
lamt	علامت	4116
lv	لو	4116
bzrgtr	بزرگتر	4115
dzd	دزد	4115
yadmh	یادمه	4114
khtrnakh	خطرناکه	4113
barh	باره	4111
mgr	مگر	4104
shksth	شکسته	4095
kvn	کون	4094
kyk	کیک	4088
chaghv	چاقو	4082
bahal	باحال	4075
rasty	راستی	4075
ayman	ایمان	4072
nghashy	نقاشی	4067
mvjvd	موجود	4066
kmktvn	کمکتون	4062
akh	آخ	4056
gy	گی	4054
byl	بیل	4052
bzarym	بذاریم	4049
trygh	طریق	4048
khas	خاص	4046
bvdyn	بودین	4039
gnah	گناه	4036
ghrgh	غرق	4032
sbt	ثبت	4028
frvsh	فروش	4028
dzdydh	دزدیده	4024
framvshsh	فراموشش	4023
rahh	راهه	4021
drya	دریا	4020
jyk	جیک	4018
svrakh	سوراخ	4017
bv	بو	4015
myshnvy	میشنوی	4003
vhshtnak	وحشتناک	4003
psra	پسرا	4002
mrtbh	مرتبه	3997
fyl	فیل	3994
prvfsvr	پروفسور	3988
pzshky	پزشکی	3987
avnayy	اونایی	3985
ray	رای	3984
sby	عصبی	3983
darv	دارو	3981
myvmd	میومد	3962
mrgh	مرغ	3960
mark	مارک	3955
tsadf	تصادف	3952
sfynh	سفینه	3951
msrf	مصرف	3949
byly	بیلی	3942
jym	جیم	3934
chvb	چوب	3929
mydvnyn	میدونین	3927
alyna	الینا	3924
nmykhvastm	نمیخواستم	3922
kjan	کجان	3920
rstvran	رستوران	3908
atlaty	اطلاعاتی	3905
hmkary	همکاری	3902
astkhdam	استخدام	3901
klysa	کلیسا	3900
tamy	تامی	3894
mdty	مدتی	3892
anrzhy	انرژی	3889
ghymt	قیمت	3888
bfhmy	بفهمی	3876
ysy	عیسی	3872
azay	اعضای	3871
bmvnym	بمونیم	3870
tmasha	تماشا	3869
ksaft	کثافت	3863
nmykrdm	نمیکردم	3860
bamzh	بامزه	3858
gahy	گاهی	3855
ras	راس	3851
psrt	پسرت	3848
dvran	دوران	3844
mshklat	مشکلات	3841
tn	تن	3838
avghat	اوقات	3832
brgshtm	برگشتم	3827
mvnh	مونه	3826
khjalt	خجالت	3825
zkhmy	زخمی	3825
pvly	پولی	3825
myznym	میزنیم	3824
brghrar	برقرار	3822
dnbalt	دنبالت	3814
bht	بهت	3808
tkhm	تخم	3806
drv	درو	3802
chndyn	چندین	3801
tvld	تولد	3794
khvrdy	خوردی	3794
pyrvzy	پیروزی	3793
bstgy	بستگی	3789
krysms	کریسمس	3781
hychkdvm	هیچکدوم	3777
shd	شد؟	3776
mghazh	مغازه	3776
parys	پاریس	3770
bzrgh	بزرگه	3767
bahatvn	باهاتون	3766
hml	حمل	3766
khtrnak	خطرناک	3762
trh	تره	3753
ashkal	اشکال	3747
raz	راز	3746
jdydy	جدیدی	3738
sbz	سبز	3738
dny	دنی	3736
mdl	مدل	3735
sth	سطح	3733
banv	بانو	3730
khrj	خرج	3730
shnbh	شنبه	3724
jayzh	جایزه	3723
atvbvs	اتوبوس	3720
shyd	شید	3720
kvh	کوه	3717
tahala	تاحالا	3708
razy	راضی	3701
gvshy	گوشی	3697
bbrym	ببریم	3690
shan	شان	3689
bashnd	باشند	3684
kshydn	کشیدن	3684
mdrk	مدرک	3683
hrfh	حرفه	3681
ghlbm	قلبم	3681
shyshh	شیشه	3679
arzv	آرزو	3677
frghy	فرقی	3671
prtab	پرتاب	3670
mygzrh	میگذره	3669
karh	کاره	3669
akhtyar	اختیار	3668
ch	چ	3667
asl	اصل	3666
azyt	اذیت	3663
khvahrm	خواهرم	3659
ghlh	قلعه	3658
jadvgr	جادوگر	3656
padshahy	پادشاهی	3655
frz	فرض	3653
hyvla	هیولا	3651
bdtryn	بدترین	3650
sazy	سازی	3648
vy	وی	3646
gry	گری	3645
af	اف	3644
azhdha	اژدها	3632
mhmy	مهمی	3629
rz	رز	3627
avhvm	اوهوم	3624
nmydvnh	نمیدونه	3623
afth	افته	3621
khsvsy	خصوصی	3621
charlz	چارلز	3618
hghvgh	حقوق	3616
bbynmsh	ببینمش	3613
frv	فرو	3612
zmyny	زمینی	3601
hvayy	هوایی	3599
almh	عالمه	3596
nmyfhmm	نمیفهمم	3593
ahtmal	احتمال	3590
kyt	کیت	3590
aynjayym	اینجاییم	3584
tvmas	توماس	3583
kt	کت	3583
bymar	بیمار	3580
thghygh	تحقیق	3579
tshkhys	تشخیص	3572
hrksy	هرکسی	3571
bbkhsh	ببخش	3566
salha	سالها	3566
dygran	دیگران	3564
karhayy	کارهایی	3564
th	ته	3562
jngy	جنگی	3559
bfhmh	بفهمه	3557
dymn	دیمن	3556
rabrt	رابرت	3553
srd	سرد	3552
mydvnn	میدونن	3552
fal	فعال	3551
amd	آمد	3549
shmaly	شمالی	3547
mvndn	موندن	3537
dygry	دیگری	3535
zyf	ضعیف	3530
nfvz	نفوذ	3529
bany	بانی	3527
myznn	میزنن	3521
vrvd	ورود	3518
shym	شیم	3516
pnhan	پنهان	3516
tjb	تعجب	3514
syarh	سیاره	3505
tbyy	طبیعی	3505
ghrybh	غریبه	3502
chhrh	چهره	3497
frvd	فرود	3496
pvshsh	پوشش	3495
babayy	بابایی	3493
bbynyn	ببینین	3491
bmyry	بمیری	3491
mvfghyt	موفقیت	3491
myl	میل	3491
hatvn	هاتون	3490
daghvn	داغون	3489
karl	کارل	3484
grg	گرگ	3482
drbarsh	دربارش	3477
mygyry	میگیری	3477
brdary	برداری	3471
mly	ملی	3470
mshghvl	مشغول	3467
fransh	فرانسه	3461
krh	کره	3459
khvahyd	خواهید	3458
hzvr	حضور	3456
hamvn	هامون	3456
nknym	نکنیم	3454
ghyafh	قیافه	3453
ghbvlh	قبوله	3451
tvfan	طوفان	3450
vghtsh	وقتش	3450
sfarsh	سفارش	3448
tla	طلا	3447
bndy	بندی	3439
mrdan	مردان	3438
tlf	تلف	3436
pst	پست	3436
mkhsvs	مخصوص	3435
zkhm	زخم	3433
abd	ابد	3430
msvlyt	مسئولیت	3427
askat	اسکات	3424
admayy	آدمایی	3423
akhraj	اخراج	3418
mamant	مامانت	3418
mvsh	موش	3416
angyz	انگیز	3414
rychard	ریچارد	3414
andy	اندی	3411
fsl	فصل	3410
taksy	تاکسی	3408
parh	پاره	3407
vzyr	وزیر	3402
ahay	آهای	3401
bzvdy	بزودی	3399
bfhmym	بفهمیم	3399
rvbrv	روبرو	3399
bhsht	بهشت	3393
afsanh	افسانه	3392
draz	دراز	3390
bahalh	باحاله	3389
hmvny	همونی	3382
nmyrm	نمیرم	3380
byaryn	بیارین	3379
mzkhrfh	مزخرفه	3378
nshdm	نشدم	3378
afrady	افرادی	3377
vr	ور	3377
hvay	هوای	3374
lbkhnd	لبخند	3372
khvk	خوک	3367
gyj	گیج	3364
aynjvr	اینجور	3359
astyv	استیو	3355
bndazm	بندازم	3355
nshsth	نشسته	3352
ryzy	ریزی	3348
sfhh	صفحه	3348
sayh	سایه	3341
fahshh	فاحشه	3337
kmksh	کمکش	3335
zybayy	زیبایی	3334
bld	بلد	3332
pychydh	پیچیده	3331
rkh	رخ	3330
rvm	روم	3329
shkhsyt	شخصیت	3328
angsht	انگشت	3325
kshysh	کشیش	3325
sdash	صداش	3324
mnysh	معنیش	3324
hkm	حکم	3316
shdyn	شدین	3316
bkhvabm	بخوابم	3314
grvhban	گروهبان	3313
avnvr	اونور	3312
zdym	زدیم	3311
zadh	زاده	3310
nzar	نذار	3310
myry	میری؟	3308
vsl	وصل	3308
drsty	درستی	3307
rykhth	ریخته	3305
mghavmt	مقاومت	3305
asham	آشام	3296
aha	آها	3296
blyt	بلیط	3296
try	تری	3295
tvlyd	تولید	3295
atla	اطلاع	3290
aghaz	آغاز	3286
kartvn	کارتون	3281
tkh	تکه	3278
tyrandazy	تیراندازی	3278
snt	سنت	3277
chrt	چرت	3272
ngfth	نگفته	3271
mydad	میداد	3270
pyrvz	پیروز	3270
abjv	آبجو	3269
sdat	صدات	3267
chak	چاک	3266
grsnh	گرسنه	3266
kja	کجا؟	3263
kvchvlvy	کوچولوی	3260
hzynh	هزینه	3258
atfaghat	اتفاقات	3257
mtfavt	متفاوت	3256
dhnt	دهنت	3253
dght	دقت	3252
myzarm	میذارم	3252
vaghyh	واقعیه	3252
rajb	راجب	3251
ranndh	راننده	3251
dansh	دانش	3248
nkth	نکته	3246
nkrdym	نکردیم	3245
mvtvr	موتور	3242
avnarv	اونارو	3240
nknyn	نکنین	3233
dkhtrt	دخترت	3232
faydh	فایده	3231
vn	ون	3230
ason	آسون	3228
mrhlh	مرحله	3227
bnd	بند	3218
mytvnyn	میتونین	3218
ngrany	نگرانی	3217
ayst	ایست	3215
gzary	گذاری	3211
myvfth	میوفته	3210
dvsty	دوستی	3208
azmayshgah	آزمایشگاه	3207
ryk	ریک	3207
nbrd	نبرد	3203
mzkhrf	مزخرف	3198
rsydm	رسیدم	3197
mrvf	معروف	3197
srmayh	سرمایه	3194
chragh	چراغ	3194
kamyvn	کامیون	3191
bla	بلا	3187
rfgha	رفقا	3184
zyadh	زیاده	3181
bknn	بکنن	3180
jvrj	جورج	3178
mvafghm	موافقم	3178
brsm	برسم	3175
hzaran	هزاران	3174
jyby	عجیبی	3173
mygrdm	میگردم	3173
stvan	ستوان	3170
tvnst	تونست	3169
krys	کریس	3168
akhbar	اخبار	3167
karayy	کارایی	3167
jadv	جادو	3166
ghl	عقل	3165
bznyn	بزنین	3161
tvanayy	توانایی	3160
mn	من؟	3160
brj	برج	3159
mzh	مزه	3159
hadsh	حادثه	3157
khdafz	خدافظ	3157
maly	مالی	3155
taryk	تاریک	3154
mntghl	منتقل	3154
tnzym	تنظیم	3149
dn	دن	3149
mhmvn	مهمون	3148
srhng	سرهنگ	3146
nmytvnn	نمیتونن	3144
tmamy	تمامی	3143
gndsh	گندش	3141
bay	بای	3136
shbkh	شبکه	3136
pyshrft	پیشرفت	3131
mvmy	عمومی	3130
myary	میاری	3127
khvnvadh	خونواده	3125
nshvnh	نشونه	3123
zanv	زانو	3122
gyrm	گیرم	3117
fhmy	فهمی	3116
mthm	متهم	3116
chyny	چینی	3116
trahy	طراحی	3114
jhany	جهانی	3110
khvan	خوان	3107
mtnfr	متنفر	3106
zvr	زور	3101
shna	شنا	3098
mt	مت	3097
ghaty	قاطی	3093
hfazt	حفاظت	3089
mlm	معلم	3088
bndazy	بندازی	3084
mkhsvsa	مخصوصا	3084
zndgysh	زندگیش	3081
paygah	پایگاه	3081
anfjar	انفجار	3079
brdm	بردم	3076
mjazat	مجازات	3075
vhsht	وحشت	3075
dam	دام	3073
jlb	جلب	3071
dchar	دچار	3071
chyv	چیو	3070
s	س	3069
nahar	ناهار	3069
fvra	فورا	3067
thghyghat	تحقیقات	3065
shnydh	شنیده	3063
tlh	تله	3061
dvstay	دوستای	3059
harvy	هاروی	3058
asas	اساس	3055
mykhvry	میخوری	3055
rshd	رشد	3053
lvsy	لوسی	3053
dalt	عدالت	3049
mytrsm	میترسم	3046
srf	صرف	3045
pydat	پیدات	3045
bvdyd	بودید	3043
bbynn	ببینن	3039
al	ال	3038
frvdgah	فرودگاه	3031
saly	سالی	3026
fhmyd	فهمید	3026
brmygrdh	برمیگرده	3025
chtvr	چطور؟	3025
dvry	دوری	3023
mdark	مدارک	3021
tsvyr	تصویر	3020
aryk	اریک	3019
fvt	فوت	3018
nmvndh	نمونده	3016
msal	مسائل	3014
ndydy	ندیدی	3014
shnasy	شناسی	3013
bazar	بازار	3011
khdahafzy	خداحافظی	3011
zbt	ضبط	3011
khvdth	خودته	3009
mytvnst	میتونست	3009
mary	ماری	3008
chyzh	چیزه	3008
sdamv	صدامو	3006
fransvy	فرانسوی	3005
mykshm	میکشم	3004
mrm	عمرم	2998
frshth	فرشته	2993
fzayy	فضایی	2992
ghrb	غرب	2988
jmlh	جمله	2986
mymyrh	میمیره	2985
dhndh	دهنده	2979
sabgh	سابق	2979
ayalt	ایالت	2976
khatrh	خاطره	2975
vassh	واسش	2973
kfsh	کفش	2973
klantr	کلانتر	2973
chyn	چین	2969
nvy	نوعی	2966
shryk	شریک	2965
karagah	کاراگاه	2965
gvshh	گوشه	2964
rsmy	رسمی	2956
ghbly	قبلی	2955
hamlh	حامله	2952
tjavz	تجاوز	2949
baby	بابی	2939
rsydgy	رسیدگی	2936
myzd	میزد	2935
hdh	عهده	2934
tvldt	تولدت	2933
nhayt	نهایت	2932
chay	چای	2930
vanmvd	وانمود	2927
kym	کیم	2927
antghal	انتقال	2926
khvndm	خوندم	2922
zahr	ظاهر	2920
khvaym	خوایم	2919
hrzh	هرزه	2915
kshf	کشف	2913
zbvn	زبون	2911
kshtm	کشتم	2909
klark	کلارک	2909
sdam	صدام	2905
sndvgh	صندوق	2905
btvr	بطور	2904
khnjr	خنجر	2900
zhmt	زحمت	2900
byayyd	بیایید	2899
mthdh	متحده	2894
frvshgah	فروشگاه	2891
kd	کد	2891
ghrz	قرض	2886
kvfty	کوفتی	2886
anbar	انبار	2884
nmyrh	نمیره	2883
vyrvs	ویروس	2882
katryn	کاترین	2880
dvstt	دوستت	2876
hvasm	حواسم	2875
tvafgh	توافق	2874
kshh	کشه	2872
trz	طرز	2869
barvn	بارون	2866
shdt	شدت	2862
vjh	وجه	2859
syb	سیب	2858
nmyknn	نمیکنن	2857
mygftm	میگفتم	2856
prstar	پرستار	2856
myaym	میایم	2855
nmydy	نمیدی	2855
mygyrym	میگیریم	2854
khvahrt	خواهرت	2852
ahan	آهان	2848
bhrhal	بهرحال	2848
ntrs	نترس	2848
alyhzrt	اعلیحضرت	2846
frary	فراری	2845
ansany	انسانی	2844
apartman	آپارتمان	2843
tlsm	طلسم	2843
vazh	واضح	2843
byaryd	بیارید	2840
mhly	محلی	2839
dyv	دیو	2836
shvhrm	شوهرم	2836
mhafz	محافظ	2832
mykhvayd	میخواید	2830
ksh	کش	2829
trsydh	ترسیده	2824
khatrat	خاطرات	2824
bsyarkhb	بسیارخب	2819
msahbh	مصاحبه	2816
grdm	گردم	2816
nmydvnym	نمیدونیم	2812
bprs	بپرس	2804
shrghy	شرقی	2800
hdayt	هدایت	2799
ayalat	ایالات	2798
tvnyd	تونید	2798
ghm	غم	2798
balatr	بالاتر	2797
khshk	خشک	2796
kf	کف	2793
alyzabt	الیزابت	2790
ghazy	قاضی	2790
dvsh	دوش	2787
kvyn	کوین	2787
kmkm	کمکم	2784
rmz	رمز	2783
rnj	رنج	2783
tvnn	تونن	2781
drvagh	درواقع	2781
zohr	ظهر	2780
mshtry	مشتری	2779
khyaban	خیابان	2778
bkhvaby	بخوابی	2777
ghrardad	قرارداد	2777
bndazsh	بندازش	2775
bbynmt	ببینمت	2768
nshvnm	نشونم	2764
skhnrany	سخنرانی	2763
asmm	اسمم	2759
hvm	هوم	2757
dvnym	دونیم	2755
ahsasat	احساسات	2754
bbryd	ببرید	2754
khvnryzy	خونریزی	2754
bgzrh	بگذره	2752
dstan	دستان	2752
mykrdh	میکرده	2752
hyvvn	حیوون	2751
nshvnt	نشونت	2748
bkshn	بکشن	2747
mzahm	مزاحم	2745
amyn	آمین	2742
bndazym	بندازیم	2742
svrtt	صورتت	2742
grftmsh	گرفتمش	2742
bkshyd	بکشید	2740
shrgh	شرق	2738
vyn	وین	2732
bkshsh	بکشش	2729
mzrh	مزرعه	2727
nmyshy	نمیشی	2727
jnvby	جنوبی	2726
nmyry	نمیری	2722
byarsh	بیارش	2721
mykhvay	میخوای؟	2721
amtyaz	امتیاز	2713
jsy	جسی	2712
nshdy	نشدی	2712
nyvmdh	نیومده	2707
nystsh	نیستش	2706
brgrdyn	برگردین	2705
tst	تست	2705
shaml	شامل	2704
svary	سواری	2703
mtlgh	متعلق	2703
hrft	حرفت	2701
mkhtlf	مختلف	2701
kshy	کشی	2701
nkrdn	نکردن	2693
jlvsh	جلوش	2691
aynjan	اینجان	2689
rhbr	رهبر	2684
fra	فرا	2678
jysvn	جیسون	2677
vylyam	ویلیام	2676
hmm	همم	2674
gyrh	گیره	2674
brsy	برسی	2671
hkvmt	حکومت	2671
bazrs	بازرس	2670
anjmn	انجمن	2668
almany	آلمانی	2667
ndashty	نداشتی	2667
rvdkhvnh	رودخونه	2666
rychl	ریچل	2666
kla	کلا	2665
shlvghh	شلوغه	2658
ashghtm	عاشقتم	2658
hnd	هند	2657
asman	آسمان	2654
dbyrstan	دبیرستان	2649
dghygh	دقیق	2649
mybndm	میبندم	2649
brdasht	برداشت	2648
rvzh	روزه	2648
alys	آلیس	2646
dashtny	داشتنی	2643
mayh	مایه	2642
kyn	کین	2641
srkh	سرخ	2637
shvkhyt	شوخیت	2637
jnsy	جنسی	2636
ngyr	نگیر	2635
nrm	نرم	2629
afzaysh	افزایش	2628
aghyanvs	اقیانوس	2628
shyryny	شیرینی	2627
lvlh	لوله	2626
ngft	نگفت	2626
prvzhh	پروژه	2626
lyvan	لیوان	2625
bvjvd	بوجود	2624
mrz	مرز	2623
dfn	دفن	2617
gav	گاو	2616
msabghat	مسابقات	2613
khvdkshy	خودکشی	2612
khvny	خونی	2611
mybrm	میبرم	2608
aftab	آفتاب	2607
zybast	زیباست	2606
shkly	شکلی	2603
yby	عیبی	2601
mydvny	میدونی؟	2598
tlgh	تعلق	2597
shkayt	شکایت	2597
taj	تاج	2594
brgrdyd	برگردید	2593
shr	شر	2588
mydvnst	میدونست	2588
avmdyd	اومدید	2586
pnjah	پنجاه	2578
mannd	مانند	2576
ashghsh	عاشقش	2573
myknd	میکند	2573
n	ن	2573
mtr	متر	2572
srtan	سرطان	2571
kysh	کیسه	2571
bdjvry	بدجوری	2570
dag	داگ	2570
svaly	سوالی	2570
bldy	بلدی	2568
fza	فضا	2566
ghzavt	قضاوت	2566
thyh	تهیه	2565
ahmghy	احمقی	2564
brdy	بردی	2563
jrahy	جراحی	2563
jnazh	جنازه	2563
nshanh	نشانه	2561
slam	سلام؟	2558
artbaty	ارتباطی	2556
rysk	ریسک	2555
jzab	جذاب	2554
yadtvn	یادتون	2551
bghl	بغل	2549
plh	پله	2548
bdnsh	بدنش	2547
ghshngy	قشنگی	2539
amdyd	آمدید	2536
avaz	آواز	2535
tjart	تجارت	2534
gvr	گور	2534
pyshsh	پیشش	2533
aftadm	افتادم	2532
bavrt	باورت	2530
mnb	منبع	2528
adrs	آدرس	2526
jrmy	جرمی	2525
kharjy	خارجی	2524
rsh	رسه	2524
jayyh	جاییه	2520
shyh	صحیح	2520
bkshym	بکشیم	2518
brmy	برمی	2515
nmytvnstm	نمیتونستم	2513
bknyd	بکنید	2511
andakhty	انداختی	2509
bvm	بوم	2509
hmsayh	همسایه	2509
mrdha	مردها	2507
aynarv	اینارو	2506
mydan	میدان	2506
yhv	یهو	2506
sksy	سکسی	2505
nfryn	نفرین	2501
frvshy	فروشی	2500
avnjvry	اونجوری	2498
ghrs	قرص	2498
mntghy	منطقی	2498
party	پارتی	2498
saz	ساز	2496
madh	ماده	2495
ndaryn	ندارین	2495
shhrdar	شهردار	2494
mygfty	میگفتی	2494
hys	هیس	2494
nsl	نسل	2493
nzry	نظری	2493
bshynyd	بشینید	2491
fryad	فریاد	2491
bmvnyd	بمونید	2490
mkhdr	مخدر	2489
jat	جات	2487
pyrmrd	پیرمرد	2487
shkarchy	شکارچی	2486
lkht	لخت	2484
dvstam	دوستام	2481
vghtykh	وقتیکه	2480
jygh	جیغ	2479
mymvnm	میمونم	2478
avntrf	اونطرف	2477
bhsh	بهش	2475
nmyknym	نمیکنیم	2474
bpr	بپر	2469
brgshtn	برگشتن	2466
shknjh	شکنجه	2466
mydadm	میدادم	2464
kakh	کاخ	2462
grftmt	گرفتمت	2460
fvtbal	فوتبال	2458
bzarh	بذاره	2457
pnah	پناه	2456
andakhth	انداخته	2455
ltfy	لطفی	2455
avrdym	آوردیم	2451
tshkyl	تشکیل	2450
hvsh	هوش	2448
pshtybany	پشتیبانی	2448
kampyvtr	کامپیوتر	2448
znt	زنت	2447
trsnak	ترسناک	2446
kaghz	کاغذ	2443
hghh	حقه	2442
advard	ادوارد	2441
snatvr	سناتور	2441
mygym	میگیم	2440
hmkar	همکار	2438
jht	جهت	2437
dashtyn	داشتین	2435
amyly	امیلی	2434
ghrby	غربی	2433
kyr	کیر	2432
avlyh	اولیه	2431
pydashvn	پیداشون	2429
ksyh	کسیه	2428
ykbar	یکبار	2427
shyryn	شیرین	2426
jamh	جامعه	2425
alman	آلمان	2423
arah	ارائه	2423
alanm	الانم	2423
mhkvm	محکوم	2423
pysht	پیشت	2421
artvr	آرتور	2419
nystnd	نیستند	2419
nrh	نره	2417
shja	شجاع	2415
dakhly	داخلی	2413
andakht	انداخت	2411
ttylat	تعطیلات	2411
mra	عمرا	2411
nmygy	نمیگی	2410
gvnh	گونه	2410
khrvj	خروج	2407
slvl	سلول	2407
d	د	2403
shnakhth	شناخته	2402
charh	چاره	2402
shlvar	شلوار	2401
svrty	صورتی	2401
khvshhaly	خوشحالی	2400
dsty	دستی	2398
sv	سو	2398
dagh	داغ	2397
srvan	سروان	2397
shkhsa	شخصا	2396
mvafght	موافقت	2396
mtvld	متولد	2393
nd	ند	2393
khvrm	خورم	2388
kanal	کانال	2386
hyt	هیئت	2383
btvnn	بتونن	2382
td	تد	2381
bzrgyh	بزرگیه	2380
jasvs	جاسوس	2377
dydmt	دیدمت	2376
bndazh	بندازه	2375
avntvry	اونطوری	2374
pvshydh	پوشیده	2374
tvhyn	توهین	2373
aman	امان	2372
rhm	رحم	2372
saln	سالن	2372
nvar	نوار	2370
taylr	تایلر	2366
jvyy	جویی	2366
ndashtym	نداشتیم	2366
tghsym	تقسیم	2364
brvs	بروس	2361
dydy	دیدی؟	2361
hyvanat	حیوانات	2360
sakhtman	ساختمان	2360
ndadh	نداده	2360
jstjv	جستجو	2358
aln	آلن	2357
jadvyy	جادویی	2357
azmvn	ازمون	2356
nbvdn	نبودن	2356
kmkmvn	کمکمون	2356
tkhlyh	تخلیه	2355
jft	جفت	2355
yadsh	یادش	2353
bznsh	بزنش	2350
ghlbt	قلبت	2350
lyn	لین	2350
zrf	ظرف	2348
khvdmm	خودمم	2347
jns	جنس	2346
mhlh	محله	2345
nfry	نفری	2345
havs	هاوس	2345
nys	نیس	2344
byaym	بیایم	2343
frmandhy	فرماندهی	2343
vhshtnakh	وحشتناکه	2343
klmat	کلمات	2343
ghrn	قرن	2339
sabghh	سابقه	2336
gvl	گول	2335
astdad	استعداد	2334
mymvn	میمون	2333
njatsh	نجاتش	2333
alyjnab	عالیجناب	2331
btry	بطری	2330
aztrary	اضطراری	2329
tvghf	توقف	2328
rvsyh	روسیه	2326
myndazh	میندازه	2325
aghayan	آقایان	2324
khr	خر	2324
nyvmd	نیومد	2324
tnham	تنهام	2323
rsydy	رسیدی	2323
karshvn	کارشون	2322
zmn	ضمن	2321
ghblsh	قبلش	2320
narahty	ناراحتی	2316
mjzh	معجزه	2315
bbrsh	ببرش	2313
khvabydh	خوابیده	2312
bjz	بجز	2311
bzarsh	بذارش	2311
tlagh	طلاق	2307
byvfth	بیوفته	2306
vrvdy	ورودی	2305
ndadm	ندادم	2302
khvrh	خوره	2296
astyfn	استیفن	2295
dadyn	دادین	2295
dstvrat	دستورات	2295
svkht	سوخت	2295
brayan	برایان	2291
bkhvnm	بخونم	2289
akhyra	اخیرا	2288
sym	سیم	2288
bprsy	بپرسی	2286
mvjvdat	موجودات	2285
khrs	خرس	2283
sryal	سریال	2283
ykyshvn	یکیشون	2282
khshvnt	خشونت	2280
jzyat	جزئیات	2279
jbran	جبران	2277
mrkzy	مرکزی	2277
bazjvyy	بازجویی	2276
mthd	متحد	2275
dryachh	دریاچه	2273
lyly	لیلی	2273
rvzha	روزها	2269
mrtb	مرتب	2269
nyrv	نیرو	2269
tlayy	طلایی	2268
markvs	مارکوس	2268
pat	پات	2268
khvdt	خودت	2267
kayl	کایل	2266
nshyny	نشینی	2264
zmynh	زمینه	2263
mznvn	مظنون	2263
hychky	هیچکی	2263
vyktvr	ویکتور	2260
altmas	التماس	2257
aknvn	اکنون	2257
avrh	آوره	2256
zhnt	ذهنت	2255
ghlbsh	قلبش	2253
bdnt	بدنت	2252
karvl	کارول	2250
sakhtn	ساختن	2248
mghsr	مقصر	2248
mygyrn	میگیرن	2248
sbk	سبک	2247
rhbry	رهبری	2246
gsht	گشت	2246
hrvm	حروم	2243
prsydm	پرسیدم	2243
lb	لب	2241
bshnvy	بشنوی	2240
chshmat	چشمات	2240
kshydm	کشیدم	2239
jlvshv	جلوشو	2236
ghlby	قلبی	2233
klavs	کلاوس	2233
bazdasht	بازداشت	2232
mtrjm	مترجم	2231
pam	پام	2231
ashtbahh	اشتباهه	2230
hrfa	حرفا	2230
mhrbvn	مهربون	2230
mgy	مگی	2230
nvn	نون	2226
ayd	اید	2222
yv	یو	2220
shhry	شهری	2217
zrkhvahy	عذرخواهی	2216
mar	مار	2216
aram	آرام	2215
ndady	ندادی	2215
hvyt	هویت	2215
brdarm	بردارم	2214
khvndn	خوندن	2214
mbd	معبد	2208
pyshm	پیشم	2207
jam	جام	2204
khalh	خاله	2201
asrar	اصرار	2200
ajarh	اجاره	2199
gfty	گفتی؟	2197
smy	سمی	2196
asmvn	آسمون	2193
san	سان	2190
ndaryd	ندارید	2190
band	باند	2189
klyr	کلیر	2189
sngyn	سنگین	2187
dvvm	دووم	2185
dkmh	دکمه	2184
aynahash	ایناهاش	2181
jnayt	جنایت	2181
ashpzkhvnh	آشپزخونه	2180
bal	بال	2180
dndvn	دندون	2179
ktk	کتک	2176
andakhtn	انداختن	2175
hman	همان	2173
adam	اعدام	2172
hvas	حواس	2172
saf	صاف	2170
tvsyh	توصیه	2169
bbkhshyn	ببخشین	2168
tvyh	تویه	2168
khrdh	خرده	2164
hdr	هدر	2163
myzdm	میزدم	2162
dvd	دود	2161
ghadr	قادر	2161
myshdm	میشدم	2161
kry	کری	2161
ykmy	یکمی	2161
nyad	نیاد	2160
khvshmzh	خوشمزه	2159
rayan	رایان	2159
kmp	کمپ	2159
jmyt	جمعیت	2158
ghshngyh	قشنگیه	2158
myshvd	میشود	2157
khshm	خشم	2156
frdy	فردی	2156
myshnvm	میشنوم	2155
myzary	میذاری	2153
namyd	ناامید	2153
hnk	هنک	2153
saymvn	سایمون	2146
nskhh	نسخه	2146
brv	برو،	2145
bymh	بیمه	2143
dvstat	دوستات	2143
ghsr	قصر	2140
anjls	آنجلس	2136
mvshk	موشک	2135
mtkhss	متخصص	2134
tsadfy	تصادفی	2133
rak	راک	2133
frstadn	فرستادن	2132
alyvr	الیور	2131
bdvnym	بدونیم	2131
bfrst	بفرست	2129
dkhtrha	دخترها	2129
dan	دان	2127
dkhtrsh	دخترش	2126
rdyf	ردیف	2126
nghl	نقل	2126
paskh	پاسخ	2125
blavh	بعلاوه	2123
shady	شادی	2123
bjnbyn	بجنبین	2122
marshal	مارشال	2122
hnr	هنر	2121
khvshy	خوشی	2120
chagh	چاق	2120
kvr	کور	2119
mjls	مجلس	2117
bashgah	باشگاه	2116
hafzh	حافظه	2116
jvnz	جونز	2112
frman	فرمان	2112
hmvm	حموم	2111
fkrsh	فکرش	2110
rahm	راهم	2109
ghsmty	قسمتی	2109
bkhrm	بخرم	2108
tnd	تند	2105
nabvdy	نابودی	2102
khvdtm	خودتم	2100
drmvrdsh	درموردش	2100
mvhay	موهای	2098
mytvnsty	میتونستی	2097
shytany	شیطانی	2096
sf	صف	2096
hrfay	حرفای	2095
mnzvrsh	منظورش	2095
ndad	نداد	2095
vaknsh	واکنش	2093
aftadn	افتادن	2092
asbab	اسباب	2089
shmarv	شمارو	2086
nmyrsh	نمیرسه	2083
bshynm	بشینم	2082
mzakrh	مذاکره	2082
hh	هه	2082
tvhm	توهم	2081
alvdh	آلوده	2079
rvya	رویا	2079
martyn	مارتین	2078
bdbkht	بدبخت	2076
khandan	خاندان	2076
ksb	کسب	2074
ram	رام	2073
sghf	سقف	2073
mrby	مربی	2073
mvj	موج	2073
arzvy	آرزوی	2072
bkhvaym	بخوایم	2071
dkhalt	دخالت	2071
psry	پسری	2070
znan	زنان	2067
mykshy	میکشی	2067
dydntvn	دیدنتون	2066
frstad	فرستاد	2064
mshavr	مشاور	2063
pyrvy	پیروی	2063
dydyn	دیدین	2062
rvza	روزا	2062
lvk	لوک	2061
anglstan	انگلستان	2059
ayntrnt	اینترنت	2056
nmyzarm	نمیذارم	2056
babay	بابای	2054
trsm	ترسم	2053
mvndm	موندم	2053
mshkhsh	مشخصه	2052
tph	تپه	2051
rahnmayy	راهنمایی	2050
hlsh	حلش	2049
hrvght	هروقت	2049
vazhh	واضحه	2049
alky	الکی	2048
shnasm	شناسم	2048
fkrshv	فکرشو	2048
skh	سکه	2047
ahtyat	احتیاط	2046
shad	شاد	2046
ghryb	غریب	2046
ls	لس	2045
hmvntvry	همونطوری	2045
pvldar	پولدار	2045
tyyn	تعیین	2044
zsht	زشت	2044
kmal	کمال	2042
ayntrf	اینطرف	2040
asyby	آسیبی	2039
jmh	جمعه	2039
chharm	چهارم	2039
tzmyn	تضمین	2034
asmt	اسمت	2030
trsv	ترسو	2029
kpy	کپی	2029
kvl	کول	2028
tnab	طناب	2025
dvazdh	دوازده	2024
bknyn	بکنین	2023
dadnd	دادند	2021
drhal	درحال	2021
khlban	خلبان	2020
ayy	ایی	2019
nmyay	نمیای	2018
jlvgyry	جلوگیری	2016
kartr	کارتر	2015
mydyn	میدین	2014
lavh	علاوه	2012
mymvny	میمونی	2011
shnydn	شنیدن	2010
brgzar	برگزار	2008
skvt	سکوت	2008
kvchykh	کوچیکه	2008
bbryn	ببرین	2007
dashtnd	داشتند	2007
kylvmtr	کیلومتر	2007
yhvdy	یهودی	2006
khry	خری	2005
tbyt	طبیعت	2004
khvshgly	خوشگلی	2003
dvssh	دوسش	2003
lms	لمس	2003
mshklt	مشکلت	2003
bagh	باغ	2002
khyrh	خیره	2002
mhrmanh	محرمانه	2002
khamvshsh	خاموشش	2001
khvayn	خواین	1997
bgn	بگن	1993
srznsh	سرزنش	1993
syast	سیاست	1993
drh	دره	1991
srght	سرقت	1991
khta	خطا	1990
khlaf	خلاف	1990
pny	پنی	1990
fdral	فدرال	1989
mybynh	میبینه	1989
jry	جری	1987
hsth	هسته	1987
khvry	خوری	1985
myzarh	میذاره	1985
amthansh	امتحانش	1984
shklat	شکلات	1983
nyz	نیز	1983
shby	شبی	1981
zybay	زیبای	1980
mrkh	معرکه	1980
nvysndh	نویسنده	1980
mtghad	متقاعد	1979
gzashtym	گذاشتیم	1979
taght	طاقت	1978
amdh	آمده	1974
brt	برت	1974
bvdsh	بودش	1974
sath	ساعته	1974
ghzayy	غذایی	1974
nabghh	نابغه	1974
mashynm	ماشینم	1973
mnzvrm	منظورم	1973
arvah	ارواح	1968
rvs	عروس	1968
mshtrk	مشترک	1967
andakhtm	انداختم	1966
fryb	فریب	1966
msalh	مساله	1965
nghdary	نگهداری	1965
avly	اولی	1963
byrvnh	بیرونه	1963
mnzvrtvn	منظورتون	1961
payn	پائین	1961
rvt	روت	1960
hv	هو	1960
pyt	پیت	1960
bldm	بلدم	1959
hazry	حاضری	1958
bjay	بجای	1957
byarn	بیارن	1957
frstadm	فرستادم	1953
pash	پاش	1952
namzd	نامزد	1950
mtghd	معتقد	1949
mntzrm	منتظرم	1948
bmvnyn	بمونین	1946
drvghgv	دروغگو	1946
amy	امی	1945
shlvgh	شلوغ	1944
ghdrtmnd	قدرتمند	1944
mtalh	مطالعه	1944
lhaz	لحاظ	1943
bahamvn	باهامون	1942
dvshyzh	دوشیزه	1942
gn	گن	1941
khan	خائن	1939
mygrdh	میگرده	1939
hbs	حبس	1937
chrkh	چرخ	1937
khrydm	خریدم	1933
khvahsha	خواهشا	1930
mnab	منابع	1929
atat	اطاعت	1927
ajray	اجرای	1926
akhtar	اخطار	1925
vzn	وزن	1924
sygnal	سیگنال	1923
gmvn	گمون	1922
mlt	ملت	1921
myrft	میرفت	1921
jaygah	جایگاه	1920
mykshn	میکشن	1920
mykhvahm	میخواهم	1917
nhayy	نهایی	1916
avry	آوری	1915
bvsylh	بوسیله	1915
zamby	زامبی	1914
slamt	سلامت	1914
ttyl	تعطیل	1913
fransys	فرانسیس	1913
zvdbashyn	زودباشین	1912
chshmay	چشمای	1912
pry	پری	1908
krm	کرم	1908
bazygr	بازیگر	1906
malh	ماله	1906
tvnl	تونل	1904
bkhvn	بخون	1903
vashngtn	واشنگتن	1901
radyv	رادیو	1898
brf	برف	1896
pap	پاپ	1896
anja	آنجا	1895
danm	دانم	1895
dkhtray	دخترای	1892
mshhvr	مشهور	1891
hmsrt	همسرت	1891
aftady	افتادی	1890
khrvjy	خروجی	1890
khvnsh	خونش	1890
kvhstan	کوهستان	1889
vfadary	وفاداری	1888
mhasrh	محاصره	1885
gvry	گوری	1885
jasvsy	جاسوسی	1883
rvyay	رویای	1883
drvd	درود	1881
ajtmay	اجتماعی	1880
shhadt	شهادت	1880
asmy	اسمی	1878
rym	ریم	1878
hmchnan	همچنان	1878
grdh	گرده	1878
tzrygh	تزریق	1877
jalby	جالبی	1877
nmayndh	نماینده	1877
sadghanh	صادقانه	1876
hlh	حله	1875
rvzhay	روزهای	1873
chhl	چهل	1872
bmn	بمن	1870
vhshtnaky	وحشتناکی	1869
adlanh	عادلانه	1867
mhart	مهارت	1865
mvafgh	موافق	1865
bdnya	بدنیا	1864
mjlh	مجله	1863
znha	زنها	1862
mtvjhm	متوجهم	1862
bshyny	بشینی	1861
tvam	توام	1860
kshydy	کشیدی	1860
dhh	دهه	1859
bkhvny	بخونی	1856
grys	گریس	1856
myafth	میافته	1853
rastshv	راستشو	1852
kv	کو	1852
khys	خیس	1851
trsydm	ترسیدم	1849
svzy	سوزی	1847
avr	آور	1846
bazh	بازه	1846
sltnty	سلطنتی	1845
grvgan	گروگان	1845
bdvnn	بدونن	1844
shykagv	شیکاگو	1843
khvdmh	خودمه	1840
khrd	خرد	1838
zf	ضعف	1838
payh	پایه	1838
mrtkb	مرتکب	1837
aystadh	ایستاده	1836
zab	عذاب	1835
asry	اثری	1834
jrj	جرج	1834
svy	سوی	1834
bazndh	بازنده	1833
frznd	فرزند	1833
ad	اد	1832
khalyh	خالیه	1832
ashghshm	عاشقشم	1831
mnfy	منفی	1831
ahn	آهن	1830
mavn	معاون	1830
kanr	کانر	1830
ghyrmmknh	غیرممکنه	1829
shdy	شدی؟	1828
shvnd	شوند	1828
kjas	کجاس	1827
mahvarh	ماهواره	1825
dvnyd	دونید	1824
mrgsh	مرگش	1824
bkhshsh	بخشش	1823
dvbar	دوبار	1820
khvshshvn	خوششون	1819
srdh	سرده	1817
malyat	مالیات	1817
grvhy	گروهی	1817
shvalyh	شوالیه	1816
pavl	پاول	1816
nmykhvrh	نمیخوره	1814
svd	سود	1812
mrkhsy	مرخصی	1812
nyvmdm	نیومدم	1811
bndh	بنده	1810
mvnd	موند	1810
barha	بارها	1808
khvastn	خواستن	1807
aynjarv	اینجارو	1805
dydysh	دیدیش	1805
svzan	سوزان	1804
syasy	سیاسی	1804
amyz	آمیز	1803
khshn	خشن	1803
mghzy	مغزی	1803
tv	تو؟	1802
amsal	امسال	1801
myrsym	میرسیم	1801
brks	برعکس	1799
mygyn	میگین	1799
dashtyd	داشتید	1798
mghalh	مقاله	1797
chndh	چنده	1796
bstny	بستنی	1795
nfrt	نفرت	1795
mask	ماسک	1794
mhakmh	محاکمه	1792
rdyaby	ردیابی	1791
sam	سام	1791
ntvnst	نتونست	1787
asbat	اثبات	1786
nzam	نظام	1783
akhyr	اخیر	1782
brdashth	برداشته	1782
bayst	بایست	1781
byafth	بیافته	1781
myarn	میارن	1781
nzdm	نزدم	1781
frsty	فرصتی	1780
mymyrm	میمیرم	1780
yjvrayy	یجورایی	1780
nzrtvn	نظرتون	1779
khvabm	خوابم	1778
salgy	سالگی	1778
tlv	طلوع	1778
asmshv	اسمشو	1777
salshh	سالشه	1777
yaddasht	یادداشت	1777
rab	راب	1776
mybynym	میبینیم	1776
kvny	کونی	1776
ghan	قانع	1775
hvapymay	هواپیمای	1775
nbashyd	نباشید	1774
ms	مث	1772
atfagha	اتفاقا	1770
mntzrh	منتظره	1770
gyrsh	گیرش	1770
falyt	فعالیت	1768
bdshm	بعدشم	1767
jny	جنی	1767
jdydh	جدیده	1766
marty	مارتی	1765
avm	اوم	1764
dvmyn	دومین	1764
lvys	لوئیس	1763
nrfth	نرفته	1763
mjvz	مجوز	1761
tknvlvzhy	تکنولوژی	1760
ayran	ایران	1759
shjat	شجاعت	1758
nmyshn	نمیشن	1758
jlvtr	جلوتر	1757
hzrt	حضرت	1757
dary	داری؟	1756
mhmvlh	محموله	1754
mvbayl	موبایل	1752
rbka	ربکا	1750
khvrdym	خوردیم	1749
myarym	میاریم	1749
hndy	هندی	1749
nmydn	نمیدن	1747
hmjns	همجنس	1747
trvryst	تروریست	1746
myrftm	میرفتم	1746
jvjh	جوجه	1745
tvnstym	تونستیم	1744
hrky	هرکی	1743
kabvs	کابوس	1742
rvsk	عروسک	1741
jftmvn	جفتمون	1740
dydar	دیدار	1740
ada	ادعا	1739
tmyr	تعمیر	1739
darmsh	دارمش	1739
dhd	دهد	1738
srv	سرو	1738
khoshbakhtam	خوشبختم	1737
ghth	قطعه	1737
mymyry	میمیری	1737
nmyznh	نمیزنه	1737
srmvn	سرمون	1736
chjvr	چجور	1736
yadavry	یادآوری	1736
arvpa	اروپا	1735
bazgsht	بازگشت	1735
bahvshy	باهوشی	1734
amyr	امیر	1733
fratr	فراتر	1733
frahm	فراهم	1733
khtm	ختم	1732
arzshy	ارزشی	1731
dadyd	دادید	1731
shghm	عشقم	1731
baysty	بایستی	1730
dvy	دوی	1729
rvbrahh	روبراهه	1729
arzshsh	ارزشش	1728
srgrd	سرگرد	1728
mghdary	مقداری	1728
rh	ره	1726
svrtm	صورتم	1726
nshnydm	نشنیدم	1726
mamany	مامانی	1725
mgham	مقام	1724
lyaght	لیاقت	1723
ahtyajy	احتیاجی	1722
bazyh	بازیه	1722
nfhmydm	نفهمیدم	1721
nghrh	نقره	1720
lak	لاک	1719
nbashy	نباشی	1719
nyky	نیکی	1719
mybry	میبری	1718
prdh	پرده	1717
nadydh	نادیده	1716
jksvn	جکسون	1713
van	وان	1711
sdha	صدها	1710
dnyayy	دنیایی	1709
pshymvn	پشیمون	1709
artfa	ارتفاع	1708
harvld	هارولد	1708
fhmydh	فهمیده	1707
mdrky	مدرکی	1706
dstat	دستات	1705
mnasby	مناسبی	1705
lm	علم	1704
myryn	میرین	1704
md	مد	1703
nvshtm	نوشتم	1703
hrhal	هرحال	1703
pyman	پیمان	1702
dvnsty	دونستی	1700
ghrvb	غروب	1700
krdnh	کردنه	1700
hrdvmvn	هردومون	1699
hlykvptr	هلیکوپتر	1698
tabstvn	تابستون	1697
dvk	دوک	1697
rghabt	رقابت	1697
nghd	نقد	1697
pnahgah	پناهگاه	1697
askar	اسکار	1695
darvy	داروی	1695
dhntv	دهنتو	1694
bvs	بوس	1693
chshmam	چشمام	1693
ndashtn	نداشتن	1692
aymyl	ایمیل	1689
sadgh	صادق	1688
sayt	سایت	1687
jzb	جذب	1686
admhay	آدمهای	1684
tzahr	تظاهر	1684
jahay	جاهای	1684
sdayy	صدایی	1681
nmyznm	نمیزنم	1681
gnahkar	گناهکار	1681
jmhvry	جمهوری	1680
chgvnh	چگونه	1680
aslah	اصلاح	1677
khrgvsh	خرگوش	1677
khlgh	خلق	1677
khvdty	خودتی	1677
khdmh	خدمه	1675
salmh	سالمه	1674
yafth	یافته	1673
mrdmy	مردمی	1672
bnzyn	بنزین	1671
yb	عیب	1669
dnyl	دنیل	1668
myvh	میوه	1668
pych	پیچ	1668
tdy	تدی	1667
hyn	حین	1667
flsh	فلش	1667
mykhvahy	میخواهی	1667
dstmvn	دستمون	1666
szar	سزار	1666
aynvr	اینور	1665
trkyb	ترکیب	1664
asansvr	آسانسور	1663
dlylsh	دلیلش	1662
brmygrdym	برمیگردیم	1661
thryk	تحریک	1661
shvnh	شونه	1661
hln	هلن	1660
aspartakvs	اسپارتاکوس	1659
shbh	شبه	1658
azar	آزار	1657
tlfny	تلفنی	1657
hmynjast	همینجاست	1657
sbhanh	صبحانه	1656
ghaflgyr	غافلگیر	1656
khdmtkar	خدمتکار	1655
ghlmrv	قلمرو	1654
svrprayz	سورپرایز	1653
dyvnh	دیونه	1652
bfhmn	بفهمن	1651
mvzyk	موزیک	1651
jngydn	جنگیدن	1649
mjbvry	مجبوری	1649
trsydy	ترسیدی	1646
mjbvrym	مجبوریم	1646
dsttv	دستتو	1645
mh	عمه	1645
rvshnayy	روشنایی	1644
mnsfanh	منصفانه	1644
nystyd	نیستید	1644
nystyn	نیستین	1643
bmvnn	بمونن	1642
vghtha	وقتها	1642
bkhvan	بخوان	1641
gshtm	گشتم	1641
ykshnbh	یکشنبه	1641
mykhvastn	میخواستن	1640
bkshyn	بکشین	1637
zrd	زرد	1637
dzdydn	دزدیدن	1636
astfn	استفن	1635
jzv	جزو	1635
sbhvnh	صبحونه	1635
mykham	میخام	1635
nyar	نیار	1635
bradran	برادران	1634
r	ر	1634
khvnm	خونم	1633
tkhth	تخته	1631
ghyrghabl	غیرقابل	1631
arshd	ارشد	1630
bl	بل	1630
mygrdy	میگردی	1630
plysa	پلیسا	1630
dvshnbh	دوشنبه	1628
mydarh	میداره	1628
tay	تای	1627
ngransh	نگرانش	1627
srshvn	سرشون	1625
zyrzmyn	زیرزمین	1624
chap	چاپ	1624
afradt	افرادت	1622
lmy	علمی	1622
vaysyn	وایسین	1621
vrzsh	ورزش	1621
mjany	مجانی	1620
knm	کنم؟	1620
ghdrty	قدرتی	1619
bshr	بشر	1618
ambvlans	آمبولانس	1617
pshty	پشتی	1616
srkar	سرکار	1615
vayt	وایت	1615
karkhvnh	کارخونه	1615
bbynysh	ببینیش	1614
rabyn	رابین	1614
tvalt	توالت	1613
tamyn	تامین	1611
dstyar	دستیار	1611
sandvych	ساندویچ	1606
nf	نفع	1605
rvdkhanh	رودخانه	1604
mhmd	محمد	1603
nzdyktr	نزدیکتر	1603
hyshky	هیشکی	1603
nksh	نکش	1602
gmshdh	گمشده	1602
mjrm	مجرم	1601
bazykn	بازیکن	1600
hyat	حیات	1600
las	لاس	1600
lvgan	لوگان	1599
gyrt	گیرت	1599
almas	الماس	1598
mahh	ماهه	1598
mhyt	محیط	1597
nmyam	نمیام	1596
atfaghaty	اتفاقاتی	1595
shvhrt	شوهرت	1594
ghalat	غلط	1594
asasy	اساسی	1593
tfavt	تفاوت	1593
dakhlsh	داخلش	1593
gzynh	گزینه	1593
mtlb	مطلب	1592
nmyshd	نمیشد	1591
kmh	کمه	1591
nmk	نمک	1590
ardvgah	اردوگاه	1589
anglys	انگلیس	1589
nbashm	نباشم	1589
dany	دانی	1588
pnyr	پنیر	1587
rahsh	راهش	1584
kahsh	کاهش	1583
mydyd	میدید	1581
brgrdvn	برگردون	1580
mhdvdh	محدوده	1580
k	ک	1579
prnss	پرنسس	1577
ashnayy	آشنایی	1576
psrha	پسرها	1576
aksyzhn	اکسیژن	1574
dastany	داستانی	1573
zkhyrh	ذخیره	1573
bazrsy	بازرسی	1571
tvnyn	تونین	1569
jvnm	جونم	1569
khdanghdar	خدانگهدار	1569
hrkvl	هرکول	1569
astyvn	استیون	1568
khvdkar	خودکار	1568
vfadar	وفادار	1567
bndm	بندم	1566
karn	کارن	1566
vyky	ویکی	1565
ayvan	ایوان	1564
mvm	عموم	1564
mntzrt	منتظرت	1564
nkhvahm	نخواهم	1564
ghd	قد	1563
astfa	استعفا	1561
nzryh	نظریه	1561
bkhvayn	بخواین	1560
brsvnh	برسونه	1560
asmyt	اسمیت	1559
khbra	خبرا	1559
sft	سفت	1559
nvshtn	نوشتن	1558
msbt	مثبت	1557
nya	نیا	1556
hk	هک	1556
nakhda	ناخدا	1555
agrchh	اگرچه	1553
bbrn	ببرن	1553
bkhatrsh	بخاطرش	1553
pvnd	پوند	1553
shvrsh	شورش	1552
ndarnd	ندارند	1551
kalj	کالج	1551
bgzrym	بگذریم	1549
dvs	دوس	1549
sadgy	سادگی	1549
grftyn	گرفتین	1549
thsyn	تحسین	1548
bdbkhty	بدبختی	1547
mydarm	میدارم	1547
myshyn	میشین	1546
hrchnd	هرچند	1544
brsvnm	برسونم	1543
khanvadgy	خانوادگی	1543
bkhry	بخری	1542
jaygzyn	جایگزین	1542
nfrh	نفره	1541
lyla	لیلا	1538
ntvnh	نتونه	1538
nzdykh	نزدیکه	1536
bsvrt	بصورت	1535
drmany	درمانی	1535
mzhby	مذهبی	1534
ntvnm	نتونم	1534
srgrm	سرگرم	1533
rgh	عرق	1533
fasd	فاسد	1533
mytrsy	میترسی	1533
srvr	سرور	1531
parsy	پارسی	1531
afradm	افرادم	1530
nkhyr	نخیر	1530
atraz	اعتراض	1529
mnhrf	منحرف	1528
bdjvr	بدجور	1527
khvabh	خوابه	1527
dyvvngyh	دیوونگیه	1527
chtvryh	چطوریه	1527
hzf	حذف	1526
mhman	مهمان	1526
bnzrt	بنظرت	1525
avvh	اووه	1524
dlayl	دلایل	1522
gftyn	گفتین	1521
ghhrmany	قهرمانی	1520
vv	وو	1520
pzshk	پزشک	1520
pyshh	پیشه	1520
bkhvryd	بخورید	1519
bdsh	بعدش	1519
shrm	شرم	1519
ayntvryh	اینطوریه	1518
khm	خم	1517
saty	ساعتی	1517
shvhrsh	شوهرش	1517
vzart	وزارت	1515
hssh	حسش	1514
bkhvryn	بخورین	1513
srgrmy	سرگرمی	1513
tvnsth	تونسته	1512
marya	ماریا	1512
msafrt	مسافرت	1512
myrsy	میرسی	1512
nvrmn	نورمن	1512
kyty	کیتی	1512
fargh	فارغ	1511
khdmat	خدمات	1510
tad	تاد	1509
mvajh	مواجه	1509
nmrdh	نمرده	1507
hmrahy	همراهی	1507
asvnh	آسونه	1506
jn	جن	1506
dlary	دلاری	1506
amkansh	امکانش	1504
zhapny	ژاپنی	1504
karvlayn	کارولاین	1504
ashk	اشک	1503
vysky	ویسکی	1503
jadvy	جادوی	1502
srya	سریعا	1501
mdyryt	مدیریت	1501
kvchyky	کوچیکی	1499
kyng	کینگ	1499
andaz	انداز	1498
nmybynm	نمیبینم	1498
pyk	پیک	1497
krystyn	کریستین	1497
byshtryn	بیشترین	1494
synma	سینما	1494
mykshmt	میکشمت	1494
ahsasaty	احساساتی	1493
sya	سیا	1493
syty	سیتی	1493
ahtramy	احترامی	1492
dvchrkhh	دوچرخه	1491
nmykrd	نمیکرد	1490
bnvysm	بنویسم	1489
dvlty	دولتی	1489
mghaysh	مقایسه	1488
alkl	الکل	1487
zl	زل	1487
shav	شاو	1485
khvanndh	خواننده	1484
myzan	میزان	1484
azafy	اضافی	1483
byayy	بیایی	1483
mvnm	مونم	1483
ankar	انکار	1482
bhmyn	بهمین	1482
ghbr	قبر	1482
kvtvlh	کوتوله	1480
bsyary	بسیاری	1479
tjhyzat	تجهیزات	1479
mghablh	مقابله	1478
nhnh	نه،نه	1478
lvnard	لئونارد	1477
trfdar	طرفدار	1475
admha	آدمها	1474
aftadym	افتادیم	1474
prsyd	پرسید	1474
khl	خل	1473
zndgyh	زندگیه	1473
syd	سید	1473
fyshr	فیشر	1473
madrbzrg	مادربزرگ	1473
kvpr	کوپر	1473
nyzh	نیزه	1471
bpvsh	بپوش	1470
shysh	شیش	1468
hmam	حمام	1467
khtry	خطری	1467
srasr	سراسر	1467
havard	هاوارد	1467
aghvsh	آغوش	1465
tskhyr	تسخیر	1465
fvry	فوری	1464
nzart	نظارت	1463
grd	گرد	1463
drdy	دردی	1461
khanmha	خانمها	1460
valt	والت	1460
shkm	شکم	1459
chshmash	چشماش	1459
brsn	برسن	1458
bykhyalsh	بیخیالش	1458
mshkvk	مشکوک	1457
nzdyky	نزدیکی	1457
fzay	فضای	1456
mntshr	منتشر	1456
mkhalf	مخالف	1455
andazy	اندازی	1454
rykht	ریخت	1454
pyvnd	پیوند	1454
mryzy	مریضی	1453
halykh	حالیکه	1452
nmykshh	نمیکشه	1452
trsy	ترسی	1451
brsvn	برسون	1449
kvftyh	کوفتیه	1449
kntrlsh	کنترلش	1446
jf	جف	1445
rahrv	راهرو	1445
mashynt	ماشینت	1445
myfrstm	میفرستم	1445
prchm	پرچم	1445
mghamat	مقامات	1444
lghv	لغو	1443
nshy	نشی	1443
bdyh	بدیه	1441
bgzar	بگذار	1441
ndydmsh	ندیدمش	1441
tabhal	تابحال	1440
davtlb	داوطلب	1439
rbt	ربط	1439
dstay	دستای	1437
frmandar	فرماندار	1437
ghably	قابلی	1437
fny	فنی	1436
byshtrh	بیشتره	1435
fhmydym	فهمیدیم	1434
lyz	لیز	1434
lh	له	1433
fhmydn	فهمیدن	1432
ansanha	انسانها	1431
khtrh	خطره	1431
rftnh	رفتنه	1430
amdy	آمدی	1429
alham	الهام	1429
zjr	زجر	1429
mraghbsh	مراقبش	1428
nyl	نیل	1428
vabsth	وابسته	1428
bdrd	بدرد	1427
khrabh	خرابه	1427
ar	آر	1426
byhvsh	بیهوش	1425
mbarz	مبارز	1425
mykhay	میخای	1424
ghdym	قدیم	1423
bfrmayyn	بفرمایین	1421
srtvn	سرتون	1421
mhvth	محوطه	1421
kysy	کیسی	1421
mdn	معدن	1418
aghdam	اقدام	1417
bt	بت	1417
brg	برگ	1417
jngjvy	جنگجوی	1417
sps	سپس	1417
mhmtryn	مهمترین	1417
zmanykh	زمانیکه	1416
vgas	وگاس	1416
klvchh	کلوچه	1416
tshvygh	تشویق	1415
nzhad	نژاد	1415
aspanyayy	اسپانیایی	1413
ashghanh	عاشقانه	1413
kal	کال	1413
bart	بارت	1412
brgshtym	برگشتیم	1412
nyt	نیت	1411
hngam	هنگام	1411
pytza	پیتزا	1410
mstghyma	مستقیما	1409
hana	هانا	1409
gftym	گفتیم	1409
ayny	اینی	1408
myprsm	میپرسم	1408
aynjas	اینجاس	1407
chghdrh	چقدره	1406
astkhvan	استخوان	1404
bgyrydsh	بگیریدش	1404
jngjv	جنگجو	1404
zvj	زوج	1404
mvny	مونی	1404
nghbany	نگهبانی	1404
dnys	دنیس	1403
knt	کنت	1402
brdashtm	برداشتم	1401
bndazyn	بندازین	1401
mygrdym	میگردیم	1401
asyr	اسیر	1400
skhrh	صخره	1400
mtfavty	متفاوتی	1399
avnahash	اوناهاش	1398
hrfv	حرفو	1398
drgyry	درگیری	1398
balayy	بالایی	1397
byganh	بیگانه	1397
rvabt	روابط	1397
kmpany	کمپانی	1397
khvbym	خوبیم	1396
patryk	پاتریک	1396
bbndy	ببندی	1395
blk	بلک	1395
bvsh	بوسه	1395
rsma	رسما	1395
bygnah	بیگناه	1394
akhtra	اختراع	1393
brgrdvnm	برگردونم	1393
ryd	رید	1390
mhsvb	محسوب	1389
nshdn	نشدن	1389
pnjm	پنجم	1389
bk	بک	1388
ran	ران	1388
khlash	خلاصه	1387
lyza	لیزا	1387
mjsmh	مجسمه	1387
aytalyayy	ایتالیایی	1386
srbazan	سربازان	1386
shvk	شوک	1386
fajh	فاجعه	1386
afkar	افکار	1384
bchrkh	بچرخ	1384
kafh	کافه	1384
gftnsh	گفتنش	1384
asab	اعصاب	1383
rashl	راشل	1383
astkhr	استخر	1382
nshnydy	نشنیدی	1381
nmytvnyd	نمیتونید	1380
nmyshnasm	نمیشناسم	1380
brmyad	برمیاد	1379
bmyr	بمیر	1379
mygyd	میگید	1379
alfa	آلفا	1378
rvhy	روحی	1378
valdyn	والدین	1378
jsyka	جسیکا	1377
syng	سینگ	1376
fylyp	فیلیپ	1376
ndard	ندارد	1376
tsavyr	تصاویر	1375
gftyd	گفتید	1375
mdam	مدام	1374
sl	عسل	1373
mashynv	ماشینو	1372
nzdh	نزده	1372
gmsh	گمش	1372
dvmvn	دومون	1370
mrgt	مرگت	1370
mykhvastym	میخواستیم	1370
trfh	طرفه	1369
bvstvn	بوستون	1368
shayh	شایعه	1367
mymyrn	میمیرن	1367
dvnst	دونست	1366
hmahng	هماهنگ	1366
hvslh	حوصله	1365
tmh	طعمه	1365
astrs	استرس	1364
sadr	صادر	1364
ghmar	قمار	1364
lvs	لوس	1364
mkhfyanh	مخفیانه	1364
bgrdym	بگردیم	1363
khalkvby	خالکوبی	1362
mashh	ماشه	1362
myzdy	میزدی	1362
srma	سرما	1361
ghbylh	قبیله	1361
rzay	رضای	1360
mnay	معنای	1360
mfyd	مفید	1360
nmykhvaym	نمیخوایم	1359
vylsvn	ویلسون	1359
amydy	امیدی	1358
msnvy	مصنوعی	1358
shbanh	شبانه	1357
tnbyh	تنبیه	1356
nmyfhmy	نمیفهمی	1356
nmygh	نمیگه	1356
bmyrn	بمیرن	1354
bdvnyd	بدونید	1353
dayrh	دایره	1352
znjyr	زنجیر	1352
ghfs	قفس	1351
lry	لری	1351
ghsh	قصه	1350
nkhvrdh	نخورده	1350
ghal	قائل	1349
myvn	میون	1349
gstrsh	گسترش	1349
zhapn	ژاپن	1347
ayrady	ایرادی	1346
mrt	عمرت	1346
lntt	لعنتت	1346
mrda	مردا	1346
ngrftm	نگرفتم	1346
avnast	اوناست	1345
nshvnsh	نشونش	1345
kvchh	کوچه	1344
khvndy	خوندی	1343
lvra	لورا	1343
brlyn	برلین	1340
jzy	جزئی	1339
gftnd	گفتند	1339
zyadyh	زیادیه	1338
hmdygrv	همدیگرو	1338
drychh	دریچه	1337
shrayty	شرایطی	1337
aftkharh	افتخاره	1336
mghzt	مغزت	1336
mkzyk	مکزیک	1335
mydvn	میدون	1335
mylr	میلر	1335
sdatv	صداتو	1334
sakhtm	ساختم	1333
hrchh	هرچه	1333
shldvn	شلدون	1332
aynhmh	اینهمه	1331
dydyd	دیدید	1331
amanda	آماندا	1328
frm	فرم	1328
avlyvya	اولیویا	1327
ndy	ندی	1327
nmytvnst	نمیتونست	1327
mvagh	مواقع	1326
mydady	میدادی	1326
jt	جت	1324
dnyast	دنیاست	1321
mslma	مسلما	1321
ntvny	نتونی	1321
dstshvn	دستشون	1320
mnzvry	منظوری	1320
asnv	اسنو	1319
babash	باباش	1319
ahmghm	احمقم	1318
mtrv	مترو	1318
khvbn	خوبن	1317
asmsh	اسمش	1316
hychksy	هیچکسی	1316
bsazym	بسازیم	1315
dastansh	داستانش	1315
glh	گله	1315
bgzaryd	بگذارید	1314
nsyht	نصیحت	1314
gftsh	گفتش	1314
yvash	یواش	1314
dryay	دریای	1313
tbyyh	طبیعیه	1313
any	آنی	1312
antkhaby	انتخابی	1312
drha	درها	1312
hmantvr	همانطور	1312
grmh	گرمه	1312
tghazay	تقاضای	1311
drvghh	دروغه	1310
myrsm	میرسم	1310
nghs	نقص	1310
kalyfrnya	کالیفرنیا	1310
byft	بیفت	1309
zrban	ضربان	1309
kvnt	کونت	1308
hrkty	حرکتی	1306
lgd	لگد	1306
mtnfrh	متنفره	1306
shnydym	شنیدیم	1305
yy	یی	1305
bshnvh	بشنوه	1304
rahth	راحته	1304
nzm	نظم	1304
mayly	مایلی	1303
rzrv	رزرو	1301
hmyshgy	همیشگی	1301
bjnbyd	بجنبید	1300
shaysth	شایسته	1300
shmarsh	شمارش	1300
aml	عامل	1300
myshyd	میشید	1300
njatt	نجاتت	1299
klysay	کلیسای	1299
khakstr	خاکستر	1298
nkhvahy	نخواهی	1298
bldh	بلده	1297
rvghn	روغن	1297
mybynmtvn	میبینمتون	1297
jykvb	جیکوب	1296
dfay	دفاعی	1296
syr	سیر	1296
tlb	طلب	1296
nabvdsh	نابودش	1296
rysh	ریش	1295
frvkhth	فروخته	1294
prsydy	پرسیدی	1294
svp	سوپ	1292
tank	تانک	1291
zhny	ذهنی	1291
rvsta	روستا	1291
dstgyrsh	دستگیرش	1290
sharlvt	شارلوت	1290
rshvh	رشوه	1289
khvabydy	خوابیدی	1288
nzd	نزد	1288
grsngy	گرسنگی	1288
nmytvnyn	نمیتونین	1287
ashpzy	آشپزی	1285
nbvdym	نبودیم	1285
nahyh	ناحیه	1284
khtvt	خطوط	1283
arvn	آرون	1282
typ	تیپ	1282
rsm	رسم	1282
stvn	ستون	1282
mrgth	مرگته	1282
bdhy	بدهی	1281
rshth	رشته	1281
jvsh	جوش	1280
hmzman	همزمان	1280
aksr	اکثر	1278
khargh	خارق	1278
mykhvasth	میخواسته	1278
chayy	چایی	1277
kyv	کیو	1277
grh	گره	1277
fyzyky	فیزیکی	1276
jvlya	جولیا	1275
gyl	گیل	1275
chng	چنگ	1274
kshm	کشم	1274
nrsydh	نرسیده	1273
azytt	اذیتت	1272
padash	پاداش	1270
myrsn	میرسن	1269
bavrsh	باورش	1268
brkhy	برخی	1268
tjdyd	تجدید	1268
dzdyd	دزدید	1268
khvnt	خونت	1267
tvth	توطئه	1266
mghzsh	مغزش	1266
khrydh	خریده	1265
dayy	دایی	1265
ghdrtsh	قدرتش	1265
hah	هاه	1264
bkshmt	بکشمت	1263
tf	تف	1263
jvnt	جونت	1263
shvr	شور	1263
nmyzny	نمیزنی	1263
ngy	نگی	1261
amvr	امور	1260
rvshnh	روشنه	1260
svkhth	سوخته	1260
msmvm	مسموم	1260
mvhat	موهات	1260
nfrv	نفرو	1260
antkhabat	انتخابات	1259
tshryf	تشریف	1259
mykhvrn	میخورن	1259
pvlt	پولت	1259
hyf	حیف	1258
trvr	ترور	1257
mvy	موی	1256
plysy	پلیسی	1256
knfrans	کنفرانس	1256
brmygrdy	برمیگردی	1255
rvhsh	روحش	1255
mhdvd	محدود	1255
ntayj	نتایج	1255
svfy	سوفی	1253
ahny	آهنی	1251
ampratvry	امپراطوری	1250
bynym	بینیم	1250
mhbvb	محبوب	1250
naghany	ناگهانی	1250
hmynm	همینم	1250
pvlv	پولو	1250
ayva	ایوا	1249
bkhvabh	بخوابه	1249
bgrd	بگرد	1249
tb	تب	1249
aymy	ایمی	1248
js	جس	1248
ss	سس	1248
myryd	میرید	1248
hmdygr	همدیگر	1248
kartv	کارتو	1248
dzdydy	دزدیدی	1247
frvdv	فرودو	1247
mvrgan	مورگان	1247
nmykhvast	نمیخواست	1247
gman	گمان	1247
myndazy	میندازی	1246
ntvnsty	نتونستی	1246
paksazy	پاکسازی	1246
almlly	المللی	1245
tyrandaz	تیرانداز	1245
khvshvght	خوشوقت	1245
mvard	موارد	1245
pv	پو	1245
bfrstm	بفرستم	1244
takhyr	تاخیر	1244
prsy	پرسی	1244
avyzvn	آویزون	1243
ghymty	قیمتی	1243
askn	اسکن	1242
byayyn	بیایین	1242
nashnas	ناشناس	1242
yazdh	یازده	1242
fvnt	عفونت	1241
nkhst	نخست	1241
nvh	نوه	1241
patr	پاتر	1240
artshy	ارتشی	1239
ndyd	ندید	1239
karshv	کارشو	1239
sraghsh	سراغش	1238
srprst	سرپرست	1238
bkhvnh	بخونه	1237
ataght	اتاقت	1236
bdvnyn	بدونین	1236
vghtt	وقتت	1236
karysh	کاریش	1236
ahzar	احضار	1235
jabja	جابجا	1234
pdrbzrg	پدربزرگ	1234
pvshydy	پوشیدی	1234
gatham	گاتهام	1234
klvp	کلوپ	1232
jstjvy	جستجوی	1231
dhkdh	دهکده	1230
lt	علت	1230
mandh	مانده	1230
ghar	غار	1229
hm	هممم	1228
ghy	گهی	1228
ashght	عاشقت	1227
maha	ماها	1227
gyah	گیاه	1227
zndgymvn	زندگیمون	1226
ghrary	قراری	1226
prsh	پرش	1226
brdashty	برداشتی	1225
dana	دانا	1224
dyrh	دیره	1224
sak	ساک	1223
zym	عظیم	1223
mshahdh	مشاهده	1223
vlz	ولز	1223
kngrh	کنگره	1223
tfryh	تفریح	1222
shghy	عشقی	1222
chndlr	چندلر	1222
jhnmy	جهنمی	1221
grftyd	گرفتید	1221
dydnsh	دیدنش	1220
la	لا	1220
mnzrh	منظره	1220
hazrh	حاضره	1219
khvshbkhtanh	خوشبختانه	1219
nshyn	نشین	1219
madrjndh	مادرجنده	1218
knsl	کنسل	1217
dstrs	دسترس	1216
ghvly	قولی	1216
mtsl	متصل	1215
ataghm	اتاقم	1213
khdayy	خدایی	1213
mtad	معتاد	1213
brdym	بردیم	1212
khrabsh	خرابش	1212
khvndh	خونده	1212
ryshh	ریشه	1212
srtv	سرتو	1212
lbast	لباست	1212
svgnd	سوگند	1211
gvrdvn	گوردون	1211
askarlt	اسکارلت	1210
shymyayy	شیمیایی	1209
ghdymyh	قدیمیه	1209
hrchghdr	هرچقدر	1208
aynjvryh	اینجوریه	1207
mryzh	مریضه	1207
mygftn	میگفتن	1207
kya	کیا	1207
bgyrynsh	بگیرینش	1206
mvzh	موزه	1205
chys	چیس	1205
mjmvh	مجموعه	1204
kmd	کمد	1203
gard	گارد	1203
khvnsrd	خونسرد	1202
rajr	راجر	1202
malkvm	مالکوم	1202
pvlm	پولم	1202
abzar	ابزار	1201
shytvn	شیطون	1201
gyrym	گیریم	1201
hmsrtvn	همسرتون	1200
klk	کلک	1200
alanshm	الانشم	1199
fkrknm	فکرکنم	1199
tjary	تجاری	1198
ghydh	عقیده	1198
mahygyry	ماهیگیری	1198
mrtykh	مرتیکه	1198
mlk	ملک	1198
mhmtr	مهمتر	1198
danlvd	دانلود	1197
znym	زنیم	1197
shlh	شعله	1197
ynk	عینک	1197
bahmdygh	باهمدیگه	1196
khatrsh	خاطرش	1196
mashyny	ماشینی	1196
athad	اتحاد	1195
aghlb	اغلب	1195
vzsh	عوضش	1195
alfrd	آلفرد	1194
vynsnt	وینسنت	1194
chksh	چکش	1193
hghyghth	حقیقته	1192
bpvshy	بپوشی	1191
thghyr	تحقیر	1191
atbar	اعتبار	1190
hvastvn	حواستون	1190
dd	عدد	1190
mtvghfsh	متوقفش	1190
mmnv	ممنوع	1189
avnmvgh	اونموقع	1188
talar	تالار	1188
mtrh	مطرح	1188
myshnash	میشناسه	1188
ayks	ایکس	1187
khbrdar	خبردار	1186
mzkhrfat	مزخرفات	1186
parkr	پارکر	1186
tdady	تعدادی	1185
tylvr	تیلور	1185
gln	گلن	1185
msty	مستی	1184
paytkht	پایتخت	1184
grchh	گرچه	1184
jnayy	جنایی	1183
mymvnym	میمونیم	1183
dkstr	دکستر	1182
ghvyh	قویه	1182
grdy	گردی	1182
mdal	مدال	1181
nzdy	نزدی	1181
srnkh	سرنخ	1180
mjbvrsh	مجبورش	1180
nft	نفت	1180
nyna	نینا	1180
spry	سپری	1179
ghbvlsh	قبولش	1179
brgrdvny	برگردونی	1178
trvrysty	تروریستی	1178
vasta	واستا	1178
bazsazy	بازسازی	1177
tvand	تواند	1177
parkyng	پارکینگ	1177
bbrmt	ببرمت	1176
sltan	سلطان	1176
marta	مارتا	1176
lnystr	لنیستر	1175
vala	والا	1175
grftnd	گرفتند	1175
mashynsh	ماشینش	1174
aftzah	افتضاح	1173
bpvshm	بپوشم	1173
lhzat	لحظات	1173
geron	گرون	1173
dym	دیم	1172
alksandr	الکساندر	1171
btmn	بتمن	1171
svmyn	سومین	1171
shnvy	شنوی	1171
mmnvh	ممنوعه	1171
yvnan	یونان	1171
rvmy	رومی	1169
bna	بنا	1168
fayl	فایل	1168
mghr	مقر	1168
mvndy	موندی	1168
hzarta	هزارتا	1168
darayy	دارایی	1167
mand	ماند	1167
dstmal	دستمال	1166
shyatyn	شیاطین	1166
khvshbkht	خوشبخت	1164
frstady	فرستادی	1164
ghfsh	قفسه	1164
mrbvth	مربوطه	1164
mymyrym	میمیریم	1164
avnjan	اونجان	1163
mvnyka	مونیکا	1162
dlghk	دلقک	1161
mykhvnh	میخونه	1161
nyv	نیو	1161
hrdv	هردو	1161
pyshrfth	پیشرفته	1161
mmvl	معمول	1158
kshtar	کشتار	1158
tyz	تیز	1157
mnyh	معنیه	1157
astvn	استون	1156
tsmymy	تصمیمی	1156
hrfat	حرفات	1156
hatv	هاتو	1155
hrjayy	هرجایی	1155
vaysyd	وایسید	1155
bmyrym	بمیریم	1154
dvnn	دونن	1154
bjngym	بجنگیم	1153
brgrdn	برگردن	1153
tghzyh	تغذیه	1153
amvaj	امواج	1152
rvan	روان	1152
fynch	فینچ	1152
nvk	نوک	1152
parsal	پارسال	1152
pyshnhady	پیشنهادی	1152
krdnt	کردنت	1152
bsazm	بسازم	1151
srvt	ثروت	1150
dsta	دستا	1150
lvry	لوری	1150
lvyys	لوییس	1150
atbary	اعتباری	1148
dnbalshvn	دنبالشون	1148
mnshy	منشی	1148
brayh	برایه	1147
nazy	نازی	1147
brsvny	برسونی	1146
ghrvr	غرور	1146
ghrarmvn	قرارمون	1146
mhv	محو	1146
mfhvm	مفهوم	1146
bfrmayd	بفرمائید	1144
pyanv	پیانو	1143
grdym	گردیم	1143
ahtmalsh	احتمالش	1142
shdnh	شدنه	1142
danshkdh	دانشکده	1141
pydam	پیدام	1140
gnj	گنج	1140
antvny	آنتونی	1139
khfn	خفن	1139
nansy	نانسی	1139
kylv	کیلو	1139
bshryt	بشریت	1138
hzb	حزب	1138
rvrast	روراست	1138
yvnany	یونانی	1137
rdyngtvn	ردینگتون	1136
nshstm	نشستم	1136
hmshv	همشو	1136
hytlr	هیتلر	1136
ashkar	آشکار	1135
albrt	آلبرت	1135
hsas	حساس	1135
klr	کلر	1135
sany	سانی	1134
pzyr	پذیر	1134
chshmatv	چشماتو	1134
dvstanh	دوستانه	1133
dhm	دهم	1132
bakrh	باکره	1131
tvlh	توله	1131
dftrm	دفترم	1131
dvam	دوام	1131
shkaf	شکاف	1131
msafr	مسافر	1131
rmzy	رمزی	1130
myshl	میشل	1129
kndy	کندی	1129
bkhvrn	بخورن	1128
tlgram	تلگرام	1128
nsfh	نصفه	1128
aymny	ایمنی	1127
dhnm	دهنم	1127
stl	سطل	1127
smymy	صمیمی	1127
mykhvrym	میخوریم	1127
bstn	بستن	1126
bghlm	بغلم	1126
jvk	جوک	1126
hvy	هوی	1126
ktabkhvnh	کتابخونه	1126
astar	استار	1125
jvdy	جودی	1125
hmvnh	همونه	1125
hyl	هیل	1125
avnchh	اونچه	1124
jvaby	جوابی	1124
zrvry	ضروری	1124
nng	ننگ	1124
jlvshvn	جلوشون	1123
gv	گو	1123
nghbanan	نگهبانان	1122
ayzabl	ایزابل	1121
khvabydn	خوابیدن	1121
mtyv	متیو	1121
jr	جر	1120
drb	درب	1120
afrygha	آفریقا	1119
avrzhans	اورژانس	1119
tyk	تیک	1119
danshmnd	دانشمند	1119
frmanrvayy	فرمانروایی	1119
mhr	مهر	1119
ayndfh	ایندفعه	1118
bgrdm	بگردم	1117
hghyghy	حقیقی	1117
hng	هنگ	1117
shky	شکی	1116
hashv	هاشو	1116
pdrtvn	پدرتون	1116
grdsh	گردش	1116
amagh	اعماق	1115
lvsyfr	لوسیفر	1115
tazgy	تازگی	1113
jdydt	جدیدت	1113
mygrdn	میگردن	1113
nzny	نزنی	1113
ngrfth	نگرفته	1113
brgrdvnym	برگردونیم	1112
jvy	جوی	1112
lam	علائم	1112
lyv	لیو	1112
shhrt	شهرت	1111
nkrdnyh	نکردنیه	1110
vasmvn	واسمون	1110
grftar	گرفتار	1110
bzarn	بذارن	1109
khvb	خوب؟	1109
mhshrh	محشره	1109
myzarym	میذاریم	1109
bnt	بنت	1108
shnydyn	شنیدین	1108
trfy	ترفیع	1107
khvshtvn	خوشتون	1107
dvnyn	دونین	1107
ksl	کسل	1107
blvk	بلوک	1106
trafyk	ترافیک	1106
dndh	دنده	1106
dstbnd	دستبند	1105
rvht	روحت	1105
zndvn	زندون	1105
ngrfty	نگرفتی	1105
psrtvn	پسرتون	1105
kvsh	کوسه	1105
hdy	حدی	1103
rk	رک	1103
vlt	ولت	1103
halshvn	حالشون	1102
z	ز	1102
kndh	کنده	1102
bhanh	بهانه	1100
dshmnan	دشمنان	1100
zmna	ضمنا	1100
daray	دارای	1099
valy	والی	1099
vdh	وعده	1099
bkar	بکار	1098
bynh	بینه	1098
dstatv	دستاتو	1098
nmyshnasy	نمیشناسی	1098
mkhalft	مخالفت	1097
kdvmshvn	کدومشون	1097
svpr	سوپر	1096
hrja	هرجا	1096
bryz	بریز	1095
mshavrh	مشاوره	1095
bkhvabyd	بخوابید	1094
rdsh	ردش	1094
rvd	رود	1094
nkhvastm	نخواستم	1094
ghtrh	قطره	1093
nghdar	نگهدار	1093
pahat	پاهات	1093
bst	بست	1091
mytvnstym	میتونستیم	1091
vakr	واکر	1091
karmnd	کارمند	1091
avakhr	اواخر	1090
rftnd	رفتند	1090
atham	اتهام	1089
shvrshy	شورشی	1089
myly	میلی	1089
knym	کنیم؟	1089
rsanh	رسانه	1088
maylz	مایلز	1088
hmynkarv	همینکارو	1088
zrr	ضرر	1087
mylyard	میلیارد	1087
chyzyv	چیزیو	1087
ataghy	اتاقی	1086
ghyrghanvny	غیرقانونی	1086
njatm	نجاتم	1086
shvkh	شوکه	1085
myamy	میامی	1085
myn	مین	1085
grgynh	گرگینه	1085
avntvr	اونطور	1083
bady	بادی	1083
brdarh	برداره	1083
hghyghtsh	حقیقتش	1083
klvb	کلوب	1083
shampayn	شامپاین	1082
mvghyty	موقعیتی	1082
nmyrym	نمیریم	1082
yang	یانگ	1082
batry	باتری	1081
mhtrm	محترم	1081
mhsvl	محصول	1081
shhrvnd	شهروند	1080
nsb	نصب	1080
hvmr	هومر	1079
vghtm	وقتم	1079
khnh	کهنه	1079
fnjvn	فنجون	1078
myad	میاد؟	1078
bhran	بحران	1077
myrsvnh	میرسونه	1077
mykrdnd	میکردند	1077
nmyarm	نمیارم	1077
bgrdy	بگردی	1076
narahtm	ناراحتم	1076
trtybsh	ترتیبش	1075
angyzy	انگیزی	1074
bnvys	بنویس	1074
jky	جکی	1074
ragh	عراق	1074
mvjb	موجب	1074
sranjam	سرانجام	1072
ayalty	ایالتی	1071
baznshsth	بازنشسته	1071
jahayy	جاهایی	1071
bbndyn	ببندین	1070
nmyfth	نمیفته	1070
plak	پلاک	1070
gryn	گرین	1070
tvjhy	توجهی	1069
jzabh	جذابه	1069
salt	سالت	1069
slyb	صلیب	1069
athadyh	اتحادیه	1068
adb	ادب	1068
mvrfy	مورفی	1068
hamv	هامو	1068
abr	ابر	1067
brkhlaf	برخلاف	1067
bnvysy	بنویسی	1067
shl	شل	1067
adyh	عادیه	1067
frngy	فرنگی	1067
alktryky	الکتریکی	1066
khvdmvnv	خودمونو	1066
nshstn	نشستن	1066
nmymvnh	نمیمونه	1066
hrfam	حرفام	1065
nyga	نیگا	1065
chshman	چشمان	1065
hrfhay	حرفهای	1064
khanvma	خانوما	1063
pahay	پاهای	1063
ampratvr	امپراتور	1062
dvn	دون	1062
nmrh	نمره	1062
ashly	اشلی	1060
bfrstym	بفرستیم	1060
tymy	تیمی	1060
khakstry	خاکستری	1060
rvn	رون	1060
alayzha	الایژا	1059
tghyyrat	تغییرات	1059
jhsh	جهش	1059
hrfmv	حرفمو	1059
khanvadt	خانوادت	1059
khanvadm	خانوادم	1059
marsl	مارسل	1059
mstghr	مستقر	1059
grdvn	گردون	1059
tghvyt	تقویت	1058
tyrh	تیره	1058
shakh	شاخ	1058
malk	مالک	1058
msyhy	مسیحی	1058
dstgyry	دستگیری	1057
nmayshgah	نمایشگاه	1057
mntzrsh	منتظرش	1056
ahda	اهدا	1055
bzrgm	بزرگم	1055
bvrn	بورن	1055
zrb	ضرب	1055
plysh	پلیسه	1055
bkhvabyn	بخوابین	1054
tasf	تاسف	1054
zvdbashyd	زودباشید	1054
bbrymsh	ببریمش	1053
bhbvd	بهبود	1053
laygh	لایق	1053
jvany	جوانی	1052
mnatgh	مناطق	1052
hmvnjvry	همونجوری	1052
khlyj	خلیج	1050
shkstn	شکستن	1050
vam	وام	1050
khsvs	خصوص	1049
rvshnsh	روشنش	1049
mshtagh	مشتاق	1049
payynh	پایینه	1049
thmasby	طهماسبی	1048
fna	فنا	1047
fyn	فین	1047
mkzyky	مکزیکی	1047
chghd	چقد	1047
rghas	رقاص	1046
rykhtn	ریختن	1046
zvdh	زوده	1046
ghachagh	قاچاق	1046
gft	گفت؟	1046
tvanm	توانم	1045
jygr	جیگر	1045
darh	داره؟	1045
jlvh	جلوه	1044
shdnsh	شدنش	1044
mghsd	مقصد	1044
dvnstn	دونستن	1043
rvnd	روند	1043
kmyth	کمیته	1043
bbndm	ببندم	1042
jsm	جسم	1042
bndr	بندر	1040
myndazm	میندازم	1040
bndazyd	بندازید	1039
shkvh	شکوه	1039
may	مایع	1039
val	وال	1039
bjngy	بجنگی	1038
tsvrsh	تصورش	1038
baran	باران	1037
zvs	زئوس	1037
karmv	کارمو	1037
zmansh	زمانش	1036
sfyr	سفیر	1036
mtrjmyn	مترجمین	1036
mybrym	میبریم	1036
nmybyny	نمیبینی	1036
vlntayn	ولنتاین	1036
ataghsh	اتاقش	1035
bzya	بعضیا	1035
bny	بنی	1035
mdar	مدار	1035
hdvda	حدودا	1034
rvbat	روبات	1034
lvkas	لوکاس	1034
aspanya	اسپانیا	1033
ayan	ایان	1033
mlyaty	عملیاتی	1033
fda	فدا	1033
mhmat	مهمات	1033
napzyr	ناپذیر	1033
bavrnkrdnyh	باورنکردنیه	1032
gayydmt	گاییدمت	1032
rzayt	رضایت	1031
tablv	تابلو	1030
janatan	جاناتان	1030
araysh	آرایش	1029
bhvnh	بهونه	1029
gvdal	گودال	1029
dvyst	دویست	1028
arsal	ارسال	1027
fkrshm	فکرشم	1027
lbh	لبه	1027
anghlab	انقلاب	1026
tmayl	تمایل	1026
nyvmdy	نیومدی	1026
khbrhay	خبرهای	1025
dadstan	دادستان	1025
kargr	کارگر	1025
gvh	گوه	1025
tghdyr	تقدیر	1024
fkrm	فکرم	1024
hngamy	هنگامی	1024
ytym	یتیم	1024
hrkat	حرکات	1023
dramd	درآمد	1023
abdy	ابدی	1022
jmjmh	جمجمه	1022
srtasr	سرتاسر	1022
skth	سکته	1022
shshm	ششم	1022
ghtb	قطب	1022
dvmy	دومی	1021
kshndh	کشنده	1021
kvdkan	کودکان	1021
rvhyh	روحیه	1020
sraght	سراغت	1020
nshsty	نشستی	1020
afradsh	افرادش	1019
jvly	جولی	1019
gr	گر	1019
tgzas	تگزاس	1018
rahb	راهب	1018
rg	رگ	1018
gvyy	گویی	1018
svprmn	سوپرمن	1017
vadar	وادار	1017
amm	امم	1016
avlvyt	اولویت	1016
tghlb	تقلب	1016
spr	سپر	1016
mjbvrt	مجبورت	1016
nataly	ناتالی	1016
vrgh	ورق	1016
vyr	ویر	1016
hyvan	حیوان	1015
khtrnaky	خطرناکی	1015
myrsyd	میرسید	1015
glf	گلف	1015
ahmghh	احمقه	1014
bshynym	بشینیم	1014
blakhrh	بلاخره	1014
pnjh	پنجه	1014
brasas	براساس	1013
svzn	سوزن	1013
ghlbh	غلبه	1013
mdyvn	مدیون	1013
pzyrayy	پذیرایی	1013
alt	آلت	1012
shdyda	شدیدا	1012
kjam	کجام	1012
knarm	کنارم	1012
jvnsh	جونش	1011
khvshtyp	خوشتیپ	1011
dyvarha	دیوارها	1011
pzyrsh	پذیرش	1011
karknan	کارکنان	1011
ykhvrdh	یخورده	1011
bkhrh	بخره	1010
amr	امر	1009
trsnakh	ترسناکه	1009
fylmy	فیلمی	1009
bjngm	بجنگم	1008
ryh	ریه	1008
rsvnd	رسوند	1007
ghlt	عقلت	1007
nkh	نخ	1007
tab	تاب	1006
mrykh	مریخ	1006
jastyn	جاستین	1005
ghdsh	قدش	1005
mrlyn	مرلین	1005
vvdy	وودی	1005
prvanh	پروانه	1005
aradh	اراده	1004
tvan	توان	1004
ryta	ریتا	1004
svt	سوت	1004
mybynyd	میبینید	1004
kyry	کیری	1004
myzarn	میذارن	1003
nmyvmd	نمیومد	1003
vyd	وید	1003
klbh	کلبه	1003
brgrdvnh	برگردونه	1002
khals	خالص	1002
nrftm	نرفتم	1002
pshtt	پشتت	1002
dshmny	دشمنی	1001
rvyayy	رویایی	1001
myky	میکی	1001
adad	اعداد	1000
bdhkary	بدهکاری	1000
ars	ارث	999
aytalya	ایتالیا	999
bshynyn	بشینین	999
svabgh	سوابق	999
brdarym	برداریم	998
rany	رانی	998
shhrh	شهره	998
mdyrh	مدیره	998
mzahmt	مزاحمت	998
asnad	اسناد	997
bbrydsh	ببریدش	997
bfrsth	بفرسته	997
drkhshan	درخشان	997
shghly	شغلی	996
prvrsh	پرورش	996
srvtmnd	ثروتمند	995
myvmdm	میومدم	995
ryast	ریاست	994
shagrd	شاگرد	994
frvshndh	فروشنده	994
vaysadh	وایساده	994
ashpz	آشپز	993
travys	تراویس	993
njyb	نجیب	993
bnam	بنام	992
balatryn	بالاترین	991
shvra	شورا	991
maya	مایا	991
bsazy	بسازی	990
tatr	تئاتر	990
khvaby	خوابی	990
mm	مم	990
gavsndvgh	گاوصندوق	990
mvsy	موسی	989
hmvnjayy	همونجایی	989
aynkara	اینکارا	988
bchgy	بچگی	988
dhyd	دهید	988
rshh	عرشه	988
lf	علف	988
nbashyn	نباشین	988
chadr	چادر	988
tvby	توبی	987
khnk	خنک	987
hyvlay	هیولای	987
vrzshy	ورزشی	987
avnkarv	اونکارو	986
dlm	دلم	986
shyvh	شیوه	986
nga	نگا	986
ngrant	نگرانت	986
vyktvrya	ویکتوریا	986
kbab	کباب	986
bsazh	بسازه	985
nkshtm	نکشتم	985
avrdyn	آوردین	984
aynhal	اینحال	984
sansa	سانسا	984
sbanyt	عصبانیت	984
jngh	جنگه	983
sakhty	ساختی	983
astn	استن	982
sfart	سفارت	982
nmydvnn	نمیدونن	982
brdaryn	بردارین	981
zdnt	زدنت	981
flj	فلج	981
msr	مصر	981
hant	هانت	981
va	وا	981
anjyl	انجیل	980
maryan	ماریان	980
hyly	هیلی	980
nshnydh	نشنیده	979
bpa	بپا	978
jansvn	جانسون	978
klyh	کلیه	978
bahaly	باحالی	977
hshrh	حشره	977
mvrys	موریس	977
brytanya	بریتانیا	976
pyshgvyy	پیشگویی	976
azhans	آژانس	974
babtsh	بابتش	974
tvjyh	توجیه	973
vyntrfl	وینترفل	973
kdam	کدام	973
aday	ادای	972
myprsy	میپرسی	972
chah	چاه	972
asmtvn	اسمتون	971
khrabkary	خرابکاری	971
khnsy	خنثی	971
sgh	سگه	971
bzrgrah	بزرگراه	970
hvdvr	هودور	970
pablv	پابلو	970
alkly	الکلی	969
cht	چت	968
dnbalmvn	دنبالمون	967
hvshmndanh	هوشمندانه	967
tkhmy	تخمی	966
kvng	کونگ	966
amal	اعمال	965
bbndyd	ببندید	965
chndan	چندان	965
bastany	باستانی	964
tvlanyh	طولانیه	964
naz	ناز	964
tghyyry	تغییری	963
tvsyf	توصیف	963
dry	دری	963
aghlanh	عاقلانه	963
avj	اوج	962
bkhvrsh	بخورش	962
mshvrt	مشورت	962
mhrbvny	مهربونی	961
vyk	ویک	961
knart	کنارت	961
bvdjh	بودجه	960
mybrn	میبرن	960
chshmt	چشمت	960
rkhtkhvab	رختخواب	959
mvkl	موکل	959
akhlaghy	اخلاقی	958
fyby	فیبی	958
papvsh	پاپوش	958
prh	پره	958
btvnyd	بتونید	957
asamy	اسامی	956
bbkhshy	ببخشی	956
jvabsh	جوابش	956
lynda	لیندا	956
pakt	پاکت	956
brdaryd	بردارید	955
mshabh	مشابه	955
shst	شصت	954
mrdgan	مردگان	954
nshst	نشست	954
nyftadh	نیفتاده	954
amadgy	آمادگی	953
bhar	بهار	953
khvshbkhty	خوشبختی	953
mashynh	ماشینه	952
hrks	هرکس	952
ntvnym	نتونیم	951
bynyd	بینید	950
tnfs	تنفس	950
dyng	دینگ	950
lynkln	لینکلن	950
mrmvz	مرموز	950
nmyarh	نمیاره	950
paham	پاهام	950
yvashky	یواشکی	950
astkhvn	استخون	949
dftrchh	دفترچه	949
hmshvnv	همشونو	949
brvdy	برودی	948
tarykhy	تاریخی	948
mnzl	منزل	948
mkalmh	مکالمه	947
shklyh	شکلیه	945
mvssh	موسسه	945
yhvyy	یهویی	945
shvahd	شواهد	944
nvshty	نوشتی	944
vhsh	وحش	943
blndtr	بلندتر	942
tbyd	تبعید	942
jvzf	جوزف	942
snty	سنتی	942
gshtn	گشتن	942
btrsy	بترسی	941
sydny	سیدنی	941
tm	طعم	941
mydydm	میدیدم	941
patv	پاتو	940
jbar	جبار	939
khvastym	خواستیم	939
fash	فاش	939
fdakary	فداکاری	939
gftgv	گفتگو	939
yaft	یافت	939
tshnh	تشنه	938
mtnfry	متنفری	938
kjayym	کجاییم	938
asvny	آسونی	937
dlayly	دلایلی	937
dvstym	دوستیم	937
grdnbnd	گردنبند	937
tlvyzyvny	تلویزیونی	936
jarv	جارو	936
jafry	جافری	936
khyryh	خیریه	936
zna	زنا	936
mtmnm	مطمئنم	936
vars	وارث	936
ga	گا	936
bahvshh	باهوشه	935
bfrsty	بفرستی	935
kalynz	کالینز	935
akhtlal	اختلال	934
asasa	اساسا	934
aghamt	اقامت	934
fvrd	فورد	934
nrfty	نرفتی	934
mtl	مطلع	933
mnayy	معنایی	933
dmagh	دماغ	932
nmygyrh	نمیگیره	932
garazh	گاراژ	932
dlal	دلال	931
srbazha	سربازها	931
shyft	شیفت	931
ghlm	قلم	930
mnd	مند	930
rdyab	ردیاب	929
margart	مارگارت	929
mjdd	مجدد	929
jlvt	جلوت	928
majrajvyy	ماجراجویی	927
aftzahh	افتضاحه	926
rvbrah	روبراه	926
lkh	لکه	926
mgan	مگان	926
nmykhvan	نمیخوان	926
nmyshym	نمیشیم	926
jfttvn	جفتتون	925
khsart	خسارت	925
ndadn	ندادن	925
grdvnm	گردونم	925
ykysh	یکیش	925
khal	خال	924
rvdh	روده	924
fghyr	فقیر	923
ka	کا	923
grftysh	گرفتیش	923
zndst	زندست	922
mnfjrh	منفجره	922
naghan	ناگهان	922
parv	پارو	922
brs	برس	921
dvstshvn	دوستشون	921
sakn	ساکن	921
shnvm	شنوم	921
lvazm	لوازم	921
brsvnym	برسونیم	920
ghdrdany	قدردانی	920
mnsfh	منصفه	920
hdfy	هدفی	920
zdyn	زدین	919
mygshtm	میگشتم	919
aladst	العادست	918
nmykhvrm	نمیخورم	918
hmvnyh	همونیه	918
kab	کاب	918
knsrt	کنسرت	918
bkshmsh	بکشمش	917
tabvt	تابوت	917
darvyy	دارویی	917
sbvr	صبور	917
ghrntynh	قرنطینه	917
lay	لای	917
arl	ارل	916
tsrf	تصرف	916
myfhmh	میفهمه	916
alyvt	الیوت	915
mnhsr	منحصر	915
byvh	بیوه	914
laghl	لااقل	914
pryd	پرید	914
bfrstyd	بفرستید	913
mykhvny	میخونی	913
jvvny	جوونی	912
zhntyky	ژنتیکی	912
jvlyt	جولیت	911
sptambr	سپتامبر	911
narnjk	نارنجک	911
chvby	چوبی	911
dadnsh	دادنش	910
vyly	ویلی	910
sngyny	سنگینی	909
v	و؟	909
thlyl	تحلیل	908
jdyh	جدیه	908
dayana	دایانا	908
mtasf	متاسف	908
hmv	همو	908
brghs	برقص	907
khrydy	خریدی	907
kvkayn	کوکائین	907
chharta	چهارتا	906
kman	کمان	906
afsrdh	افسرده	905
bng	بنگ	905
akhry	آخری	904
ablh	ابله	904
shvrvy	شوروی	904
fv	عفو	904
myshdn	میشدن	904
shahdkht	شاهدخت	903
hftm	هفتم	901
ayrys	آیریس	900
khyaly	خیالی	900
sndy	سندی	900
marly	مارلی	900
hnrmnd	هنرمند	900
mhbt	محبت	899
ashghaly	آشغالی	898
nhar	نهار	897
rvbh	روبه	896
rvshvn	روشون	896
psray	پسرای	896
gzrh	گذره	896
hsasyt	حساسیت	895
bakhty	باختی	894
tayy	تایی	894
lang	لانگ	894
brtr	برتر	893
nshdym	نشدیم	893
aynja	اینجا؟	892
brvklyn	بروکلین	892
shvray	شورای	892
mjrd	مجرد	892
azsh	ازش	891
dvstash	دوستاش	891
skhtyh	سختیه	891
ghzaya	قضایا	891
mskhrst	مسخرست	891
vastvn	واستون	891
bkht	بخت	890
trsydn	ترسیدن	890
shrlvk	شرلوک	890
kty	کتی	890
astvart	استوارت	888
bzrgt	بزرگت	888
parchh	پارچه	888
balgh	بالغ	887
byhvdh	بیهوده	887
danyl	دانیل	887
srsy	سرسی	887
mshklsh	مشکلش	887
mhnds	مهندس	887
gas	گاس	886
jnyfr	جنیفر	885
rayt	رعایت	885
artbatat	ارتباطات	884
shhrvndan	شهروندان	884
nkbvt	عنکبوت	884
mtn	متن	884
allh	الله	883
jadvgry	جادوگری	883
tvv	توو	882
syndy	سیندی	882
ghablyt	قابلیت	882
majray	ماجرای	882
mkh	مخ	882
grma	گرما	882
hmrahm	همراهم	881
asyl	اصیل	880
tnfr	تنفر	880
myshh	میشه؟	880
hrj	هرج	880
chalh	چاله	880
khvabydm	خوابیدم	879
rahnma	راهنما	879
rdyfh	ردیفه	879
shghh	عشقه	879
nknn	نکنن	879
vvd	وود	879
ahsassh	احساسش	878
khvabt	خوابت	878
lyam	لیام	878
kjay	کجای	878
grym	گریم	878
astv	استو	877
rngy	رنگی	877
shakhh	شاخه	877
nvry	نوری	877
askaty	اسکاتی	876
aynsvrt	اینصورت	876
hrfayy	حرفایی	876
rvzanh	روزانه	876
dkhtrhay	دخترهای	875
rtbh	رتبه	875
karlvs	کارلوس	875
ykhchal	یخچال	875
kharjh	خارجه	874
myryzh	میریزه	874
frhng	فرهنگ	873
mshkhsa	مشخصا	873
paspvrt	پاسپورت	873
bz	بز	871
tya	تیا	871
dhan	دهان	871
dvrtr	دورتر	871
jaha	جاها	870
hdaksr	حداکثر	870
ndydmt	ندیدمت	870
bgzrvnm	بگذرونم	869
dmt	دمت	869
svfya	سوفیا	869
mnjr	منجر	869
ntvnstym	نتونستیم	869
hrkdvm	هرکدوم	869
tvgh	توقع	868
dkhtrtvn	دخترتون	868
rzh	عرضه	868
gvsfnd	گوسفند	868
alhh	الهه	867
brghsym	برقصیم	867
lyg	لیگ	867
knndst	کنندست	867
azadsh	آزادش	866
amvz	آموز	866
arzyaby	ارزیابی	866
khlvt	خلوت	866
zmstvn	زمستون	866
myshdy	میشدی	866
byshap	بیشاپ	865
madry	مادری	865
nysh	نیش	865
vsvsh	وسوسه	865
khbrngar	خبرنگار	864
rahv	راهو	864
myayn	میاین	864
mylh	میله	864
chmdvn	چمدون	864
rajbsh	راجبش	863
abtda	ابتدا	862
bhay	بهای	862
trdyd	تردید	862
jazbh	جاذبه	862
zndgymv	زندگیمو	862
ghryby	غریبی	862
chrkhh	چرخه	862
bysbal	بیسبال	861
hghaygh	حقایق	861
hghvghy	حقوقی	861
bkhrym	بخریم	859
yarvyy	یارویی	859
tsvyry	تصویری	858
nvsh	نوش	858
anjla	آنجلا	857
famyl	فامیل	857
aghtsady	اقتصادی	856
khvrak	خوراک	856
hrdvtvn	هردوتون	856
khatmh	خاتمه	855
ghmgyn	غمگین	855
mkvs	معکوس	855
dlmvn	دلمون	854
rand	راند	854
myshnasysh	میشناسیش	854
bashkvh	باشکوه	853
lysa	لیسا	853
mtry	متری	853
ahdaf	اهداف	852
brnd	برند	852
shrmndm	شرمندم	852
ghvytr	قویتر	852
pydamvn	پیدامون	852
rv	رو؟	851
mvhash	موهاش	851
nshm	نشم	851
klagh	کلاغ	851
anthay	انتهای	850
bbrmsh	ببرمش	850
dvbrabr	دوبرابر	850
rahmvn	راهمون	850
myfrsth	میفرسته	850
atmy	اتمی	849
khbray	خبرای	849
ghvty	قوطی	849
mrvr	مرور	849
nvys	نویس	849
nprs	نپرس	849
rabt	رابط	848
mvjvdy	موجودی	848
grv	گرو	848
bababzrg	بابابزرگ	847
bradry	برادری	847
brydh	بریده	847
mvr	مور	847
nmyzarh	نمیذاره	847
nvsht	نوشت	847
chshmh	چشمه	847
trmz	ترمز	846
jyny	جینی	846
drzmn	درضمن	846
ahtmaly	احتمالی	845
trm	ترم	845
mkhtsat	مختصات	845
mykhvnm	میخونم	845
ngm	نگم	845
jly	جعلی	844
avnghdra	اونقدرا	843
btvnyn	بتونین	843
hsvdy	حسودی	843
tan	تان	842
tygh	تیغ	842
khvayd	خواید	842
mdrn	مدرن	842
bkhvayd	بخواید	841
dylan	دیلان	841
mymvnn	میمونن	841
nan	نان	841
nmydym	نمیدیم	841
rvpyh	روپیه	840
franky	فرانکی	840
pyshkhdmt	پیشخدمت	840
baystyd	بایستید	839
jdydm	جدیدم	839
najvr	ناجور	839
nmyan	نمیان	839
alysvn	آلیسون	838
tkmyl	تکمیل	838
darsy	دارسی	838
ny	نی	838
antn	آنتن	837
rdy	ردی	837
many	مانی	837
mvnrv	مونرو	837
nhnhnh	نه،نه،نه	837
ngam	نگام	837
chalsh	چالش	837
asar	آثار	836
alf	الف	836
flvryda	فلوریدا	836
mykhvahyd	میخواهید	836
ryng	رینگ	835
lydya	لیدیا	835
hvs	هوس	835
kvchktryn	کوچکترین	835
alhy	الهی	834
hvlh	حوله	834
mrday	مردای	834
kmrbnd	کمربند	834
bsyarkhvb	بسیارخوب	833
althsyl	التحصیل	832
ayv	ایو	832
raky	راکی	832
spah	سپاه	832
grdnt	گردنت	832
ashfth	آشفته	831
tnhash	تنهاش	831
mblgh	مبلغ	831
yksan	یکسان	831
rbat	ربات	830
mybynn	میبینن	830
chaghvy	چاقوی	830
tlafy	تلافی	829
nghat	نقاط	829
kay	کای	829
sna	سنا	828
sngynh	سنگینه	828
layh	لایه	828
mrym	مریم	828
myranda	میراندا	828
avnhayy	اونهایی	827
dstmv	دستمو	827
radyvyy	رادیویی	827
srpychy	سرپیچی	827
pahash	پاهاش	827
arvmtr	آرومتر	826
raby	رابی	826
rkvrd	رکورد	826
ghab	عقاب	826
kmtryn	کمترین	826
gytar	گیتار	826
astyk	استیک	825
dsr	دسر	825
shayat	شایعات	825
mrtbt	مرتبط	825
ndm	ندم	825
ahsth	آهسته	824
madrtvn	مادرتون	824
myshnasym	میشناسیم	824
vsaylt	وسایلت	824
bndazn	بندازن	823
bynmtvn	بینمتون	823
tnt	تنت	823
tkyh	تکیه	823
dyl	دیل	823
myzban	میزبان	823
nmytrsm	نمیترسم	823
ktaby	کتابی	823
mykrdyn	میکردین	822
bzrgtry	بزرگتری	821
blafaslh	بلافاصله	821
hyaty	حیاتی	821
svnya	سونیا	821
shnas	شناس	821
svty	صوتی	821
fyzyk	فیزیک	821
mshkhsat	مشخصات	821
vjdan	وجدان	821
kshtmsh	کشتمش	821
kmbvd	کمبود	821
ykhy	یخی	821
brdashtn	برداشتن	820
tvryn	تورین	820
znjyrh	زنجیره	820
drdsry	دردسری	819
shnydyd	شنیدید	819
astnys	استنیس	818
ayrlndy	ایرلندی	818
zbanan	زبانان	818
shyk	شیک	818
mnn	منن	818
nkhvrh	نخوره	818
gzar	گذار	818
khrash	خراش	817
laghr	لاغر	817
kshtysh	کشتیش	817
alansh	الانش	816
aynbar	اینبار	816
blyk	بلیک	816
nkrdyn	نکردین	816
hrysvn	هریسون	816
vjvdm	وجودم	816
chv	چو	816
bdhkarm	بدهکارم	815
bshkh	بشکه	815
mysvn	میسون	815
kvtahy	کوتاهی	815
dnbalh	دنباله	814
zrt	ذرت	814
mysvzh	میسوزه	814
ndydym	ندیدیم	814
pvlh	پوله	814
kvba	کوبا	814
zyfh	ضعیفه	813
tlashm	تلاشم	812
jsdsh	جسدش	812
jvahr	جواهر	812
raht	راهت	812
zk	زک	811
chyzysh	چیزیش	811
khvdshvnv	خودشونو	810
rghm	رقم	810
lrzh	لرزه	810
nkhvahym	نخواهیم	809
ahmgha	احمقا	808
jlyghh	جلیقه	808
dsttvn	دستتون	808
dlylh	دلیله	808
mvham	موهام	808
pty	پتی	808
tvmvr	تومور	807
khvngy	خونگی	807
svalat	سوالات	807
psran	پسران	807
pvla	پولا	807
arzon	ارزون	806
bastan	باستان	806
bfrstyn	بفرستین	806
tara	تارا	806
zarm	ذارم	806
rft	رفت؟	806
avla	اولا	805
byd	بعید	805
jashvn	جاشون	805
zyst	زیست	805
myshnakhtm	میشناختم	805
bdhkar	بدهکار	804
bynmvn	بینمون	804
shbdh	شعبده	804
vghtmvn	وقتمون	804
agah	آگاه	803
avhkhday	اوه،خدای	803
bryzm	بریزم	803
jvryh	جوریه	803
daghh	داغه	803
savl	ساول	803
ghyrmmkn	غیرممکن	803
fhrst	فهرست	803
nt	نت	803
var	وار	803
kat	کات	803
azadh	آزاده	802
brfy	برفی	802
hasl	حاصل	802
ryz	ریز	802
andrv	اندرو	801
hsn	حسن	801
hmaght	حماقت	801
ryazy	ریاضی	801
mkany	مکانی	801
mygrft	میگرفت	801
kabyn	کابین	801
kanada	کانادا	801
kvrh	کوره	801
kvnm	کونم	801
damad	داماد	800
sharzh	شارژ	800
mna	معنا	800
kargah	کارگاه	800
jlvm	جلوم	799
khvdtvnv	خودتونو	799
syzdh	سیزده	799
halyvvd	هالیوود	799
mshvghh	معشوقه	798
alml	العمل	797
bbrynsh	ببرینش	797
bgzrvny	بگذرونی	797
bgzrvnym	بگذرونیم	797
hmlat	حملات	797
dhnd	دهند	797
latyn	لاتین	797
azyn	ازین	796
afghanstan	افغانستان	796
tvt	توت	796
khvabsh	خوابش	796
rasl	راسل	796
hmraht	همراهت	796
bhal	بحال	795
byarmsh	بیارمش	795
tmyzsh	تمیزش	795
nvshabh	نوشابه	795
bbvs	ببوس	794
bkhr	بخر	794
bdtrh	بدتره	794
rgnar	رگنار	794
mkhlvt	مخلوط	794
mrdnd	مردند	794
panzdh	پانزده	794
bdzdh	بدزده	792
brghy	برقی	792
sahly	ساحلی	792
chjvryh	چجوریه	792
amadst	آمادست	791
rydm	ریدم	791
ahnyn	آهنین	790
ayntvrh	اینطوره	790
rvshy	روشی	790
lhjh	لهجه	790
hsadt	حسادت	789
hyrt	حیرت	789
dyvys	دیویس	789
rymvnd	ریموند	789
zmanh	زمانه	789
shnakhtm	شناختم	789
amar	آمار	788
bdazzhr	بعدازظهر	788
janshyn	جانشین	788
shkhsyh	شخصیه	788
msdvd	مسدود	788
myra	میرا	788
tvnstn	تونستن	787
dstam	دستام	787
mykhvahym	میخواهیم	787
aftkhary	افتخاری	786
vaysy	وایسی	786
avnghdry	اونقدری	785
bkhar	بخار	785
byhvshy	بیهوشی	785
jvahrat	جواهرات	785
khayh	خایه	785
ghart	غارت	785
mahr	ماهر	785
kmyn	کمین	785
tadl	تعادل	784
ghr	غر	784
hyvlayy	هیولایی	784
pvlshv	پولشو	784
bprsym	بپرسیم	783
tlfat	تلفات	783
hghyghta	حقیقتا	783
rahnmay	راهنمای	783
sngy	سنگی	783
lyahzrt	علیاحضرت	783
zavyh	زاویه	782
zndgyshvn	زندگیشون	782
hvra	هورا	782
chharshnbh	چهارشنبه	782
shnyd	شنید	781
brshvn	برشون	780
trbyt	تربیت	780
navgan	ناوگان	779
pdry	پدری	779
admh	آدمه	778
tblyghat	تبلیغات	778
dashtnyh	داشتنیه	778
rayly	رایلی	778
knjkav	کنجکاو	778
albvm	آلبوم	777
bbndym	ببندیم	777
brtry	برتری	777
bstm	بستم	777
bkshydsh	بکشیدش	777
bgrdyn	بگردین	777
sdaght	صداقت	777
azadm	آزادم	776
sakhtym	ساختیم	776
lny	لنی	776
nmykrdy	نمیکردی	776
baft	بافت	775
bgyrnd	بگیرند	775
mtfavth	متفاوته	775
tgh	تق	774
khshky	خشکی	774
drdt	دردت	774
sahrh	ساحره	774
mghzm	مغزم	774
prydh	پریده	774
tak	تاک	773
dvrgh	دورگه	773
znykh	زنیکه	773
zhr	زهر	773
mskv	مسکو	773
prsydn	پرسیدن	773
shrf	شرف	772
jrymh	جریمه	771
pmp	پمپ	771
abda	ابدا	770
tmashay	تماشای	770
tghybsh	تعقیبش	769
hryf	حریف	769
dyvvngy	دیوونگی	769
nshany	نشانی	769
harly	هارلی	769
hmkarm	همکارم	769
hvp	هوپ	769
banky	بانکی	768
jvabm	جوابم	768
dstkary	دستکاری	768
shrsh	شرش	768
gzrvndm	گذروندم	768
akhlagh	اخلاق	767
asklh	اسکله	767
mhmyh	مهمیه	767
hvatv	هواتو	767
hyvlaha	هیولاها	767
bak	باک	766
bbndsh	ببندش	766
jrdn	جردن	766
dvsttvn	دوستتون	766
zmstan	زمستان	766
mhfzh	محفظه	766
mlysa	ملیسا	766
kynh	کینه	766
rzhym	رژیم	765
srbazhay	سربازهای	765
shba	شبا	765
shbty	صحبتی	765
zvy	عضوی	765
nrft	نرفت	765
astlah	اصطلاح	764
asvl	اصول	764
bty	بتی	764
dzdky	دزدکی	764
dktrha	دکترها	764
l	ل	764
mydadn	میدادن	764
myshvnd	میشوند	764
bvgh	بوق	763
shrh	شرح	763
pvsh	پوش	763
ansanyt	انسانیت	762
fhsh	فحش	762
mrdvnh	مردونه	762
nghz	نقض	762
dktry	دکتری	761
salhay	سالهای	761
lvyd	لوید	761
namry	نامرئی	761
azmayshy	آزمایشی	760
hsar	حصار	760
shnavr	شناور	760
mbl	مبل	760
mrj	مرج	760
nashy	ناشی	760
akhtlaf	اختلاف	759
bravv	براوو	759
samanta	سامانتا	759
shnakht	شناخت	759
alm	عالم	759
nashnakhth	ناشناخته	759
chpy	چپی	759
jvkhh	جوخه	758
rahyh	راهیه	758
mkhzn	مخزن	758
nghshvn	نگهشون	758
valas	والاس	758
syrk	سیرک	757
fhmydyn	فهمیدین	757
pakstan	پاکستان	757
gyrn	گیرن	757
askatlnd	اسکاتلند	756
bkhvabym	بخوابیم	756
bshghab	بشقاب	756
trsvndy	ترسوندی	756
mart	عمارت	756
mvrdy	موردی	756
nma	نما	756
ykyh	یکیه	756
barnz	بارنز	755
tkvnsh	تکونش	755
flynt	فلینت	755
vagzar	واگذار	755
bkhshh	بخشه	754
bhmrah	بهمراه	754
thd	تعهد	754
mvazbt	مواظبت	754
mch	مچ	754
vhshyanh	وحشیانه	754
yvn	یون	754
bjash	بجاش	753
brghsm	برقصم	753
tlym	تعلیم	753
jyl	جیل	753
svprayz	سوپرایز	753
ghyb	غیب	753
nmygyrm	نمیگیرم	753
admv	آدمو	752
jrah	جراح	752
khth	خطه	752
rykhtm	ریختم	752
ntvnsth	نتونسته	752
kng	کنگ	752
kvyyn	کویین	752
bvyka	بویکا	751
tghaza	تقاضا	751
dltvn	دلتون	751
zybatryn	زیباترین	751
mdh	معده	751
prsm	پرسم	751
azytm	اذیتم	750
thsyl	تحصیل	750
ryky	ریکی	750
lyzy	لیزی	750
pvdr	پودر	750
gshty	گشتی	750
andakhtym	انداختیم	749
sltnt	سلطنت	749
fazlab	فاضلاب	749
mrdhay	مردهای	749
mybrmt	میبرمت	749
mykh	میخ	749
kshtnsh	کشتنش	749
tavan	تاوان	748
tlfnt	تلفنت	748
tnhat	تنهات	748
hrftv	حرفتو	748
hrfha	حرفها	748
madam	مادام	748
ardk	اردک	747
bys	بیس	747
rvhany	روحانی	747
rych	ریچ	747
kma	کما	747
kyrm	کیرم	747
grftnsh	گرفتنش	747
glvrya	گلوریا	747
yjvr	یجور	747
astsnayy	استثنایی	746
brmygrdn	برمیگردن	746
jaspr	جاسپر	746
sbanyh	عصبانیه	746
ghzahay	غذاهای	746
mhalh	محاله	746
mvndym	موندیم	746
nvshydn	نوشیدن	746
vylyamz	ویلیامز	746
tvnnd	تونند	745
aghl	عاقل	745
mla	عملا	745
mtjb	متعجب	745
gvzn	گوزن	745
nznyd	نزنید	744
nmad	نماد	744
karkhanh	کارخانه	744
trysy	تریسی	743
shlagh	شلاق	743
hshtad	هشتاد	743
tranh	ترانه	742
salgrd	سالگرد	742
zmant	ضمانت	742
mshky	مشکی	742
mhrban	مهربان	742
myayy	میایی	742
nry	نری	742
amdn	آمدن	741
amval	اموال	741
bysym	بیسیم	741
mjaz	مجاز	741
vjvdt	وجودت	741
bazdyd	بازدید	740
tashvn	تاشون	740
fyvna	فیونا	740
myrftym	میرفتیم	740
azhar	اظهار	739
tabstan	تابستان	739
ryvn	ریون	739
zyrsh	زیرش	739
staysh	ستایش	739
fhmh	فهمه	739
mzkhrfy	مزخرفی	739
mshklaty	مشکلاتی	739
nmytvnsty	نمیتونستی	739
aftaby	آفتابی	738
ajrayy	اجرایی	738
tkaml	تکامل	738
jnyn	جنین	738
rsvndn	رسوندن	738
rght	رقت	738
srjvkhh	سرجوخه	738
tvlsh	طولش	738
atmam	اتمام	737
zbalh	زباله	737
frzndm	فرزندم	737
flz	فلز	737
fkrt	فکرت	737
myrfty	میرفتی	737
vghtyh	وقتیه	737
kn	کن،	737
avragh	اوراق	736
bvdnt	بودنت	736
shvm	شوم	736
ghybsh	غیبش	736
mrkhs	مرخص	736
gvrtv	گورتو	736
bkhvah	بخواه	735
rvyahay	رویاهای	735
rykhty	ریختی	735
yd	عید	735
fsad	فساد	735
mnhtn	منهتن	735
myny	مینی	735
nghshy	نقشی	735
jlvyy	جلویی	734
jnvn	جنون	734
svsk	سوسک	734
admhayy	آدمهایی	733
brghsy	برقصی	733
ryst	رئیست	733
mzahmtvn	مزاحمتون	733
kvdk	کودک	733
khylykhb	خیلیخب	732
dmay	دمای	732
mykhvayy	میخوایی	732
hmym	همیم	732
payany	پایانی	732
jayykh	جاییکه	731
hsyn	حسین	731
drhaly	درحالی	731
chshh	چشه	731
antzary	انتظاری	730
bakhbr	باخبر	730
hvzh	حوزه	730
ghty	قطعی	729
lvrnzv	لورنزو	729
mya	میا	729
nmydvnst	نمیدونست	729
krayh	کرایه	729
ykyv	یکیو	729
dlshvn	دلشون	728
shghlt	شغلت	728
shght	عشقت	728
myshnasmt	میشناسمت	728
asn	اصن	727
bkhyh	بخیه	727
mghrvr	مغرور	727
drbar	دربار	726
dvay	دعوای	726
shrty	شرطی	726
myras	میراث	726
mysazh	میسازه	726
pshtm	پشتم	726
astratzhy	استراتژی	725
jvlay	جولای	725
shvyd	شوید	725
ajsad	اجساد	724
dby	دبی	724
drbyar	دربیار	724
zrng	زرنگ	724
pshtyban	پشتیبان	724
pyry	پیری	724
barm	بارم	723
tghlby	تقلبی	723
rghyb	رقیب	723
afsvs	افسوس	722
mamvryn	مامورین	722
mtabght	مطابقت	722
chsb	چسب	722
aghy	آگهی	721
bnvsh	بنوش	721
tas	تاس	721
jmy	جمعی	721
rvhan	روهان	721
lazmsh	لازمش	721
mnfyh	منفیه	721
mhmany	مهمانی	721
nvd	نود	721
prtsh	پرتش	721
chyzyt	چیزیت	721
zhakt	ژاکت	721
brvk	بروک	720
rftary	رفتاری	720
snd	سند	720
lbasm	لباسم	720
mykshym	میکشیم	720
grftymsh	گرفتیمش	720
atsal	اتصال	719
dstvrh	دستوره	719
mayky	مایکی	719
mhndsy	مهندسی	719
mygrftm	میگرفتم	719
hmynjvr	همینجور	719
kadv	کادو	719
karsh	کارش	719
yvng	یونگ	719
tvshh	توشه	718
khvshhalym	خوشحالیم	718
vaghysh	واقعیش	718
papa	پاپا	718
chyzym	چیزیم	718
ashtyagh	اشتیاق	717
dryk	دریک	717
frzndan	فرزندان	717
nykvl	نیکول	717
kargrdan	کارگردان	717
klasyk	کلاسیک	717
gndalf	گندالف	717
bzdl	بزدل	716
tbr	تبر	716
zyra	زیرا	716
hmynjam	همینجام	716
azmayshat	آزمایشات	715
byrvny	بیرونی	715
masazh	ماساژ	715
thmlsh	تحملش	714
drbyary	دربیاری	714
salad	سالاد	714
mvt	عموت	714
frmvn	فرمون	714
vagn	واگن	714
rftyn	رفتین	713
ghrmzh	قرمزه	713
hmbrgr	همبرگر	713
pvshydn	پوشیدن	713
bnshynyd	بنشینید	712
bhrh	بهره	712
jftshvn	جفتشون	712
khvnmvn	خونمون	712
rfyght	رفیقت	712
bshynh	بشینه	711
rvny	رونی	711
ghanvnyh	قانونیه	711
khdaymn	خدایمن	710
ghvh	قوه	710
tajr	تاجر	709
vghf	وقف	709
andrsvn	اندرسون	708
rvzyh	روزیه	708
znn	زنن	708
svmh	صومعه	708
gnahan	گناهان	708
ary	آری	707
astyflr	استیفلر	707
rvmn	رومن	707
svmy	سومی	707
lyaghtsh	لیاقتش	707
vlgrd	ولگرد	707
kvchky	کوچکی	707
avnjam	اونجام	706
tnbl	تنبل	706
ghdrtt	قدرتت	706
abraz	ابراز	705
atm	اتم	705
brdnsh	بردنش	705
tkhryb	تخریب	705
tghat	تقاطع	705
vsaylm	وسایلم	705
gshtym	گشتیم	705
dstksh	دستکش	704
dnt	دنت	704
lntyt	لعنتیت	704
chyp	چیپ	704
krystyna	کریستینا	704
alanh	الانه	703
zvm	زوم	703
bvks	بوکس	702
zat	ذات	702
ghdyma	قدیما	702
gvahy	گواهی	702
brchsb	برچسب	701
rysm	رئیسم	701
fn	فن	701
nasa	ناسا	701
nfhmydy	نفهمیدی	701
zndgytv	زندگیتو	700
syskv	سیسکو	700
shbha	شبها	700
lghb	لقب	700
myzdym	میزدیم	700
hychkary	هیچکاری	700
pvshy	پوشی	700
gshnmh	گشنمه	700
tjby	تعجبی	699
khdarv	خدارو	699
myshnasmsh	میشناسمش	699
chsh	چش	699
amrvzh	امروزه	698
bghyr	بغیر	698
dvstmvn	دوستمون	698
ghashgh	قاشق	698
mntgh	منطق	698
kylvmtry	کیلومتری	698
mvazbsh	مواظبش	697
mvzvy	موضوعی	697
gftm	گفتم؟	697
bsty	بستی	696
khvdkhvah	خودخواه	696
dyzy	دیزی	696
sysd	سیصد	696
fylmbrdary	فیلمبرداری	696
krdnshvn	کردنشون	696
kshvry	کشوری	696
askay	اسکای	695
brmydarm	برمیدارم	695
rhash	رهاش	695
shraft	شرافت	695
mtvst	متوسط	695
gah	گاه	695
tshkylat	تشکیلات	694
rychy	ریچی	694
zyrdryayy	زیردریایی	694
chshmhay	چشمهای	694
bryzh	بریزه	693
trkt	ترکت	693
tlvzyvn	تلوزیون	693
dark	دارک	693
dyk	دیک	693
rzmy	رزمی	693
vydv	ویدئو	693
tar	تار	692
tmdn	تمدن	692
myrym	میریم؟	692
kampyvtry	کامپیوتری	692
brgrdvndn	برگردوندن	691
khvastyn	خواستین	691
shmam	شمام	691
mntghyh	منطقیه	691
myarmsh	میارمش	691
bykar	بیکار	690
rdh	رده	690
zhan	ژان	690
kyfm	کیفم	690
aryn	آرین	689
hrym	حریم	688
mytrsh	میترسه	688
karsvn	کارسون	688
amlak	املاک	687
tnhast	تنهاست	687
dstvralml	دستورالعمل	687
nymy	نیمی	687
gyrmvn	گیرمون	687
azynja	ازینجا	686
zyrzmyny	زیرزمینی	686
lbasy	لباسی	686
hftad	هفتاد	686
avnjas	اونجاس	685
dkhtran	دختران	685
drksh	درکش	685
mda	عمدا	685
bydary	بیداری	684
rvstayy	روستایی	684
msavy	مساوی	684
mydhd	میدهد	684
hmdrdy	همدردی	684
chnan	چنان	684
afradmvn	افرادمون	683
khyabvny	خیابونی	683
mnasbh	مناسبه	683
myzdn	میزدن	683
ntvnstn	نتونستن	683
nkhvrdm	نخوردم	683
nmyzary	نمیذاری	683
atfaghyh	اتفاقیه	682
akhrajy	اخراجی	682
andvh	اندوه	682
rftart	رفتارت	682
shtrnj	شطرنج	682
zay	ضایع	682
fth	فتح	682
lvla	لولا	682
chghdr	چقدر؟	682
kj	کج	682
slahy	سلاحی	681
shshsh	ششش	681
frghh	فرقه	681
mskn	مسکن	681
chngal	چنگال	681
klam	کلام	681
ashh	اشعه	680
ach	اچ	680
bshnvym	بشنویم	680
shymy	شیمی	680
chndsh	چندش	680
kamrvn	کامرون	680
afzar	افزار	679
batl	باطل	679
bkhshyd	بخشید	679
drdnak	دردناک	679
sprdh	سپرده	679
mynvysm	مینویسم	679
bdshansy	بدشانسی	677
bfrvshm	بفروشم	677
jdydmvn	جدیدمون	677
mtahl	متاهل	677
hrys	هریس	677
vzyty	وضعیتی	677
dydnm	دیدنم	676
svzhh	سوژه	676
pdrmh	پدرمه	676
yan	یان	676
bvmy	بومی	675
hghyghtv	حقیقتو	675
khyabvna	خیابونا	675
shykh	شیخ	675
namydy	ناامیدی	675
athamat	اتهامات	674
ayzy	ایزی	674
tzym	تعظیم	674
jvkr	جوکر	674
brvn	برون	673
bkshysh	بکشیش	673
tfahm	تفاهم	673
zdnd	زدند	673
mstghl	مستقل	673
harvard	هاروارد	673
valdynm	والدینم	673
chrby	چربی	673
ashtbahat	اشتباهات	672
afsvn	افسون	672
angary	انگاری	672
khvar	خوار	672
mdaf	مدافع	672
ndydyn	ندیدین	672
ykdygr	یکدیگر	672
khvntvn	خونتون	671
zmzmh	زمزمه	671
mll	ملل	671
tsahb	تصاحب	670
drvnt	درونت	670
mtmrkz	متمرکز	670
nznh	نزنه	670
chshmsh	چشمش	670
anlayn	آنلاین	669
avnyh	اونیه	669
ayrany	ایرانی	669
bdstsh	بدستش	669
tasyry	تاثیری	669
sakhtar	ساختار	669
ghflh	قفله	669
karm	کارم	669
krystal	کریستال	669
gndy	گندی	669
astghbal	استقبال	668
tfngdar	تفنگدار	668
lvm	علوم	668
mytrsydm	میترسیدم	668
bjng	بجنگ	667
rvyh	رویه	667
znbvr	زنبور	667
symvn	سیمون	667
vant	وانت	667
bam	بام	666
byabvn	بیابون	666
khrchng	خرچنگ	666
drkhtan	درختان	666
mykhrm	میخرم	666
kham	خام	665
ralf	رالف	665
rvstay	روستای	665
shra	صحرا	665
mdtha	مدتها	665
arvmy	آرومی	664
apryl	آپریل	664
bshv	بشو	664
dymyn	دیمین	664
zvyy	زویی	664
lys	لیس	664
mhsvlat	محصولات	664
myznyn	میزنین	664
nmyknyd	نمیکنید	664
pvsth	پوسته	664
shkstsh	شکستش	663
myfhmym	میفهمیم	663
nzashty	نذاشتی	663
vasshvn	واسشون	663
kr	کر	663
asky	اسکی	662
bbynnd	ببینند	662
zshth	زشته	662
sharvn	شارون	662
nhayta	نهایتا	662
p	پ	662
darvhay	داروهای	661
frkans	فرکانس	661
mhajrt	مهاجرت	661
kjash	کجاش	661
bshnasy	بشناسی	660
tkhss	تخصص	660
stargan	ستارگان	660
mhdvdyt	محدودیت	660
narahth	ناراحته	660
kazynv	کازینو	660
gzashtyn	گذاشتین	660
trvy	تروی	659
dndan	دندان	659
dvnald	دونالد	659
ndym	ندیم	659
nnh	ننه	659
ala	الا	658
aynch	اینچ	658
shdydy	شدیدی	658
faks	فاکس	658
mndy	مندی	658
mhrh	مهره	658
vydyv	ویدیو	658
almvt	الموت	657
jvnyvr	جونیور	657
dambldvr	دامبلدور	657
psty	پستی	657
pyrzn	پیرزن	657
chtr	چتر	657
astnly	استنلی	656
bgyrysh	بگیریش	656
tap	تاپ	656
jl	جعل	656
rahvl	راهول	656
snay	صنایع	656
ghtat	قطعات	656
mkhtlfy	مختلفی	656
kylb	کیلب	656
gvahynamh	گواهینامه	656
ashvb	آشوب	655
bdrvd	بدرود	655
rn	رن	655
ghymtsh	قیمتش	655
krk	کرک	655
chrndh	چرنده	654
jdydtryn	جدیدترین	653
rghsydn	رقصیدن	653
nyrvha	نیروها	653
vghttvn	وقتتون	653
chan	چان	653
amny	امنی	651
bkhshndh	بخشنده	651
jary	جاری	651
drmansh	درمانش	651
myznyd	میزنید	651
bgyrmsh	بگیرمش	650
jvabt	جوابت	650
khtab	خطاب	650
khvshhalh	خوشحاله	650
rndy	رندی	650
mfhvmh	مفهومه	650
psrmvn	پسرمون	650
kntrlh	کنترله	650
abh	آبه	649
blndy	بلندی	649
tvanyd	توانید	649
mamvran	ماموران	649
mytrsn	میترسن	649
anty	آنتی	648
rvbah	روباه	648
mvrchh	مورچه	648
mydvnstn	میدونستن	648
hktvr	هکتور	648
vnsa	ونسا	648
klab	کلاب	648
brvz	بروز	647
mtmnyd	مطمئنید	647
vytnam	ویتنام	647
bjngh	بجنگه	646
dryl	دریل	646
raygan	رایگان	646
rf	رفع	646
syly	سیلی	646
shghlm	شغلم	646
vb	وب	646
ashtrak	اشتراک	645
avv	اوو	645
bhtrynh	بهترینه	645
jalbyh	جالبیه	645
khanvadsh	خانوادش	645
shansm	شانسم	645
mrahl	مراحل	645
khkshan	کهکشان	645
bryzy	بریزی	644
drhay	درهای	644
dsthay	دستهای	644
frast	فراست	644
gharch	قارچ	644
kryksvs	کریکسوس	644
abraham	آبراهام	643
admksh	آدمکش	643
janby	جانبی	643
jngyd	جنگید	643
hrast	حراست	643
zvb	ذوب	643
frsh	فرش	643
kdvmsh	کدومش	643
kshmt	کشمت	643
byftym	بیفتیم	642
lntsh	لعنتش	642
nmydvnsty	نمیدونستی	642
hmchvn	همچون	642
brnmyad	برنمیاد	641
bvyy	بویی	641
thghyghaty	تحقیقاتی	641
tlkh	تلخ	641
khbrchyn	خبرچین	641
laghmnd	علاقمند	641
nalh	ناله	641
hrjvr	هرجور	641
asmshvn	اسمشون	640
azhdhay	اژدهای	640
khrydn	خریدن	640
syahh	سیاهه	639
shlvart	شلوارت	639
shyrh	شیره	639
fkrv	فکرو	639
mykhvrd	میخورد	639
myshnvh	میشنوه	639
aktbr	اکتبر	638
svahl	سواحل	638
svsys	سوسیس	638
sgy	سگی	638
sdashvn	صداشون	638
adrar	ادرار	637
bshnvn	بشنون	637
flvrans	فلورانس	637
lntyh	لعنتیه	637
pyghamy	پیغامی	637
bshknh	بشکنه	636
dkhl	دخل	636
mvght	موقت	636
nmyary	نمیاری	636
pars	پارس	636
katvlyk	کاتولیک	636
janb	جانب	635
jna	جنا	635
khvr	خور	635
pch	پچ	635
adary	اداری	634
bhr	بهر	634
byfty	بیفتی	634
dstgyrt	دستگیرت	634
dvtvn	دوتون	634
mtvjhy	متوجهی	634
pal	پال	634
bdl	بدل	633
trkyby	ترکیبی	633
jbhh	جبهه	633
jvana	جوانا	633
lynk	لینک	633
mhshr	محشر	633
myndazn	میندازن	633
nhmn	نه،من	633
bchsb	بچسب	632
nkhvay	نخوای	632
kakasyah	کاکاسیاه	632
amvzshy	آموزشی	631
avnjarv	اونجارو	631
halh	حاله	631
hghm	حقم	631
zdyd	زدید	631
shjay	شجاعی	631
flzy	فلزی	631
mvnym	مونیم	631
hvapymayy	هواپیمایی	631
astandard	استاندارد	630
brpa	برپا	630
bgynz	بگینز	630
jfry	جفری	630
rzy	رزی	630
shrvr	شرور	630
vstrvs	وستروس	630
bdt	بدت	629
tvzyhy	توضیحی	629
dlarh	دلاره	629
nmykhvry	نمیخوری	629
nmyfhmh	نمیفهمه	629
pyj	پیج	629
kpsvl	کپسول	629
avrdyd	آوردید	628
tnhamvn	تنهامون	628
mlaghaty	ملاقاتی	628
grdan	گردان	628
grdnm	گردنم	627
gyta	گیتا	627
tvghyf	توقیف	626
rsym	رسیم	626
aghbt	عاقبت	626
ghbrstvn	قبرستون	626
mydary	میداری	626
gabryl	گابریل	626
agahy	آگاهی	625
atyad	اعتیاد	625
bazygry	بازیگری	625
dvstmh	دوستمه	625
srh	سره	625
ghachaghchy	قاچاقچی	625
mykhndy	میخندی	625
drazy	درازی	624
drmyad	درمیاد	624
fly	فعلی	624
mntzrn	منتظرن	624
klmbya	کلمبیا	624
andam	اندام	623
slahyt	صلاحیت	623
nmayshy	نمایشی	623
jdayy	جدایی	622
skhn	سخن	622
mamansh	مامانش	622
nzyr	نظیر	622
adby	ادبی	621
azvn	ازون	621
bfrstsh	بفرستش	621
bgrdh	بگرده	621
khlafkar	خلافکار	621
nghab	نقاب	621
nmygn	نمیگن	621
rvzay	روزای	620
laky	لاکی	620
lbasay	لباسای	620
mbtla	مبتلا	620
mvz	موز	620
nvra	نورا	620
kaly	کالی	620
kvry	کوری	620
astysy	استیسی	619
bkhshydh	بخشیده	619
bylbv	بیلبو	619
tblygh	تبلیغ	619
yaftn	یافتن	619
arzh	ارزه	618
bfrvshy	بفروشی	618
ghlab	قلاب	618
dyrvght	دیروقت	617
sazh	سازه	617
ghdmy	قدمی	617
mbny	مبنی	617
mshklh	مشکله	617
nkhvad	نخواد	617
day	دعای	616
rsvndh	رسونده	616
nrym	نریم	616
kady	کادی	616
bbrysh	ببریش	615
sayz	سایز	615
myzashtm	میذاشتم	615
nndaz	ننداز	615
kabl	کابل	615
gnahy	گناهی	615
azhyr	آژیر	614
balh	باله	614
tslyt	تسلیت	614
drhalykh	درحالیکه	614
sdaha	صداها	614
frzyh	فرضیه	614
markv	مارکو	614
chsbydh	چسبیده	614
kshvrm	کشورم	614
bravrdh	برآورده	613
bfrvshh	بفروشه	613
drvny	درونی	613
shprd	شپرد	613
chmn	چمن	613
krvlayn	کرولاین	613
bshnasm	بشناسم	612
zayman	زایمان	612
svng	سونگ	612
mrvaryd	مروارید	612
plysm	پلیسم	612
damy	دائمی	611
dzdan	دزدان	611
badt	عبادت	611
frmvl	فرمول	611
pyshrvy	پیشروی	611
chhardh	چهارده	611
gnjynh	گنجینه	611
asrayl	اسرائیل	610
ansanh	انسانه	610
bdjns	بدجنس	610
srnkhy	سرنخی	610
mrdmsh	مردمش	610
vaysady	وایسادی	610
chrkhsh	چرخش	610
azam	اعزام	609
jvrab	جوراب	609
vatsvn	واتسون	609
kardynal	کاردینال	609
brnj	برنج	608
bmby	بمبئی	608
byanyh	بیانیه	608
drkt	درکت	608
lamsb	لامصب	608
myshnasyn	میشناسین	608
prym	پریم	608
kyfyt	کیفیت	608
ydvnh	یدونه	608
bazmandh	بازمانده	607
slyghh	سلیقه	607
nmygyry	نمیگیری	607
vyrjynya	ویرجینیا	607
bkhvnsh	بخونش	606
jamvn	جامون	606
dvydn	دویدن	606
slakhy	سلاخی	606
slm	عسلم	606
mrdany	مردانی	606
nshvntvn	نشونتون	606
vyzhgy	ویژگی	606
kshydym	کشیدیم	606
aghtsad	اقتصاد	605
khty	خطی	605
rvdy	رودی	605
shksty	شکستی	605
madrbzrgm	مادربزرگم	605
nrsyd	نرسید	605
krystvfr	کریستوفر	605
avayl	اوایل	604
srhal	سرحال	604
myk	میک	604
nkhvahnd	نخواهند	604
panda	پاندا	604
psrhay	پسرهای	604
bzrgtrh	بزرگتره	603
dyrm	دیرم	603
sayr	سایر	603
spasgzarm	سپاسگزارم	603
vyjy	ویجی	603
kamlh	کامله	603
astryt	استریت	602
bkhatrh	بخاطره	602
shvhrtvn	شوهرتون	602
zrvryh	ضروریه	602
flysyty	فلیسیتی	602
nvysy	نویسی	602
vkylm	وکیلم	602
chnta	چنتا	602
tvdh	توده	601
drvghgvy	دروغگوی	601
mtbvat	مطبوعات	601
myshnasyd	میشناسید	601
nmykhvayn	نمیخواین	601
psrmh	پسرمه	601
kmkshvn	کمکشون	601
ahaly	اهالی	600
brmyam	برمیام	600
hvads	حوادث	600
anzv	انزو	599
dada	دادا	599
nghbana	نگهبانا	599
hrrvz	هرروز	599
hfdh	هفده	599
hmvnjvr	همونجور	599
atshyn	آتشین	598
bvyd	بوید	598
tkhfyf	تخفیف	598
tndtr	تندتر	598
thv	تهوع	598
shyld	شیلد	598
mlaghattvn	ملاقاتتون	598
nvambr	نوامبر	598
tknyk	تکنیک	597
jvlyan	جولیان	597
shfa	شفا	597
vzyh	عوضیه	597
ndyn	ندین	597
grvhan	گروهان	597
aghdamat	اقدامات	596
bnvysh	بنویسه	596
tfryhy	تفریحی	596
j	ج	596
srbaza	سربازا	596
ghanvnh	قانونه	596
ghtsh	قطعش	596
lks	لکس	596
nmayshh	نمایشه	596
kalvyn	کالوین	596
kvdn	کودن	596
srprsty	سرپرستی	595
vaghb	عواقب	595
msvak	مسواک	595
tdrys	تدریس	594
khvastgary	خواستگاری	594
sabvn	صابون	594
mahychh	ماهیچه	594
kang	کانگ	594
afsha	افشا	593
byshtrshvn	بیشترشون	593
tvldm	تولدم	593
fsharsh	فشارش	593
hshtm	هشتم	593
bbynsh	ببینش	592
ghybt	غیبت	592
myvmdy	میومدی	592
nshym	نشیم	592
ktnys	کتنیس	592
szavar	سزاوار	591
mma	معما	591
mylad	میلاد	591
namzdy	نامزدی	591
paydar	پایدار	591
krt	کرت	591
amany	امانی	590
bradrmh	برادرمه	590
ghalb	قالب	590
mrgm	مرگم	590
kvlh	کوله	590
barbara	باربارا	589
khamh	خامه	589
khvdy	خودی	589
danshjvy	دانشجوی	589
srshv	سرشو	589
shjanh	شجاعانه	589
najy	ناجی	589
pdrbzrgm	پدربزرگم	589
grdvnym	گردونیم	589
dzmvnd	دزموند	588
lngr	لنگر	588
lp	لپ	588
vjvdsh	وجودش	588
amrykay	آمریکای	587
bta	بتا	587
shhvt	شهوت	587
sbanym	عصبانیم	587
msybt	مصیبت	587
pyshmvn	پیشمون	587
kshvrhay	کشورهای	587
avatar	آواتار	586
anghd	انقد	586
jvda	جودا	586
lazmt	لازمت	586
blndh	بلنده	585
tvkyv	توکیو	585
hrfash	حرفاش	585
hfrh	حفره	585
shlby	شلبی	585
shnl	شنل	585
mnsrf	منصرف	585
mhlt	مهلت	585
nsfsh	نصفش	585
klnl	کلنل	585
yadshvn	یادشون	585
adams	آدامس	584
bhvsh	بهوش	584
tghyyrsh	تغییرش	584
jnral	جنرال	584
lamp	لامپ	584
mgs	مگس	584
kvnsh	کونش	584
bkhsvs	بخصوص	583
drbyarm	دربیارم	583
maylm	مایلم	583
mychl	میچل	583
aspnsr	اسپنسر	582
askaylr	اسکایلر	582
jzaby	جذابی	582
rks	رکس	582
flfl	فلفل	582
mybynyn	میبینین	582
pyshnhadt	پیشنهادت	582
anan	آنان	581
aymn	ایمن	581
basn	باسن	581
trnr	ترنر	581
drsy	درسی	581
mghnatysy	مغناطیسی	581
pygyry	پیگیری	581
kashky	کاشکی	581
tsmymsh	تصمیمش	580
jatvn	جاتون	580
jnbh	جنبه	580
sasha	ساشا	580
mrgbar	مرگبار	580
nkrdyd	نکردید	580
hychkdvmshvn	هیچکدومشون	580
kalskh	کالسکه	580
gmrah	گمراه	580
arya	آریا	579
tmasy	تماسی	579
rval	روال	579
lvbya	لوبیا	579
nkhvryd	نخورید	579
kbyr	کبیر	579
ksyfy	کثیفی	579
brjsth	برجسته	578
sbd	سبد	578
svkhtn	سوختن	578
shtab	شتاب	578
falz	فالز	578
labd	لابد	578
myjngym	میجنگیم	578
nsbta	نسبتا	578
avtrd	اوترد	577
hafz	حافظ	577
khaky	خاکی	577
dvyl	دویل	577
rajrz	راجرز	577
syahy	سیاهی	577
mvdb	مودب	577
mydvnstym	میدونستیم	577
nmydad	نمیداد	577
gzashtmsh	گذاشتمش	577
amzay	امضای	576
tfngt	تفنگت	576
dyvarhay	دیوارهای	576
gvryh	گوریه	576
ajtnab	اجتناب	575
afsrdgy	افسردگی	575
brtrf	برطرف	575
bpry	بپری	575
tngh	تنگه	575
sdashv	صداشو	575
hnrhay	هنرهای	575
zhvn	ژوئن	575
kmysyvn	کمیسیون	575
gzarshat	گزارشات	575
tnys	تنیس	574
khvdshm	خودشم	574
rakt	راکت	574
zndgytvn	زندگیتون	574
ghyrady	غیرعادی	574
fvlad	فولاد	574
pvshydm	پوشیدم	574
azynkh	ازینکه	573
dstha	دستها	573
lbassh	لباسش	573
knjkavm	کنجکاوم	573
hvasmvn	حواسمون	572
sabghm	سابقم	572
srskht	سرسخت	572
fany	فانی	572
mrzy	مرزی	572
mvsr	موثر	572
myndazym	میندازیم	572
nmykhvasty	نمیخواستی	572
pzyrfth	پذیرفته	572
bydarsh	بیدارش	571
trkm	ترکم	571
dyvangyh	دیوانگیه	571
lbashay	لباسهای	571
lvtr	لوتر	571
marj	مارج	571
mykshyd	میکشید	571
nznm	نزنم	571
vlshvn	ولشون	571
bdk	بدک	570
hamy	حامی	570
shmshyrt	شمشیرت	570
shnvd	شنود	570
mjvn	معجون	570
mvrdt	موردت	570
nch	نچ	570
vlf	ولف	570
prstary	پرستاری	570
prns	پرنس	570
pyrahn	پیراهن	570
kmr	کمر	570
gzr	گذر	570
aftkharmh	افتخارمه	569
ayrad	ایراد	569
jah	جاه	569
sraghm	سراغم	569
flyn	فلین	569
nyazh	نیازه	569
hayh	هایه	569
kandvm	کاندوم	569
yvrv	یورو	569
ahrm	اهرم	568
bravn	براون	568
brydn	بریدن	568
bnjy	بنجی	568
bvlyng	بولینگ	568
dvstsh	دوستش	568
rjy	رجی	568
rhayy	رهایی	568
mydarym	میداریم	568
ngftn	نگفتن	568
hyvstvn	هیوستون	568
aytn	ایتن	567
bdaz	بعداز	567
rngsh	رنگش	567
mlkrd	عملکرد	567
mybynmsh	میبینمش	567
palmr	پالمر	567
asrat	اثرات	566
atghady	اعتقادی	566
khyalt	خیالت	566
rsvndy	رسوندی	566
syatl	سیاتل	566
mzhb	مذهب	566
mrdman	مردمان	566
msyry	مسیری	566
klydy	کلیدی	566
apra	اپرا	565
bprsyd	بپرسید	565
bky	بکی	565
drdm	دردم	565
mysm	میثم	565
arzshmnd	ارزشمند	564
antzarsh	انتظارش	564
avnhast	اونهاست	564
badvm	بادوم	564
khvabgah	خوابگاه	564
svarsh	سوارش	564
shfaf	شفاف	564
hndvstan	هندوستان	564
kmtry	کمتری	564
ajdad	اجداد	563
braym	برایم	563
darmt	دارمت	563
trah	طراح	563
mjrvh	مجروح	563
nrsh	نرسه	563
pn	پن	563
gstrdh	گسترده	563
brkt	برکت	562
bgrdyd	بگردید	562
hsabsh	حسابش	562
srbazay	سربازای	562
ashghm	عاشقم	562
myshnasn	میشناسن	562
mykrvfvn	میکروفون	562
vyns	وینس	562
chav	چاو	562
chtvryn	چطورین	562
amdyn	آمدین	561
avlyvr	اولیور	561
byshtrsh	بیشترش	561
khraby	خرابی	561
frstndh	فرستنده	561
mychrkhh	میچرخه	561
prvrdgar	پروردگار	561
bm	بم	560
dydgah	دیدگاه	560
radar	رادار	560
sazndh	سازنده	560
srdrd	سردرد	560
syl	سیل	560
ban	بان	559
khvdmvnh	خودمونه	559
zrbt	ضربت	559
mbadlh	مبادله	559
nakhn	ناخن	559
chrnd	چرند	559
kshavrzy	کشاورزی	559
gvy	گوی	559
yadtvnh	یادتونه	559
brnard	برنارد	558
bynmsh	بینمش	558
shvkhyh	شوخیه	558
nshyd	نشید	558
klynyk	کلینیک	558
trvmn	ترومن	557
tshryfat	تشریفات	557
jngym	جنگیم	557
hrart	حرارت	557
khvnyn	خونین	557
ragnar	راگنار	557
srbazy	سربازی	557
zyfy	ضعیفی	557
tlay	طلای	557
klvyy	کلویی	557
knayh	کنایه	557
grnh	گرنه	557
avtys	اوتیس	556
ayshan	ایشان	556
trsh	ترش	556
rvby	روبی	556
mdth	مدته	556
myshnd	میشند	556
haydra	هایدرا	556
valdynt	والدینت	556
karvan	کاروان	556
kshavrz	کشاورز	556
astralya	استرالیا	555
aspry	اسپری	555
ayntrnty	اینترنتی	555
tfkr	تفکر	555
drvnsh	درونش	555
dvrn	دورن	555
nayt	نایت	555
nbashym	نباشیم	555
hrvyn	هروئین	555
bkhnd	بخند	554
tbrh	تبرئه	554
halshv	حالشو	554
shdny	شدنی	554
sdatvn	صداتون	554
mlgh	معلق	554
mnzm	منظم	554
hrgvnh	هرگونه	554
ptrsvn	پترسون	554
pyta	پیتا	554
katryna	کاترینا	554
gzrgah	گذرگاه	554
alsa	السا	553
jnabaly	جنابعالی	553
hylh	حیله	553
khbrm	خبرم	553
khzanh	خزانه	553
darvha	داروها	553
dvstanm	دوستانم	553
rhbran	رهبران	553
mytvnnd	میتونند	553
chashny	چاشنی	553
asghf	اسقف	552
asabm	اعصابم	552
bdny	بدنی	552
brmyay	برمیای	552
dvghlv	دوقلو	552
rdyfsh	ردیفش	552
vyran	ویران	552
pakh	پاکه	552
aystadm	ایستادم	551
bhrany	بحرانی	551
brnda	برندا	551
khng	خنگ	551
sakhtgy	ساختگی	551
srty	سرعتی	551
sdf	صدف	551
mayy	مایی	551
nzdyksh	نزدیکش	551
astvdyv	استودیو	550
barny	بارنی	550
taymz	تایمز	550
tsmymat	تصمیمات	550
rsd	رسد	550
nbashn	نباشن	550
chn	چن	550
kshn	کشن	550
atraft	اطرافت	549
aynjayyn	اینجایین	549
dvna	دونا	549
svarh	سواره	549
tyghh	عتیقه	549
ghhrmanan	قهرمانان	549
vfgh	وفق	549
ptv	پتو	549
yar	یار	549
aynjayyd	اینجایید	548
fzvly	فضولی	548
ghychy	قیچی	548
lvrn	لورن	548
vahdha	واحدها	548
astfragh	استفراغ	547
dyvangy	دیوانگی	547
rvhm	روحم	547
zndanh	زندانه	547
sbastyn	سباستین	547
svdy	سودی	547
mrvfh	معروفه	547
vghv	وقوع	547
plastyky	پلاستیکی	547
pyamy	پیامی	547
gam	گام	547
agvst	آگوست	546
blndshv	بلندشو	546
bpych	بپیچ	546
bykhvd	بیخود	546
khstgy	خستگی	546
danh	دانه	546
ghyd	قید	546
mghdm	مقدم	546
nkhvrdy	نخوردی	546
hykl	هیکل	546
chpt	چپت	546
gp	گپ	546
byts	بیتس	545
prakndh	پراکنده	545
grsnmh	گرسنمه	545
bdvyd	بدوید	544
khyalsh	خیالش	544
dstt	دستت	544
chshmk	چشمک	544
tfavty	تفاوتی	543
jdyda	جدیدا	543
mstar	مستعار	543
nzdykm	نزدیکم	543
nmyvfth	نمیوفته	543
kbd	کبد	543
gvjh	گوجه	543
avrdnsh	آوردنش	542
jrt	جرئت	542
jnaytkar	جنایتکار	542
znhay	زنهای	542
pyambr	پیامبر	542
bavrnkrdny	باورنکردنی	541
tvm	توئم	541
armghan	ارمغان	540
alagh	الاغ	540
shklaty	شکلاتی	540
jybyh	عجیبیه	540
fhmydyd	فهمیدید	540
mhasbh	محاسبه	540
mvafghy	موافقی	540
mykhvahd	میخواهد	540
ahath	احاطه	539
avmdnd	اومدند	539
hghy	حقی	539
zshty	زشتی	539
shnakhty	شناختی	539
kvchvlvt	کوچولوت	539
yvnyfrm	یونیفرم	539
avrdysh	آوردیش	538
ghsab	قصاب	538
hyv	هیو	538
varn	وارن	538
pvnzdh	پونزده	538
ahsasatt	احساساتت	537
avvn	اوون	537
bynshvn	بینشون	537
jdvl	جدول	537
jnbsh	جنبش	537
khryh	خریه	537
drmangah	درمانگاه	537
f	ف	537
nznym	نزنیم	537
vghay	وقایع	537
yvjyn	یوجین	537
ahmghanst	احمقانست	536
batyatvs	باتیاتوس	536
baryh	باریه	536
bdr	بدر	536
tshyy	تشییع	536
dakhlh	داخله	536
ghryzh	غریزه	536
mdakhlh	مداخله	536
mystyk	میستیک	536
jlsat	جلسات	535
shvrt	شورت	535
ghvrt	قورت	535
lksy	لکسی	535
mykhad	میخاد	535
mydarn	میدارن	535
vrm	ورم	535
plastyk	پلاستیک	535
kdvmtvn	کدومتون	535
krdnm	کردنم	535
kmvnyst	کمونیست	535
astfan	استفان	534
bakht	باخت	534
brnt	برنت	534
dash	داش	534
danavan	داناوان	534
lara	لارا	534
maynh	معاینه	534
papy	پاپی	534
asyd	اسید	533
amzash	امضاش	533
ayn	این؟	533
jvnvr	جونور	533
drvghgvyy	دروغگویی	533
dvsth	دوسته	533
dktra	دکترا	533
nyay	نیای	533
vasth	واسطه	533
pvch	پوچ	533
ashghalh	آشغاله	532
byarysh	بیاریش	532
khfash	خفاش	532
smtsh	سمتش	532
mrdmm	مردمم	532
astkhraj	استخراج	531
aynghd	اینقد	531
baznshstgy	بازنشستگی	531
trtybshv	ترتیبشو	531
jdydsh	جدیدش	531
jzayr	جزایر	531
damn	دامن	531
rman	رمان	531
shar	شاعر	531
ghatlh	قاتله	531
lvyz	لوئیز	531
hjvm	هجوم	531
vndy	وندی	531
bkhvnym	بخونیم	530
anam	انعام	529
bghlsh	بغلش	529
blvt	بلوط	529
khshmgyn	خشمگین	529
sbzyjat	سبزیجات	529
mlaghatsh	ملاقاتش	529
nvla	نولا	529
bly	بلی	528
ghrvn	قرون	528
vyla	ویلا	528
yjvry	یجوری	528
angshtt	انگشتت	527
blvnd	بلوند	527
dstash	دستاش	527
shvyy	شویی	527
mft	مفت	527
vghfh	وقفه	527
trashh	تراشه	526
tarf	تعارف	526
khash	خاصه	526
khvastyd	خواستید	526
srfh	سرفه	526
sdrazm	صدراعظم	526
ngaht	نگاهت	526
vzayf	وظایف	526
ajbary	اجباری	525
almpyk	المپیک	525
ambr	امبر	525
tvzyhsh	توضیحش	525
khvbyn	خوبین	525
shkstm	شکستم	525
narnjy	نارنجی	525
pvlha	پولها	525
gym	گیم	525
bnyamyn	بنیامین	524
bydart	بیدارت	524
jyna	جینا	524
dzdydm	دزدیدم	524
zdmsh	زدمش	524
shnash	شناسه	524
tryghy	طریقی	524
myknh	میکنه؟	524
kvra	کورا	524
adgar	ادگار	523
althsyly	التحصیلی	523
alna	النا	523
tlfnm	تلفنم	523
tvldsh	تولدش	523
svastfadh	سوءاستفاده	523
sgha	سگها	523
shhrhay	شهرهای	523
mtnfrn	متنفرن	523
myrsvnm	میرسونم	523
narahtt	ناراحتت	523
tayrl	تایرل	522
sntral	سنترال	522
franklyn	فرانکلین	522
msmm	مصمم	522
nznyn	نزنین	522
pyrs	پیرس	522
bvghlmvn	بوقلمون	521
hghsh	حقش	521
rvdz	رودز	521
samvl	ساموئل	521
shvy	شوی	521
mjhz	مجهز	521
mykhvabm	میخوابم	521
mykshmsh	میکشمش	521
knjkavy	کنجکاوی	521
bdzdy	بدزدی	520
rjb	رجب	520
rvzgar	روزگار	520
lns	لنس	520
vra	ورا	520
psrbchh	پسربچه	520
ashghala	آشغالا	519
dvshvn	دوشون	519
rngyn	رنگین	519
srnshyn	سرنشین	519
shkrt	شکرت	519
ghnd	قند	519
lashy	لاشی	519
mkb	مکعب	519
havayy	هاوایی	519
vynstvn	وینستون	519
glvsh	گلوش	519
bnvshym	بنوشیم	518
hrvf	حروف	518
dyvarh	دیواره	518
framvshy	فراموشی	518
chndbar	چندبار	518
kfayt	کفایت	518
altmast	التماست	517
avnjvr	اونجور	517
brdgy	بردگی	517
brnmy	برنمی	517
daghvnh	داغونه	517
rmantyk	رمانتیک	517
rvanpzshk	روانپزشک	517
myfhmn	میفهمن	517
nyvjrsy	نیوجرسی	517
pashnh	پاشنه	517
kytlyn	کیتلین	517
yadmvn	یادمون	517
byg	بیگ	516
shrmn	شرمن	516
lng	لنگ	516
mthrk	متحرک	516
mych	میچ	516
nzdyktryn	نزدیکترین	516
nvzad	نوزاد	516
pt	پت	516
pdrmvn	پدرمون	516
bhtryny	بهترینی	515
symv	سعیمو	515
mlvan	ملوان	515
nmyknyn	نمیکنین	515
prsyvs	پرسیوس	515
bhdasht	بهداشت	514
drkhvasty	درخواستی	514
dmvkrasy	دموکراسی	514
lkhth	لخته	514
amadm	آمادم	513
bkshymsh	بکشیمش	513
tpsh	تپش	513
lykm	علیکم	513
fanvs	فانوس	513
ghvrbaghh	قورباغه	513
mydydy	میدیدی	513
mykrdyd	میکردید	513
pkhth	پخته	513
klft	کلفت	513
ashvn	اشون	512
bvdnh	بودنه	512
dzdha	دزدها	512
znanh	زنانه	512
frvkhty	فروختی	512
fy	فی	512
fynal	فینال	512
mntzrth	منتظرته	512
kmandar	کماندار	512
abnbat	آبنبات	511
tnm	تنم	511
khtrnakyh	خطرناکیه	511
rahtm	راحتم	511
sgm	سگم	511
mkhabrh	مخابره	511
mysazym	میسازیم	511
vardsh	واردش	511
pyshtvn	پیشتون	511
grmay	گرمای	511
gshad	گشاد	511
akv	اکو	510
bznnd	بزنند	510
bsazn	بسازن	510
bmbaran	بمباران	510
hfary	حفاری	510
shtr	شتر	510
shly	شلی	510
kvly	کولی	510
gstakh	گستاخ	510
bjngn	بجنگن	509
bdhyd	بدهید	509
brrsysh	بررسیش	509
tayd	تائید	509
khbrsh	خبرش	509
dvtamvn	دوتامون	509
zy	زی	509
hrdvshvn	هردوشون	509
hmahngy	هماهنگی	509
chrndyat	چرندیات	509
karvlyn	کارولین	509
kvchykt	کوچیکت	509
balsh	بالش	508
bja	بجا	508
bshnd	بشند	508
taygr	تایگر	508
dfnsh	دفنش	508
svky	سوکی	508
ghdrtmndy	قدرتمندی	508
mrdyh	مردیه	508
pvstsh	پوستش	508
alvdgy	آلودگی	507
ahngy	آهنگی	507
algvy	الگوی	507
agrm	اگرم	507
thvylsh	تحویلش	507
tghlyd	تقلید	507
jrghh	جرقه	507
jybt	جیبت	507
rstgary	رستگاری	507
mjbvrh	مجبوره	507
myznnd	میزنند	507
njatshvn	نجاتشون	507
prydn	پریدن	507
chvnh	چونه	507
chyps	چیپس	507
kan	کان	507
bvda	بودا	506
lyna	لینا	506
mrdmt	مردمت	506
nr	نر	506
vaysm	وایسم	506
anva	انواع	505
bprm	بپرم	505
byvft	بیوفت	505
tkhtt	تختت	505
faz	فاز	505
hlmz	هلمز	505
chyzsh	چیزش	505
gshnh	گشنه	505
avzat	اوضاعت	504
sfydh	سفیده	504
myshdh	میشده	504
nkhvry	نخوری	504
nhng	نهنگ	504
arzshh	ارزشه	503
bnjamyn	بنجامین	503
trn	ترن	503
tsvyh	تسویه	503
sha	شعاع	503
lshkr	لشکر	503
nbvdnd	نبودند	503
astyn	آستین	502
ashty	آشتی	502
astdady	استعدادی	502
aytan	ایتان	502
brgzydh	برگزیده	502
drbrabr	دربرابر	502
sympsvn	سیمپسون	502
shahyn	شاهین	502
nsr	عنصر	502
mghtvl	مقتول	502
vtn	وطن	502
yvry	یوری	502
bstry	بستری	501
tjzyh	تجزیه	501
jmal	جمال	501
jvlyn	جولین	501
dvtsh	دعوتش	501
rsvndm	رسوندم	501
sngr	سنگر	501
nakhvdagah	ناخودآگاه	501
aghrar	اقرار	500
alktrvnyky	الکترونیکی	500
bkhvahy	بخواهی	500
trsyd	ترسید	500
khvnshvn	خونشون	500
rvanshnas	روانشناس	500
zbvnt	زبونت	500
mlahzh	ملاحظه	500
mmnvnym	ممنونیم	500
nkshyd	نکشید	500
zhnratvr	ژنراتور	500
knarh	کناره	500
jd	جد	499
dstbrd	دستبرد	499
rvbrvy	روبروی	499
frstadym	فرستادیم	499
mztrb	مضطرب	499
nshn	نشن	499
hantr	هانتر	499
ajtma	اجتماع	498
bbkhshh	ببخشه	498
byarynsh	بیارینش	498
tlfnsh	تلفنش	498
jaz	جاز	498
drmyarh	درمیاره	498
dygv	دیگو	498
rasth	راسته	498
mamvray	مامورای	498
mhrvm	محروم	498
mtabgh	مطابق	498
mybrd	میبرد	498
klm	کلم	498
ayvy	ایوی	497
brgrdvnd	برگردوند	497
bykhvdy	بیخودی	497
tasysat	تاسیسات	497
tnh	تنه	497
dstth	دستته	497
rvshny	روشنی	497
shyla	شیلا	497
fvrmn	فورمن	497
mnaf	منافع	497
hvshyar	هوشیار	497
vaksn	واکسن	497
gftgvy	گفتگوی	497
ankh	آنکه	496
asmtv	اسمتو	496
khvastar	خواستار	496
dstmzd	دستمزد	496
sb	صب	496
ghltv	عقلتو	496
hyj	هیج	496
yvrk	یورک	496
brsvnmt	برسونمت	495
bprsh	بپرسه	495
thdydy	تهدیدی	495
rfyghm	رفیقم	495
saghh	صاعقه	495
ghlaby	قلابی	495
mybrmsh	میبرمش	495
myshdym	میشدیم	495
nhvh	نحوه	495
nfst	نفست	495
gylas	گیلاس	495
bazdashty	بازداشتی	494
tvyz	تعویض	494
jant	جانت	494
khvdtvnh	خودتونه	494
dadasht	داداشت	494
zyadn	زیادن	494
shdnt	شدنت	494
tbl	طبل	494
zalm	ظالم	494
ghyam	قیام	494
nyvmdym	نیومدیم	494
chndtayy	چندتایی	494
danshmndan	دانشمندان	493
rahbh	راهبه	493
rayanh	رایانه	493
rhmt	رحمت	493
rvzt	روزت	493
vmn	ومن	493
chyzarv	چیزارو	493
kryn	کرین	493
antkhabsh	انتخابش	492
brvyd	بروید	492
bsktbal	بسکتبال	492
dlta	دلتا	492
dyna	دینا	492
rsy	رسی	492
sfydpvst	سفیدپوست	492
fry	فری	492
mygyrmsh	میگیرمش	492
hmvnghdr	همونقدر	492
ark	آرک	491
brghrary	برقراری	491
bfrstn	بفرستن	491
janvr	جانور	491
khvshglm	خوشگلم	491
dkhtrmvn	دخترمون	491
dvrf	دورف	491
madrshvn	مادرشون	491
nprsydm	نپرسیدم	491
vaghym	واقعیم	491
chshmy	چشمی	491
akhtsasy	اختصاصی	490
bkhda	بخدا	490
hakm	حاکم	490
khjalty	خجالتی	490
shryf	شریف	490
fransyskv	فرانسیسکو	490
frmanrvay	فرمانروای	490
msthgh	مستحق	490
mdny	معدنی	490
nshstym	نشستیم	490
kshvndh	کشونده	490
tkan	تکان	489
khyalm	خیالم	489
khylya	خیلیا	489
dftrt	دفترت	489
dyg	دیگ	489
sbhh	صبحه	489
mandn	ماندن	489
mryn	مرین	489
pyaz	پیاز	489
chya	چیا	489
kvdy	کودی	489
avnkh	اونکه	488
tlfz	تلفظ	488
tyryvn	تیریون	488
jvrh	جوره	488
stad	ستاد	488
ghyrh	غیره	488
ndydn	ندیدن	488
brngshth	برنگشته	487
bgvym	بگویم	487
hajy	حاجی	487
srhm	سرهم	487
lngrgah	لنگرگاه	487
nkshth	نکشته	487
chyst	چیست	487
azadanh	آزادانه	486
ahsasatm	احساساتم	486
bkhvby	بخوبی	486
jzyyat	جزییات	486
dkhtrmh	دخترمه	486
drvghy	دروغی	486
rsvayy	رسوایی	486
zyrkanh	زیرکانه	486
shkhsyty	شخصیتی	486
frstm	فرستم	486
mkhfysh	مخفیش	486
mydadym	میدادیم	486
nmay	نمای	486
chyzm	چیزم	486
kbdy	کبدی	486
gay	گای	486
brbyad	بربیاد	485
trmym	ترمیم	485
jvrdn	جوردن	485
khrm	خرم	485
rvyaha	رویاها	485
shbaht	شباهت	485
shhamt	شهامت	485
ghvm	قوم	485
hly	هلی	485
aystady	ایستادی	484
jngydm	جنگیدم	484
hkmrany	حکمرانی	484
dama	دائما	484
dravrdn	درآوردن	484
santa	سانتا	484
frvkhtm	فروختم	484
lvka	لوکا	484
myfrstn	میفرستن	484
hdft	هدفت	484
hnrpyshh	هنرپیشه	484
glvy	گلوی	484
jngjvyan	جنگجویان	483
srth	سرته	483
shrkty	شرکتی	483
tavn	طاعون	483
mvna	مونا	483
ngashvn	نگاشون	483
chkmh	چکمه	483
chysh	چیش	483
admyh	آدمیه	482
tkhyly	تخیلی	482
tdarkat	تدارکات	482
tghybm	تعقیبم	482
jvabmv	جوابمو	482
dhy	دهی	482
mshrvt	مشروط	482
pamv	پامو	482
amvn	امون	481
dnrys	دنریس	481
myshynm	میشینم	481
pvlmv	پولمو	481
algv	الگو	480
aystad	ایستاد	480
bydarm	بیدارم	480
tsvyb	تصویب	480
tklyf	تکلیف	480
khdarvshkr	خداروشکر	480
shlvarm	شلوارم	480
atlay	اطلاعی	479
javdanh	جاودانه	479
hdaghlsh	حداقلش	479
zrfyt	ظرفیت	479
lstr	لستر	479
myfrstym	میفرستیم	479
naghs	ناقص	479
ndrt	ندرت	479
kasby	کاسبی	479
gndt	گندت	479
khtvr	خطور	478
rvanshnasy	روانشناسی	478
sdahay	صداهای	478
frvkht	فروخت	478
kvdky	کودکی	478
bdnbal	بدنبال	477
khvshamd	خوشامد	477
dlsvzy	دلسوزی	477
dysk	دیسک	477
sbzh	سبزه	477
shhrdary	شهرداری	477
mtsdy	متصدی	477
hmynghdr	همینقدر	477
pnjshnbh	پنجشنبه	477
asvntr	آسونتر	476
astla	استلا	476
bakhtm	باختم	476
tdadshvn	تعدادشون	476
tndy	تندی	476
khangy	خانگی	476
dvtashvn	دوتاشون	476
rajbh	راجبه	476
zak	زاک	476
frghsh	فرقش	476
ftrt	فطرت	476
gavchrvn	گاوچرون	476
abad	آباد	475
azrkhsh	آذرخش	475
antvnyv	آنتونیو	475
aynd	آیند	475
bdnh	بدنه	475
brdnd	بردند	475
hraj	حراج	475
hvasshvn	حواسشون	475
khsvsa	خصوصا	475
danyd	دانید	475
shkmsh	شکمش	475
lght	لغت	475
padshahan	پادشاهان	475
psrmv	پسرمو	475
kshtym	کشتیم	475
klyk	کلیک	475
gvgl	گوگل	475
jybm	جیبم	474
khv	خو	474
dlfyn	دلفین	474
frzndy	فرزندی	474
mytvnstn	میتونستن	474
nghash	نقاش	474
gzrvny	گذرونی	474
gvrt	گورت	474
avnghdrha	اونقدرها	473
avy	اوی	473
thmynh	تهمینه	473
drbyarh	دربیاره	473
srfa	صرفا	473
naslamty	ناسلامتی	473
vaysadm	وایسادم	473
grmy	گرمی	473
bryzym	بریزیم	472
danshjv	دانشجو	472
dstshh	دستشه	472
rzhh	رژه	472
ghlth	غلطه	472
frya	فریا	472
lastyk	لاستیک	472
mdy	مدی	472
nyavrdm	نیاوردم	472
plysha	پلیسها	472
gra	گرا	472
bknnd	بکنند	471
bgyrymsh	بگیریمش	471
dastant	داستانت	471
ghdry	قدری	471
nzashth	نذاشته	471
nmyknnd	نمیکنند	471
pyshrfty	پیشرفتی	471
gylbrt	گیلبرت	471
yadgary	یادگاری	471
ashnast	آشناست	470
bstym	بستیم	470
trys	تریس	470
tghla	تقلا	470
khanmy	خانمی	470
mzdvr	مزدور	470
naks	ناکس	470
payy	پایی	470
tdfyn	تدفین	469
tyna	تینا	469
khbrha	خبرها	469
dadashm	داداشم	469
rbayy	ربایی	469
padzhr	پادزهر	469
atlanta	آتلانتا	468
askyt	اسکیت	468
jadvgra	جادوگرا	468
jlvshvnv	جلوشونو	468
dhly	دهلی	468
nyazmnd	نیازمند	468
hrdvy	هردوی	468
pyshksh	پیشکش	468
chtvrn	چطورن	468
astyl	استیل	467
asparv	اسپارو	467
anfrady	انفرادی	467
trhm	ترحم	467
tghybt	تعقیبت	467
frstsh	فرصتش	467
laby	لابی	467
mdad	مداد	467
mhrbany	مهربانی	467
natasha	ناتاشا	467
nmt	نعمت	467
valdynsh	والدینش	467
paksh	پاکش	467
kshvrmvn	کشورمون	467
kchl	کچل	467
ahtmalat	احتمالات	466
aspak	اسپاک	466
avrzhansy	اورژانسی	466
baygany	بایگانی	466
bymarstanh	بیمارستانه	466
tymarstan	تیمارستان	466
drvnm	درونم	466
dsambr	دسامبر	466
znndh	زننده	466
mat	مات	466
mshkhsy	مشخصی	466
myanh	میانه	466
nmyshnvm	نمیشنوم	466
pntagvn	پنتاگون	466
klydha	کلیدها	466
arbaban	اربابان	465
bymaran	بیماران	465
jvng	جونگ	465
khrydar	خریدار	465
dyrtr	دیرتر	465
sght	سقط	465
sykh	سیخ	465
shahdy	شاهدی	465
varz	عوارض	465
mrajh	مراجعه	465
mmvlyh	معمولیه	465
vsyghh	وثیقه	465
vrvnyka	ورونیکا	465
bfhm	بفهم	464
thvyh	تهویه	464
srkvb	سرکوب	464
snjab	سنجاب	464
lvh	لوح	464
mhajm	مهاجم	464
vaghh	واقعه	464
pvstt	پوستت	464
gvhy	گوهی	464
brsyd	برسید	463
khdavnda	خداوندا	463
zrat	ذرات	463
sddrsd	صددرصد	463
fhmydnsh	فهمیدنش	463
nzashtm	نذاشتم	463
nghlyh	نقلیه	463
valry	والری	463
ymn	یمن	463
amanh	امانه	462
babanvl	بابانوئل	462
brayt	برایت	462
dstvry	دستوری	462
rkht	رخت	462
srytryn	سریعترین	462
nvjvvn	نوجوون	462
vslsh	وصلش	462
prty	پرتی	462
prfsvr	پرفسور	462
gvynd	گویند	462
angl	انگل	461
tkhtkhvab	تختخواب	461
tvzy	توزیع	461
shansh	شانسه	461
fvryh	فوریه	461
mahm	ماهم	461
hmannd	همانند	461
kartl	کارتل	461
bradrtvn	برادرتون	460
brny	برنی	460
bka	بکا	460
tmyrsh	تعمیرش	460
dvtt	دعوتت	460
nvrma	نورما	460
vavv	واوو	460
klksyvn	کلکسیون	460
abtdayy	ابتدایی	459
bradrzadh	برادرزاده	459
khvrym	خوریم	459
ghalm	قائلم	459
mtrvkh	متروکه	459
amdm	آمدم	458
bbndh	ببنده	458
bnfsh	بنفش	458
bprh	بپره	458
tlashy	تلاشی	458
halyt	حالیت	458
rvzgary	روزگاری	458
sabght	سابقت	458
srashpz	سرآشپز	458
pyrh	پیره	458
ardv	اردو	457
barvt	باروت	457
khvshkl	خوشکل	457
dvayt	دوایت	457
srshar	سرشار	457
tlby	طلبی	457
mrdym	مردیم	457
mvrf	مورف	457
mchkrm	مچکرم	457
hans	هانس	457
vdka	ودکا	457
azdst	ازدست	456
antshar	انتشار	456
blv	بلو	456
jvhr	جوهر	456
dravrd	درآورد	456
dvrv	دورو	456
rvry	روری	456
sfry	سفری	456
ghlsh	عقلش	456
myshnakhty	میشناختی	456
mylyvnha	میلیونها	456
nazh	نازه	456
nmyshnash	نمیشناسه	456
arharh	آره،آره	455
ataghh	اتاقه	455
halmv	حالمو	455
khvandn	خواندن	455
shkary	شکاری	455
mrzhay	مرزهای	455
mykhvabh	میخوابه	455
ngrft	نگرفت	455
azvghh	آذوقه	454
arza	ارضا	454
amkanat	امکانات	454
baydm	بایدم	454
bgrdn	بگردن	454
khshab	خشاب	454
nfty	نفتی	454
hmchy	همچی	454
hmkart	همکارت	454
pshth	پشته	454
pvrtlnd	پورتلند	454
pvsty	پوستی	454
gvkv	گوکو	454
azdvajmvn	ازدواجمون	453
astrahty	استراحتی	453
jvvnh	جوونه	453
zndgyshv	زندگیشو	453
zyadm	زیادم	453
sryh	سریعه	453
farsy	فارسی	453
karyv	کاریو	453
abshar	آبشار	452
antvn	آنتون	452
jang	جانگ	452
shry	شری	452
mvvy	مووی	452
pkhshsh	پخشش	452
karym	کاریم	452
kvk	کوک	452
bstr	بستر	451
jryanh	جریانه	451
rbvdh	ربوده	451
mars	مارس	451
yadbvd	یادبود	451
alvd	آلود	450
brsyn	برسین	450
brndvn	برندون	450
bynysh	بینیش	450
ghbal	قبال	450
layhh	لایحه	450
malkyt	مالکیت	450
mslt	مسلط	450
mygsht	میگشت	450
vaghyth	واقعیته	450
paha	پاها	450
pnhany	پنهانی	450
pyrhn	پیرهن	450
kalbd	کالبد	450
kalyn	کالین	450
thmt	تهمت	449
jnt	جنت	449
darysh	داریش	449
rb	ربع	449
slvly	سلولی	449
shhrv	شهرو	449
ghaymsh	قایمش	449
kany	کانی	449
klvd	کلود	449
akadmy	آکادمی	448
akhazy	اخاذی	448
znvnh	زنونه	448
shanst	شانست	448
habz	هابز	448
vzytsh	وضعیتش	448
kaptan	کاپتان	448
ajyr	اجیر	447
baj	باج	447
tsmymt	تصمیمت	447
tmamsh	تمامش	447
jashva	جاشوا	447
dmaght	دماغت	447
mrdk	مردک	447
nhm	نهم	447
haky	هاکی	447
pkht	پخت	447
pdrmv	پدرمو	447
pdrv	پدرو	447
psrk	پسرک	447
krysty	کریستی	447
gyrndh	گیرنده	447
atan	اتان	446
amthany	امتحانی	446
baryk	باریک	446
tshnj	تشنج	446
dadrsy	دادرسی	446
zmyr	ضمیر	446
ghyaft	قیافت	446
mytvand	میتواند	446
plng	پلنگ	446
atvmatyk	اتوماتیک	445
bbynmshvn	ببینمشون	445
bdzd	بدزد	445
byngv	بینگو	445
tvanym	توانیم	445
khvandh	خوانده	445
mdarky	مدارکی	445
mvhbt	موهبت	445
hjdh	هجده	445
hmvnjast	همونجاست	445
vyny	وینی	445
grvnh	گرونه	445
anghlaby	انقلابی	444
ava	اوا	444
tmrynat	تمرینات	444
jngydy	جنگیدی	444
khvrn	خورن	444
drmyarm	درمیارم	444
rfghay	رفقای	444
ryzh	ریزه	444
zlzlh	زلزله	444
shdsh	شدش	444
mhkmy	محکمی	444
abryshm	ابریشم	443
dhym	دهیم	443
ttry	ططری	443
gharh	قاره	443
mnhm	منهم	443
pvkr	پوکر	443
aztrab	اضطراب	442
blamy	بلامی	442
jngndh	جنگنده	442
dstpachh	دستپاچه	442
dmaghm	دماغم	442
kas	عکاس	442
mjrdy	مجردی	442
msafran	مسافران	442
mhar	مهار	442
mydvnsth	میدونسته	442
myshynh	میشینه	442
vasa	واسا	442
vslh	وصله	442
kamly	کاملی	442
kyft	کیفت	442
avn	اون؟	441
brnmygrdh	برنمیگرده	441
dalas	دالاس	441
dnbaltvn	دنبالتون	441
rsydyn	رسیدین	441
sksyh	سکسیه	441
ghatly	قاتلی	441
nkhvryn	نخورین	441
nzaryn	نذارین	441
nkrdnd	نکردند	441
vzvh	وضوح	441
khyl	خیل	440
frvkhtn	فروختن	440
azmayshgahy	آزمایشگاهی	439
aftzahy	افتضاحی	439
haml	حامل	439
dzday	دزدای	439
srtsh	سرعتش	439
shytanh	شیطانه	439
fvrt	فورت	439
maljh	معالجه	439
payyny	پایینی	439
kyra	کیرا	439
yard	یارد	439
yaghy	یاغی	439
andrh	آندره	438
anfjary	انفجاری	438
byarymsh	بیاریمش	438
hvmh	حومه	438
khvahshmyknm	خواهشمیکنم	438
ryl	ریل	438
lvn	لئون	438
mkhalfm	مخالفم	438
mytrsvnh	میترسونه	438
myvmdn	میومدن	438
pngvn	پنگوئن	438
ppr	پپر	438
chsham	چشام	438
aystadn	ایستادن	437
brvnv	برونو	437
tvbh	توبه	437
tvshvn	توشون	437
dzh	دژ	437
tfrh	طفره	437
mlaghatt	ملاقاتت	437
ndadym	ندادیم	437
hrbar	هربار	437
hrshb	هرشب	437
vayn	واین	437
prtghal	پرتقال	437
aks	اکس	436
ayp	ایپ	436
tkhtsh	تختش	436
sbat	ثبات	436
khvastnd	خواستند	436
danshgahy	دانشگاهی	436
srjash	سرجاش	436
vtv	وتو	436
karat	کارات	436
avnam	اونام	435
byrvnn	بیرونن	435
khvraky	خوراکی	435
dlylyh	دلیلیه	435
mzaydh	مزایده	435
mnft	منفعت	435
phn	پهن	435
ym	یم	435
azadt	آزادت	434
bbynymsh	ببینیمش	434
byftm	بیفتم	434
hazrn	حاضرن	434
hshry	حشری	434
mayym	ماییم	434
mysazm	میسازم	434
harpr	هارپر	434
klary	کلاری	434
gyahy	گیاهی	434
ykdfh	یکدفعه	434
asmh	اسمه	433
hrfshv	حرفشو	433
khvnd	خوند	433
drgah	درگاه	433
shkmt	شکمت	433
famyly	فامیلی	433
mkhfygah	مخفیگاه	433
klahbrdary	کلاهبرداری	433
gzashtnd	گذاشتند	433
bdmsh	بدمش	432
trv	ترو	432
tshyh	تصحیح	432
jlvtv	جلوتو	432
nkbvty	عنکبوتی	432
lvky	لوکی	432
mvghty	موقتی	432
myshknh	میشکنه	432
vang	وانگ	432
gyahan	گیاهان	432
bshnash	بشناسه	431
jlvmv	جلومو	431
rvl	رول	431
shkvfh	شکوفه	431
nshvnshvn	نشونشون	431
nght	نگهت	431
asya	آسیا	430
tbdylsh	تبدیلش	430
jabjayy	جابجایی	430
khndydn	خندیدن	430
rvbrahy	روبراهی	430
shash	شاش	430
nfvzy	نفوذی	430
pdrbzrgt	پدربزرگت	430
ganh	گانه	430
yaby	یابی	430
sadst	سادست	429
ghbz	قبض	429
ghdmt	قدمت	429
habyt	هابیت	429
pshmalv	پشمالو	429
ply	پلی	429
ksyv	کسیو	429
kyrt	کیرت	429
arvmh	آرومه	428
afsran	افسران	428
bazyaby	بازیابی	428
bvdnm	بودنم	428
hghyghty	حقیقتی	428
dayan	دایان	428
srpa	سرپا	428
mkhmsh	مخمصه	428
pvrt	پورت	428
asprm	اسپرم	427
angshtr	انگشتر	427
ayrlnd	ایرلند	427
takr	تاکر	427
pydatvn	پیداتون	427
zhanvyh	ژانویه	427
abjvy	آبجوی	426
arzshshv	ارزششو	426
bshdt	بشدت	426
khvahan	خواهان	426
shyrjh	شیرجه	426
kssh	عکسش	426
fyladlfya	فیلادلفیا	426
nrkh	نرخ	426
hagryd	هاگرید	426
kyd	کید	426
gan	گان	426
gndm	گندم	426
avlh	اوله	425
bsaz	بساز	425
byarydsh	بیاریدش	425
tash	تاش	425
khsvsyh	خصوصیه	425
khvshmvn	خوشمون	425
db	دب	425
dygst	دیگست	425
flsfh	فلسفه	425
mnjmd	منجمد	425
ngranh	نگرانه	425
vyraysh	ویرایش	425
kvchykm	کوچیکم	425
atvmbyl	اتومبیل	424
bazyt	بازیت	424
jvl	جول	424
hsvdym	حسودیم	424
khalgh	خالق	424
danth	دانته	424
dvstant	دوستانت	424
shkafy	شکافی	424
zlh	عضله	424
ghdrtm	قدرتم	424
ghdrth	قدرته	424
mghbrh	مقبره	424
myavrd	میاورد	424
nak	ناک	424
ndvny	ندونی	424
kvrt	کورت	424
g	گ	424
grysvn	گریسون	424
aramy	آرامی	423
askvbar	اسکوبار	423
bamn	بامن	423
darvyn	داروین	423
dvma	دوما	423
rvmv	رومئو	423
tvryh	طوریه	423
lymv	لیمو	423
mvnn	مونن	423
myzm	میزم	423
vsaylsh	وسایلش	423
arvpayy	اروپایی	422
bnabr	بنابر	422
hrkth	حرکته	422
khamvshy	خاموشی	422
shanh	شانه	422
lvyy	لویی	422
myayd	میاید	422
mykhvrdm	میخوردم	422
nzaryd	نذارید	422
nmybrh	نمیبره	422
hatvnv	هاتونو	422
atfaghayy	اتفاقایی	421
aghlym	اقلیم	421
shhab	شهاب	421
mvdbanh	مودبانه	421
mvnt	مونت	421
psnd	پسند	421
pykr	پیکر	421
chang	چانگ	421
ksyfh	کثیفه	421
klyda	کلیدا	421
graham	گراهام	421
bazprs	بازپرس	420
bdysh	بعدیش	420
thsyly	تحصیلی	420
jngly	جنگلی	420
jvnshvn	جونشون	420
srgrdan	سرگردان	420
nsyb	نصیب	420
hmdst	همدست	420
prsnl	پرسنل	420
prysh	پریش	420
pvrtr	پورتر	420
aryzvna	آریزونا	419
bsmt	بسمت	419
shrvsh	شروعش	419
shkmm	شکمم	419
madrmh	مادرمه	419
mbarkh	مبارکه	419
nbynm	نبینم	419
ntvnn	نتونن	419
hyvn	هیون	419
anra	آنرا	418
avvm	اووم	418
bkhvnyd	بخونید	418
bpvshh	بپوشه	418
drnzr	درنظر	418
rhmy	رحمی	418
ryv	ریو	418
rby	عربی	418
fshary	فشاری	418
mykhrh	میخره	418
myzh	میزه	418
akhrh	آخره	417
ahsasm	احساسم	417
aynjaha	اینجاها	417
bshashm	بشاشم	417
bgzrvnh	بگذرونه	417
jld	جلد	417
khmyr	خمیر	417
rsydnd	رسیدند	417
ghrbanyan	قربانیان	417
mhghgh	محقق	417
pdrm	پدرم	417
pyamk	پیامک	417
chrb	چرب	417
gvshyt	گوشیت	417
tsvrat	تصورات	416
radh	راده	416
rftnt	رفتنت	416
shypvr	شیپور	416
nm	نم	416
thmyl	تحمیل	415
zyn	زین	415
fryzr	فریزر	415
lydys	لیدیس	415
mahyt	ماهیت	415
hrtvr	هرطور	415
krvz	کروز	415
avmdsh	اومدش	414
baghchh	باغچه	414
bdtry	بدتری	414
brym	بریم؟	414
bshnv	بشنو	414
jashv	جاشو	414
jnah	جناح	414
fshng	فشنگ	414
lvrl	لورل	414
lymvzyn	لیموزین	414
mvbaylt	موبایلت	414
pyshy	پیشی	414
kryd	کرید	414
kshtsh	کشتش	414
grdvny	گردونی	414
glha	گلها	414
ahmd	احمد	413
ayngvnh	اینگونه	413
jraht	جراحت	413
hyvvna	حیوونا	413
sthy	سطحی	413
zhvr	ظهور	413
mach	ماچ	413
mmlkt	مملکت	413
mykhvaby	میخوابی	413
hvv	هوو	413
klvyn	کلوین	413
gzrvndn	گذروندن	413
ybar	یبار	413
brngrd	برنگرد	412
bvrs	بورس	412
khdafzy	خدافظی	412
samvrayy	سامورایی	412
shayaty	شایعاتی	412
lzvmy	لزومی	412
mysazn	میسازن	412
nshvnmvn	نشونمون	412
pvshh	پوشه	412
kvchvlvyy	کوچولویی	412
bhdh	بعهده	411
khrh	خره	411
drkar	درکار	411
dvstamvn	دوستامون	411
dvstany	دوستانی	411
sang	سانگ	411
mama	ماما	411
nshdny	نشدنی	411
nmyzarn	نمیذارن	411
ngyry	نگیری	411
hvng	هونگ	411
atv	اتو	410
askytr	اسکیتر	410
aslyh	اصلیه	410
ahrymn	اهریمن	410
bardar	باردار	410
brhnh	برهنه	410
tarykhchh	تاریخچه	410
drndh	درنده	410
rastt	راستت	410
rvanyh	روانیه	410
zdnsh	زدنش	410
zmt	عظمت	410
mkht	مخت	410
mslsl	مسلسل	410
mkanyk	مکانیک	410
vsyt	وصیت	410
pzyry	پذیری	410
aystadgy	ایستادگی	409
brmydarh	برمیداره	409
dravrdm	درآوردم	409
mg	مگ	409
mytvnsth	میتونسته	409
gzarshy	گزارشی	409
avrdmsh	آوردمش	408
afttahyh	افتتاحیه	408
brbyam	بربیام	408
bvn	بون	408
byrvnsh	بیرونش	408
khvahran	خواهران	408
rahrvy	راهروی	408
mfghvd	مفقود	408
nytn	نیتن	408
pdrth	پدرته	408
kyly	کیلی	408
asabt	اصابت	407
halmvn	حالمون	407
zkr	ذکر	407
srvd	سرود	407
fastr	فاستر	407
fnavry	فناوری	407
mamvrhay	مامورهای	407
mdavm	مداوم	407
prvtkl	پروتکل	407
kys	کیس	407
gyrshvn	گیرشون	407
arabh	ارابه	406
tsfyh	تصفیه	406
rvzm	روزم	406
zrry	ضرری	406
lyzr	لیزر	406
hmyntvrm	همینطورم	406
chl	چل	406
avrshlym	اورشلیم	405
tblyghaty	تبلیغاتی	405
dky	دکی	405
svryh	سوریه	405
shkny	شکنی	405
chykarsh	چیکارش	405
kvchyksh	کوچیکش	405
avrdnd	آوردند	404
adgham	ادغام	404
bbrymt	ببریمت	404
bghlt	بغلت	404
bynn	بینن	404
tablvy	تابلوی	404
jzabyt	جذابیت	404
khvabyd	خوابید	404
khvdsh	خودش	404
daynasvr	دایناسور	404
dvmynyk	دومینیک	404
zngy	زنگی	404
sdr	صدر	404
mslhanh	مسلحانه	404
nkhvahyd	نخواهید	404
pzyrh	پذیره	404
pyghmbr	پیغمبر	404
kmyab	کمیاب	404
gzashtyd	گذاشتید	404
bdnd	بدند	403
tlasht	تلاشت	403
jst	جست	403
drz	درز	403
razhay	رازهای	403
shlvghy	شلوغی	403
svrthsab	صورتحساب	403
zlm	ظلم	403
madrbzrgt	مادربزرگت	403
mash	ماسه	403
myprsh	میپرسه	403
nkhvam	نخوام	403
hmyna	همینا	403
chvpan	چوپان	403
anbary	انباری	402
sabtsh	ثابتش	402
df	دفع	402
dyrmvn	دیرمون	402
srvsda	سروصدا	402
shvnv	شونو	402
ghvanyny	قوانینی	402
martynz	مارتینز	402
mhrbvnh	مهربونه	402
nmayndgy	نمایندگی	402
nymkt	نیمکت	402
nyvmdn	نیومدن	402
pyvsth	پیوسته	402
arna	آرنا	401
angshtsh	انگشتش	401
bdtrsh	بدترش	401
blhghrban	بله،قربان	401
jsmy	جسمی	401
dvnat	دونات	401
dvnfr	دونفر	401
zmvnh	زمونه	401
ghblym	قبلیم	401
nvazndh	نوازنده	401
payyz	پاییز	401
kvtahh	کوتاهه	401
gzrvndym	گذروندیم	401
asmany	آسمانی	400
tayp	تایپ	400
hamlgy	حاملگی	400
dktrh	دکتره	400
za	زا	400
mtlashy	متلاشی	400
mhtat	محتاط	400
mhkmtr	محکمتر	400
mdyvnm	مدیونم	400
karhat	کارهات	400
bahalyh	باحالیه	399
brvny	برونی	399
tnhay	تنهای	399
tvannd	توانند	399
hsabt	حسابت	399
sa	عصا	399
mynvysy	مینویسی	399
pvrn	پورن	399
kvzh	کوزه	399
grnt	گرنت	399
gnahh	گناهه	399
akhrajt	اخراجت	398
amydvarym	امیدواریم	398
tasys	تاسیس	398
dvsal	دوسال	398
svlv	سولو	398
lntym	لعنتیم	398
msafrkhvnh	مسافرخونه	398
mlaym	ملایم	398
mvjvdaty	موجوداتی	398
pz	پز	398
gandvlf	گاندولف	398
avnshb	اونشب	397
baysth	بایسته	397
brytanyayy	بریتانیایی	397
bykr	بیکر	397
jvlz	جولز	397
dzdh	دزده	397
zmanyh	زمانیه	397
shat	شات	397
lal	لال	397
lvnh	لونه	397
myrftn	میرفتن	397
hzm	هضم	397
pshh	پشه	397
kvchvlvm	کوچولوم	397
gvshym	گوشیم	397
astvrh	اسطوره	396
brgrdvnyd	برگردونید	396
jlgh	جلق	396
khrt	خرت	396
khvah	خواه	396
drkhty	درختی	396
rftyd	رفتید	396
zghal	زغال	396
ghsl	غسل	396
mhfl	محفل	396
mvrfyn	مورفین	396
kaka	کاکا	396
yvga	یوگا	396
tjss	تجسس	395
havy	حاوی	395
hshrat	حشرات	395
khtrat	خطرات	395
daglas	داگلاس	395
dyly	دیلی	395
salvatvrh	سالواتوره	395
svys	سوئیس	395
lhzaty	لحظاتی	395
mayvs	مایوس	395
nsh	نش	395
nmyrn	نمیرن	395
avdyn	اودین	394
bga	بگا	394
tvrvkhda	توروخدا	394
jmat	جماعت	394
khvahrmh	خواهرمه	394
dstatvn	دستاتون	394
rapvnzl	راپونزل	394
nasr	عناصر	394
fhm	فهم	394
nmyznym	نمیزنیم	394
nyavrdy	نیاوردی	394
vardh	وارده	394
gvya	گویا	394
avhnh	اوه،نه	393
tsadfa	تصادفا	393
tlygh	تعلیق	393
khymh	خیمه	393
samr	سامر	393
fhmym	فهمیم	393
ghsdy	قصدی	393
ghvlm	قولم	393
msmvmyt	مسمومیت	393
njatmvn	نجاتمون	393
nmyr	نمیر	393
nyftad	نیفتاد	393
vghtayy	وقتایی	393
klantry	کلانتری	393
kndn	کندن	393
grdvnh	گردونه	393
abyh	آبیه	392
antkhabaty	انتخاباتی	392
avrk	اورک	392
tvryst	توریست	392
khakspary	خاکسپاری	392
dravrdy	درآوردی	392
dyana	دیانا	392
svyt	سوئیت	392
lmssh	لمسش	392
mrdmv	مردمو	392
nmydvnyd	نمیدونید	392
nkshty	نکشتی	392
hyvlast	هیولاست	392
pdrshvn	پدرشون	392
prs	پرس	392
avhayv	اوهایو	391
zad	زاد	391
saytv	سایتو	391
sfrh	سفره	391
nmykshm	نمیکشم	391
nyvftadh	نیوفتاده	391
kafr	کافر	391
gstakhy	گستاخی	391
gvshty	گوشتی	391
afryghayy	آفریقایی	390
atrafsh	اطرافش	390
badban	بادبان	390
bazhm	بازهم	390
bdzdm	بدزدم	390
tmyd	تعمید	390
dankn	دانکن	390
dak	داک	390
dravrdh	درآورده	390
mas	ماس	390
mty	مطیع	390
mmnvn	ممنون،	390
mntha	منتها	390
mykhvndm	میخوندم	390
nmydvnyn	نمیدونین	390
vylr	ویلر	390
gzrvndy	گذروندی	390
bbvsy	ببوسی	389
targryn	تارگرین	389
tsdygh	تصدیق	389
khar	خار	389
dktrm	دکترم	389
dydmshvn	دیدمشون	389
sbzy	سبزی	389
ljn	لجن	389
has	هاس	389
ahsast	احساست	388
astadyvm	استادیوم	388
aykash	ایکاش	388
byftyn	بیفتین	388
khasyt	خاصیت	388
khstm	خستم	388
rvydad	رویداد	388
shkayty	شکایتی	388
ashghshy	عاشقشی	388
mnfjrsh	منفجرش	388
nazk	نازک	388
payk	پایک	388
gryz	گریز	388
akhtsas	اختصاص	387
ashraf	اشراف	387
brydy	بریدی	387
hsabdar	حسابدار	387
khvdkhvahy	خودخواهی	387
drayn	دراین	387
dvtayy	دوتایی	387
sryaly	سریالی	387
zamn	ضامن	387
maryjvana	ماریجوانا	387
mtjavz	متجاوز	387
mybashd	میباشد	387
myfrvshh	میفروشه	387
nzrat	نظرات	387
hamr	هامر	387
pazl	پازل	387
chharmyn	چهارمین	387
asyab	آسیاب	386
amyzh	آمیزه	386
akhrajsh	اخراجش	386
aryka	اریکا	386
bkstr	بکستر	386
tkhtm	تختم	386
jasazy	جاسازی	386
jvabshv	جوابشو	386
svlvmvn	سولومون	386
spydh	سپیده	386
ghayd	عقاید	386
mybynysh	میبینیش	386
hrchyz	هرچیز	386
hvgv	هوگو	386
krbn	کربن	386
bslamty	بسلامتی	385
bshknm	بشکنم	385
tkhmyn	تخمین	385
jashh	جاشه	385
dstshv	دستشو	385
raktvr	راکتور	385
rza	رضا	385
madrmvn	مادرمون	385
mznvnyn	مظنونین	385
myr	میر	385
nachyz	ناچیز	385
hrmyvn	هرمیون	385
hmvnayy	همونایی	385
hvapymahay	هواپیماهای	385
pachh	پاچه	385
azytsh	اذیتش	384
brngsht	برنگشت	384
jsart	جسارت	384
hrfyh	حرفیه	384
znay	زنای	384
svzh	سوزه	384
shyfth	شیفته	384
frnk	فرنک	384
nzdym	نزدیم	384
nmybynh	نمیبینه	384
hysh	هیش	384
hypnvtyzm	هیپنوتیزم	384
pvp	پوپ	384
grftgy	گرفتگی	384
brzyl	برزیل	383
btrf	بطرف	383
hrfhayy	حرفهایی	383
svalm	سوالم	383
lashh	لاشه	383
mjbvrshvn	مجبورشون	383
mvrdshvn	موردشون	383
najvrh	ناجوره	383
nbr	نبر	383
nvch	نوچ	383
kanjy	کانجی	383
akshn	اکشن	382
hta	حتا	382
khfny	خفنی	382
makv	ماکو	382
mkhtsr	مختصر	382
mydhm	میدهم	382
nmyznn	نمیزنن	382
nvrm	نورم	382
vaysh	وایسه	382
pgy	پگی	382
adryan	آدریان	381
arzvhay	آرزوهای	381
bchrkhvn	بچرخون	381
haltv	حالتو	381
hrarty	حرارتی	381
ramvn	رامون	381
fng	فنگ	381
malyaty	مالیاتی	381
mntzrtvn	منتظرتون	381
prst	پرست	381
kapva	کاپوا	381
amydvary	امیدواری	380
bavrtvn	باورتون	380
bshkny	بشکنی	380
jday	جدای	380
khdmtm	خدمتم	380
rabtmvn	رابطمون	380
sant	سانت	380
shanzdh	شانزده	380
nkhvasty	نخواستی	380
chtvryd	چطورید	380
krystn	کریستن	380
avlt	اولت	379
bdhm	بدهم	379
bdhkarh	بدهکاره	379
tslyhat	تسلیحات	379
tmryny	تمرینی	379
jvnas	جوناس	379
drmyary	درمیاری	379
svkhtgy	سوختگی	379
shvym	شویم	379
mtasfy	متاسفی	379
nbrdh	نبرده	379
vsvas	وسواس	379
pk	پک	379
ahya	احیا	378
avkh	اوخ	378
hsash	حساسه	378
dhaty	دهاتی	378
sny	سنی	378
shghsh	عشقش	378
ghvt	قوت	378
mrjan	مرجان	378
nakhvasth	ناخواسته	378
nadrst	نادرست	378
hdfmvn	هدفمون	378
pdydar	پدیدار	378
pyshshvn	پیششون	378
chyzykh	چیزیکه	378
kvptr	کوپتر	378
gshngy	گشنگی	378
brangyz	برانگیز	377
bghysh	بقیش	377
bprsyn	بپرسین	377
dadgstry	دادگستری	377
rsvnh	رسونه	377
trfm	طرفم	377
atfy	عاطفی	377
ghlmrvy	قلمروی	377
mryzm	مریضم	377
mykhvamsh	میخوامش	377
aghragh	اغراق	376
afgh	افق	376
avmdnt	اومدنت	376
brsvnn	برسونن	376
brghsh	برقصه	376
dram	درام	376
dma	دما	376
zarh	ذاره	376
zndvny	زندونی	376
ghdh	عقده	376
ghzat	غذات	376
ngyrym	نگیریم	376
hmsn	همسن	376
kvrtys	کورتیس	376
gaydmt	گائیدمت	376
byrvnm	بیرونم	375
tkhssy	تخصصی	375
frybndh	فریبنده	375
mftkhr	مفتخر	375
mvhyny	موهینی	375
mykhvastyn	میخواستین	375
psrth	پسرته	375
kaln	کالن	375
kvchyktr	کوچیکتر	375
arnvld	آرنولد	374
ayzak	ایزاک	374
bfrvshym	بفروشیم	374
hramzadh	حرامزاده	374
dsht	دشت	374
shkn	شکن	374
fnjan	فنجان	374
mdtyh	مدتیه	374
mnzvrmv	منظورمو	374
hvyj	هویج	374
vsks	وسکس	374
ktabm	کتابم	374
gryjvy	گریجوی	374
asparta	اسپارتا	373
bhshty	بهشتی	373
tvnstyn	تونستین	373
hashyh	حاشیه	373
khvddary	خودداری	373
khyz	خیز	373
dyvary	دیواری	373
zysty	زیستی	373
ghyrfal	غیرفعال	373
mrsds	مرسدس	373
myftn	میفتن	373
ngar	نگار	373
nyrvyy	نیرویی	373
hvk	هوک	373
vaystadh	وایستاده	373
pvnsd	پونصد	373
kbvtr	کبوتر	373
avnhm	اونهم	372
jvnmv	جونمو	372
khavrmyanh	خاورمیانه	372
rvshh	روشه	372
rykv	ریکو	372
kanaph	کاناپه	372
kbryt	کبریت	372
grdhmayy	گردهمایی	372
akhrysh	آخریش	371
apartmansh	آپارتمانش	371
bbrshvn	ببرشون	371
bjngyd	بجنگید	371
bgvyyd	بگویید	371
byv	بیو	371
hbab	حباب	371
khanma	خانما	371
dnbalshy	دنبالشی	371
shrart	شرارت	371
shhrm	شهرم	371
shhrha	شهرها	371
mtasfym	متاسفیم	371
nkhvabydm	نخوابیدم	371
nfsy	نفسی	371
kdhay	کدهای	371
apvlv	آپولو	370
apl	اپل	370
bhsy	بحثی	370
dyny	دینی	370
rmy	رمی	370
zadary	عزاداری	370
mamlat	معاملات	370
myrnd	میرند	370
haysh	هایش	370
prndgan	پرندگان	370
plyd	پلید	370
pvltv	پولتو	370
atn	آتن	369
advyh	ادویه	369
balkn	بالکن	369
bfhmyd	بفهمید	369
bkshnd	بکشند	369
drayv	درایو	369
drshvn	درشون	369
shyrynh	شیرینه	369
vaml	عوامل	369
mtbr	معتبر	369
mghrrat	مقررات	369
nrmal	نرمال	369
nfrym	نفریم	369
ngahm	نگاهم	369
kshvrt	کشورت	369
gly	گلی	369
tjvyz	تجویز	368
dkhtrayy	دخترایی	368
dvdy	دودی	368
sazgar	سازگار	368
saylas	سایلاس	368
fraynd	فرآیند	368
ghblyt	قبلیت	368
nyklavs	نیکلاوس	368
hard	هارد	368
pyshgv	پیشگو	368
abmyvh	آبمیوه	367
arman	آرمان	367
ashamy	آشامی	367
aksfvrd	آکسفورد	367
afraty	افراطی	367
aghbal	اقبال	367
tghas	تقاص	367
jaygahy	جایگاهی	367
hdvdy	حدودی	367
khvrshydy	خورشیدی	367
davr	داور	367
zhntvn	ذهنتون	367
rychr	ریچر	367
mrdyt	مردیت	367
kaghzy	کاغذی	367
kala	کالا	367
yadgyry	یادگیری	367
yvhv	یوهو	367
ashkhas	اشخاص	366
aztraryh	اضطراریه	366
brlyh	برعلیه	366
brgrdvndy	برگردوندی	366
drdnakh	دردناکه	366
dsthat	دستهات	366
svan	سوان	366
vzya	عوضیا	366
mvghytt	موقعیتت	366
napzyrh	ناپذیره	366
pansd	پانصد	366
prv	پرو	366
pyvstn	پیوستن	366
aslysh	اصلیش	365
bknsh	بکنش	365
jvntv	جونتو	365
hrftvn	حرفتون	365
dkhtrvnh	دخترونه	365
sndyka	سندیکا	365
tvfany	طوفانی	365
marvyn	ماروین	365
halvvyn	هالووین	365
vatykan	واتیکان	365
bvrys	بوریس	364
sahr	ساحر	364
svalh	سواله	364
frmanrva	فرمانروا	364
lnystrha	لنیسترها	364
mkharj	مخارج	364
nshymn	نشیمن	364
hrm	هرم	364
hlv	هلو	364
pyrv	پیرو	364
abdyt	ابدیت	363
brgrdvndh	برگردونده	363
byt	بیت	363
tdark	تدارک	363
jmsh	جمعش	363
khvrdyn	خوردین	363
zagh	زاغ	363
shahkar	شاهکار	363
shrbt	شربت	363
tlaha	طلاها	363
larns	لارنس	363
lghmh	لقمه	363
mdars	مدارس	363
mvghytsh	موقعیتش	363
mynvysh	مینویسه	363
natyngham	ناتینگهام	363
nandv	ناندو	363
nmayshnamh	نمایشنامه	363
karla	کارلا	363
ktabt	کتابت	363
askatlndy	اسکاتلندی	362
khbrayy	خبرایی	362
davynchy	داوینچی	362
rkhnh	رخنه	362
fylmh	فیلمه	362
mnghrz	منقرض	362
myjngm	میجنگم	362
nadr	نادر	362
vrshkst	ورشکست	362
vrshksth	ورشکسته	362
prsydh	پرسیده	362
plk	پلک	362
pnhvn	پنهون	362
chykarh	چیکاره	362
kadvy	کادوی	362
karhash	کارهاش	362
avf	اوف	361
avlysh	اولیش	361
tmyzh	تمیزه	361
drhm	درهم	361
salth	سالته؟	361
saknyn	ساکنین	361
svn	سون	361
smym	صمیم	361
ghhrmanh	قهرمانه	361
mrb	مربع	361
mtmnyn	مطمئنین	361
mnthy	منتهی	361
nakhvshaynd	ناخوشایند	361
kras	کراس	361
kryptvn	کریپتون	361
grftsh	گرفتش	361
argvs	آرگوس	360
ajagh	اجاق	360
bazvy	بازوی	360
tmama	تماما	360
drbyarym	دربیاریم	360
shbv	شبو	360
sndvghchh	صندوقچه	360
mbhm	مبهم	360
mstnd	مستند	360
mghdsh	مقدسه	360
nlsvn	نلسون	360
hdfm	هدفم	360
hvapymaha	هواپیماها	360
pstvn	پستون	360
pyng	پینگ	360
kravat	کراوات	360
bdnshvn	بدنشون	359
khylym	خیلیم	359
trft	طرفت	359
mdfv	مدفوع	359
mytrsvny	میترسونی	359
ndar	ندار	359
hmsry	همسری	359
antha	انتها	358
aygvr	ایگور	358
bazv	بازو	358
bdshvn	بدشون	358
khdmttvn	خدمتتون	358
hvrtvn	هورتون	358
phlv	پهلو	358
jrmh	جرمه	357
dvz	دوز	357
slslh	سلسله	357
myghy	عمیقی	357
ksay	عکسای	357
fzanvrd	فضانورد	357
nmytvnstym	نمیتونستیم	357
nnvshth	ننوشته	357
hagvartz	هاگوارتز	357
vatr	واتر	357
pdrtv	پدرتو	357
pshymany	پشیمانی	357
kskhl	کسخل	357
avt	اوت	356
trazhdy	تراژدی	356
tvrtv	تورتو	356
jh	جه	356
zvgh	ذوق	356
rslr	رسلر	356
ghzaha	غذاها	356
mhya	مهیا	356
nfrat	نفرات	356
vbsayt	وبسایت	356
vznsh	وزنش	356
krn	کرن	356
ksym	کسیم	356
klt	کلت	356
aragvrn	آراگورن	355
arvmm	آرومم	355
barzsh	باارزش	355
tvrn	تورن	355
dstgyrm	دستگیرم	355
nadya	نادیا	355
vsly	وسلی	355
vkalt	وکالت	355
karash	کاراش	355
alk	الک	354
antaf	انعطاف	354
brvy	بروی	354
blvf	بلوف	354
ttylh	تعطیله	354
hyvany	حیوانی	354
khbmn	خب،من	354
rytm	ریتم	354
shmar	شمار	354
kasy	عکاسی	354
fsghly	فسقلی	354
lkhty	لختی	354
mshtrky	مشترکی	354
myshygan	میشیگان	354
grt	گرت	354
ataghk	اتاقک	353
astvar	استوار	353
baratyvn	باراتیون	353
bshvrm	بشورم	353
tabstvny	تابستونی	353
dlvrs	دلورس	353
rmzgshayy	رمزگشایی	353
srkhpvst	سرخپوست	353
trfa	طرفا	353
ghnymt	غنیمت	353
mygyryn	میگیرین	353
nkhvast	نخواست	353
nmvnd	نموند	353
hanybal	هانیبال	353
avarh	آواره	352
astsna	استثنا	352
askvrt	اسکورت	352
antzarshv	انتظارشو	352
blvgh	بلوغ	352
bynsh	بینش	352
khvdmy	خودمی	352
dyghh	دیقه	352
santyagv	سانتیاگو	352
ghflsh	قفلش	352
lzly	لزلی	352
mbarzat	مبارزات	352
mhasbat	محاسبات	352
nsym	نسیم	352
hashvnv	هاشونو	352
vaystyn	وایستین	352
knndgan	کنندگان	352
gardnr	گاردنر	352
artgha	ارتقا	351
bkhvabn	بخوابن	351
dkhlsh	دخلش	351
drstyh	درستیه	351
rvyaham	رویاهام	351
svych	سوئیچ	351
zalmanh	ظالمانه	351
zymy	عظیمی	351
ghdymym	قدیمیم	351
mtshkr	متشکر	351
mrdmh	مردمه	351
msyrsh	مسیرش	351
nvysm	نویسم	351
vaghn	واقعن	351
apartmanm	آپارتمانم	350
braysh	برایش	350
shhrmvn	شهرمون	350
lbasat	لباسات	350
lrzsh	لرزش	350
lya	لیا	350
masachvst	ماساچوست	350
mjry	مجری	350
nabvdshvn	نابودشون	350
nbz	نبض	350
kvchktr	کوچکتر	350
bvltvn	بولتون	349
tlghy	تلقی	349
dastanh	داستانه	349
drkhta	درختا	349
dnbalshym	دنبالشیم	349
shnydnsh	شنیدنش	349
fysbvk	فیسبوک	349
mmtaz	ممتاز	349
mvan	موانع	349
nzarty	نظارتی	349
hart	هارت	349
vyrvsy	ویروسی	349
atsab	اعتصاب	348
rnh	رنه	348
salmy	سالمی	348
shkspyr	شکسپیر	348
mghyas	مقیاس	348
mvzvat	موضوعات	348
myhn	میهن	348
nzary	نذاری	348
ngyn	نگین	348
hvl	هول	348
pandvra	پاندورا	348
adrssh	آدرسش	347
akhrajm	اخراجم	347
dshmnt	دشمنت	347
shdst	شدست	347
mnhl	منحل	347
myryzn	میریزن	347
nakja	ناکجا	347
nghsht	نقشت	347
hyzm	هیزم	347
yam	یام	347
astghlal	استقلال	346
bkhvnn	بخونن	346
ttbygh	تطبیق	346
dadsh	دادش	346
dadnh	دادنه	346
sbb	سبب	346
snj	سنج	346
flyks	فلیکس	346
lshgr	لشگر	346
msaft	مسافت	346
mnkh	منکه	346
nkhvrd	نخورد	346
hychkdvmmvn	هیچکدوممون	346
vghtmv	وقتمو	346
vydvyy	ویدئویی	346
pnkyk	پنکیک	346
pvstm	پوستم	346
kdv	کدو	346
kvfth	کوفته	346
galry	گالری	346
grdbad	گردباد	346
davyna	داوینا	345
sabghsh	سابقش	345
skvy	سکوی	345
shmshyrm	شمشیرم	345
trd	طرد	345
zt	عزت	345
marks	مارکس	345
nkhstyn	نخستین	345
nkrdny	نکردنی	345
hafmn	هافمن	345
vsty	وسطی	345
pyn	پین	345
chvy	چوی	345
akhralzman	آخرالزمان	344
btrsm	بترسم	344
tlashmvn	تلاشمون	344
hrvmy	حرومی	344
dart	دارت	344
dvnnd	دونند	344
rnjr	رنجر	344
zybayyh	زیباییه	344
shhryh	شهریه	344
mntzrym	منتظریم	344
myjngy	میجنگی	344
namzdm	نامزدم	344
ndashtnd	نداشتند	344
nfrn	نفرن	344
chykara	چیکارا	344
karmn	کارمن	344
atmady	اعتمادی	343
bgzarm	بگذارم	343
fravan	فراوان	343
mdysvn	مدیسون	343
mygrdvnm	میگردونم	343
nmykshy	نمیکشی	343
vaknshy	واکنشی	343
pnbh	پنبه	343
kryg	کریگ	343
batv	باتو	342
bdnam	بدنام	342
bradrha	برادرها	342
tmyrat	تعمیرات	342
tvygh	تعویق	342
hght	حقت	342
hvastv	حواستو	342
rsvm	رسوم	342
sargh	سارق	342
frvn	فرعون	342
ghbayl	قبایل	342
mtvjhsh	متوجهش	342
nryd	نرید	342
hvard	هوارد	342
vldmvrt	ولدمورت	342
pshymvny	پشیمونی	342
gzarshgr	گزارشگر	342
glv	گلو	342
abjy	آبجی	341
adry	آدری	341
asyayy	آسیایی	341
brmyaym	برمیایم	341
khrydary	خریداری	341
srzmyny	سرزمینی	341
shrk	شرک	341
mlyvn	ملیون	341
nkhvd	نخود	341
nyavrdh	نیاورده	341
nyfth	نیفته	341
chth	چته؟	341
karath	کاراته	341
kravly	کراولی	341
kmrvn	کمرون	341
adab	آداب	340
amdnd	آمدند	340
bspar	بسپار	340
dkhtrv	دخترو	340
drakvla	دراکولا	340
rghsh	رقصه	340
svshy	سوشی	340
trfym	طرفیم	340
ghzakhvry	غذاخوری	340
marjry	مارجری	340
hmvarh	همواره	340
kshtnd	کشتند	340
gzrvndh	گذرونده	340
alnvr	النور	339
akbr	اکبر	339
byzh	بیضه	339
khvshhalt	خوشحالت	339
dstgyrh	دستگیره	339
svzvndn	سوزوندن	339
ghyrnzamy	غیرنظامی	339
mamvryty	ماموریتی	339
mhmvnyh	مهمونیه	339
mkzykv	مکزیکو	339
mydadh	میداده	339
prydm	پریدم	339
pyp	پیپ	339
kmdy	کمدی	339
kmrm	کمرم	339
kyp	کیپ	339
amstrdam	آمستردام	338
avan	اوان	338
bbkhshm	ببخشم	338
dyvan	دیوان	338
srskhty	سرسختی	338
lvnardv	لئوناردو	338
mrdanh	مردانه	338
vaysa	وایسا،	338
pvzsh	پوزش	338
pyshva	پیشوا	338
abv	ابو	337
astryd	استرید	337
dlrba	دلربا	337
frhngy	فرهنگی	337
lhstan	لهستان	337
marsy	مارسی	337
mhbvbm	محبوبم	337
mtmnym	مطمئنیم	337
mfsl	مفصل	337
nkshh	نکشه	337
ngyrh	نگیره	337
hmjnsgra	همجنسگرا	337
prsty	پرستی	337
avzash	اوضاعش	336
bbrnd	ببرند	336
bhayy	بهایی	336
tang	تانگ	336
jvanan	جوانان	336
saghdvsh	ساقدوش	336
srksh	سرکش	336
ksa	عکسا	336
lary	لاری	336
mmay	معمای	336
mns	منس	336
ndvnm	ندونم	336
nsyhty	نصیحتی	336
nvzdh	نوزده	336
ajrash	اجراش	335
azash	ازاش	335
asbha	اسبها	335
ts	تس	335
dang	دانگ	335
dravmdh	دراومده	335
dshvar	دشوار	335
srmv	سرمو	335
ksha	عکسها	335
lvras	لوراس	335
mara	مارا	335
mjzvb	مجذوب	335
msvm	معصوم	335
mygyryd	میگیرید	335
nazr	ناظر	335
nmayan	نمایان	335
nvazsh	نوازش	335
prth	پرته	335
ashpzkhanh	آشپزخانه	334
amrykast	آمریکاست	334
alamyh	اعلامیه	334
anjamshvn	انجامشون	334
bgzrvn	بگذرون	334
shdnm	شدنم	334
lynkvln	لینکولن	334
mmlv	مملو	334
hpy	هپی	334
prvsh	پروسه	334
zhak	ژاک	334
brvnm	برونم	333
bmand	بماند	333
rahshvn	راهشون	333
sakth	ساکته	333
svalaty	سوالاتی	333
spas	سپاس	333
mybvd	میبود	333
myjngh	میجنگه	333
kntrlm	کنترلم	333
aft	افت	332
ahm	اهم	332
brdashtym	برداشتیم	332
brmygrdvnm	برمیگردونم	332
brvylz	برویلز	332
tymt	تیمت	332
hsvd	حسود	332
khvnvadt	خونوادت	332
shny	شنی	332
ghvlt	قولت	332
madrmv	مادرمو	332
nyazhay	نیازهای	332
chshat	چشات	332
ktabhay	کتابهای	332
gmshvn	گمشون	332
ashftgy	آشفتگی	331
ahsnt	احسنت	331
azdvajm	ازدواجم	331
bzarmsh	بذارمش	331
brgshtyn	برگشتین	331
tlashmv	تلاشمو	331
jadvgrha	جادوگرها	331
dastanhay	داستانهای	331
mtshkrym	متشکریم	331
msls	مثلث	331
msharkt	مشارکت	331
mvtvrha	موتورها	331
mytrsyd	میترسید	331
ndvnh	ندونه	331
nyaftadh	نیافتاده	331
pyrtr	پیرتر	331
kmpyn	کمپین	331
ahval	احوال	330
amthanm	امتحانم	330
ahant	اهانت	330
blak	بلاک	330
tghyyraty	تغییراتی	330
jghd	جغد	330
dstmh	دستمه	330
dnyarv	دنیارو	330
shyry	شیری	330
frdryk	فردریک	330
lyvn	لیون	330
nvl	نوئل	330
hvlmz	هولمز	330
asvn	اسون	329
btrsvnh	بترسونه	329
thsylat	تحصیلات	329
tshshat	تشعشعات	329
khtay	خطای	329
khvnvadm	خونوادم	329
sfhat	صفحات	329
ghdrtmndtryn	قدرتمندترین	329
myaryn	میارین	329
ndydysh	ندیدیش	329
pshm	پشم	329
chrch	چرچ	329
gazsh	گازش	329
gayydm	گاییدم	329
ahyana	احیانا	328
brzkh	برزخ	328
drvghyn	دروغین	328
rjyna	رجینا	328
svk	سوک	328
syastmdar	سیاستمدار	328
mtghadsh	متقاعدش	328
myrsd	میرسد	328
nrdh	نرده	328
nmykhvahm	نمیخواهم	328
nmydvnstym	نمیدونستیم	328
vykram	ویکرام	328
gvshvarh	گوشواره	328
asart	اسارت	327
bazrgany	بازرگانی	327
bshkn	بشکن	327
bvdmt	بودمت	327
tbadl	تبادل	327
hyvvny	حیوونی	327
davtlbanh	داوطلبانه	327
flchr	فلچر	327
mnvy	معنوی	327
mvghsh	موقعش	327
mksymvs	مکسیموس	327
pm	پم	327
pyshnhadm	پیشنهادم	327
abrha	ابرها	326
astdlal	استدلال	326
angvr	انگور	326
bragh	براق	326
trnt	ترنت	326
shmary	شماری	326
fghr	فقر	326
ghdymyt	قدیمیت	326
ghtby	قطبی	326
madrtv	مادرتو	326
msbth	مثبته	326
msvnyt	مصونیت	326
nbyny	نبینی	326
vkyly	وکیلی	326
gladyatvr	گلادیاتور	326
yksal	یکسال	326
amdadgr	امدادگر	325
tvrm	تورم	325
jnys	جنیس	325
srpvsh	سرپوش	325
mhafzh	محافظه	325
ptansyl	پتانسیل	325
pdrh	پدره	325
chyrv	چیرو	325
graz	گراز	325
adamz	آدامز	324
aza	اعضا	324
anghraz	انقراض	324
bdhnd	بدهند	324
bdvm	بدوم	324
bhdashty	بهداشتی	324
jdydtvn	جدیدتون	324
khvdshvnn	خودشونن	324
drkhshsh	درخشش	324
rydy	ریدی	324
sfrt	سفرت	324
sygary	سیگاری	324
frvshh	فروشه	324
mkhtl	مختل	324
mdly	مدلی	324
mrdayy	مردایی	324
mnsvb	منصوب	324
myryzm	میریزم	324
pyst	پیست	324
kntrly	کنترلی	324
khvdrv	خودرو	323
khvrdnh	خوردنه	323
dydsh	دیدش	323
shaystgy	شایستگی	323
fylmhay	فیلمهای	323
mrgshvn	مرگشون	323
nzasht	نذاشت	323
hychkdvmtvn	هیچکدومتون	323
paybnd	پایبند	323
pdrkhvandh	پدرخوانده	323
chaghalv	چاقالو	323
brangyzh	برانگیزه	322
tysvs	تیسوس	322
darsh	دارش	322
dvfryn	دوفرین	322
dvydm	دویدم	322
zdnh	زدنه	322
srdkhvnh	سردخونه	322
lhn	لحن	322
myzasht	میذاشت	322
mysn	میسن	322
namvfgh	ناموفق	322
nygah	نیگاه	322
halk	هالک	322
knary	کناری	322
abrv	آبرو	321
anjl	آنجل	321
artshsh	ارتشش	321
atls	اطلس	321
brnmygrdm	برنمیگردم	321
bzvr	بزور	321
bvth	بوته	321
jlvmvn	جلومون	321
dmaghsh	دماغش	321
dvmh	دومه	321
dvng	دونگ	321
madlh	معادله	321
mylyvnr	میلیونر	321
nsbty	نسبتی	321
ngat	نگات	321
ngrftn	نگرفتن	321
kandyd	کاندید	321
kayjv	کایجو	321
bshnvyd	بشنوید	320
tslymm	تسلیمم	320
khvrdnd	خوردند	320
madrh	مادره	320
mtlgha	مطلقا	320
mntkhb	منتخب	320
mvhatv	موهاتو	320
myavrdm	میاوردم	320
nbrdy	نبردی	320
patvn	پاتون	320
zhst	ژست	320
karlv	کارلو	320
aplvd	آپلود	319
aynast	ایناست	319
brgr	برگر	319
bldn	بلدن	319
trmynal	ترمینال	319
dvtnamh	دعوتنامه	319
rnly	رنلی	319
sandra	ساندرا	319
snjagh	سنجاق	319
framvsht	فراموشت	319
mrykhy	مریخی	319
nhvy	نحوی	319
nfth	نفعته	319
vaysym	وایسیم	319
kbvdy	کبودی	319
ajr	آجر	318
bkhshydn	بخشیدن	318
bdzdym	بدزدیم	318
bradrth	برادرته	318
bznydsh	بزنیدش	318
bsvzh	بسوزه	318
taylnd	تایلند	318
sanfransyskv	سانفرانسیسکو	318
sayfr	سایفر	318
fraz	فراز	318
flvky	فلوکی	318
mratb	مراتب	318
mylan	میلان	318
nykv	نیکو	318
hadsvn	هادسون	318
hvat	هوات	318
valr	والر	318
klmaty	کلماتی	318
kvntv	کونتو	318
ashyanh	آشیانه	317
astr	استر	317
bvk	بوک	317
jdaganh	جداگانه	317
ryazyat	ریاضیات	317
skv	سکو	317
shyfv	شیفو	317
shyv	شیوع	317
zahrsh	ظاهرش	317
fday	فدای	317
ghvlsh	قولش	317
mshl	مشعل	317
mkanyky	مکانیکی	317
nav	ناو	317
nzdn	نزدن	317
nfrshvn	نفرشون	317
hany	هانی	317
pyvst	پیوست	317
kanln	کانلن	317
khn	کهن	317
glvt	گلوت	317
akhrshh	آخرشه	316
astarlyng	استارلینگ	316
alahzrt	اعلاحضرت	316
bazshvn	بازشون	316
baghymandh	باقیمانده	316
brdarn	بردارن	316
tvpy	توپی	316
khanman	خانمان	316
ramvna	رامونا	316
sgt	سگت	316
shansmvn	شانسمون	316
shkarchyan	شکارچیان	316
ashghy	عاشقی	316
fys	فیس	316
msn	مسن	316
mrkst	معرکست	316
mhmtrh	مهمتره	316
mvs	موس	316
myzashty	میذاشتی	316
hvshyary	هوشیاری	316
vrld	ورلد	316
vytamyn	ویتامین	316
prstsh	پرستش	316
chraghha	چراغها	316
kanadayy	کانادایی	316
kmrbndt	کمربندت	316
gvrv	گورو	316
analyz	آنالیز	315
bryk	بریک	315
tslt	تسلط	315
jvrjya	جورجیا	315
shkhsh	شخصه	315
shknndh	شکننده	315
mbada	مبادا	315
mjdda	مجددا	315
mlmn	ملمن	315
nmytvnnd	نمیتونند	315
nymv	نیمو	315
paky	پاکی	315
karamvz	کارآموز	315
kanzas	کانزاس	315
kshmsh	کشمش	315
gayvs	گایوس	315
barby	باربی	314
byvtyk	بیوتیک	314
kh	خ	314
khbrt	خبرت	314
razh	رازه	314
rafal	رافائل	314
sakhtmvnh	ساختمونه	314
mrgy	مرگی	314
msvlyn	مسئولین	314
ntrsyd	نترسید	314
hyvz	هیوز	314
varyz	واریز	314
kryk	کریک	314
ygan	یگان	314
asayshgah	آسایشگاه	313
ashnayytvn	آشناییتون	313
ata	اعطا	313
antghad	انتقاد	313
angshtm	انگشتم	313
bsvy	بسوی	313
jys	جیس	313
hjm	حجم	313
khrvs	خروس	313
raydr	رایدر	313
rt	رت	313
zbvny	زبونی	313
shayr	شایر	313
nzdykym	نزدیکیم	313
karyt	کاریت	313
gary	گاری	313
asaysh	آسایش	312
barka	بارکا	312
bnr	بنر	312
taytanyk	تایتانیک	312
trsnaky	ترسناکی	312
jvys	جویس	312
rvnald	رونالد	312
srdmh	سردمه	312
tsh	عطش	312
ghdrtmndh	قدرتمنده	312
mhyty	محیطی	312
mshkvky	مشکوکی	312
mlafh	ملافه	312
nmykhvayd	نمیخواید	312
nmyshdm	نمیشدم	312
varvnh	وارونه	312
chpsh	چپش	312
gvrdv	گوردو	312
afryghay	آفریقای	311
asknas	اسکناس	311
avharh	اوه،آره	311
bdyt	بعدیت	311
bprym	بپریم	311
khrjsh	خرجش	311
shrmndgy	شرمندگی	311
lysty	لیستی	311
madn	معادن	311
mnast	معناست	311
mvnv	مونو	311
mykhvnn	میخونن	311
nargyl	نارگیل	311
hkr	هکر	311
vsal	وسائل	311
vghttv	وقتتو	311
pvlmvn	پولمون	311
chshmhat	چشمهات	311
baystyn	بایستین	310
bznmsh	بزنمش	310
byvrn	بیورن	310
tbhkar	تبهکار	310
rftnsh	رفتنش	310
svl	سول	310
fvlr	فولر	310
mhkmh	محکمه	310
mydvnnd	میدونند	310
myhmvny	میهمونی	310
nvkr	نوکر	310
klvy	کلوئی	310
gyrnd	گیرند	310
gyn	گین	310
amt	امت	309
amrvzy	امروزی	309
darym	داریم؟	309
rahhay	راههای	309
rygan	ریگان	309
mstfy	مصطفی	309
mtghdh	معتقده	309
mvrdh	مورده	309
nkhnd	نخند	309
hmyny	همینی	309
pvlshvn	پولشون	309
bhsab	بحساب	308
bvsydn	بوسیدن	308
khvahrtvn	خواهرتون	308
smtt	سمتت	308
shaky	شاکی	308
nsht	نشت	308
nzrshvn	نظرشون	308
nyary	نیاری	308
nyvtn	نیوتن	308
ktabha	کتابها	308
krv	کرو	308
gzshtn	گذشتن	308
apartmant	آپارتمانت	307
arazl	اراذل	307
trsvndn	ترسوندن	307
tvsyfsh	توصیفش	307
dstgahy	دستگاهی	307
dvjyn	دوجین	307
zata	ذاتا	307
shmast	شماست	307
trfdaran	طرفداران	307
zlat	عضلات	307
mjazy	مجازی	307
msvlyty	مسئولیتی	307
namydh	نامیده	307
nzarm	نذارم	307
nfsm	نفسم	307
nmykham	نمیخام	307
valahzrt	والاحضرت	307
pashyd	پاشید	307
prtgah	پرتگاه	307
ktabkhanh	کتابخانه	307
ksykh	کسیکه	307
klara	کلارا	307
azadym	آزادیم	306
asan	آسان	306
ahsasatsh	احساساتش	306
algvrytm	الگوریتم	306
avnrvz	اونروز	306
aynjaym	اینجائیم	306
tvzyhat	توضیحات	306
jftsh	جفتش	306
jngydym	جنگیدیم	306
jvrsh	جورش	306
dvtm	دعوتم	306
dhnshv	دهنشو	306
fshrdh	فشرده	306
lbavsky	لباوسکی	306
manytvr	مانیتور	306
mghld	مقلد	306
mylz	میلز	306
nmyrsy	نمیرسی	306
vashngtvn	واشنگتون	306
vydyvyy	ویدیویی	306
gnbd	گنبد	306
asmmv	اسممو	305
bazym	بازیم	305
brmydarym	برمیداریم	305
tjsm	تجسم	305
darvghh	داروغه	305
davn	داون	305
drt	درت	305
drnmyad	درنمیاد	305
dlh	دله	305
rsany	رسانی	305
rghsndh	رقصنده	305
rydh	ریده	305
shrayy	صحرایی	305
ghva	قوا	305
lbasatv	لباساتو	305
mafvgh	مافوق	305
mavzh	معاوضه	305
vnyz	ونیز	305
krykt	کریکت	305
kpytvl	کپیتول	305
garsvn	گارسون	305
aksra	اکثرا	304
brdmsh	بردمش	304
bgha	بقا	304
thsh	تهش	304
tvs	توس	304
jvnshv	جونشو	304
jvnmvn	جونمون	304
rya	ریا	304
shsth	شسته	304
dalty	عدالتی	304
vaghbsh	عواقبش	304
fytz	فیتز	304
lbasa	لباسا	304
mamy	مامی	304
natvan	ناتوان	304
nmydadm	نمیدادم	304
nykvlas	نیکولاس	304
klahdvz	کلاهدوز	304
ajbar	اجبار	303
aftd	افتد	303
tryp	تریپ	303
zbvnsh	زبونش	303
slamy	سلامی	303
ghshngn	قشنگن	303
mashyna	ماشینا	303
mtjbm	متعجبم	303
myshnvyd	میشنوید	303
nhfth	نهفته	303
vyvr	ویور	303
pvshk	پوشک	303
akhrsh	اخرش	302
althab	التهاب	302
azhdhayan	اژدهایان	302
byvfty	بیوفتی	302
srng	سرنگ	302
svalt	سوالت	302
shap	شاپ	302
zyzan	عزیزان	302
kst	عکست	302
fylmay	فیلمای	302
ghrarsh	قرارش	302
layn	لاین	302
nvlan	نولان	302
karam	کارام	302
ktabv	کتابو	302
gramy	گرامی	302
azdvajt	ازدواجت	301
astfany	استفانی	301
anhraf	انحراف	301
bshvr	بشور	301
bchrkhvnsh	بچرخونش	301
jngm	جنگم	301
khanvadgyh	خانوادگیه	301
khsvsyat	خصوصیات	301
salanh	سالانه	301
sayd	ساید	301
sybl	سیبل	301
mjll	مجلل	301
vyntr	وینتر	301
prssh	پرسش	301
gyly	گیلی	301
atvn	اتون	300
asrsh	اثرش	300
amtdad	امتداد	300
bbyntt	ببینتت	300
tsmymm	تصمیمم	300
dkhtrmv	دخترمو	300
zvzh	زوزه	300
svzvnd	سوزوند	300
svyj	سویج	300
shal	شال	300
ghatlyn	قاتلین	300
lzty	لذتی	300
lyndzy	لیندزی	300
nabvdt	نابودت	300
kabvy	کابوی	300
kshym	کشیم	300
gzrnamh	گذرنامه	300
ankas	انعکاس	299
brmt	برمت	299
brvm	بروم	299
tlgraf	تلگراف	299
dnbalshh	دنبالشه	299
srgrvhban	سرگروهبان	299
slth	سلطه	299
shkstshvn	شکستشون	299
lzvma	لزوما	299
mvry	موری	299
myayym	میاییم	299
myjngn	میجنگن	299
vabstgy	وابستگی	299
chharsd	چهارصد	299
karan	کاران	299
ashtbahaty	اشتباهاتی	298
aynjash	اینجاش	298
bazdashtgah	بازداشتگاه	298
brtvn	برتون	298
bndazynsh	بندازینش	298
dadkhvast	دادخواست	298
drbyad	دربیاد	298
dyksvn	دیکسون	298
rsydyd	رسیدید	298
rftnm	رفتنم	298
ltyf	لطیف	298
lngh	لنگه	298
mvghta	موقتا	298
namlvm	نامعلوم	298
nfhmh	نفهمه	298
nvada	نوادا	298
hmyltvn	همیلتون	298
kdvmh	کدومه	298
kshvnd	کشوند	298
azharat	اظهارات	297
bardary	بارداری	297
bfhmnd	بفهمند	297
bhshth	بهشته	297
tavansh	تاوانش	297
ttabgh	تطابق	297
dkhtrth	دخترته	297
dvkhth	دوخته	297
dvrvty	دوروتی	297
dkl	دکل	297
zkhmt	زخمت	297
svprgrl	سوپرگرل	297
shraftmndanh	شرافتمندانه	297
lk	لک	297
mghlvb	مغلوب	297
nabvdgr	نابودگر	297
harh	هاره	297
kalysy	کالیسی	297
kahn	کاهن	297
kavshgr	کاوشگر	297
kryshna	کریشنا	297
brdsh	بردش	296
bvrsyh	بورسیه	296
bynyn	بینین	296
tayvyn	تایوین	296
javdangy	جاودانگی	296
zngvlh	زنگوله	296
shnasyd	شناسید	296
shyva	شیوا	296
mahry	ماهری	296
mtghlb	متقلب	296
ngrantm	نگرانتم	296
vsn	وسن	296
bghdad	بغداد	295
bghly	بغلی	295
jks	جکس	295
jkvb	جکوب	295
daghvnsh	داغونش	295
srchshmh	سرچشمه	295
zyaft	ضیافت	295
flvyd	فلوید	295
marmvlk	مارمولک	295
mjrmyn	مجرمین	295
mstm	مستم	295
nshdyn	نشدین	295
hylz	هیلز	295
pahatv	پاهاتو	295
chal	چال	295
gvyn	گوین	295
ashya	اشیاء	294
bzr	بذر	294
bkt	بکت	294
tbyz	تبعیض	294
tzahrat	تظاهرات	294
tvanst	توانست	294
tvrntv	تورنتو	294
jvny	جونی	294
khlafkarha	خلافکارها	294
dvnsth	دونسته	294
sazmany	سازمانی	294
shvt	شوت	294
sdta	صدتا	294
mhshry	محشری	294
mydany	میدانی	294
nmrdy	نمردی	294
nmyzarym	نمیذاریم	294
hychgvnh	هیچگونه	294
vry	وری	294
kdvmmvn	کدوممون	294
gazt	گازت	294
atrafm	اطرافم	293
aghamtgah	اقامتگاه	293
agns	اگنس	293
batlagh	باتلاق	293
bkhndy	بخندی	293
bzyashvn	بعضیاشون	293
tvdvr	تئودور	293
tampsvn	تامپسون	293
drazh	درازه	293
dkr	دکر	293
zyrnzr	زیرنظر	293
shkstt	شکستت	293
sdamvn	صدامون	293
fylmnamh	فیلمنامه	293
ghblh	قبله	293
mvly	مولی	293
myftad	میفتاد	293
nhv	نحو	293
nghbanha	نگهبانها	293
hmrahtvn	همراهتون	293
kalybr	کالیبر	293
klsh	کلش	293
grvhsh	گروهش	293
alyas	الیاس	292
aynahashsh	ایناهاشش	292
bvfalv	بوفالو	292
bgzarym	بگذاریم	292
drnyar	درنیار	292
rvzmrh	روزمره	292
srdy	سردی	292
shytvny	شیطونی	292
fghdan	فقدان	292
layla	لایلا	292
mhrk	محرک	292
nbat	نبات	292
vasyly	واسیلی	292
glhay	گلهای	292
abhay	آبهای	291
amtna	امتناع	291
bdhd	بدهد	291
hfazty	حفاظتی	291
dghh	دقه	291
dysy	دیسی	291
rnd	رند	291
shnasmsh	شناسمش	291
mtghabl	متقابل	291
nrsydm	نرسیدم	291
pvltvn	پولتون	291
astvrm	استورم	290
byvlvzhyky	بیولوژیکی	290
khvnsrdy	خونسردی	290
dnbalshm	دنبالشم	290
ramss	رامسس	290
rftarm	رفتارم	290
rmzsh	رمزش	290
sraghshvn	سراغشون	290
flk	فلک	290
maryvn	ماریون	290
mhajr	مهاجر	290
mykhry	میخری	290
vvh	ووه	290
gvyd	گوید	290
azayn	ازاین	289
tasfh	تاسفه	289
jlal	جلال	289
hlzvn	حلزون	289
khrsh	خرسه	289
dvtatvn	دوتاتون	289
shamh	شامه	289
ashghh	عاشقه	289
jayb	عجایب	289
mygha	عمیقا	289
lydy	لیدی	289
msayl	مسایل	289
mnzjr	منزجر	289
mygyrnd	میگیرند	289
nyksvn	نیکسون	289
kmdyn	کمدین	289
yab	یاب	289
astrnj	استرنج	288
bfrvsh	بفروش	288
bma	بما	288
bchm	بچم	288
bgyrd	بگیرد	288
tfngm	تفنگم	288
hrfast	حرفاست	288
zar	زار	288
shahdyn	شاهدین	288
fl	فل	288
laksly	لاکسلی	288
mdyvny	مدیونی	288
msvlytsh	مسئولیتش	288
mghvl	معقول	288
mmar	معمار	288
pyshtm	پیشتم	288
chlagh	چلاق	288
ampvl	آمپول	287
askafyld	اسکافیلد	287
anyshtyn	انیشتین	287
agzy	اگزی	287
bdymvn	بعدیمون	287
tyn	تین	287
jsdy	جسدی	287
khamvshh	خاموشه	287
dvtraky	دوتراکی	287
sazmandhy	سازماندهی	287
srjat	سرجات	287
srgyjh	سرگیجه	287
frynj	فرینج	287
ghbrstan	قبرستان	287
msadrh	مصادره	287
mvbaylm	موبایلم	287
pdrtm	پدرتم	287
kshvrh	کشوره	287
klvh	کلوئه	287
abrvy	آبروی	286
avnkar	اونکار	286
bdvy	بدوی	286
bgyrshvn	بگیرشون	286
tkrary	تکراری	286
hrfham	حرفهام	286
khvrdsh	خوردش	286
khvnvadgy	خونوادگی	286
rysky	ریسکی	286
shlvarsh	شلوارش	286
frys	فریس	286
ghrart	قرارت	286
mshtaghm	مشتاقم	286
mghdmat	مقدمات	286
mnfght	منفقط	286
namydt	ناامیدت	286
nkhvasth	نخواسته	286
nsybm	نصیبم	286
pad	پاد	286
chrchyl	چرچیل	286
chshmha	چشمها	286
kam	کام	286
ktabh	کتابه	286
gangstr	گانگستر	286
glabr	گلابر	286
alrzhy	آلرژی	285
aslam	اسلام	285
aghvam	اقوام	285
angshtat	انگشتات	285
brmla	برملا	285
bydh	بعیده	285
khanvmy	خانومی	285
dadmsh	دادمش	285
dvstth	دوستته	285
rays	رایس	285
srblnd	سربلند	285
mjnvn	مجنون	285
mkhsh	مخش	285
mzyt	مزیت	285
nbvdyn	نبودین	285
vrzshkar	ورزشکار	285
vsth	وسطه	285
vslt	وصلت	285
kvkv	کوکو	285
gryfyn	گریفین	285
alaska	آلاسکا	284
atvban	اتوبان	284
aynayy	اینایی	284
bahatm	باهاتم	284
bnyad	بنیاد	284
tast	تاست	284
tmamh	تمامه	284
hfaz	حفاظ	284
daly	دالی	284
dbra	دبرا	284
rash	راش	284
sga	سگا	284
shnakhtn	شناختن	284
flan	فلان	284
mghdr	مقدر	284
nkshy	نکشی	284
vyng	وینگ	284
pats	پاتس	284
chaghh	چاقه	284
kbvd	کبود	284
gvhan	گوهان	284
yary	یاری	284
bhash	بهاش	283
tanya	تانیا	283
jabh	جابه	283
jvb	جوب	283
khlbany	خلبانی	283
mghdmh	مقدمه	283
mvady	موادی	283
hvrmvn	هورمون	283
hvrn	هورن	283
prvtyn	پروتئین	283
chragha	چراغا	283
kazablanka	کازابلانکا	283
knvn	کنون	283
aksryt	اکثریت	282
balghvh	بالقوه	282
brbyay	بربیای	282
brvks	بروکس	282
byayym	بیاییم	282
byvftym	بیوفتیم	282
taktyky	تاکتیکی	282
smr	ثمر	282
hsasy	حساسی	282
hsrt	حسرت	282
kharjsh	خارجش	282
dvrys	دوریس	282
rvsha	روسها	282
saybry	سایبری	282
sgsh	سگش	282
fr	فر	282
marla	مارلا	282
mjanyh	مجانیه	282
mkhff	مخفف	282
mraghbm	مراقبم	282
mvtvrsh	موتورش	282
nsybt	نصیبت	282
vah	واه	282
chrm	چرم	282
arvmsh	آرومش	281
asbm	اسبم	281
byaban	بیابان	281
hsabdary	حسابداری	281
dvtay	دوتای	281
srnvshtm	سرنوشتم	281
shanssh	شانسش	281
sbrknyd	صبرکنید	281
mvbaylsh	موبایلش	281
natv	ناتو	281
nvjvan	نوجوان	281
kararv	کارارو	281
grndl	گرندل	281
astanbvl	استانبول	280
banmk	بانمک	280
bahvshyh	باهوشیه	280
btmrg	بتمرگ	280
bkhvahyd	بخواهید	280
brvd	برود	280
bpzyry	بپذیری	280
bgzry	بگذری	280
thdydsh	تهدیدش	280
jram	جرائم	280
jyrh	جیره	280
khvand	خواند	280
dryasalar	دریاسالار	280
dvnstym	دونستیم	280
rvyahat	رویاهات	280
zrngy	زرنگی	280
sraghmvn	سراغمون	280
skvnt	سکونت	280
tby	طبعی	280
ghny	غنی	280
fkrmyknm	فکرمیکنم	280
mrdab	مرداب	280
mstkhdm	مستخدم	280
mftkhrm	مفتخرم	280
myzdh	میزده	280
arzvsh	آرزوش	279
asklt	اسکلت	279
afy	افعی	279
brknar	برکنار	279
khvshaynd	خوشایند	279
drmghabl	درمقابل	279
rvksh	روکش	279
zndanysh	زندانیش	279
ghbar	غبار	279
fyltr	فیلتر	279
manvr	مانور	279
mzar	مزارع	279
msyv	مسیو	279
mvjvdh	موجوده	279
myksht	میکشت	279
nva	نوا	279
chz	چز	279
karham	کارهام	279
kshvndy	کشوندی	279
amvzan	آموزان	278
almll	الملل	278
bat	بات	278
bang	بانگ	278
bndazmsh	بندازمش	278
bymarha	بیمارها	278
bygnahy	بیگناهی	278
tarzan	تارزان	278
tbah	تباه	278
thdydm	تهدیدم	278
tvnstyd	تونستید	278
tyry	تیری	278
jadvgrh	جادوگره	278
khatrt	خاطرت	278
rakvn	راکون	278
synt	سینت	278
sharp	شارپ	278
majraha	ماجراها	278
margv	مارگو	278
myany	میانی	278
mylyardha	میلیاردها	278
nykyta	نیکیتا	278
hmn	همن	278
vatny	واتنی	278
pyntv	پینتو	278
kvtys	کوتیس	278
gndkary	گندکاری	278
gyb	گیب	278
ykyshv	یکیشو	278
ayrvn	آیرون	277
askach	اسکاچ	277
bkhtr	بخطر	277
bvch	بوچ	277
trystan	تریستان	277
tshk	تشک	277
tnr	تنر	277
jrard	جرارد	277
hrs	حرص	277
khvdkshyh	خودکشیه	277
rndal	رندال	277
sav	سائو	277
saks	ساکس	277
stysy	ستیسی	277
skhnan	سخنان	277
srtt	سرعتت	277
shnasysh	شناسیش	277
fyly	فیلی	277
larl	لارل	277
lbastv	لباستو	277
mshtaghanh	مشتاقانه	277
nzyrh	نظیره	277
zhlh	ژله	277
kanrz	کانرز	277
gastvn	گاستون	277
gch	گچ	277
adamsh	اعدامش	276
afsar	افسار	276
bashysh	باشیش	276
bznmt	بزنمت	276
blzhyk	بلژیک	276
bndrgah	بندرگاه	276
thran	تهران	276
hrktsh	حرکتش	276
drmyvn	درمیون	276
dgrgvn	دگرگون	276
syntya	سینتیا	276
lyk	علیک	276
frsth	فرسته	276
msry	مصری	276
nzarh	نظاره	276
pdran	پدران	276
kstrly	کسترلی	276
abtkar	ابتکار	275
astan	استان	275
tvazn	توازن	275
tvldmh	تولدمه	275
khvy	خوی	275
rahzn	راهزن	275
srtany	سرطانی	275
slyn	سلین	275
shkstgy	شکستگی	275
trfdaray	طرفدارای	275
flvt	فلوت	275
manty	مانتی	275
mdava	مداوا	275
mrtvb	مرطوب	275
prdazsh	پردازش	275
chstr	چستر	275
grsyvz	گرسیوز	275
gys	گیس	275
yksry	یکسری	275
astnfvrd	استنفورد	274
alvys	الویس	274
avlyahzrt	اولیاحضرت	274
baktry	باکتری	274
bykh	بیخ	274
dydnd	دیدند	274
zary	ذاری	274
rastm	راستم	274
rftsh	رفتش	274
srnvshtt	سرنوشتت	274
zyzt	عزیزت	274
ghanvna	قانونا	274
martyny	مارتینی	274
nflh	نفله	274
hvd	هود	274
chshmanm	چشمانم	274
karly	کارلی	274
gran	گران	274
abrahym	ابراهیم	273
bazya	بازیا	273
brvym	برویم	273
bya	بیا،	273
bykn	بیکن	273
jar	جار	273
jfrsvn	جفرسون	273
khvbyd	خوبید	273
sanhh	سانحه	273
svrtshv	صورتشو	273
fkrmykny	فکرمیکنی	273
lvryn	لورین	273
msth	مسته	273
hrmvgh	هرموقع	273
vfa	وفا	273
kmrt	کمرت	273
grdd	گردد	273
arvhy	آروهی	272
bassh	باعثش	272
tah	تائه	272
khanvmha	خانومها	272
dlkhvr	دلخور	272
rvhh	روحه	272
rvlv	رولو	272
ghyrmntzrh	غیرمنتظره	272
lvna	لونا	272
mafya	مافیا	272
mshabhy	مشابهی	272
myay	میای؟	272
myv	میو	272
hvshmnd	هوشمند	272
ktt	کتت	272
gls	گلس	272
avbash	اوباش	271
apratvr	اپراتور	271
batlr	باتلر	271
btrsh	بترسه	271
tkhmm	تخمم	271
tvra	تورا	271
tymsh	تیمش	271
dynamyt	دینامیت	271
razt	رازت	271
srznsht	سرزنشت	271
sghay	سگهای	271
lvyn	لوین	271
lyby	لیبی	271
mnasbt	مناسبت	271
nbvdsh	نبودش	271
nyrvmnd	نیرومند	271
hyhy	هی،هی	271
vrn	ورن	271
vylchr	ویلچر	271
zhntyk	ژنتیک	271
karshnas	کارشناس	271
ashmyt	اشمیت	270
afttah	افتتاح	270
bdbkhtanh	بدبختانه	270
brahty	براحتی	270
janbh	جانبه	270
jvma	جوما	270
hsabm	حسابم	270
khatratt	خاطراتت	270
dvsthay	دوستهای	270
santy	سانتی	270
shpsh	شپش	270
ghladh	قلاده	270
mzakrat	مذاکرات	270
halv	هالو	270
hap	هاپ	270
karmndan	کارمندان	270
grgy	گرگی	270
gshth	گشته	270
gvsalh	گوساله	270
avnrv	اونرو	269
bha	بها	269
bhbvdy	بهبودی	269
byarshvn	بیارشون	269
trkyh	ترکیه	269
khvshklh	خوشکله	269
zaty	ذاتی	269
rvvr	روور	269
samy	سامی	269
smty	سمتی	269
mashyntvn	ماشینتون	269
mtadl	متعادل	269
mhmtry	مهمتری	269
mvnakv	موناکو	269
myndy	میندی	269
naplvn	ناپلئون	269
prtv	پرتو	269
krlvnh	کرلئونه	269
ataghtvn	اتاقتون	268
astkhdamsh	استخدامش	268
avlshh	اولشه	268
bdzdn	بدزدن	268
bpvshsh	بپوشش	268
tvafghy	توافقی	268
khanvmh	خانومه	268
khvnst	خونست	268
davsvn	داوسون	268
ryn	رین	268
sakhtmsh	ساختمش	268
slvlhay	سلولهای	268
svrakhy	سوراخی	268
shvgh	شوق	268
ghyafsh	قیافش	268
msyhyt	مسیحیت	268
mykhvayym	میخواییم	268
myna	مینا	268
myvmdym	میومدیم	268
pvdyng	پودینگ	268
gvz	گوز	268
arm	آرم	267
ashbah	اشباح	267
baltymvr	بالتیمور	267
bbazy	ببازی	267
thvylm	تحویلم	267
tfsyr	تفسیر	267
tnfsy	تنفسی	267
drkh	درکه	267
szay	سزای	267
ghzash	غذاش	267
mjtm	مجتمع	267
msaly	مسائلی	267
mshghvlh	مشغوله	267
kyvng	کیونگ	267
gvlm	گولم	267
ahmghha	احمقها	266
aslhtv	اسلحتو	266
aspyd	اسپید	266
alyvya	الیویا	266
avnvrtr	اونورتر	266
barv	بارو	266
blvndy	بلوندی	266
byby	بیبی	266
tmashachy	تماشاچی	266
kharsh	خارش	266
dadrs	دادرس	266
das	داس	266
dastanv	داستانو	266
drbart	دربارت	266
rabynsvn	رابینسون	266
sab	ساب	266
srvkar	سروکار	266
slvlsh	سلولش	266
smbl	سمبل	266
vaghby	عواقبی	266
lbasam	لباسام	266
mtmdn	متمدن	266
nrftn	نرفتن	266
pashydh	پاشیده	266
kmyk	کمیک	266
glvm	گلوم	266
yvsf	یوسف	266
ahmghn	احمقن	265
bshvry	بشوری	265
byrhm	بیرحم	265
trjmhv	ترجمهو	265
jvvntr	جوونتر	265
khlal	خلال	265
khvshhaln	خوشحالن	265
dyln	دیلن	265
dyvs	دیوث	265
zrgh	زرق	265
salyvan	سالیوان	265
tvylh	طویله	265
ghadh	قاعده	265
mashynha	ماشینها	265
mjmv	مجموع	265
mntzrtm	منتظرتم	265
kah	کاه	265
archr	آرچر	264
asbh	اسبه	264
antkhabt	انتخابت	264
bazysh	بازیش	264
bvvm	بووم	264
tlashsh	تلاشش	264
tmashagr	تماشاگر	264
svr	ثور	264
hrfatv	حرفاتو	264
khvshvghtm	خوشوقتم	264
slyby	صلیبی	264
flvra	فلورا	264
nshdnd	نشدند	264
hads	هادس	264
chvl	چول	264
atshfshan	آتشفشان	263
bazyha	بازیها	263
baystm	بایستم	263
btrkvnym	بترکونیم	263
btsy	بتسی	263
brsnd	برسند	263
brgrdvnyn	برگردونین	263
tabsh	تابش	263
dkhtrk	دخترک	263
drstkar	درستکار	263
zbvnm	زبونم	263
zkhmsh	زخمش	263
srpnah	سرپناه	263
atfh	عاطفه	263
lamty	علامتی	263
fhmn	فهمن	263
lbasha	لباسها	263
lyp	لیپ	263
mhmvna	مهمونا	263
hvldn	هولدن	263
pvstr	پوستر	263
chnth	چنته	263
chpm	چپم	263
kanvn	کانون	263
klahk	کلاهک	263
arzshmndh	ارزشمنده	262
alaryk	الاریک	262
aybl	ایبل	262
bshnasym	بشناسیم	262
bnvshm	بنوشم	262
jraym	جرایم	262
sakhtnd	ساختند	262
skhtsh	سختش	262
sylvr	سیلور	262
sht	صحت	262
lala	لالا	262
lnd	لند	262
mthml	متحمل	262
hzartv	هزارتو	262
vvl	وول	262
kntrlt	کنترلت	262
alktrysyth	الکتریسیته	261
amdad	امداد	261
avnhmh	اونهمه	261
avk	اوک	261
barykla	باریکلا	261
byaynja	بیااینجا	261
khardar	خاردار	261
drygh	دریغ	261
srvklh	سروکله	261
shstn	شستن	261
tbyta	طبیعتا	261
ghvasy	غواصی	261
march	مارچ	261
mtalb	مطالب	261
kvchvlvha	کوچولوها	261
gvstav	گوستاو	261
adalynd	آدالیند	260
badam	بادام	260
tghvym	تقویم	260
tnsy	تنسی	260
jdash	جداش	260
dvryn	دورین	260
rahym	راهیم	260
rda	ردا	260
rvmantyk	رومانتیک	260
srdsth	سردسته	260
frstadnd	فرستادند	260
ghvzk	قوزک	260
mybndy	میبندی	260
myng	مینگ	260
hyvlahay	هیولاهای	260
padshahm	پادشاهم	260
padshahh	پادشاهه	260
prvrshgah	پرورشگاه	260
asmv	اسمو	259
bakhtn	باختن	259
brk	برک	259
bhmn	بهمن	259
tsly	تسلی	259
jaksh	جاکش	259
rnard	رنارد	259
mashrt	معاشرت	259
mghavm	مقاوم	259
ntrsydm	نترسیدم	259
hmynkh	همینکه	259
vaykyng	وایکینگ	259
vstsh	وسطش	259
vynchstr	وینچستر	259
chmbrz	چمبرز	259
klynt	کلینت	259
grgha	گرگها	259
atyshy	آتیشی	258
adrnalyn	آدرنالین	258
bankdar	بانکدار	258
tskyn	تسکین	258
tshryh	تشریح	258
tnhayym	تنهاییم	258
khvzh	خوزه	258
daby	دابی	258
dstamv	دستامو	258
znv	زنو	258
slym	سلیم	258
smyr	سمیر	258
shmshyry	شمشیری	258
fylyks	فیلیکس	258
lvrns	لورنس	258
mshng	مشنگ	258
mydhnd	میدهند	258
naytyry	نایتیری	258
nzaft	نظافت	258
padgan	پادگان	258
ktaba	کتابا	258
angah	آنگاه	257
adbyat	ادبیات	257
astarh	استعاره	257
asd	اسد	257
amlt	املت	257
badknk	بادکنک	257
tfngv	تفنگو	257
khavyr	خاویر	257
shrmsary	شرمساری	257
shkrgzary	شکرگزاری	257
zryf	ظریف	257
faskv	فاسکو	257
frshtgan	فرشتگان	257
mygshty	میگشتی	257
hlndy	هلندی	257
pyrmrdh	پیرمرده	257
chshmatvn	چشماتون	257
gvn	گوئن	257
asvdh	آسوده	256
btrkvnm	بترکونم	256
tangv	تانگو	256
jrsy	جرسی	256
damnh	دامنه	256
ghaz	غاز	256
frankshtayn	فرانکشتاین	256
lav	لائو	256
msvlh	مسئوله	256
mvklm	موکلم	256
hytmn	هیتمن	256
kshtnt	کشتنت	256
grvht	گروهت	256
ajnas	اجناس	255
bahsh	باهش	255
bkhvnmsh	بخونمش	255
trvrysm	تروریسم	255
tfalh	تفاله	255
jadvgran	جادوگران	255
khvbt	خوبت	255
dakhlshh	داخلشه	255
dvsttm	دوستتم	255
laght	علاقت	255
fghra	فقرا	255
mtsb	متعصب	255
mdychy	مدیچی	255
mvtvry	موتوری	255
mys	میس	255
najvry	ناجوری	255
hvvm	هووم	255
pyshbyny	پیشبینی	255
yhvdyan	یهودیان	255
aghayy	آقایی	254
akhtlalat	اختلالات	254
ansaf	انصاف	254
bazdashtsh	بازداشتش	254
bkshynsh	بکشینش	254
trysa	تریسا	254
halty	حالتی	254
hrfamv	حرفامو	254
satha	ساعتها	254
sbyl	سبیل	254
shnasym	شناسیم	254
tlsmy	طلسمی	254
ghnary	قناری	254
lana	لانا	254
mhtrmanh	محترمانه	254
mrakz	مراکز	254
vrghh	ورقه	254
vlmvn	ولمون	254
psshvn	پسشون	254
ykary	یکاری	254
astkhdamt	استخدامت	253
afsrha	افسرها	253
bzrgan	بزرگان	253
tras	تراس	253
trza	ترزا	253
zanvhat	زانوهات	253
rvsky	عروسکی	253
ghaflgyry	غافلگیری	253
mhzh	محضه	253
mdlyn	مدلین	253
mraghbshvn	مراقبشون	253
mrzha	مرزها	253
mvhamv	موهامو	253
mylngh	میلنگه	253
namhdvd	نامحدود	253
nzhady	نژادی	253
vas	واس	253
chshmhash	چشمهاش	253
chmagh	چماق	253
kshnd	کشند	253
gybsvn	گیبسون	253
gydyvn	گیدیون	253
angshty	انگشتی	252
bzarymsh	بذاریمش	252
tvany	توانی	252
khrft	خرفت	252
khvahrzadh	خواهرزاده	252
khvdh	خوده	252
daltvn	دالتون	252
dhanh	دهانه	252
rvzvlt	روزولت	252
kshay	عکسهای	252
ghhrmananh	قهرمانانه	252
lvsya	لوسیا	252
mayr	مایر	252
mntzrmh	منتظرمه	252
mvafghh	موافقه	252
myrghsh	میرقصه	252
myrvnm	میرونم	252
myltvn	میلتون	252
mygrfty	میگرفتی	252
nyam	نیام	252
vkhym	وخیم	252
patl	پاتل	252
karlayl	کارلایل	252
kashf	کاشف	252
ksyft	کثیفت	252
kvchvlvh	کوچولوئه	252
azgard	ازگارد	251
ayvn	ایون	251
tymm	تیمم	251
hrfhat	حرفهات	251
dbyrstany	دبیرستانی	251
znd	زند	251
syndrla	سیندرلا	251
shgfty	شگفتی	251
fkrkrdm	فکرکردم	251
fks	فکس	251
mvnty	مونتی	251
pasgah	پاسگاه	251
pamvn	پامون	251
klaht	کلاهت	251
kvrkvranh	کورکورانه	251
arzvm	آرزوم	250
admvnd	ادموند	250
asparty	اسپارتی	250
ankarsh	انکارش	250
aysh	ایش	250
baztab	بازتاب	250
bkhrn	بخرن	250
jvntvn	جونتون	250
hghyr	حقیر	250
dalya	دالیا	250
ryay	رؤیای	250
skhngv	سخنگو	250
mrmvn	عمرمون	250
nvazy	نوازی	250
ngyrm	نگیرم	250
hachy	هاچی	250
pf	پف	250
gyrd	گیرد	250
avryl	آوریل	249
abn	ابن	249
astbl	اصطبل	249
altyam	التیام	249
aymz	ایمز	249
bvnz	بونز	249
trghy	ترقی	249
jmshvn	جمعشون	249
hvaly	حوالی	249
dltng	دلتنگ	249
dyky	دیکی	249
rhmanh	رحمانه	249
ltsh	علتش	249
ln	لن	249
mvrdm	موردم	249
namnasb	نامناسب	249
ndydyd	ندیدید	249
galn	گالن	249
avnharv	اونهارو	248
bbvsmt	ببوسمت	248
tablvh	تابلوئه	248
thajmy	تهاجمی	248
dvghlvha	دوقلوها	248
dpartman	دپارتمان	248
sngh	سنگه	248
fyvry	فیوری	248
nzarym	نذاریم	248
nfssh	نفسش	248
nmyafth	نمیافته	248
hdfshvn	هدفشون	248
kshvrha	کشورها	248
kmandarha	کماندارها	248
knrad	کنراد	248
gnjh	گنجه	248
aghva	اغوا	247
bzarshvn	بذارشون	247
tsa	تسا	247
khdmtkarha	خدمتکارها	247
khfnh	خفنه	247
dshmnanmvn	دشمنانمون	247
dvrshvn	دورشون	247
dymytry	دیمیتری	247
lnz	لنز	247
mrdmmvn	مردممون	247
mykhndh	میخنده	247
nkhyrm	نخیرم	247
hlna	هلنا	247
vadarsh	وادارش	247
vyzly	ویزلی	247
pdydh	پدیده	247
pzyrft	پذیرفت	247
kargran	کارگران	247
grvr	گرور	247
gnjshk	گنجشک	247
astanh	آستانه	246
bazvt	بازوت	246
bradranm	برادرانم	246
brngshtm	برنگشتم	246
bchsh	بچش	246
jayh	جایه	246
jsdha	جسدها	246
dvbakv	دوباکو	246
svlvnyvs	سولونیوس	246
systmy	سیستمی	246
synk	سینک	246
madrth	مادرته	246
marlyn	مارلین	246
mshvgh	معشوق	246
ngzshth	نگذشته	246
hmrat	همرات	246
vlr	ولر	246
vyt	ویت	246
pvk	پوک	246
gyryn	گیرین	246
amazvn	آمازون	245
asby	اسبی	245
bashhbashh	باشه،باشه	245
brshth	برشته	245
radny	رادنی	245
sst	سست	245
svtyn	سوتین	245
shvgr	شوگر	245
rfan	عرفان	245
lgn	لگن	245
lyaghtshv	لیاقتشو	245
mygzrvnh	میگذرونه	245
nzrh	نظره	245
nvrtvn	نورتون	245
vsayltvn	وسایلتون	245
chshmashvn	چشماشون	245
kshv	کشو	245
grnd	گرند	245
yarm	یارم	245
arv	ارو	244
andky	اندکی	244
balash	بالاش	244
bran	بران	244
brkhvrdm	برخوردم	244
bkshnsh	بکشنش	244
tamvn	تامون	244
jvanh	جوانه	244
hlal	حلال	244
hlgh	حلق	244
dytrvyt	دیترویت	244
rmzgzary	رمزگذاری	244
zytvn	زیتون	244
srngvn	سرنگون	244
frstadmsh	فرستادمش	244
mshkvkh	مشکوکه	244
naghvs	ناقوس	244
pdrt	پدرت	244
kjaha	کجاها	244
afradtvn	افرادتون	243
thajm	تهاجم	243
tvnv	تونو	243
jntlmn	جنتلمن	243
khrdl	خردل	243
davsn	داوسن	243
dkhlt	دخلت	243
rhbrshvn	رهبرشون	243
flg	فلگ	243
ghalychh	قالیچه	243
ghdrdan	قدردان	243
ghsdm	قصدم	243
langstrayd	لانگستراید	243
msafra	مسافرا	243
nkhvah	نخواه	243
nrsydym	نرسیدیم	243
nvbl	نوبل	243
nynja	نینجا	243
hamvnv	هامونو	243
hmzad	همزاد	243
payanh	پایانه	243
chrmy	چرمی	243
gvrdn	گوردن	243
asasyh	اثاثیه	242
aydz	ایدز	242
brndn	برندن	242
brgzary	برگزاری	242
tdakhl	تداخل	242
khyky	خیکی	242
drsh	درش	242
rahtvn	راهتون	242
tlast	طلاست	242
frvyd	فروید	242
ghblna	قبلنا	242
mrdhayy	مردهایی	242
mzhkh	مضحکه	242
nzrtv	نظرتو	242
pvarv	پوارو	242
krvat	کروات	242
grdnd	گردند	242
bdvnnd	بدونند	241
bvgndv	بوگندو	241
ttyly	تعطیلی	241
jbransh	جبرانش	241
jryanat	جریانات	241
dashtnsh	داشتنش	241
dvazdhm	دوازدهم	241
shatl	شاتل	241
fytzjrald	فیتزجرالد	241
lytr	لیتر	241
msalhh	مصالحه	241
mzhk	مضحک	241
myvnh	میونه	241
nkhvrm	نخورم	241
nmyshyn	نمیشین	241
kapvr	کاپور	241
gda	گدا	241
grydy	گریدی	241
yvrsh	یورش	241
argham	ارقام	240
ashrafy	اشرافی	240
atrafh	اطرافه	240
atrazy	اعتراضی	240
anjy	انجی	240
bbndn	ببندن	240
bdha	بدها	240
jyd	جید	240
khvahry	خواهری	240
dvl	دوئل	240
dvbl	دوبل	240
srbsrm	سربسرم	240
tvty	طوطی	240
ghachaghy	قاچاقی	240
ghrmzy	قرمزی	240
ghvytryn	قویترین	240
lzbyn	لزبین	240
mslman	مسلمان	240
mtmnh	مطمئنه	240
mfhvmy	مفهومی	240
mvrdvr	موردور	240
mvha	موها	240
mydvnh	میدونه؟	240
nrmh	نرمه	240
nzamyh	نظامیه	240
ngym	نگیم	240
vahdhay	واحدهای	240
vlad	ولاد	240
pnjmyn	پنجمین	240
karmvnv	کارمونو	240
kastlv	کاستلو	240
grant	گرانت	240
gld	گلد	240
yadavr	یادآور	240
yghyna	یقینا	240
bazyhay	بازیهای	239
tkrarsh	تکرارش	239
khatratm	خاطراتم	239
danylz	دانیلز	239
rvyast	رویاست	239
srzdh	سرزده	239
shmrdh	شمرده	239
sdahayy	صداهایی	239
ghramt	غرامت	239
fransvyh	فرانسویه	239
fkrnknm	فکرنکنم	239
ghlbmv	قلبمو	239
makarvny	ماکارونی	239
mlaghatm	ملاقاتم	239
mhtab	مهتاب	239
myshnvyn	میشنوین	239
nasv	ناسو	239
nbvgh	نبوغ	239
ndn	ندن	239
chshmamv	چشمامو	239
karsaz	کارساز	239
gazm	گازم	239
gama	گاما	239
gayydh	گاییده	239
grta	گرتا	239
arshyv	آرشیو	238
artbatmvn	ارتباطمون	238
aspns	اسپنس	238
blndgv	بلندگو	238
bvt	بوت	238
bpyvndyd	بپیوندید	238
byaft	بیافت	238
tlfnv	تلفنو	238
tnv	تنوع	238
drdmvn	دردمون	238
dhnshvn	دهنشون	238
satt	ساعتت	238
zrbat	ضربات	238
tvmar	طومار	238
madrtm	مادرتم	238
maryv	ماریو	238
njabt	نجابت	238
hlnd	هلند	238
vsy	وسیع	238
pashvn	پاشون	238
pnahndh	پناهنده	238
krgdn	کرگدن	238
kvbv	کوبو	238
yanky	یانکی	238
anjly	آنجلی	237
avmm	اومم	237
bankvk	بانکوک	237
brsvnyd	برسونید	237
blndsh	بلندش	237
bgzary	بگذاری	237
tkhyl	تخیل	237
dravmd	دراومد	237
rahshv	راهشو	237
rahn	راهن	237
zmstany	زمستانی	237
sfrtvn	سفرتون	237
sfrm	سفرم	237
fvran	فوران	237
ghhbh	قحبه	237
ghrh	قرعه	237
ghvad	قواعد	237
madrha	مادرها	237
mbdl	مبدل	237
mlaghatmvn	ملاقاتمون	237
mygnd	میگند	237
nab	ناب	237
nmymvnm	نمیمونم	237
nkbt	نکبت	237
vrnvn	ورنون	237
prm	پرم	237
krdny	کردنی	237
kfr	کفر	237
ychyzy	یچیزی	237
art	آرت	236
alyv	آلیو	236
asnyp	اسنیپ	236
bbvsm	ببوسم	236
tyzy	تیزی	236
jnayat	جنایات	236
dyalvg	دیالوگ	236
rsn	رسن	236
svarkar	سوارکار	236
frdast	فرداست	236
mjbvrn	مجبورن	236
mkhlvghat	مخلوقات	236
nvyl	نویل	236
prtghaly	پرتغالی	236
gnahkarh	گناهکاره	236
gvshysh	گوشیش	236
ayyn	آیین	235
atmsfr	اتمسفر	235
bazkn	بازکن	235
bsat	بساط	235
trsa	ترسا	235
trsvnh	ترسونه	235
tvpkhanh	توپخانه	235
khatrm	خاطرم	235
khrma	خرما	235
znyd	زنید	235
srk	سرک	235
sfrmvn	سفرمون	235
fzapyma	فضاپیما	235
ghlv	قلو	235
mbarzan	مبارزان	235
mygv	میگو	235
nat	نات	235
nfrstadh	نفرستاده	235
nmrdm	نمردم	235
vznh	وزنه	235
grftary	گرفتاری	235
gldvn	گلدون	235
asbatsh	اثباتش	234
btrsn	بترسن	234
btrsvny	بترسونی	234
bvrly	بورلی	234
tjm	تجمع	234
tytr	تیتر	234
khdajvn	خداجون	234
svtfahm	سوءتفاهم	234
zvyt	عضویت	234
gham	قائم	234
ghtlh	قتله	234
mjbvrmvn	مجبورمون	234
mtbvaty	مطبوعاتی	234
nhavn	نه،اون	234
ngyd	نگید	234
hmrahmvn	همراهمون	234
vghar	وقار	234
vghtshv	وقتشو	234
pnsylvanya	پنسیلوانیا	234
kstl	کستل	234
kyrsh	کیرش	234
balatrh	بالاتره	233
brkard	برکارد	233
bchrkhy	بچرخی	233
tnbakv	تنباکو	233
jynjr	جینجر	233
dyaz	دیاز	233
rdshvn	ردشون	233
madrm	مادرم	233
mjm	مجمع	233
mshklatt	مشکلاتت	233
mmh	ممه	233
myrh	میره؟	233
nfhm	نفهم	233
nmvd	نمود	233
ngary	نگاری	233
hychgah	هیچگاه	233
vbh	وبه	233
plaza	پلازا	233
chrvk	چروک	233
gvhr	گوهر	233
abham	آبهام	232
atrysh	اتریش	232
arbabt	اربابت	232
arkstr	ارکستر	232
aykarvs	ایکاروس	232
balyvvd	بالیوود	232
baks	باکس	232
bkhndm	بخندم	232
bdakhlagh	بداخلاق	232
bzarysh	بذاریش	232
bchrkhh	بچرخه	232
trsvnd	ترسوند	232
trvdy	ترودی	232
jzvy	جزوی	232
jzyy	جزیی	232
jshnvarh	جشنواره	232
khpl	خپل	232
dkhyl	دخیل	232
dvrm	دورم	232
dyjytal	دیجیتال	232
raja	راجا	232
rvmvn	رومون	232
samvn	سامون	232
svrtshvn	صورتشون	232
ghby	عقبی	232
mykhvnd	میخوند	232
mydnd	میدند	232
mykshnd	میکشند	232
nbashd	نباشد	232
nbynh	نبینه	232
nvrany	نورانی	232
nprsydy	نپرسیدی	232
prz	پرز	232
zhv	ژو	232
gavha	گاوها	232
gzshtm	گذشتم	232
gnahm	گناهم	232
azbyn	ازبین	231
bdhym	بدهیم	231
bgzrm	بگذرم	231
bystm	بیستم	231
hazryn	حاضرین	231
hrfshm	حرفشم	231
dadgahy	دادگاهی	231
rypr	ریپر	231
sama	ساما	231
shrakt	شراکت	231
fysh	فیش	231
ghblysh	قبلیش	231
ghdrtshvn	قدرتشون	231
ghrardady	قراردادی	231
mardvn	ماردون	231
mshhvrh	مشهوره	231
kyl	کیل	231
kyky	کیکی	231
yghh	یقه	231
arhmn	آره،من	230
andakhtmsh	انداختمش	230
tjrbyat	تجربیات	230
traz	تراز	230
tfngtv	تفنگتو	230
drvvr	دروور	230
zyrv	زیرو	230
shnd	شند	230
tbghat	طبقات	230
laghm	علاقم	230
frvpashy	فروپاشی	230
latsv	لاتسو	230
lty	لتی	230
mrdv	مردو	230
myvmdh	میومده	230
nshty	نشتی	230
nmyshnasmsh	نمیشناسمش	230
prydy	پریدی	230
pyshgyry	پیشگیری	230
aghshth	آغشته	229
ahmm	اهمم	229
ays	ایس	229
barvny	بارونی	229
brdly	بردلی	229
brvnd	بروند	229
tkyla	تکیلا	229
khyabvnh	خیابونه	229
drgzsht	درگذشت	229
dnbalshn	دنبالشن	229
dvrdst	دوردست	229
rndl	رندل	229
rvzsh	روزش	229
spahyan	سپاهیان	229
sprha	سپرها	229
shrvh	شروعه	229
shlvghsh	شلوغش	229
mvghtyh	موقتیه	229
hmkaran	همکاران	229
pvtyn	پوتین	229
arjvn	آرجون	228
ahv	آهو	228
askndr	اسکندر	228
bajh	باجه	228
bdntvn	بدنتون	228
bydarh	بیداره	228
tarly	تارلی	228
jnsyt	جنسیت	228
dyjytaly	دیجیتالی	228
srzndh	سرزنده	228
rbstan	عربستان	228
mysazy	میسازی	228
hmptvn	همپتون	228
vaysadym	وایسادیم	228
pkhtn	پختن	228
pvldarh	پولداره	228
gzrvnd	گذروند	228
arnst	ارنست	227
atlatsh	اطلاعاتش	227
andakhtnd	انداختند	227
btv	بتو	227
brnadt	برنادت	227
trsvha	ترسوها	227
jnb	جنب	227
jybsh	جیبش	227
sharanh	شاعرانه	227
fndk	فندک	227
myfrvshn	میفروشن	227
pandy	پاندی	227
chrkhy	چرخی	227
krakn	کراکن	227
bkhary	بخاری	226
brvbrv	برو،برو	226
jngjvyy	جنگجویی	226
hsb	حسب	226
dyrvghth	دیروقته	226
salmndan	سالمندان	226
msjd	مسجد	226
mhdkvdk	مهدکودک	226
mvmyayy	مومیایی	226
mybrymsh	میبریمش	226
myshyny	میشینی	226
hrkar	هرکار	226
pvshm	پوشم	226
chvng	چونگ	226
krdsh	کردش	226
abtday	ابتدای	225
bradrmv	برادرمو	225
bhary	بهاری	225
dastanm	داستانم	225
drdsrh	دردسره	225
dvrt	دورت	225
dydynsh	دیدینش	225
rayna	راینا	225
sazm	سازم	225
shatgan	شاتگان	225
nrdban	نردبان	225
nkshtmsh	نکشتمش	225
vavn	واون	225
pahamv	پاهامو	225
karty	کارتی	225
kvntyn	کوئنتین	225
anabl	آنابل	224
avmdnsh	اومدنش	224
ayr	ایر	224
brgrdnd	برگردند	224
byng	بینگ	224
tkavr	تکاور	224
jrvys	جرویس	224
khvbmn	خوب،من	224
khvysh	خویش	224
dafv	دافو	224
dblyv	دبلیو	224
rada	رادا	224
rfyghmvn	رفیقمون	224
rylks	ریلکس	224
shhrstan	شهرستان	224
farst	فارست	224
myryzy	میریزی	224
myfhmyd	میفهمید	224
myprh	میپره	224
nabyna	نابینا	224
ndashtyn	نداشتین	224
nmyzd	نمیزد	224
hrkvls	هرکولس	224
vaghytsh	واقعیتش	224
vaystyd	وایستید	224
pamla	پاملا	224
kndm	کندم	224
kngv	کنگو	224
kyj	کیج	224
ghvarh	گهواره	224
astart	استارت	223
astrlyng	استرلینگ	223
blvz	بلوز	223
bvng	بونگ	223
jvlyanv	جولیانو	223
drng	درنگ	223
dndvnat	دندونات	223
dvra	دورا	223
ghrazh	قراضه	223
mkhm	مخم	223
nmykhvrn	نمیخورن	223
ngyryd	نگیرید	223
karshvnv	کارشونو	223
kfn	کفن	223
klyvlnd	کلیولند	223
kvd	کود	223
grmsh	گرمش	223
altra	آلترا	222
astrn	استرن	222
almsl	المثل	222
andakhtyn	انداختین	222
bakhth	باخته	222
bahashh	باهاشه	222
bdlyl	بدلیل	222
brnz	برنز	222
bgyrynshvn	بگیرینشون	222
jhnmh	جهنمه	222
hghvght	حقوقت	222
khvshglt	خوشگلت	222
svad	سواد	222
sbrknyn	صبرکنین	222
ghansh	قانعش	222
mraksh	مراکش	222
mtalat	مطالعات	222
mypvshh	میپوشه	222
nyrvgah	نیروگاه	222
hmvna	همونا	222
hvashnasy	هواشناسی	222
gzarm	گذارم	222
gvshkn	گوشکن	222
yay	یای	222
akhth	اخته	221
bkhvnyn	بخونین	221
brgrdvnn	برگردونن	221
bnshyn	بنشین	221
bygnahh	بیگناهه	221
taknvn	تاکنون	221
tdadmvn	تعدادمون	221
tmsah	تمساح	221
tvhmat	توهمات	221
khrydym	خریدیم	221
khft	خفت	221
daghvnm	داغونم	221
drstshvn	درستشون	221
dvtash	دوتاش	221
dygh	دیگه؟	221
rsvnm	رسونم	221
svzvndh	سوزونده	221
sysyl	سیسیل	221
fantzy	فانتزی	221
fstyval	فستیوال	221
ghlbtvn	قلبتون	221
lvshn	لوشن	221
mydvnstyn	میدونستین	221
nshdyd	نشدید	221
nyvtvn	نیوتون	221
hansl	هانسل	221
kabvsh	کابوسه	221
ktm	کتم	221
kntrlshvn	کنترلشون	221
baznshst	بازنشست	220
bkhvahym	بخواهیم	220
bshvnd	بشوند	220
bvksvr	بوکسور	220
tymvty	تیموتی	220
jhat	جهات	220
hsabshvn	حسابشون	220
rngh	رنگه	220
skhavtmndanh	سخاوتمندانه	220
srnvshtmvn	سرنوشتمون	220
sadt	سعادت	220
syahchal	سیاهچال	220
shrly	شرلی	220
hdsh	عهدش	220
mrhvm	مرحوم	220
mshgh	مشق	220
nnvshtm	ننوشتم	220
vaks	واکس	220
vzt	وضعت	220
prynstvn	پرینستون	220
pyrvan	پیروان	220
chndtashvn	چندتاشون	220
chgvngy	چگونگی	220
karbrd	کاربرد	220
kmsh	کمش	220
kvchvlvsh	کوچولوش	220
akhryshh	آخریشه	219
ashal	اسهال	219
alghadh	القاعده	219
amanat	امانات	219
tazgya	تازگیا	219
tsb	تعصب	219
jryhh	جریحه	219
davvs	داووس	219
dfatr	دفاتر	219
rvfvs	روفوس	219
rp	رپ	219
srdab	سرداب	219
srznshsh	سرزنشش	219
shansyh	شانسیه	219
fylyps	فیلیپس	219
mykhvastyd	میخواستید	219
mylymtry	میلیمتری	219
nmytrsy	نمیترسی	219
nmykrdn	نمیکردن	219
ngrftym	نگرفتیم	219
panzdhm	پانزدهم	219
prdazy	پردازی	219
pnch	پنچ	219
kdha	کدها	219
gadfry	گادفری	219
grvhmvn	گروهمون	219
ahngv	آهنگو	218
ayzabla	ایزابلا	218
bbynd	ببیند	218
trshh	ترشح	218
tvana	توانا	218
khatratsh	خاطراتش	218
khvrdyd	خوردید	218
dadstany	دادستانی	218
dvndh	دونده	218
rasv	راسو	218
rghsy	رقصی	218
zanvt	زانوت	218
shnvh	شنوه	218
ghbh	عقبه	218
fylmv	فیلمو	218
ltmh	لطمه	218
lymvnad	لیموناد	218
madrshh	مادرشه	218
mdyraml	مدیرعامل	218
mymvnd	میموند	218
nrftym	نرفتیم	218
hmjnsbaz	همجنسباز	218
hvras	هوراس	218
hylary	هیلاری	218
vrd	ورد	218
vga	وگا	218
prayr	پرایر	218
png	پنگ	218
kvhy	کوهی	218
akhrt	آخرت	217
azmayy	آزمایی	217
asbt	اسبت	217
alktrvmghnatysy	الکترومغناطیسی	217
baghymvndh	باقیمونده	217
bshmar	بشمار	217
tvtv	توتو	217
javydan	جاویدان	217
hazrym	حاضریم	217
rzl	رذل	217
rghsm	رقصم	217
majrast	ماجراست	217
mshajrh	مشاجره	217
mvhashv	موهاشو	217
mynhv	مینهو	217
nmvn	نمون	217
pavla	پائولا	217
gstakhanh	گستاخانه	217
yash	یاش	217
ahngh	آهنگه	216
afzary	افزاری	216
amrvzm	امروزم	216
bazha	بازها	216
bahvshm	باهوشم	216
brsd	برسد	216
bmvnnd	بمونند	216
javdan	جاودان	216
jnjal	جنجال	216
dnvr	دنور	216
rajary	راجاری	216
rvlt	رولت	216
satr	ساتر	216
srbkhyr	عصربخیر	216
fybz	فیبز	216
lanh	لانه	216
mstr	مستر	216
mnks	منعکس	216
myftym	میفتیم	216
ngzar	نگذار	216
krysy	کریسی	216
klahbrdar	کلاهبردار	216
knsrv	کنسرو	216
gtsby	گتسبی	216
grgvry	گرگوری	216
gvlt	گولت	216
atshy	آتشی	215
arvmbash	آرومباش	215
astrvyd	استروئید	215
avnjaha	اونجاها	215
bhalt	بحالت	215
bkhshm	بخشم	215
bkhvahd	بخواهد	215
bskn	بسکن	215
tamn	تامن	215
thvl	تحول	215
khvrdnsh	خوردنش	215
davry	داوری	215
dymvn	دیمون	215
zara	زارا	215
zhmty	زحمتی	215
zrhy	زرهی	215
zndanyan	زندانیان	215
svgvary	سوگواری	215
synmay	سینمای	215
shstshv	شستشو	215
mamanh	مامانه	215
mvrly	مورلی	215
mykhvryd	میخورید	215
hrdfh	هردفعه	215
hyjany	هیجانی	215
prl	پرل	215
kana	کانا	215
klayv	کلایو	215
ard	آرد	214
arzvha	آرزوها	214
asmyh	اسمیه	214
amant	امانت	214
avnyky	اونیکی	214
bartvn	بارتون	214
bsvzvnydsh	بسوزونیدش	214
blay	بلای	214
tvvya	توویا	214
jvna	جونا	214
dkhtram	دخترام	214
dkhtryh	دختریه	214
dzdyh	دزدیه	214
rahtv	راهتو	214
rkhtkn	رختکن	214
shahdan	شاهدان	214
say	عصای	214
fvny	عفونی	214
lyrza	علیرضا	214
mady	مادی	214
mrgshh	مرگشه	214
msafryn	مسافرین	214
mvrty	مورتی	214
myfty	میفتی	214
namshkhs	نامشخص	214
nvrs	نورث	214
hras	هراس	214
vatrz	واترز	214
varys	واریس	214
pnt	پنت	214
pykan	پیکان	214
klyn	کلین	214
gngstr	گنگستر	214
absh	آبش	213
atlantyk	آتلانتیک	213
akhm	اخم	213
bastr	باستر	213
tzmyny	تضمینی	213
tkn	تکن	213
janvran	جانوران	213
jhanh	جهانه	213
khtrnakn	خطرناکن	213
khndy	خندی	213
khvary	خواری	213
darvkhvnh	داروخونه	213
dastanha	داستانها	213
radyvaktyv	رادیواکتیو	213
saman	سامان	213
shhvty	شهوتی	213
svrttv	صورتتو	213
fath	فاتح	213
frmandhan	فرماندهان	213
frvshm	فروشم	213
ghtary	قطاری	213
mhdvdyty	محدودیتی	213
mdyv	مدیو	213
mrasmy	مراسمی	213
maf	معاف	213
mhyj	مهیج	213
hvamv	هوامو	213
vaz	واعظ	213
pnjaby	پنجابی	213
ktksh	کتکش	213
grand	گراند	213
alat	آلات	212
azmn	ازمن	212
bkhvnysh	بخونیش	212
brgrdan	برگردان	212
bvsm	بوسم	212
bvsyd	بوسید	212
bymarstany	بیمارستانی	212
khrgvshh	خرگوشه	212
drkhth	درخته	212
dyvvnst	دیوونست	212
rvpvsh	روپوش	212
ryshy	ریشی	212
svsvl	سوسول	212
svlandv	سولاندو	212
syar	سیار	212
sdgh	صدق	212
trfdary	طرفداری	212
ghrsh	غرش	212
lynch	لینچ	212
mzkhrfyh	مزخرفیه	212
mnzvmh	منظومه	212
myangyn	میانگین	212
namzdt	نامزدت	212
ns	نس	212
nvva	نووا	212
ngranshm	نگرانشم	212
havzr	هاوزر	212
hmkarsh	همکارش	212
vach	واچ	212
vakrha	واکرها	212
chyrh	چیره	212
klyntvn	کلینتون	212
kvrp	کورپ	212
gvd	گود	212
azardhndh	آزاردهنده	211
andakhtnsh	انداختنش	211
ansanhay	انسانهای	211
bpzyryd	بپذیرید	211
tkvny	تکونی	211
jgh	جق	211
khylykhvb	خیلیخوب	211
drkhtha	درختها	211
srnvshth	سرنوشته	211
srnvshty	سرنوشتی	211
shvahdy	شواهدی	211
rvsymvn	عروسیمون	211
fvlady	فولادی	211
ghalh	قائله	211
marha	مارها	211
mtghdym	معتقدیم	211
mfydh	مفیده	211
mysa	میسا	211
mygftym	میگفتیم	211
napl	ناپل	211
vdr	ودر	211
krysmsh	کریسمسه	211
avrdmt	آوردمت	210
abrghhrman	ابرقهرمان	210
atghadat	اعتقادات	210
bahvshtr	باهوشتر	210
khanvadmvn	خانوادمون	210
daf	داف	210
dyvya	دیویا	210
rahttr	راحتتر	210
shvzh	شوزه	210
langdvn	لانگدون	210
mhvr	محور	210
mrba	مربا	210
mshrvby	مشروبی	210
mygftnd	میگفتند	210
natmvm	ناتموم	210
vashyngtvn	واشینگتون	210
prag	پراگ	210
pvchy	پوچی	210
cha	چا	210
kantynr	کانتینر	210
kjat	کجات	210
yvnyfvrm	یونیفورم	210
ayynh	آیینه	209
brnsvn	برنسون	209
bynndh	بیننده	209
byvvlf	بیوولف	209
jlad	جلاد	209
khvajh	خواجه	209
drvghgvh	دروغگوئه	209
ral	رال	209
rghash	رقاصه	209
rvzhayy	روزهایی	209
sazsh	سازش	209
skan	سکان	209
shrydr	شریدر	209
ghyrghanvnyh	غیرقانونیه	209
fskh	فسخ	209
mzahmm	مزاحمم	209
mvana	موآنا	209
mvns	مونث	209
nmymvny	نمیمونی	209
parlman	پارلمان	209
kndra	کندرا	209
kvchvlvmvn	کوچولومون	209
gyt	گیت	209
amatvr	آماتور	208
avhkhda	اوه،خدا	208
bmhz	بمحض	208
bnzrtvn	بنظرتون	208
bpvshvn	بپوشون	208
bpvshym	بپوشیم	208
trsn	ترسن	208
hmlsh	حملش	208
khtnh	ختنه	208
dkhalty	دخالتی	208
randh	رانده	208
zybatr	زیباتر	208
saybr	سایبر	208
sylvya	سیلویا	208
sarh	عصاره	208
ghst	قسط	208
lalyta	لالیتا	208
lgh	لق	208
mvrs	مورس	208
mvshh	موشه	208
mysy	میسی	208
nmayndgan	نمایندگان	208
hmkaram	همکارام	208
prvmtvs	پرومتئوس	208
pyrm	پیرم	208
klayd	کلاید	208
kmrsh	کمرش	208
arzvt	آرزوت	207
aspartan	اسپارتان	207
batvh	باتوئه	207
baky	باکی	207
bradrat	برادرات	207
bvmn	بومن	207
tsbyt	تثبیت	207
tkzyb	تکذیب	207
jysh	جیش	207
jyp	جیپ	207
hghvghm	حقوقم	207
dmaghh	دماغه	207
dndvnash	دندوناش	207
dyvvnm	دیوونم	207
rvbrt	روبرت	207
rvsv	روسو	207
sfydy	سفیدی	207
ghbrsh	قبرش	207
ghrarm	قرارم	207
lhstany	لهستانی	207
matryks	ماتریکس	207
mnhdm	منهدم	207
myfhmydm	میفهمیدم	207
myprsn	میپرسن	207
namshrv	نامشروع	207
nbsh	نبش	207
nrdbvn	نردبون	207
hrms	هرمس	207
vrzshgah	ورزشگاه	207
vs	وس	207
vstrn	وسترن	207
pshymvnm	پشیمونم	207
afrydh	آفریده	206
almyda	آلمیدا	206
anjlv	آنجلو	206
alghds	القدس	206
ansraf	انصراف	206
avhlnty	اوه،لعنتی	206
aktshaf	اکتشاف	206
aysth	ایسته	206
aynstagram	اینستاگرام	206
bkhvahm	بخواهم	206
brazndh	برازنده	206
brmydary	برمیداری	206
brmygrdvnh	برمیگردونه	206
brndy	برندی	206
byaftym	بیافتیم	206
byskvyyt	بیسکوییت	206
trns	ترنس	206
tvlyvs	تولیوس	206
tvnstnd	تونستند	206
hfzsh	حفظش	206
khvdmvny	خودمونی	206
dzda	دزدا	206
srdrgm	سردرگم	206
svalv	سوالو	206
svda	سودا	206
shshshsh	شششش	206
shmrdn	شمردن	206
shray	صحرای	206
falh	فعاله	206
flyp	فلیپ	206
laslv	لاسلو	206
marpych	مارپیچ	206
mam	مام	206
myaryd	میارید	206
mydvnm	میدونم،	206
mypvshy	میپوشی	206
mygzrvnm	میگذرونم	206
nmyshnvy	نمیشنوی	206
haha	هاها	206
valdr	والدر	206
vzm	وضعم	206
chshmansh	چشمانش	206
chmdan	چمدان	206
karmh	کارمه	206
yvhan	یوهان	206
anhayy	آنهایی	205
atlatvn	اطلاعتون	205
aftkharsh	افتخارش	205
aghla	اقلا	205
babamh	بابامه	205
bazvsh	بازوش	205
bdrftary	بدرفتاری	205
brhdh	برعهده	205
brgha	برگها	205
bfrvshn	بفروشن	205
bprsn	بپرسن	205
bykary	بیکاری	205
takyd	تاکید	205
tayr	تایر	205
jvaz	جواز	205
khatraty	خاطراتی	205
khvshhalsh	خوشحالش	205
dyvy	دیوی	205
stm	ستم	205
fdrasyvn	فدراسیون	205
frny	فرنی	205
fyld	فیلد	205
lat	لات	205
mkhrb	مخرب	205
mkhlvgh	مخلوق	205
msafrha	مسافرها	205
mshrvbat	مشروبات	205
mvntana	مونتانا	205
mkalmat	مکالمات	205
nahnjary	ناهنجاری	205
nmydyn	نمیدین	205
vznt	وزنت	205
vfadarh	وفاداره	205
pvshvndh	پوشونده	205
kshmksh	کشمکش	205
kvft	کوفت	205
yaghvt	یاقوت	205
azadshvn	آزادشون	204
astyg	استیگ	204
bavrshvn	باورشون	204
hrajy	حراجی	204
khshkh	خشکه	204
khndyd	خندید	204
khvshgzrvny	خوشگذرونی	204
rfah	رفاه	204
sarv	سارو	204
sanjy	سانجی	204
svman	سومان	204
syny	سینی	204
lamar	لامار	204
layvnl	لایونل	204
mahygyr	ماهیگیر	204
mfslh	مفصله	204
myshknm	میشکنم	204
natvany	ناتوانی	204
prtt	پرتت	204
chshatv	چشاتو	204
kshtyn	کشتین	204
kvhha	کوهها	204
kvktl	کوکتل	204
grad	گراد	204
adrsy	آدرسی	203
avbryn	اوبرین	203
btvand	بتواند	203
bngah	بنگاه	203
trsym	ترسیم	203
jlvtrh	جلوتره	203
khvdnmayy	خودنمایی	203
danmarky	دانمارکی	203
drstv	درستو	203
drmvn	درمون	203
rvbyn	روبین	203
mryl	مریل	203
mntzrmvn	منتظرمون	203
mvyra	مویرا	203
mkansh	مکانش	203
nksht	نکشت	203
pahashv	پاهاشو	203
prva	پروا	203
plysay	پلیسای	203
chaplvsy	چاپلوسی	203
kaldr	کالدر	203
kamlsh	کاملش	203
asnk	اسنک	202
asvla	اصولا	202
aynshtyn	اینشتین	202
bnvshy	بنوشی	202
bynayy	بینایی	202
jg	جگ	202
dkhtrbchh	دختربچه	202
dmvkrat	دموکرات	202
zarn	ذارن	202
rajv	راجو	202
sran	سران	202
nhtv	نه،تو	202
kvhn	کوهن	202
grvt	گروت	202
antvan	آنتوان	201
agata	آگاتا	201
azdvajsh	ازدواجش	201
barvz	باروز	201
brdgan	بردگان	201
bpzyr	بپذیر	201
tsvrshv	تصورشو	201
tmskhr	تمسخر	201
jvnv	جونو	201
khakham	خاخام	201
dand	داند	201
drmvrdt	درموردت	201
srhd	سرحد	201
shkh	شکه	201
shkvnd	شکوند	201
tagh	طاق	201
ddy	عددی	201
ghlbshvn	قلبشون	201
lavly	لاولی	201
mhafzan	محافظان	201
mvajhh	مواجهه	201
ngahshvn	نگاهشون	201
hmvnv	همونو	201
pvsta	پوستا	201
chph	چپه	201
krasvs	کراسوس	201
gmrk	گمرک	201
aryan	آریان	200
amyzy	آمیزی	200
bkhvrnd	بخورند	200
bzrgsal	بزرگسال	200
tyfany	تیفانی	200
sabth	ثابته	200
jnglh	جنگله	200
jvjv	جوجو	200
had	حاد	200
khvabn	خوابن	200
drmant	درمانت	200
dks	دکس	200
rvrshak	رورشاک	200
znbvrha	زنبورها	200
zhrh	زهره	200
savyr	ساویر	200
syman	سیمان	200
shrktm	شرکتم	200
shmrdm	شمردم	200
lyrghm	علیرغم	200
ghlaf	غلاف	200
mntghlsh	منتقلش	200
mhd	مهد	200
nzashtn	نذاشتن	200
vzshh	وضعشه	200
praym	پرایم	200
prstarha	پرستارها	200
plydy	پلیدی	200
pydaysh	پیدایش	200
chvyy	چویی	200
zhaktt	ژاکتت	200
krvgr	کروگر	200
kvlr	کولر	200
grftnh	گرفتنه	200
ambrla	آمبرلا	199
abzary	ابزاری	199
asabsh	اعصابش	199
avps	اوپس	199
babamv	بابامو	199
bazgv	بازگو	199
bashkvhh	باشکوهه	199
trybyvn	تریبیون	199
trysh	تریش	199
tyt	تیت	199
hrfshvn	حرفشون	199
khrkhrh	خرخره	199
dramatyk	دراماتیک	199
drvgv	دروگو	199
dstgyrshvn	دستگیرشون	199
dvstanmvn	دوستانمون	199
dyp	دیپ	199
zmanbndy	زمانبندی	199
ghlmbh	قلمبه	199
ghv	قو	199
mhafzyn	محافظین	199
mygrftn	میگرفتن	199
nafrmany	نافرمانی	199
nbzsh	نبضش	199
nkhvabydy	نخوابیدی	199
nryn	نرین	199
hvashv	هواشو	199
krdmsh	کردمش	199
gng	گنگ	199
aslht	اسلحت	198
aghayh	اقایه	198
avnghdram	اونقدرام	198
bazychh	بازیچه	198
brdyd	بردید	198
brvtvs	بروتوس	198
bnvysyd	بنویسید	198
bvasth	بواسطه	198
bvdapst	بوداپست	198
tshngy	تشنگی	198
jard	جارد	198
khaksh	خاکش	198
khvshh	خوشه	198
khvshgln	خوشگلن	198
khvky	خوکی	198
rahshh	راهشه	198
saknan	ساکنان	198
shbahty	شباهتی	198
sdghh	صدقه	198
zrbdr	ضربدر	198
ashghth	عاشقته	198
ghvrtsh	قورتش	198
mamvt	ماموت	198
mhlvl	محلول	198
mrsya	مرسیا	198
hmaysh	همایش	198
vyp	ویپ	198
prya	پریا	198
zhvpytr	ژوپیتر	198
krdnv	کردنو	198
ara	آرا	197
arzvyy	آرزویی	197
akhlaghyat	اخلاقیات	197
atmadh	اعتماده	197
azhdhaha	اژدهاها	197
aylay	ایلای	197
bradram	برادرام	197
brgrdvndm	برگردوندم	197
bzrgn	بزرگن	197
bsvzvnyd	بسوزونید	197
bvyl	بویل	197
jvvna	جوونا	197
hsabshv	حسابشو	197
hfr	حفر	197
khzndh	خزنده	197
khmary	خماری	197
rba	ربا	197
ryna	رینا	197
smtm	سمتم	197
fvad	فواد	197
mhrab	محراب	197
mstmrh	مستعمره	197
mlvl	معلول	197
nbnd	نبند	197
hary	هاری	197
vkylt	وکیلت	197
vkylsh	وکیلش	197
vyrany	ویرانی	197
prays	پرایس	197
kvby	کوبی	197
gydvn	گیدئون	197
arny	ارنی	196
ashar	اشعار	196
btvnnd	بتونند	196
bkhshmt	بخشمت	196
brabry	برابری	196
bradray	برادرای	196
byngly	بینگلی	196
khfhshv	خفهشو	196
drsht	درشت	196
drmandh	درمانده	196
dvsshvn	دوسشون	196
rvys	رویس	196
shashy	شاشی	196
shnasayysh	شناساییش	196
shhyd	شهید	196
raghy	عراقی	196
fghrat	فقرات	196
mshhvry	مشهوری	196
madl	معادل	196
mghrr	مقرر	196
mygrdyn	میگردین	196
hvapymast	هواپیماست	196
vng	ونگ	196
vvn	وون	196
krafvrd	کرافورد	196
knstantyn	کنستانتین	196
knnds	کنندس	196
gransh	گرانش	196
admyzad	آدمیزاد	195
andrya	آندریا	195
ansvy	آنسوی	195
ahtyaty	احتیاطی	195
adl	ادل	195
anhsary	انحصاری	195
avmdnm	اومدنم	195
bradrym	برادریم	195
bvrd	بورد	195
bkshvnh	بکشونه	195
bylyvn	بیلیون	195
tankr	تانکر	195
hghshh	حقشه	195
khvndmsh	خوندمش	195
dadnt	دادنت	195
syahpvst	سیاهپوست	195
lntysh	لعنتیش	195
msala	مسالا	195
mykhvryn	میخورین	195
mydasht	میداشت	195
myznd	میزند	195
haydy	هایدی	195
hlga	هلگا	195
vba	وبا	195
pdrsg	پدرسگ	195
chm	چم	195
zhnv	ژنو	195
krym	کریم	195
grdvnyn	گردونین	195
grvhm	گروهم	195
yarvh	یاروئه	195
amlya	آملیا	194
andrvvd	آندروود	194
anchnan	آنچنان	194
achar	آچار	194
ansanm	انسانم	194
ayfl	ایفل	194
bavrh	باوره	194
bavrkrdny	باورکردنی	194
jzr	جزر	194
jstjvgr	جستجوگر	194
hzvrtvn	حضورتون	194
khsh	خش	194
razha	رازها	194
ryly	ریلی	194
sabgha	سابقا	194
srjashh	سرجاشه	194
shshsd	ششصد	194
shhrk	شهرک	194
tal	طالع	194
fsyl	فسیل	194
ghyamt	قیامت	194
mhkvmyt	محکومیت	194
mtmnn	مطمئنن	194
namy	نامی	194
nana	نانا	194
nbvdyd	نبودید	194
pahatvn	پاهاتون	194
pvsydh	پوسیده	194
chlsy	چلسی	194
kalb	کالب	194
kvyntvs	کوئینتوس	194
kvlak	کولاک	194
grgvr	گرگور	194
abm	آبم	193
admat	آدمات	193
artkab	ارتکاب	193
astaylz	استایلز	193
aspagty	اسپاگتی	193
askl	اسکل	193
ashtbahyh	اشتباهیه	193
brydm	بریدم	193
bygangan	بیگانگان	193
taktyk	تاکتیک	193
trfnd	ترفند	193
tshdyd	تشدید	193
tvldth	تولدته	193
jrh	جرعه	193
hrfatvn	حرفاتون	193
darby	داربی	193
daghvny	داغونی	193
danst	دانست	193
dstham	دستهام	193
dlvaps	دلواپس	193
dydymsh	دیدیمش	193
zarym	ذاریم	193
shmshyrsh	شمشیرش	193
ghlbshv	قلبشو	193
mtrvplys	متروپلیس	193
mth	مته	193
mvtvrhay	موتورهای	193
mykhvahnd	میخواهند	193
mydanm	میدانم	193
myrghsy	میرقصی	193
mylrzh	میلرزه	193
prstvn	پرستون	193
chvbh	چوبه	193
kapa	کاپا	193
krak	کراک	193
kryshnay	کریشنای	193
kk	کک	193
gzarsht	گزارشت	193
glgr	گلگر	193
gmshyd	گمشید	193
asa	آسا	192
ahngr	آهنگر	192
ahram	اهرام	192
brvbrvbrv	برو،برو،برو	192
bmyryd	بمیرید	192
byftn	بیفتن	192
trghh	ترقه	192
khlagh	خلاق	192
rftarhay	رفتارهای	192
rvzn	روزن	192
srazyr	سرازیر	192
srtm	سرتم	192
ghflt	غفلت	192
fzapymay	فضاپیمای	192
ghbvlt	قبولت	192
lvsynda	لوسیندا	192
myjr	میجر	192
nfrmvn	نفرمون	192
nyjryh	نیجریه	192
vylks	ویلکس	192
paps	پاپس	192
pdrshh	پدرشه	192
pzyrftn	پذیرفتن	192
kndv	کندو	192
grdv	گردو	192
advardv	ادواردو	191
avnvghth	اونوقته	191
bsprsh	بسپرش	191
bndazshvn	بندازشون	191
thmlh	تحمله	191
tshnmh	تشنمه	191
tghsymsh	تقسیمش	191
tghsyrh	تقصیره	191
hsvdyt	حسودیت	191
khavyar	خاویار	191
khvnn	خونن	191
drm	درم	191
dghyghy	دقیقی	191
razysh	راضیش	191
samrz	سامرز	191
svrpryz	سورپریز	191
shbhay	شبهای	191
zahrt	ظاهرت	191
ghzast	غذاست	191
mtfkr	متفکر	191
mjray	مجرای	191
myfrvshm	میفروشم	191
nmykhvamsh	نمیخوامش	191
nmygyrn	نمیگیرن	191
nknnd	نکنند	191
vazhn	واژن	191
vyrangr	ویرانگر	191
kvalsky	کوالسکی	191
kvantvmy	کوانتومی	191
garbr	گاربر	191
gavh	گاوه	191
grdyd	گردید	191
gryvz	گریوز	191
amadgysh	آمادگیش	190
avyzvnsh	آویزونش	190
adysvn	ادیسون	190
astf	استف	190
asnart	اسنارت	190
alksandra	الکساندرا	190
amtyazy	امتیازی	190
amshbh	امشبه	190
aynkart	اینکارت	190
bbazm	ببازم	190
bmyryn	بمیرین	190
taym	تایم	190
hrktt	حرکتت	190
hzvrsh	حضورش	190
khavr	خاور	190
khvayy	خوایی	190
khyat	خیاط	190
daryvsh	داریوش	190
dstatvnv	دستاتونو	190
dstyaby	دستیابی	190
dlsrd	دلسرد	190
srshh	سرشه	190
svry	سوری	190
shnvndh	شنونده	190
shvhrmh	شوهرمه	190
lyvnl	لیونل	190
martl	مارتل	190
msafrty	مسافرتی	190
mdvd	معدود	190
mmary	معماری	190
myshnakht	میشناخت	190
ngrd	نگرد	190
hryt	هریت	190
vargas	وارگاس	190
pyshth	پیشته	190
karvash	کارواش	190
kmysr	کمیسر	190
aba	آبا	189
akhtyarat	اختیارات	189
ashlh	اسحله	189
aftm	افتم	189
avlg	اولگ	189
bbrmtvn	ببرمتون	189
bbvsh	ببوسه	189
bbynmtvn	ببینمتون	189
bravnyng	براونینگ	189
bfhmvnm	بفهمونم	189
bfhmyn	بفهمین	189
bvl	بول	189
bkshydshvn	بکشیدشون	189
bylysh	بیلیش	189
tfngy	تفنگی	189
jvnzy	جونزی	189
halam	حالام	189
dara	دارا	189
danshjvyy	دانشجویی	189
dsysh	دسیسه	189
dvstymvn	دوستیمون	189
dyskv	دیسکو	189
zhnmvn	ذهنمون	189
shahy	شاهی	189
shnasmt	شناسمت	189
shghbazy	عشقبازی	189
lhsh	لهش	189
mssh	مؤسسه	189
masha	ماشا	189
mtfrgh	متفرق	189
mzayay	مزایای	189
mvsrh	موثره	189
mvd	موعد	189
mydashtm	میداشتم	189
myrghsm	میرقصم	189
mypvshm	میپوشم	189
nmykrdym	نمیکردیم	189
hayshan	هایشان	189
hvshy	هوشی	189
vlyhd	ولیعهد	189
pychydgy	پیچیدگی	189
kaj	کاج	189
ganykvs	گانیکوس	189
gyrmsh	گیرمش	189
amrzsh	آمرزش	188
bbkhshd	ببخشد	188
brkssh	برعکسش	188
brmsh	برمش	188
bpzyrm	بپذیرم	188
trsvyy	ترسویی	188
tghybshvn	تعقیبشون	188
tlfnh	تلفنه	188
tnhatvn	تنهاتون	188
jngv	جنگو	188
khshayar	خشایار	188
khlght	خلقت	188
khvdkhvahanh	خودخواهانه	188
draztr	درازتر	188
dvsta	دوستا	188
zhnshvn	ذهنشون	188
rvman	رومان	188
salmvn	سالمون	188
saksvn	ساکسون	188
sfydbrfy	سفیدبرفی	188
snsvr	سنسور	188
svprmarkt	سوپرمارکت	188
rvsym	عروسیم	188
mrshvn	عمرشون	188
ghblyh	قبلیه	188
ghhty	قحطی	188
larn	لارن	188
lftsh	لفتش	188
lvsyn	لوسین	188
mvvd	موعود	188
myanbr	میانبر	188
mygzarm	میگذارم	188
nazl	نازل	188
nmydvny	نمیدونی؟	188
nkshm	نکشم	188
nyvftad	نیوفتاد	188
hrdvtamvn	هردوتامون	188
pavlv	پائولو	188
pasta	پاستا	188
pdrshv	پدرشو	188
chshash	چشاش	188
chyzynyst	چیزینیست	188
gzashtysh	گذاشتیش	188
grysy	گریسی	188
armstrang	آرمسترانگ	187
ashyl	آشیل	187
amvzshgah	آموزشگاه	187
astrdad	استرداد	187
alyzh	الیزه	187
ayngar	اینگار	187
bajrngy	باجرنگی	187
bbrnsh	ببرنش	187
bkhryn	بخرین	187
bdvyyn	بدویین	187
brsvnyn	برسونین	187
bznysh	بزنیش	187
jghrafyayy	جغرافیایی	187
khrydmsh	خریدمش	187
dhntvn	دهنتون	187
rvzaly	روزالی	187
srbh	سربه	187
sryna	سرینا	187
svzsh	سوزش	187
rvsyt	عروسیت	187
shghv	عشقو	187
fzvl	فضول	187
ghran	قرآن	187
layt	لایت	187
madrghhbh	مادرقحبه	187
mamanmh	مامانمه	187
msvn	مصون	187
mnasbyh	مناسبیه	187
mnfvr	منفور	187
mnchstr	منچستر	187
mydmsh	میدمش	187
mydvnstyd	میدونستید	187
mygvynd	میگویند	187
narahtsh	ناراحتش	187
namrd	نامرد	187
nzrmv	نظرمو	187
pakstany	پاکستانی	187
psrjvn	پسرجون	187
pvlshvyy	پولشویی	187
karmayn	کارماین	187
kancha	کانچا	187
azarm	آزارم	186
ardvy	اردوی	186
askaly	اسکالی	186
avrst	اورست	186
barany	بارانی	186
bbndynsh	ببندینش	186
bradra	برادرا	186
brayn	براین	186
bhadar	بهادار	186
jlf	جلف	186
khvshglyh	خوشگلیه	186
sakhtnsh	ساختنش	186
sagh	ساق	186
sfth	سفته	186
ghrbh	عقربه	186
ghzatvn	غذاتون	186
mrhmt	مرحمت	186
mrdny	مردنی	186
mtb	مطب	186
nrvzh	نروژ	186
nshnal	نشنال	186
nshvny	نشونی	186
nmymyrh	نمیمیره	186
nhnhnhnh	نه،نه،نه،نه	186
hrmn	هرمن	186
hmyntvryh	همینطوریه	186
pavrz	پاورز	186
kap	کاپ	186
kshvrtvn	کشورتون	186
knsvl	کنسول	186
kymy	کیمی	186
gvdv	گودو	186
amanym	امانیم	185
aynjay	اینجای	185
bbynmn	ببین،من	185
bdbyn	بدبین	185
brngrdh	برنگرده	185
bznshvn	بزنشون	185
bfrstmsh	بفرستمش	185
takht	تاخت	185
thghgh	تحقق	185
tshsh	تشعشع	185
tghdys	تقدیس	185
tvpv	توپو	185
hghth	حقته	185
khshnvd	خشنود	185
khtrsh	خطرش	185
darnl	دارنل	185
drbarshvn	دربارشون	185
dftry	دفتری	185
dvstayy	دوستایی	185
zhnth	ذهنته	185
sharma	شارما	185
shstm	شستم	185
alym	عالیم	185
lalh	لاله	185
lyang	لیانگ	185
lytl	لیتل	185
mkhvf	مخوف	185
mghdsat	مقدسات	185
mhmanan	مهمانان	185
mvaghy	مواقعی	185
mvrgana	مورگانا	185
mknzy	مکنزی	185
myadsh	میادش	185
myd	مید	185
myzarmsh	میذارمش	185
nmymyry	نمیمیری	185
hmram	همرام	185
vadarm	وادارم	185
pabrja	پابرجا	185
pashh	پاشه	185
psrshvn	پسرشون	185
pychydst	پیچیدست	185
kram	کرام	185
kryptvny	کریپتونی	185
kmbryj	کمبریج	185
gzarh	گذاره	185
ashama	آشاما	184
ahsasyh	احساسیه	184
azhdr	اژدر	184
ayndyana	ایندیانا	184
bargyry	بارگیری	184
bazmandgan	بازماندگان	184
bagz	باگز	184
bshynn	بشینن	184
bvsydy	بوسیدی	184
bvg	بوگ	184
talbvt	تالبوت	184
tdvyn	تدوین	184
tbyr	تعبیر	184
jrsghyl	جرثقیل	184
dla	دلا	184
dhnmvn	دهنمون	184
dya	دیا	184
syryvs	سیریوس	184
frnandv	فرناندو	184
ghatr	قاطر	184
ghrargah	قرارگاه	184
mahranh	ماهرانه	184
mjza	مجزا	184
mshghlh	مشغله	184
mlny	ملنی	184
vrs	ورث	184
vkla	وکلا	184
vylay	ویلای	184
kbra	کبرا	184
yaran	یاران	184
asnvdn	اسنودن	183
anbvh	انبوه	183
brnzh	برنزه	183
brgshtnd	برگشتند	183
bkr	بکر	183
bynnd	بینند	183
tabh	تابه	183
tghybmvn	تعقیبمون	183
tmayly	تمایلی	183
jasvsh	جاسوسه	183
hfzt	حفظت	183
khfa	خفا	183
khysh	خیسه	183
dlbr	دلبر	183
dvsat	دوساعت	183
rfaght	رفاقت	183
ghafl	غافل	183
malfvy	مالفوی	183
mhvl	محول	183
msyrhay	مسیرهای	183
mvghh	موقعه	183
mydh	میده؟	183
myhman	میهمان	183
hmsrm	همسرم	183
pvshshy	پوششی	183
chaghy	چاقی	183
klv	کلو	183
knan	کنان	183
granbha	گرانبها	183
ardn	اردن	182
afty	افتی	182
avnahashn	اوناهاشن	182
btrsvnmt	بترسونمت	182
brvnh	برونه	182
bzrgtrm	بزرگترم	182
trvkhda	تروخدا	182
tkshvn	تکشون	182
jatv	جاتو	182
jarvys	جارویس	182
hazrm	حاضرم	182
dvyd	دوید	182
dydmtvn	دیدمتون	182
dygm	دیگم	182
rvanh	روانه	182
rvzv	روزو	182
zndgymh	زندگیمه	182
sraydar	سرایدار	182
svzandh	سوزانده	182
symvnz	سیمونز	182
syva	سیوا	182
shkhsysh	شخصیش	182
tblha	طبلها	182
ghsaby	قصابی	182
ghlbtv	قلبتو	182
lvnadvs	لئونادوس	182
laf	لاف	182
mashyntv	ماشینتو	182
mzkhrfaty	مزخرفاتی	182
mvghyttvn	موقعیتتون	182
mybayst	میبایست	182
myshdnd	میشدند	182
mygzrvny	میگذرونی	182
natny	ناتنی	182
nzyry	نظیری	182
nmaz	نماز	182
nmyarn	نمیارن	182
nmybrm	نمیبرم	182
hnryk	هنریک	182
hvly	هولی	182
vrdar	وردار	182
prstarh	پرستاره	182
pvynt	پوینت	182
chh	چه؟	182
kftar	کفتار	182
kytvn	کیتون	182
yghyn	یقین	182
amrykayyh	آمریکاییه	181
aslamy	اسلامی	181
asprsv	اسپرسو	181
ashtbahm	اشتباهم	181
avldmn	اولدمن	181
aynkarh	اینکاره	181
bav	باو	181
brngrdm	برنگردم	181
bshnasmsh	بشناسمش	181
bnvshyd	بنوشید	181
byskvyt	بیسکویت	181
trst	ترست	181
jngyh	جنگیه	181
hrfmvn	حرفمون	181
khlassh	خلاصش	181
rdgyry	ردگیری	181
rvshhay	روشهای	181
shbm	شبم	181
shknh	شکنه	181
fryng	فرینگ	181
ghtr	قطر	181
lyng	لینگ	181
mamanmv	مامانمو	181
mahrh	ماهره	181
maylv	مایلو	181
mykrvfn	میکروفن	181
namzdsh	نامزدش	181
nbrdm	نبردم	181
hrkdvmshvn	هرکدومشون	181
hyp	هیپ	181
pstal	پستال	181
pytrsvn	پیترسون	181
kvdta	کودتا	181
kyst	کیست	181
kyfsh	کیفش	181
galh	گاله	181
grvhhay	گروههای	181
glr	گلر	181
arsh	آرش	180
azmayshsh	آزمایشش	180
bza	بذا	180
brnmygrdy	برنمیگردی	180
bghdr	بقدر	180
bmbh	بمبه	180
bpryd	بپرید	180
bpvshyd	بپوشید	180
jshny	جشنی	180
dal	دال	180
dvshs	دوشس	180
srmh	سرمه	180
sfrhay	سفرهای	180
smth	سمته	180
shansym	شانسیم	180
shvltz	شولتز	180
flakt	فلاکت	180
fvarh	فواره	180
ghrzsh	قرضش	180
lntya	لعنتیا	180
mahha	ماهها	180
njattvn	نجاتتون	180
nfrm	نفرم	180
nmvdar	نمودار	180
hndrsvn	هندرسون	180
hvytsh	هویتش	180
vjd	وجد	180
pals	پالس	180
chkh	چکه	180
gryt	گریت	180
abvt	ابوت	179
arbabm	اربابم	179
astarsyty	استارسیتی	179
astghamt	استقامت	179
avbama	اوباما	179
brays	برایس	179
brkhvrdym	برخوردیم	179
bvsydm	بوسیدم	179
bkshtsh	بکشتش	179
tkhlf	تخلف	179
tndrv	تندرو	179
tny	تنی	179
tvph	توپه	179
tkzas	تکزاس	179
jaykh	جائیکه	179
khsarat	خسارات	179
drvz	درعوض	179
drgyrsh	درگیرش	179
dydny	دیدنی	179
zdnm	زدنم	179
sakhtmvny	ساختمونی	179
srvght	سروقت	179
shlkhth	شلخته	179
maylyd	مایلید	179
mghdsy	مقدسی	179
myfrvshy	میفروشی	179
mygshtym	میگشتیم	179
nakjabad	ناکجاآباد	179
nagvar	ناگوار	179
nfhmydh	نفهمیده	179
nygash	نیگاش	179
hmrahth	همراهته	179
vhshyh	وحشیه	179
vrajy	وراجی	179
prvrdgara	پروردگارا	179
pylh	پیله	179
chym	چیم	179
krdnsh	کردنش	179
kfshay	کفشای	179
ganykas	گانیکاس	179
grvhh	گروهه	179
alysha	آلیشا	178
aptymvs	آپتیموس	178
aspryng	اسپرینگ	178
atlatt	اطلاعاتت	178
ayrvyng	ایروینگ	178
bhssh	بحثش	178
bghay	بقای	178
bghtl	بقتل	178
bnyan	بنیان	178
bydad	بیداد	178
tmvmy	تمومی	178
janm	جانم؟	178
jgr	جگر	178
hrfamvn	حرفامون	178
drhghyght	درحقیقت	178
dshmnh	دشمنه	178
dhnmv	دهنمو	178
dktray	دکترای	178
dylyn	دیلین	178
rabrtz	رابرتز	178
zval	زوال	178
zahry	ظاهری	178
ghzatv	غذاتو	178
faghd	فاقد	178
lazmm	لازمم	178
mtyvs	متیوس	178
mdarbsth	مداربسته	178
mybkhshyd	میبخشید	178
myrfth	میرفته	178
myrvd	میرود	178
nayn	ناین	178
nmyshnvh	نمیشنوه	178
nmyfhmn	نمیفهمن	178
vashyngtn	واشینگتن	178
vyza	ویزا	178
pabrjast	پابرجاست	178
prvazy	پروازی	178
pkn	پکن	178
chhardhm	چهاردهم	178
krvr	کرور	178
kvmar	کومار	178
asvntrh	آسونتره	177
afshay	افشای	177
avntrfh	اونطرفه	177
aystm	ایستم	177
baly	بالی	177
bdvyn	بدوین	177
brak	براک	177
brygz	بریگز	177
bsrt	بسرعت	177
blyz	بلیز	177
bpryn	بپرین	177
trsvndh	ترسونده	177
typh	تیپه	177
jratsh	جراتش	177
hzant	حضانت	177
khsvsyt	خصوصیت	177
khmparh	خمپاره	177
khvshmzst	خوشمزست	177
dstvratm	دستوراتم	177
dnyaha	دنیاها	177
razsh	رازش	177
rvbrtv	روبرتو	177
zyp	زیپ	177
svyych	سوییچ	177
syzdhm	سیزدهم	177
laym	علایم	177
fay	فای	177
majrayy	ماجرایی	177
mahrm	ماهرم	177
mykhvrdym	میخوردیم	177
myvftm	میوفتم	177
nadvn	نادون	177
nayb	نایب	177
nzrmvn	نظرمون	177
hndvstany	هندوستانی	177
vvlf	وولف	177
prrv	پررو	177
gmanm	گمانم	177
gvryl	گوریل	177
gyd	گید	177
arvra	آرورا	176
afkn	افکن	176
aghdamy	اقدامی	176
amydt	امیدت	176
avby	اوبی	176
bavjvd	باوجود	176
bbazh	ببازه	176
brbyaym	بربیایم	176
bryzyd	بریزید	176
bzyha	بعضیها	176
bg	بگ	176
ttv	تتو	176
tsvry	تصوری	176
dryayyh	دریاییه	176
dynv	دینو	176
raly	رالی	176
shahanh	شاهانه	176
shkhsym	شخصیم	176
smymanh	صمیمانه	176
zraft	ظرافت	176
mkhsvsy	مخصوصی	176
mrghy	مرغی	176
mghzshvn	مغزشون	176
mvrtvn	مورتون	176
mvrgn	مورگن	176
myrsnd	میرسند	176
myznmt	میزنمت	176
mymrdm	میمردم	176
natan	ناتان	176
nachar	ناچار	176
nvarha	نوارها	176
nvby	نوبی	176
hyvgv	هیوگو	176
valhala	والهالا	176
kakrv	کاکرو	176
ksydy	کسیدی	176
gldn	گلدن	176
yknfr	یکنفر	176
abdar	آبدار	175
admash	آدماش	175
arnj	آرنج	175
asvdgy	آسودگی	175
ashamha	آشامها	175
atlstn	اتلستن	175
astvry	استوری	175
alsltnh	السلطنه	175
amthanat	امتحانات	175
amydm	امیدم	175
avklnd	اوکلند	175
bkhryd	بخرید	175
bvrg	بورگ	175
tvrvk	توروک	175
khbrngara	خبرنگارا	175
khbrhayy	خبرهایی	175
khrdmnd	خردمند	175
darvkhanh	داروخانه	175
darvhat	داروهات	175
dryaha	دریاها	175
ramal	رامال	175
rj	رج	175
rybn	ریبن	175
sazym	سازیم	175
shahdsh	شاهدش	175
shstshvy	شستشوی	175
sbyh	عصبیه	175
ghdrtmndtr	قدرتمندتر	175
ltft	لطفت	175
mzsh	مزش	175
mvrfys	مورفیس	175
myftm	میفتم	175
nzmy	نظمی	175
nvakhth	نواخته	175
nygan	نیگان	175
hrsal	هرسال	175
hndv	هندو	175
prvazt	پروازت	175
kshvy	کشوی	175
klydhay	کلیدهای	175
kvp	کوپ	175
gardn	گاردن	175
gyts	گیتس	175
anatvly	آناتولی	174
astadm	استادم	174
aspansr	اسپانسر	174
asknr	اسکنر	174
amrar	امرار	174
bamzst	بامزست	174
bfrmayn	بفرمائین	174
bcht	بچت	174
bknmsh	بکنمش	174
tamsvn	تامسون	174
taytvs	تایتوس	174
trdstvn	تردستون	174
tfngsh	تفنگش	174
tmashayy	تماشایی	174
tvaz	تواضع	174
hkmt	حکمت	174
khlvs	خلوص	174
khvahrth	خواهرته	174
dstashv	دستاشو	174
znashvyy	زناشویی	174
shtm	شتم	174
shvnzdh	شونزده	174
ghlta	غلطا	174
lbasv	لباسو	174
lsh	لش	174
mnzvrtv	منظورتو	174
nyarh	نیاره	174
vrsh	ورش	174
vsayly	وسایلی	174
vyjv	ویجو	174
pafshary	پافشاری	174
pryvd	پریود	174
psvrd	پسورد	174
pnchr	پنچر	174
pyghamt	پیغامت	174
klmbyayy	کلمبیایی	174
aryvs	آریوس	173
ataghv	اتاقو	173
ajsam	اجسام	173
aslyd	اسلید	173
aftkharat	افتخارات	173
ayds	ایدث	173
brghrarh	برقراره	173
brngshtn	برنگشتن	173
bsvzvnsh	بسوزونش	173
thghyghatm	تحقیقاتم	173
jyng	جینگ	173
khadm	خادم	173
khanvadtvn	خانوادتون	173
khvnasham	خوناشام	173
dbstan	دبستان	173
dzdydym	دزدیدیم	173
dmsh	دمش	173
dvkhtn	دوختن	173
dyplmatyk	دیپلماتیک	173
svra	سورا	173
shvhrh	شوهره	173
tavvs	طاووس	173
myghh	عمیقه	173
ghrvrt	غرورت	173
ghyab	غیاب	173
falsh	فعالش	173
lghsh	لقش	173
madvn	مادون	173
mamvra	مامورا	173
mtlghh	مطلقه	173
mnvr	منور	173
nl	نل	173
nhayn	نه،این	173
nvchh	نوچه	173
havana	هاوانا	173
vda	وداع	173
vzytt	وضعیتت	173
vyraj	ویراج	173
pzyrm	پذیرم	173
pvlay	پولای	173
ajyl	آجیل	172
amadn	آمادن	172
astram	استرام	172
amrsvn	امرسون	172
amshbv	امشبو	172
anthary	انتحاری	172
anjamh	انجامه	172
bahvbly	باهوبلی	172
brndt	برندت	172
bmannd	بمانند	172
bmanyd	بمانید	172
bndazysh	بندازیش	172
tsavyry	تصاویری	172
tmbr	تمبر	172
jas	جاس	172
hghart	حقارت	172
dyrt	دیرت	172
rtvbt	رطوبت	172
srbazh	سربازه	172
svdsh	سودش	172
syv	سیو	172
shryan	شریان	172
shmayyd	شمایید	172
sbhgahy	صبحگاهی	172
ghhrmanm	قهرمانم	172
lars	لارس	172
madrshv	مادرشو	172
mbhvt	مبهوت	172
mghdmaty	مقدماتی	172
mhmandar	مهماندار	172
mcht	مچت	172
mybndh	میبنده	172
mykshtm	میکشتم	172
haym	هایم	172
hftmyn	هفتمین	172
vardy	واردی	172
valkr	والکر	172
vaystady	وایستادی	172
vzgh	وزغ	172
pvja	پوجا	172
pyrvzyh	پیروزیه	172
karvr	کارور	172
kaplan	کاپلان	172
kfsht	کفشت	172
klahm	کلاهم	172
kvrtny	کورتنی	172
gvlh	گوله	172
admkshy	آدمکشی	171
aksrshvn	اکثرشون	171
ayslnd	ایسلند	171
banmkh	بانمکه	171
bryan	بریان	171
tnaghz	تناقض	171
jad	جاد	171
jahatvn	جاهاتون	171
jvd	جود	171
danstn	دانستن	171
dlavr	دلاور	171
rvg	روگ	171
znds	زندس	171
satsh	ساعتش	171
shazdh	شازده	171
sbrm	صبرم	171
ghhr	قهر	171
lvks	لوکس	171
madrt	مادرت	171
mybndym	میبندیم	171
myzt	میزت	171
mygyrd	میگیرد	171
nmyryd	نمیرید	171
hayt	هایت	171
hmrahshvn	همراهشون	171
pvrshh	پورشه	171
pvldary	پولداری	171
chaya	چایا	171
yabd	یابد	171
yaftm	یافتم	171
ydk	یدک	171
yksrh	یکسره	171
akhy	آخی	170
archy	آرچی	170
alabama	آلاباما	170
avrm	آورم	170
atfaghay	اتفاقای	170
azaynkh	ازاینکه	170
aftadnd	افتادند	170
afsrhay	افسرهای	170
amydvarh	امیدواره	170
avns	اونس	170
bashmsh	باشمش	170
balyn	بالین	170
bavrkn	باورکن	170
bych	بیچ	170
tnasb	تناسب	170
jlvtvn	جلوتون	170
jngjvha	جنگجوها	170
khvshbv	خوشبو	170
dahay	دعاهای	170
dvtrfh	دوطرفه	170
dyzny	دیزنی	170
rahtsh	راحتش	170
razym	راضیم	170
sahbkhvnh	صاحبخونه	170
shghmvn	عشقمون	170
ksv	عکسو	170
ladn	لادن	170
mavryk	ماوریک	170
mzkr	مذکر	170
mrl	مرل	170
mhmvnt	مهمونت	170
mybarh	میباره	170
mydzdh	میدزده	170
mykn	میکن	170
narv	نارو	170
nhad	نهاد	170
hmvar	هموار	170
vnzvla	ونزوئلا	170
pnl	پنل	170
pydast	پیداست	170
kmpl	کمپل	170
knarshvn	کنارشون	170
kvhnvrdy	کوهنوردی	170
avyz	آویز	169
arzshmndy	ارزشمندی	169
arnstv	ارنستو	169
avlsn	اولسن	169
ayja	ایجا	169
batvjh	باتوجه	169
balvn	بالون	169
bkhatrt	بخاطرت	169
bvrdn	بوردن	169
bgzarh	بگذاره	169
tshvyghsh	تشویقش	169
jsvranh	جسورانه	169
jngjvhay	جنگجوهای	169
drn	درن	169
dvrmamv	دورمامو	169
dvrvbr	دوروبر	169
srdar	سردار	169
svalay	سوالای	169
shansth	شانسته	169
shdnshvn	شدنشون	169
shyny	شینی	169
sfa	صفا	169
ashghshh	عاشقشه	169
frankv	فرانکو	169
ghat	قاطع	169
lalayy	لالایی	169
mamvrytt	ماموریتت	169
mtasfam	متاسفام	169
mdfvn	مدفون	169
mshty	مشتی	169
mshkltvn	مشکلتون	169
mshklv	مشکلو	169
mghzh	مغزه	169
mlbvrn	ملبورن	169
mnsf	منصف	169
nghdy	نقدی	169
nmygrdh	نمیگرده	169
nhr	نهر	169
nvysh	نویسه	169
nkshsh	نکشش	169
hydrvzhn	هیدروژن	169
vaysty	وایستی	169
vjdant	وجدانت	169
padshaht	پادشاهت	169
payyntr	پایینتر	169
phbad	پهباد	169
phpad	پهپاد	169
pvlhay	پولهای	169
chshmham	چشمهام	169
krtys	کرتیس	169
kvrn	کورن	169
kvkayyn	کوکایین	169
gryfndvr	گریفندور	169
gnahant	گناهانت	169
akhrhfth	آخرهفته	168
arambkhsh	آرامبخش	168
ashvr	آشور	168
artshh	ارتشه	168
avkja	اوکجا	168
babashvn	باباشون	168
basnt	باسنت	168
bpvshn	بپوشن	168
bymaryh	بیماریه	168
jzyatsh	جزئیاتش	168
hsv	حسو	168
dstvraty	دستوراتی	168
dvraftadh	دورافتاده	168
dvstvn	دوستون	168
dvhfth	دوهفته	168
rad	راد	168
rjv	رجوع	168
rnjy	رنجی	168
ryp	ریپ	168
znyn	زنین	168
svzana	سوزانا	168
shnasn	شناسن	168
sbht	صبحت	168
zyzdlm	عزیزدلم	168
mvdy	عمودی	168
markt	مارکت	168
mthyr	متحیر	168
mkhfyh	مخفیه	168
msa	مسا	168
mstajr	مستاجر	168
mlaymt	ملایمت	168
mybryd	میبرید	168
myfrsty	میفرستی	168
nkhvabydh	نخوابیده	168
nzakt	نزاکت	168
nshangr	نشانگر	168
nmyryn	نمیرین	168
nyklas	نیکلاس	168
hmsrmh	همسرمه	168
vanda	واندا	168
chynyh	چینیه	168
kvantvm	کوانتوم	168
aramgah	آرامگاه	167
azadyt	آزادیت	167
alfba	الفبا	167
babl	بابل	167
banvan	بانوان	167
brgshtyd	برگشتید	167
bryzn	بریزن	167
bpashh	بپاشه	167
bprdazm	بپردازم	167
tyzh	تیزه	167
jdashvn	جداشون	167
jshnh	جشنه	167
hazryd	حاضرید	167
halyth	حالیته	167
khvnvadsh	خونوادش	167
dstkht	دستخط	167
rday	ردای	167
rsmyh	رسمیه	167
sngha	سنگها	167
sdast	صداست	167
jbm	عجبم	167
jvlanh	عجولانه	167
fak	فاک	167
ghldr	قلدر	167
lbash	لباسه	167
hzl	هزل	167
vayz	وایز	167
vbr	وبر	167
vks	وکس	167
pygrd	پیگرد	167
chshay	چشای	167
chvgan	چوگان	167
chydh	چیده	167
krks	کرکس	167
kshtyh	کشتیه	167
grgh	گرگه	167
ykja	یکجا	167
artbath	ارتباطه	166
astadanh	استادانه	166
ayndya	ایندیا	166
bargzary	بارگذاری	166
baystym	بایستیم	166
bprdazh	بپردازه	166
bpyvndh	بپیونده	166
bgyrydshvn	بگیریدشون	166
byshvr	بیشعور	166
jaygzyny	جایگزینی	166
khvba	خوبا	166
khvshhalyh	خوشحالیه	166
drshkh	درشکه	166
dvamvn	دعوامون	166
rhn	رهن	166
rvmanvf	رومانوف	166
rvpr	روپر	166
znyh	زنیه	166
sardyn	ساردین	166
shrkth	شرکته	166
shmas	شماس	166
shnakhtmsh	شناختمش	166
mlh	عمله	166
yashy	عیاشی	166
fnanapzyr	فناناپذیر	166
landy	لاندی	166
madran	مادران	166
mstrah	مستراح	166
mshklyh	مشکلیه	166
mnzvrmaynhkh	منظورماینهکه	166
mhmn	مهمن	166
mvardy	مواردی	166
napzyry	ناپذیری	166
nghsy	نقصی	166
nmydyd	نمیدید	166
nmygym	نمیگیم	166
hayv	هایو	166
hvang	هوانگ	166
pstchy	پستچی	166
plkan	پلکان	166
pyshnhadsh	پیشنهادش	166
gzshty	گذشتی	166
glaby	گلابی	166
ashkara	آشکارا	165
amga	امگا	165
andyshh	اندیشه	165
akbrt	اکبرت	165
baln	بالن	165
brhm	برهم	165
bzrgmvn	بزرگمون	165
bshvd	بشود	165
bkshnt	بکشنت	165
tjarth	تجارته	165
tzyn	تزئین	165
tmaylat	تمایلات	165
tmna	تمنا	165
jrald	جرالد	165
jhad	جهاد	165
khshkshvyy	خشکشویی	165
khvahrtv	خواهرتو	165
khvdshvnh	خودشونه	165
darma	دارما	165
ravl	رائول	165
skhavt	سخاوت	165
srch	سرچ	165
sksh	سکسه	165
lbasamv	لباسامو	165
lvb	لوب	165
lvsyl	لوسیل	165
mkhtvmh	مختومه	165
mslmh	مسلمه	165
mahdh	معاهده	165
myprm	میپرم	165
narazy	ناراضی	165
nkhvrdn	نخوردن	165
nghshm	نقشم	165
hrshl	هرشل	165
hmynkar	همینکار	165
vkylh	وکیله	165
chyf	چیف	165
katr	کاتر	165
akhrm	آخرم	164
aslytr	اسلیتر	164
aftkharm	افتخارم	164
avdsa	اودسا	164
avlya	اولیا	164
baklas	باکلاس	164
bbkhshyda	ببخشیدا	164
bkhvrysh	بخوریش	164
bdry	بدری	164
brad	براد	164
bntvn	بنتون	164
bhtrn	بهترن	164
trshy	ترشی	164
jnsys	جنسیس	164
jvabshvn	جوابشون	164
hrfhash	حرفهاش	164
drmvrdh	درمورده	164
rstm	رستم	164
zbvntv	زبونتو	164
srmay	سرمای	164
sprdm	سپردم	164
frzy	فرضی	164
ghtarha	قطارها	164
langly	لانگلی	164
lvmn	لومن	164
lktr	لکتر	164
mashynmv	ماشینمو	164
mrdvd	مردود	164
mvrmvnt	مورمونت	164
mvsad	موساد	164
mytvanm	میتوانم	164
mykhvaysh	میخوایش	164
mygzrvnym	میگذرونیم	164
namrdy	نامردی	164
nyavrd	نیاورد	164
vsayltv	وسایلتو	164
pvrh	پوره	164
chrk	چرک	164
kvchykyh	کوچیکیه	164
gstan	گستان	164
arty	آرتی	163
albany	آلبانی	163
amadsh	آمادش	163
arsyh	ارثیه	163
astadt	استادت	163
astragh	استراق	163
amam	امام	163
aystadym	ایستادیم	163
bazvm	بازوم	163
braga	براگا	163
bsvz	بسوز	163
bfrstmt	بفرستمت	163
byrvt	بیروت	163
byftyd	بیفتید	163
trghyb	ترغیب	163
tsmh	تسمه	163
hshysh	حشیش	163
khbrngarha	خبرنگارها	163
khrsy	خرسی	163
khvrdny	خوردنی	163
dnbalsh	دنبالش	163
dvj	دوج	163
dvvyn	دووین	163
rghay	رگهای	163
srgrdvn	سرگردون	163
sfarshy	سفارشی	163
slahh	سلاحه	163
sysylya	سیسیلیا	163
shampv	شامپو	163
shrshvn	شرشون	163
shvhry	شوهری	163
mrtvn	عمرتون	163
fantvm	فانتوم	163
lknt	لکنت	163
mtasr	متاثر	163
mzaj	مزاج	163
mnzvrshvn	منظورشون	163
mykhvrnd	میخورند	163
myshynym	میشینیم	163
mymrd	میمرد	163
ndadnd	ندادند	163
nsyhtt	نصیحتت	163
nghshsh	نقشش	163
nkat	نکات	163
hmtvnv	همتونو	163
paskhy	پاسخی	163
ps	پس؟	163
psrtv	پسرتو	163
kasht	کاشت	163
klast	کلاست	163
grayy	گرایی	163
arayshgr	آرایشگر	162
amdym	آمدیم	162
abryshmy	ابریشمی	162
adys	ادیث	162
arshan	ارشان	162
aslytryn	اسلیترین	162
alktra	الکترا	162
avrlandv	اورلاندو	162
aynk	اینک	162
btvn	بتون	162
brndar	برندار	162
bzrga	بزرگا	162
bndazmt	بندازمت	162
bnvysn	بنویسن	162
bymarysh	بیماریش	162
tftysh	تفتیش	162
jsvr	جسور	162
hmal	حمال	162
khsvmt	خصومت	162
khvrnd	خورند	162
daghvnt	داغونت	162
dkhtrshvn	دخترشون	162
dkhmh	دخمه	162
drsdy	درصدی	162
dlkhvah	دلخواه	162
rayj	رایج	162
rzaly	رزالی	162
rvngh	رونق	162
sngdl	سنگدل	162
shanty	شانتی	162
shnasyn	شناسین	162
talban	طالبان	162
ghrghr	غرغر	162
mahyh	ماهیه	162
mhfvz	محفوظ	162
mrghh	مرغه	162
msvvl	مسوول	162
mhra	مهرا	162
mchm	مچم	162
myzaryn	میذارین	162
ndashtyd	نداشتید	162
npr	نپر	162
hvmm	هومم	162
vadart	وادارت	162
vzmvn	وضعمون	162
pansman	پانسمان	162
chrth	چرته	162
klarns	کلارنس	162
kln	کلن	162
gzarshsh	گزارشش	162
aspryn	آسپرین	161
anh	آنه	161
aynhm	اینهم	161
bazaryaby	بازاریابی	161
bsr	بسر	161
blbl	بلبل	161
byaftyn	بیافتین	161
byavryd	بیاورید	161
bymarh	بیماره	161
bymarhay	بیمارهای	161
bynhayt	بینهایت	161
tayydsh	تاییدش	161
trakyayy	تراکیایی	161
jygsav	جیگساو	161
hrfashv	حرفاشو	161
khdmty	خدمتی	161
dat	دات	161
dannd	دانند	161
davntvn	داونتون	161
dkhlshvn	دخلشون	161
dsthash	دستهاش	161
dvsm	دوسم	161
rzhymy	رژیمی	161
zvrt	زورت	161
santynv	سانتینو	161
frstn	فرستن	161
frvtn	فروتن	161
fylmha	فیلمها	161
lbasmv	لباسمو	161
lysy	لیسی	161
mak	ماک	161
myrvnd	میروند	161
mylyvny	میلیونی	161
mygrn	میگرن	161
nmrdn	نمردن	161
hayyh	هاییه	161
vblag	وبلاگ	161
vrzhn	ورژن	161
vstvn	وستون	161
patyl	پاتیل	161
prdakhtsh	پرداختش	161
chlh	چله	161
kabarh	کاباره	161
kargrdany	کارگردانی	161
ktabay	کتابای	161
klydsh	کلیدش	161
knts	کنتس	161
gryr	گریر	161
gybz	گیبز	161
ashghalha	آشغالها	160
anastazya	آناستازیا	160
aspkls	اسپکلس	160
barb	بارب	160
bazprsy	بازپرسی	160
btrsym	بترسیم	160
blghvr	بلغور	160
bnal	بنال	160
bndazymsh	بندازیمش	160
bchrkhvnm	بچرخونم	160
jmlat	جملات	160
halysh	حالیش	160
hyvvnay	حیوونای	160
drntyjh	درنتیجه	160
ranchv	رانچو	160
rvban	روبان	160
rvyal	رویال	160
shmy	سهمی	160
safh	صافه	160
frstshv	فرصتشو	160
fkrh	فکره	160
ghdt	قدت	160
mashynhay	ماشینهای	160
mrmr	مرمر	160
nst	نست	160
nshnakhtm	نشناختم	160
ngrsh	نگرش	160
nyrvhamvn	نیروهامون	160
htlh	هتله	160
hdftvn	هدفتون	160
vbd	وبعد	160
vld	ولد	160
patvgh	پاتوق	160
padv	پادو	160
chtvn	چتون	160
chyzast	چیزاست	160
kdvmv	کدومو	160
kfshat	کفشات	160
gyrtvn	گیرتون	160
ykyshvnv	یکیشونو	160
admm	آدمم	159
avrnd	آورند	159
aspart	اسپارت	159
amly	املی	159
antzarat	انتظارات	159
aynchnyn	اینچنین	159
babat	بابات	159
bardarm	باردارم	159
brkhvrdar	برخوردار	159
bzghalh	بزغاله	159
bfrstshvn	بفرستشون	159
bmal	بمال	159
bpvshyn	بپوشین	159
tabstany	تابستانی	159
tj	تج	159
trylr	تریلر	159
jakhaly	جاخالی	159
hrfarv	حرفارو	159
khdmtt	خدمتت	159
khshmt	خشمت	159
dzdhay	دزدهای	159
ryvr	ریور	159
zyrshyrvvny	زیرشیروونی	159
srdm	سردم	159
snm	سنم	159
svala	سوالا	159
svna	سونا	159
fang	فانگ	159
frvtny	فروتنی	159
ghablt	قابلت	159
ghtarh	قطاره	159
lbryz	لبریز	159
lvsr	لوثر	159
mamantv	مامانتو	159
mtal	متال	159
mlmm	معلمم	159
mygrdvnh	میگردونه	159
nkhay	نخاعی	159
nkshydm	نکشیدم	159
prynt	پرینت	159
zhang	ژانگ	159
zhtvn	ژتون	159
ajay	آجای	158
avyzvnh	آویزونه	158
astdadhay	استعدادهای	158
astyvnz	استیونز	158
asabmv	اعصابمو	158
avranyvm	اورانیوم	158
aynbarh	اینباره	158
btn	بتن	158
bradvy	برادوی	158
brant	برانت	158
bsparsh	بسپارش	158
bvbv	بوبو	158
bvssh	بوسش	158
tzkr	تذکر	158
tjbm	تعجبم	158
tlkhy	تلخی	158
jvady	جوادی	158
khz	خز	158
dstrsh	دسترسه	158
rvtvn	روتون	158
zdysh	زدیش	158
synmayy	سینمایی	158
shnydary	شنیداری	158
ghvth	غوطه	158
faktvr	فاکتور	158
frstadnsh	فرستادنش	158
ghsmthay	قسمتهای	158
lbasash	لباساش	158
madrshm	مادرشم	158
mhtaj	محتاج	158
mkhatrh	مخاطره	158
mstd	مستعد	158
nadan	نادان	158
nmygrdm	نمیگردم	158
vaysadn	وایسادن	158
pdrbzrgsh	پدربزرگش	158
kartt	کارتت	158
kjayyn	کجایین	158
kfshm	کفشم	158
knarmvn	کنارمون	158
grmt	گرمت	158
grmtr	گرمتر	158
azdvajtvn	ازدواجتون	157
astryp	استریپ	157
atmadt	اعتمادت	157
afkart	افکارت	157
byarmt	بیارمت	157
byrhmanh	بیرحمانه	157
trash	تراش	157
jvrah	جوراه	157
khbys	خبیث	157
davvd	داوود	157
dkhtrtv	دخترتو	157
dfnh	دفنه	157
rngarng	رنگارنگ	157
svkhary	سوخاری	157
shansv	شانسو	157
shlvary	شلواری	157
shnvayy	شنوایی	157
zfy	ضعفی	157
ghlat	غلات	157
frstym	فرستیم	157
fvy	فوی	157
ghrbvn	قربون	157
mavra	ماوراء	157
mnzvrmh	منظورمه	157
mvrt	مورت	157
mybrdm	میبردم	157
mykshydm	میکشیدم	157
nakhday	ناخدای	157
nanv	نانو	157
njar	نجار	157
ndadyn	ندادین	157
nmyayy	نمیایی	157
nmytvnsth	نمیتونسته	157
nvzdhm	نوزدهم	157
vbdsh	وبعدش	157
vklay	وکلای	157
pshyman	پشیمان	157
chharmy	چهارمی	157
chpmn	چپمن	157
kalay	کالای	157
kavsh	کاوش	157
kntaky	کنتاکی	157
kvbayy	کوبایی	157
kvlyn	کولین	157
kysha	کیشا	157
gandvr	گاندور	157
gandy	گاندی	157
gby	گبی	157
gva	گوا	157
gyk	گیک	157
alvyn	آلوین	156
anfvlanza	آنفولانزا	156
astdadsh	استعدادش	156
bazbyny	بازبینی	156
brandvn	براندون	156
bsazyd	بسازید	156
bshnvyn	بشنوین	156
btrz	بطرز	156
bfrd	بفرد	156
blr	بلر	156
blvar	بلوار	156
trkmvn	ترکمون	156
jrvm	جروم	156
jma	جما	156
jvabgv	جوابگو	156
jvvnm	جوونم	156
hamd	حامد	156
khvnshv	خونشو	156
dafy	دافی	156
dvby	دوبی	156
dvstatvn	دوستاتون	156
rydn	ریدن	156
svz	سوز	156
shbtsh	صحبتش	156
ghly	عقلی	156
ghlyz	غلیظ	156
ghdrtshv	قدرتشو	156
lbhay	لبهای	156
marjy	مارجی	156
malna	مالنا	156
mamvrha	مامورها	156
msanh	مثانه	156
mjrdh	مجرده	156
mfydy	مفیدی	156
mybrnd	میبرند	156
mygyrymsh	میگیریمش	156
hrman	هرمان	156
hftsd	هفتصد	156
vhala	وحالا	156
vhshtnakyh	وحشتناکیه	156
paypr	پایپر	156
pdal	پدال	156
pdy	پدی	156
prta	پرتا	156
pyvndy	پیوندی	156
charchvb	چارچوب	156
kashy	کاشی	156
kaktvs	کاکتوس	156
kyb	کیب	156
grynvyl	گرینویل	156
gvdmn	گودمن	156
gvyndh	گوینده	156
yazdhm	یازدهم	156
arzsht	ارزشت	155
asttar	استتار	155
aldyn	الدین	155
alads	العادس	155
andk	اندک	155
ansdad	انسداد	155
avnyl	اونیل	155
bakhtym	باختیم	155
bankh	بانکه	155
btrkvn	بترکون	155
brkh	برکه	155
bshknym	بشکنیم	155
bydarshv	بیدارشو	155
jadvyyh	جادوییه	155
jdast	جداست	155
hrmty	حرمتی	155
khrabkar	خرابکار	155
khsys	خسیس	155
khndan	خندان	155
danbar	دانبار	155
drja	درجا	155
rygn	ریگن	155
sfrsh	سفرش	155
sybyl	سیبیل	155
shalymar	شالیمار	155
shrvshh	شروعشه	155
svrttvn	صورتتون	155
laj	علاج	155
ghdd	غدد	155
ghvgha	غوغا	155
fkrmykrdm	فکرمیکردم	155
fyvryvsa	فیوریوسا	155
ghsdsh	قصدش	155
ghzavtt	قضاوتت	155
lj	لج	155
mntzry	منتظری	155
myfrvshym	میفروشیم	155
nza	نزاع	155
nmandh	نمانده	155
nvsan	نوسان	155
pashm	پاشم	155
prvazm	پروازم	155
chmnzar	چمنزار	155
kmvn	کمون	155
kvhstany	کوهستانی	155
gnahkarm	گناهکارم	155
yarh	یاره	155
ykymvn	یکیمون	155
arhavn	آره،اون	154
abry	ابری	154
ahsash	احساسه	154
amtyazat	امتیازات	154
antkhabm	انتخابم	154
andrvz	اندروز	154
avzamvn	اوضاعمون	154
ayl	ایل	154
aymhvtp	ایمهوتپ	154
brnan	برنان	154
bnvysym	بنویسیم	154
bvdnmvn	بودنمون	154
bvfh	بوفه	154
bks	بکس	154
tars	تارس	154
tzad	تضاد	154
thdydh	تهدیده	154
htmy	حتمی	154
khfghan	خفقان	154
darha	دارها	154
drakv	دراکو	154
drbyaryn	دربیارین	154
dryanvrdy	دریانوردی	154
dly	دلی	154
rzm	رزم	154
sakhtmany	ساختمانی	154
shhrvndy	شهروندی	154
zdglvlh	ضدگلوله	154
frdash	فرداش	154
mtkhssyn	متخصصین	154
mjsm	مجسم	154
mrdnh	مردنه	154
mygzsht	میگذشت	154
nakar	ناکار	154
nshat	نشاط	154
nmytvnstn	نمیتونستن	154
nyvyvrky	نیویورکی	154
hak	هاک	154
htly	هتلی	154
hmrahyt	همراهیت	154
pvshyd	پوشید	154
pvkh	پوکه	154
pytzay	پیتزای	154
chngk	چنگک	154
ktkt	کتکت	154
kfshhay	کفشهای	154
kvan	کوان	154
grmayy	گرمایی	154
ydky	یدکی	154
yr	یر	154
afradshvn	افرادشون	153
afkarm	افکارم	153
almly	العملی	153
avlaf	اولاف	153
bkhvrmsh	بخورمش	153
bdzat	بدذات	153
bldyn	بلدین	153
bkshshvn	بکششون	153
taylndy	تایلندی	153
jnsn	جنسن	153
khalsh	خالصه	153
khlaghanh	خلاقانه	153
khyalat	خیالات	153
dlpzyr	دلپذیر	153
rvznh	روزنه	153
salyanh	سالیانه	153
stmgr	ستمگر	153
srbazrs	سربازرس	153
shang	شانگ	153
shghlh	شغله	153
tghyan	طغیان	153
ayshh	عایشه	153
ynh	عینه	153
ghzam	غذام	153
ghyafm	قیافم	153
lmst	لمست	153
mtvghfshvn	متوقفشون	153
mhbvs	محبوس	153
mraghbh	مراقبه	153
mrmvzy	مرموزی	153
mshtrkmvn	مشترکمون	153
mrvfy	معروفی	153
mnazrh	مناظره	153
mvzy	موذی	153
myshnakhtmsh	میشناختمش	153
nmykhvastym	نمیخواستیم	153
hndryks	هندریکس	153
hnrmndan	هنرمندان	153
hyks	هیکس	153
vaysad	وایساد	153
pashy	پاشی	153
pnyry	پنیری	153
phlvy	پهلوی	153
pyty	پیتی	153
chmydvnm	چمیدونم	153
knartm	کنارتم	153
gansh	گانش	153
gany	گانی	153
yvtyvb	یوتیوب	153
alfrdv	آلفردو	152
arvpay	اروپای	152
asraramyz	اسرارآمیز	152
anglysyh	انگلیسیه	152
avnjash	اونجاش	152
avhv	اوهو	152
avgamy	اوگامی	152
bamdad	بامداد	152
bjrngy	بجرنگی	152
bmvgh	بموقع	152
bgyrnsh	بگیرنش	152
bylyard	بیلیارد	152
tmyrkar	تعمیرکار	152
khanh	خائنه	152
khbps	خب،پس	152
khfyf	خفیف	152
khyalaty	خیالاتی	152
drsdh	درصده	152
dstyarm	دستیارم	152
dlgrm	دلگرم	152
dnbalth	دنبالته	152
rghsyd	رقصید	152
rvdrygv	رودریگو	152
srb	سرب	152
shmt	سهمت	152
svaran	سواران	152
shrykm	شریکم	152
fkray	فکرای	152
lndnh	لندنه	152
mhtvyat	محتویات	152
mrdnsh	مردنش	152
mshvr	مسحور	152
mnazr	مناظر	152
mvazy	موازی	152
mvhashvn	موهاشون	152
mvyy	مویی	152
nmybynym	نمیبینیم	152
nmydady	نمیدادی	152
ngftyn	نگفتین	152
hvdyny	هودینی	152
vajd	واجد	152
prvazh	پروازه	152
pyzhamh	پیژامه	152
gzshtym	گذشتیم	152
grdab	گرداب	152
yhvd	یهود	152
agvstyn	آگوستین	151
astdadh	استعداده	151
aslahat	اصلاحات	151
bazdarndh	بازدارنده	151
basnm	باسنم	151
bsyrt	بصیرت	151
blndt	بلندت	151
bnay	بنای	151
tarykhsh	تاریخش	151
tavl	تاول	151
taymr	تایمر	151
tvbykh	توبیخ	151
jsmany	جسمانی	151
hmyd	حمید	151
khbtv	خب،تو	151
khlafkara	خلافکارا	151
khndm	خندم	151
dvrany	دورانی	151
zmanhay	زمانهای	151
zvdyak	زودیاک	151
ashghshvn	عاشقشون	151
fvrbz	فوربز	151
ghvlh	قوله	151
mayat	مایعات	151
mtysvn	متیسون	151
mskhrs	مسخرس	151
mhlk	مهلک	151
nbrh	نبره	151
ntrsyn	نترسین	151
nmyaym	نمیایم	151
nmybry	نمیبری	151
payansh	پایانش	151
plasma	پلاسما	151
chyzt	چیزت	151
kapvt	کاپوت	151
khrba	کهربا	151
kylvyy	کیلویی	151
yanh	یانه	151
arkn	آرکن	150
aylnd	آیلند	150
artfat	ارتفاعات	150
arja	ارجاع	150
ashtghal	اشتغال	150
ashtha	اشتها	150
ahday	اهدای	150
avra	اورا	150
avnjat	اونجات	150
bard	بارد	150
bdjnsy	بدجنسی	150
bshry	بشری	150
taz	تاز	150
thryr	تحریر	150
traktvr	تراکتور	150
tryak	تریاک	150
tnzl	تنزل	150
hlby	حلبی	150
khylyh	خیلیه	150
dkhlshv	دخلشو	150
dfat	دفعات	150
dlyny	دلینی	150
dkvr	دکور	150
rsmyt	رسمیت	150
rngyh	رنگیه	150
srbazm	سربازم	150
sryy	سریعی	150
slyman	سلیمان	150
svagr	سواگر	150
shavlyn	شائولین	150
zlany	عضلانی	150
ghdymysh	قدیمیش	150
lzyz	لذیذ	150
marh	ماره	150
mhtml	محتمل	150
mkhsvsh	مخصوصه	150
mstany	مستانی	150
mmnvm	ممنوم	150
mvshky	موشکی	150
mybndn	میبندن	150
mytvannd	میتوانند	150
mykhvabym	میخوابیم	150
myrsvnmt	میرسونمت	150
nadlanh	ناعادلانه	150
namrbvt	نامربوط	150
nachv	ناچو	150
nzrshv	نظرشو	150
npvshydy	نپوشیدی	150
hmvnd	هموند	150
hmgan	همگان	150
paskal	پاسکال	150
prdazndh	پردازنده	150
pnhansh	پنهانش	150
chad	چاد	150
karnaval	کارناوال	150
kndryk	کندریک	150
knsvlgry	کنسولگری	150
galvm	گالوم	150
grsyv	گرسیو	150
gvng	گونگ	150
ashamh	آشامه	149
ashnayyt	آشناییت	149
atfal	اطفال	149
avnahashsh	اوناهاشش	149
brabrh	برابره	149
trysha	تریشا	149
tghryby	تقریبی	149
tmshk	تمشک	149
tvkv	توکو	149
tpanchh	تپانچه	149
tyvn	تیون	149
typy	تیپی	149
hghany	حقانی	149
khvbmvn	خوبمون	149
dadashy	داداشی	149
drdh	درده	149
dndvnay	دندونای	149
rvyahayy	رویاهایی	149
zvhan	زوهان	149
svgh	سوق	149
shrktsh	شرکتش	149
shhvd	شهود	149
shp	شپ	149
shyly	شیلی	149
zrvf	ظروف	149
aghly	عاقلی	149
farady	فارادی	149
ghahrh	قاهره	149
mafyay	مافیای	149
mahanh	ماهانه	149
mthvl	متحول	149
mtghdn	معتقدن	149
mghztv	مغزتو	149
mvra	مورا	149
mykhndn	میخندن	149
nasry	ناصری	149
nzrm	نظرم	149
nfy	نفعی	149
harmvny	هارمونی	149
hrz	هرز	149
hmynjvryh	همینجوریه	149
hychkdam	هیچکدام	149
vbstr	وبستر	149
vnvs	ونوس	149
palm	پالم	149
psram	پسرام	149
pyramvn	پیرامون	149
kasandra	کاساندرا	149
kashth	کاشته	149
knslsh	کنسلش	149
kvlt	کولت	149
gladyatvrha	گلادیاتورها	149
gvblz	گوبلز	149
gvrstan	گورستان	149
adrak	ادراک	148
azaynja	ازاینجا	148
aslvn	اسلون	148
aspktr	اسپکتر	148
brydgy	بریدگی	148
bsvzvn	بسوزون	148
blyr	بلیر	148
takv	تاکو	148
tvlsa	تولسا	148
tyrm	تیرم	148
jarz	جارز	148
jngydh	جنگیده	148
hzvrt	حضورت	148
hghmh	حقمه	148
khvabtvn	خوابتون	148
daym	دایم	148
dlt	دلت	148
dvrbynhay	دوربینهای	148
raf	راف	148
ryysm	رییسم	148
zntv	زنتو	148
zvrykh	زوریخ	148
shramyz	سحرآمیز	148
sydy	سیدی	148
shmshyrha	شمشیرها	148
sdmat	صدمات	148
ghzl	قزل	148
malvn	مالون	148
mrdd	مردد	148
msyrmvn	مسیرمون	148
mnsha	منشا	148
mvtv	موتو	148
mykhvrdy	میخوردی	148
mysvzvnh	میسوزونه	148
mynyvn	مینیون	148
navmy	نائومی	148
ndzdydm	ندزدیدم	148
nshnydyn	نشنیدین	148
ntr	نطر	148
nmygyrym	نمیگیریم	148
nvak	نواک	148
vamvndh	وامونده	148
vvdka	وودکا	148
vya	ویا	148
vyrastar	ویراستار	148
parkh	پارکه	148
chshmant	چشمانت	148
karbrdy	کاربردی	148
kafyn	کافئین	148
ksafty	کثافتی	148
krystv	کریستو	148
kmrng	کمرنگ	148
yhtml	یحتمل	148
azart	آزارت	147
azbvrn	آزبورن	147
astalyn	استالین	147
asln	اصلن	147
antghalsh	انتقالش	147
aksyd	اکسید	147
bkshd	بکشد	147
thrym	تحریم	147
tfavtsh	تفاوتش	147
tnasly	تناسلی	147
jngn	جنگن	147
jhnmyh	جهنمیه	147
hvslm	حوصلم	147
khalysh	خالیش	147
khlaghyt	خلاقیت	147
khyabany	خیابانی	147
dragvn	دراگون	147
dvlth	دولته	147
rmbv	رمبو	147
rvhmm	روحمم	147
zrdh	زرده	147
std	ستد	147
shahdh	شاهده	147
barty	عبارتی	147
fvl	فول	147
fylmsh	فیلمش	147
lbastvn	لباستون	147
matvr	ماتور	147
mayv	مایو	147
mtastfm	متاستفم	147
mhsvr	محصور	147
mdvsa	مدوسا	147
msvlm	مسئولم	147
mslht	مصلحت	147
mymyrnd	میمیرند	147
nzvl	نزول	147
nsfshvn	نصفشون	147
nmayy	نمایی	147
nmky	نمکی	147
nmygzrh	نمیگذره	147
vardm	واردم	147
vfadarm	وفادارم	147
vyra	ویرا	147
pkhtm	پختم	147
pryshan	پریشان	147
plnt	پلنت	147
chshmashv	چشماشو	147
kalbdshkafy	کالبدشکافی	147
kayzr	کایزر	147
klasm	کلاسم	147
knya	کنیا	147
kp	کپ	147
abha	آبها	146
ahngm	آهنگم	146
avazh	آوازه	146
avrdnt	آوردنت	146
ap	آپ	146
ayda	آیدا	146
arvl	ارول	146
asthghagh	استحقاق	146
atmadsh	اعتمادش	146
andakhtsh	انداختش	146
andazm	اندازم	146
angyzyh	انگیزیه	146
avgvy	اوگوی	146
avgy	اوگی	146
azhdhast	اژدهاست	146
barslvna	بارسلونا	146
bafy	بافی	146
bbarh	بباره	146
bkhndh	بخنده	146
bdnshv	بدنشو	146
bravrd	برآورد	146
bzdly	بزدلی	146
blal	بلال	146
bchmvn	بچمون	146
tkhylat	تخیلات	146
trtyby	ترتیبی	146
trsvy	ترسوی	146
trynyty	ترینیتی	146
tghlbyh	تقلبیه	146
hsgr	حسگر	146
khald	خالد	146
khbrngary	خبرنگاری	146
khvabydym	خوابیدیم	146
khvbnd	خوبند	146
khvnth	خونته	146
danshjvha	دانشجوها	146
dghl	دغل	146
dlylshv	دلیلشو	146
dndvnm	دندونم	146
dvstamv	دوستامو	146
rghsym	رقصیم	146
rvbn	روبن	146
rvland	رولاند	146
srvrmvn	سرورمون	146
smaratan	سماراتان	146
spasgzar	سپاسگزار	146
shryl	شریل	146
shmalh	شماله	146
shkarsh	شکارش	146
zfsh	ضعفش	146
tvly	طولی	146
jvzh	عجوزه	146
ghaflgyrt	غافلگیرت	146
mtvjhyn	متوجهین	146
mkhts	مختص	146
mrad	مراد	146
mshavran	مشاوران	146
mtnm	مطئنم	146
mgns	مگنس	146
mygl	میگل	146
namvsa	ناموسا	146
nkhvrdym	نخوردیم	146
nfhmm	نفهمم	146
nmv	نمو	146
nvahy	نواحی	146
nyayn	نیاین	146
nyvyvrkh	نیویورکه	146
hmsran	همسران	146
hmklasy	همکلاسی	146
hvr	هور	146
vlgrdha	ولگردها	146
vytny	ویتنی	146
paragraf	پاراگراف	146
kard	کارد	146
kasb	کاسب	146
kvph	کوپه	146
gyryd	گیرید	146
atyshsh	آتیشش	145
abrhay	ابرهای	145
akhtyart	اختیارت	145
akhtyary	اختیاری	145
aghfal	اغفال	145
anv	انو	145
ayfa	ایفا	145
aynkarha	اینکارها	145
babath	باباته	145
bbynyshvn	ببینیشون	145
btrs	بترس	145
bkhshydm	بخشیدم	145
bhtryh	بهتریه	145
bpzm	بپزم	145
tlkhh	تلخه	145
tmdyd	تمدید	145
tknyky	تکنیکی	145
tyrandazha	تیراندازها	145
jnghay	جنگهای	145
khshny	خشنی	145
khly	خلی	145
khyantkar	خیانتکار	145
daynasvrha	دایناسورها	145
dgh	دگه	145
zanvm	زانوم	145
znmh	زنمه	145
salmn	سالمن	145
shfght	شفقت	145
sahban	صاحبان	145
sdatvnv	صداتونو	145
tryghh	طریقه	145
sbanysh	عصبانیش	145
lasbrvk	لاثبروک	145
ltfn	لطفن	145
madrzady	مادرزادی	145
maryna	مارینا	145
manvl	مانوئل	145
mblman	مبلمان	145
msyhyan	مسیحیان	145
mshtrkh	مشترکه	145
mshkhsatsh	مشخصاتش	145
mtlvb	مطلوب	145
mmant	ممانعت	145
mvzykal	موزیکال	145
mvnna	موننا	145
mylyardr	میلیاردر	145
mypvshn	میپوشن	145
nmyshnakhtm	نمیشناختم	145
nkshydh	نکشیده	145
hvabrd	هوابرد	145
pdrsvkhth	پدرسوخته	145
pytvn	پیتون	145
chrty	چرتی	145
gdayy	گدایی	145
grdvnn	گردونن	145
abgvsht	آبگوشت	144
asfalt	آسفالت	144
amyl	امیل	144
aylyn	ایلین	144
bazdashtt	بازداشتت	144
bkhay	بخای	144
bdbkhtm	بدبختم	144
bdrghh	بدرقه	144
bdnsazy	بدنسازی	144
bsvzvnh	بسوزونه	144
bshnvnd	بشنوند	144
bshkvnm	بشکونم	144
blyd	بلید	144
tlfzsh	تلفظش	144
tngy	تنگی	144
tyshrt	تیشرت	144
jylyan	جیلیان	144
hdghh	حدقه	144
darvhayy	داروهایی	144
dng	دنگ	144
rama	راما	144
rbtsh	ربطش	144
rvj	روج	144
rvndn	روندن	144
zmstvny	زمستونی	144
samry	سامری	144
srjashvn	سرجاشون	144
svrtmh	سورتمه	144
svsmar	سوسمار	144
skans	سکانس	144
sybry	سیبری	144
trhy	طرحی	144
ghrfh	غرفه	144
layghsh	لایقش	144
lvpz	لوپز	144
mavvy	مائووی	144
marny	مارنی	144
maryn	مارین	144
mtvaz	متواضع	144
mrtd	مرتد	144
mrdmk	مردمک	144
msvlsh	مسئولش	144
nbynym	نبینیم	144
nmyarym	نمیاریم	144
nyan	نیان	144
hdfh	هدفه	144
hnrh	هنره	144
pzhmrdh	پژمرده	144
chshmshvn	چشمشون	144
chndsal	چندسال	144
zhl	ژل	144
kabynh	کابینه	144
klvnl	کلونل	144
kna	کنا	144
azadyh	آزادیه	143
ashghaldvny	آشغالدونی	143
atrafmvn	اطرافمون	143
amshb	امشب؟	143
antghamsh	انتقامش	143
bspr	بسپر	143
bghayay	بقایای	143
blvm	بلوم	143
trabl	ترابل	143
tkalyf	تکالیف	143
tyrrs	تیررس	143
jyzl	جیزل	143
khdayysh	خداییش	143
drban	دربان	143
zvya	زویا	143
svdmnd	سودمند	143
frn	فرن	143
ghbyl	قبیل	143
lan	لان	143
lakpsht	لاکپشت	143
madrbzrgsh	مادربزرگش	143
maktv	ماکتو	143
msbb	مسبب	143
msthkm	مستحکم	143
mnbsh	منبعش	143
mvsgh	موثق	143
mykhvastnd	میخواستند	143
mykhvand	میخواند	143
mydrkhshh	میدرخشه	143
myshnydm	میشنیدم	143
nghm	نگهم	143
vh	وووه	143
pasha	پاشا	143
pvndy	پوندی	143
karkrd	کارکرد	143
ksanykh	کسانیکه	143
yganh	یگانه	143
azadysh	آزادیش	142
ananas	آناناس	142
ahtramh	احترامه	142
arn	ارن	142
amthanh	امتحانه	142
antghamm	انتقامم	142
avmdntvn	اومدنتون	142
avkanr	اوکانر	142
bandazh	بانداژ	142
bahath	باهاته	142
brnamt	برنامت	142
brngrdy	برنگردی	142
bzrgvar	بزرگوار	142
bvshv	بوشو	142
bknmt	بکنمت	142
tkhmam	تخمام	142
tmyrgah	تعمیرگاه	142
khlsh	خلسه	142
khvamsh	خوامش	142
dadach	داداچ	142
dkhtrhayy	دخترهایی	142
drmvndh	درمونده	142
dstvrsh	دستورش	142
dfayh	دفاعیه	142
rsand	رساند	142
rysksh	ریسکش	142
rychmvnd	ریچموند	142
srayt	سرایت	142
srha	سرها	142
svrakhsh	سوراخش	142
sygnaly	سیگنالی	142
shayna	شاینا	142
shlvartv	شلوارتو	142
shmarm	شمارم	142
shyb	شیب	142
frsvdh	فرسوده	142
fkrmy	فکرمی	142
ghayghy	قایقی	142
ghdys	قدیس	142
lbasshvyy	لباسشویی	142
mamanv	مامانو	142
mrdsh	مردش	142
mghsvd	مقصود	142
mybynnd	میبینند	142
mypzyrm	میپذیرم	142
njva	نجوا	142
nrmalh	نرماله	142
harlm	هارلم	142
hashh	هاشه	142
hvash	هواش	142
pzhvhsh	پژوهش	142
kandyday	کاندیدای	142
gndydh	گندیده	142
gvmz	گومز	142
yhvdyh	یهودیه	142
ablhanh	ابلهانه	141
asba	اسبا	141
astady	استادی	141
astyvy	استیوی	141
atlayh	اطلاعیه	141
afsry	افسری	141
alvghv	الوقوع	141
antkhabh	انتخابه	141
bhsmvn	بحثمون	141
brkhvrdy	برخوردی	141
byangr	بیانگر	141
tavb	تاوب	141
tkhty	تخطی	141
trsvndym	ترسوندیم	141
tlashtv	تلاشتو	141
thdydt	تهدیدت	141
jlbk	جلبک	141
htm	حتم	141
khbhala	خب،حالا	141
dravmdn	دراومدن	141
radyvy	رادیوی	141
rhmtsh	رحمتش	141
rzvmh	رزومه	141
rvma	روما	141
rychardz	ریچاردز	141
zdsh	زدش	141
zrngh	زرنگه	141
svyl	سویل	141
symy	سیمی	141
shkvfa	شکوفا	141
fylsvf	فیلسوف	141
ghlbth	قلبته	141
mlvdy	ملودی	141
mnzr	منظر	141
mvadh	مواده	141
mykhvahyn	میخواهین	141
namydm	ناامیدم	141
nakhvsh	ناخوش	141
nshant	نشانت	141
nshnakhty	نشناختی	141
nshksth	نشکسته	141
nsfy	نصفی	141
nmydarh	نمیداره	141
nvakhtn	نواختن	141
ngrannbash	نگراننباش	141
ngyryn	نگیرین	141
hna	هنا	141
hvvr	هوور	141
vajb	واجب	141
vaystadm	وایستادم	141
vzartkhvnh	وزارتخونه	141
vghtv	وقتو	141
karakvrt	کاراکورت	141
karkrdn	کارکردن	141
kavr	کاور	141
kshtargah	کشتارگاه	141
kvrm	کورم	141
kvch	کوچ	141
galavan	گالاوان	141
gvny	گونی	141
gyjy	گیجی	141
yallh	یالله	141
almanyh	آلمانیه	140
arys	اریس	140
antzarth	انتظارته	140
antghamh	انتقامه	140
avnjayym	اونجاییم	140
avnykh	اونیکه	140
ayvanz	ایوانز	140
batn	باتن	140
bjh	بجه	140
bravvs	براووس	140
bman	بمان	140
bynz	بینز	140
tart	تارت	140
tasha	تاشا	140
tbahy	تباهی	140
tmrkzt	تمرکزت	140
jvra	جورا	140
hrmt	حرمت	140
khvkh	خوکه	140
khyabvnha	خیابونها	140
dashbvrd	داشبورد	140
daynamyk	داینامیک	140
rdpa	ردپا	140
rstakhyz	رستاخیز	140
rsnd	رسند	140
zbany	زبانی	140
srjatvn	سرجاتون	140
svyyt	سوییت	140
shbtvn	شبتون	140
shvmynh	شومینه	140
srfnzr	صرفنظر	140
framvshshvn	فراموششون	140
flash	فلاش	140
fvr	فور	140
fkrth	فکرته	140
fyjy	فیجی	140
fylma	فیلما	140
ghghnvs	ققنوس	140
matvbv	ماتوبو	140
mbnay	مبنای	140
mtasfh	متاسفه	140
mrylnd	مریلند	140
mshghvlm	مشغولم	140
mshklatm	مشکلاتم	140
mghasd	مقاصد	140
mlghb	ملقب	140
mgna	مگنا	140
mytvny	میتونی؟	140
myhmany	میهمانی	140
nabv	نابو	140
nrmy	نرمی	140
nshvnd	نشوند	140
nfhmyd	نفهمید	140
hshtsd	هشتصد	140
hmdsty	همدستی	140
hmdm	همدم	140
hvam	هوام	140
vrshkstgy	ورشکستگی	140
vsaylmvn	وسایلمون	140
vyv	ویو	140
kranh	کرانه	140
klvradv	کلورادو	140
kmbl	کمبل	140
knmn	کن،من	140
gzarshm	گزارشم	140
gndhh	گندهه	140
yamsyh	یامسیح	140
admarv	آدمارو	139
advardz	ادواردز	139
asbsh	اسبش	139
astantvn	استانتون	139
asmshm	اسمشم	139
asmyty	اسمیتی	139
ashtbaht	اشتباهت	139
ashv	اشو	139
aftadyn	افتادین	139
aftn	افتن	139
ag	اگ	139
ayntrpl	اینترپل	139
aynrv	اینرو	139
aykh	ایکه	139
babast	باباست	139
bardarh	بارداره	139
balatry	بالاتری	139
balbva	بالبوا	139
balsht	بالشت	139
bmdt	بمدت	139
bvv	بوو	139
trvl	ترول	139
tfnga	تفنگا	139
khrafaty	خرافاتی	139
khndgh	خندق	139
dzdm	دزدم	139
dstgyrmvn	دستگیرمون	139
dvmysh	دومیش	139
rngt	رنگت	139
rvhshvn	روحشون	139
zvla	زولا	139
shvndh	شونده	139
zbtsh	ضبطش	139
tmsh	طعمش	139
ghyrmjaz	غیرمجاز	139
fravany	فراوانی	139
lnstr	لنستر	139
lyzry	لیزری	139
mjbvryd	مجبورید	139
mvlkvly	مولکولی	139
mybryn	میبرین	139
mymvndm	میموندم	139
nadrh	نادره	139
nznn	نزنن	139
nshnydym	نشنیدیم	139
nmyshyd	نمیشید	139
nvrhay	نورهای	139
nyks	نیکس	139
hmmvnv	هممونو	139
hvlnak	هولناک	139
vayld	وایلد	139
vlv	ولو	139
vyh	ویه	139
vyvlvn	ویولون	139
pan	پان	139
chaghal	چاقال	139
kbdsh	کبدش	139
kjah	کجائه	139
kjayyd	کجایید	139
krmyt	کرمیت	139
klytvn	کلیتون	139
gmnam	گمنام	139
gvst	گوست	139
ang	آنگ	138
ahzaryh	احضاریه	138
astvdyvy	استودیوی	138
asmygl	اسمیگل	138
avzam	اوضاعم	138
avlmvn	اولمون	138
aksplyarmvs	اکسپلیارموس	138
bfrvshmsh	بفروشمش	138
trvrystha	تروریستها	138
jhanyh	جهانیه	138
hafzt	حافظت	138
hdsm	حدسم	138
hmash	حماسه	138
khvndym	خوندیم	138
darymsh	داریمش	138
drhrhal	درهرحال	138
rftarshvn	رفتارشون	138
zrafh	زرافه	138
zyadtr	زیادتر	138
zyrh	زیره	138
srdt	سردت	138
shrmsar	شرمسار	138
frvksh	فروکش	138
lvtbrvk	لوتبروک	138
marslvs	مارسلوس	138
msbty	مثبتی	138
mrmvzh	مرموزه	138
mshklatmvn	مشکلاتمون	138
mky	مکی	138
mybvdm	میبودم	138
mydnayt	میدنایت	138
myshnvn	میشنون	138
nayvz	نایوز	138
nkhvndm	نخوندم	138
hrlhzh	هرلحظه	138
hyjanzdh	هیجانزده	138
pynkmn	پینکمن	138
chndvght	چندوقت	138
chynv	چینو	138
kadylak	کادیلاک	138
kavya	کاویا	138
kshvrshvn	کشورشون	138
kmandv	کماندو	138
grnjr	گرنجر	138
gnjy	گنجی	138
anvght	آنوقت	137
arzan	ارزان	137
aftym	افتیم	137
altvn	التون	137
angshtash	انگشتاش	137
aksl	اکسل	137
babatv	باباتو	137
bdar	بدار	137
brdyn	بردین	137
blaha	بلاها	137
blndtryn	بلندترین	137
bchrkhm	بچرخم	137
bgzaryn	بگذارین	137
bynndgan	بینندگان	137
tsvyrsh	تصویرش	137
tfn	تعفن	137
tnbly	تنبلی	137
hyatyh	حیاتیه	137
khbayn	خب،این	137
khvryn	خورین	137
dkhtrshv	دخترشو	137
dhansh	دهانش	137
dvlan	دولان	137
ravy	راوی	137
rvbrahm	روبراهم	137
rvyt	رویت	137
ryzsh	ریزش	137
zmkht	زمخت	137
salyh	سالیه	137
sngapvr	سنگاپور	137
shanghay	شانگهای	137
shahrg	شاهرگ	137
shkhsytsh	شخصیتش	137
shdnyh	شدنیه	137
shvkhytvn	شوخیتون	137
smymyt	صمیمیت	137
rvsysh	عروسیش	137
sly	عسلی	137
fvty	فوتی	137
ghtly	قتلی	137
mvryn	مورین	137
mvghha	موقعها	137
mvnyd	مونید	137
mytvany	میتوانی	137
mykhvnym	میخونیم	137
myshvym	میشویم	137
myndakht	مینداخت	137
myvftym	میوفتیم	137
mygrftym	میگرفتیم	137
mygvyd	میگوید	137
narht	نارحت	137
nmyprsy	نمیپرسی	137
psrmvy	پسرعموی	137
pvrnv	پورنو	137
pyshgah	پیشگاه	137
pychy	پیچی	137
charlstvn	چارلستون	137
chyzayyh	چیزاییه	137
kartm	کارتم	137
karmnday	کارمندای	137
kakav	کاکائو	137
krdnmvn	کردنمون	137
kph	کپه	137
gshnth	گشنته	137
yvky	یوکی	137
aramshy	آرامشی	136
aslh	اصله	136
angshtay	انگشتای	136
akant	اکانت	136
bjngnd	بجنگند	136
tatvn	تاتون	136
trkvndn	ترکوندن	136
tlskvp	تلسکوپ	136
tmyzkary	تمیزکاری	136
tvldshh	تولدشه	136
tvk	توک	136
jadvsh	جادوش	136
jaya	جایا	136
hsarha	حصارها	136
hghshvn	حقشون	136
khdshh	خدشه	136
dampzshk	دامپزشک	136
drmvrdshvn	درموردشون	136
dvayy	دعوایی	136
dmdmy	دمدمی	136
dmshgh	دمشق	136
dnyamvn	دنیامون	136
raysh	رایش	136
rvayt	روایت	136
shmm	سهمم	136
svarkary	سوارکاری	136
sptvn	سپتون	136
sprblvt	سپربلوط	136
sysy	سیسی	136
frda	فردا؟	136
fyvz	فیوز	136
ghdrtmvn	قدرتمون	136
lagrta	لاگرتا	136
maks	ماکس	136
mbarzyn	مبارزین	136
mtshkhs	متشخص	136
mtvsl	متوسل	136
mzahmsh	مزاحمش	136
mskhrm	مسخرم	136
msnvyh	مصنوعیه	136
mlvn	ملعون	136
myshvm	میشوم	136
myks	میکس	136
nzdykn	نزدیکن	136
nmykhay	نمیخای	136
hrdvsh	هردوش	136
hnsvn	هنسون	136
pargy	پارگی	136
pya	پیا	136
karhamvn	کارهامون	136
gantr	گانتر	136
avrdsh	آوردش	135
atka	اتکا	135
akhtlafat	اختلافات	135
asmag	اسماگ	135
aynvra	اینورا	135
bag	باگ	135
bdh	بعده	135
bvrjya	بورجیا	135
tarv	تارو	135
tvanayysh	تواناییش	135
khyaty	خیاطی	135
dzdydnsh	دزدیدنش	135
dzdyn	دزدین	135
dlgrmy	دلگرمی	135
rs	رس	135
rykardv	ریکاردو	135
zndm	زندم	135
sayvry	سایوری	135
srtmvn	سرعتمون	135
smvr	سمور	135
shyrv	شیرو	135
dalth	عدالته	135
zyzmvn	عزیزمون	135
mvmyh	عمومیه	135
frarh	فراره	135
fray	فرای	135
ghafyh	قافیه	135
ghrghrh	قرقره	135
lvnydas	لئونیداس	135
lbt	لبت	135
lntytv	لعنتیتو	135
madryd	مادرید	135
marsh	مارش	135
mshklmvn	مشکلمون	135
mlany	ملانی	135
mkn	مکن	135
mykrvb	میکروب	135
nbraska	نبراسکا	135
nkhvndy	نخوندی	135
nmykhvasth	نمیخواسته	135
nyafth	نیافته	135
nyshkr	نیشکر	135
harnhal	هارنهال	135
hvn	هون	135
hypy	هیپی	135
vardat	واردات	135
vaynsta	واینستا	135
vys	ویس	135
paydarh	پایداره	135
pyshynh	پیشینه	135
pymanh	پیمانه	135
karshh	کارشه	135
kalyfvrnya	کالیفورنیا	135
klydh	کلیده	135
klyshh	کلیشه	135
kmlvt	کملوت	135
kyfy	کیفی	135
glbvl	گلبول	135
gvrkn	گورکن	135
akhrshm	آخرشم	134
arayshgah	آرایشگاه	134
amvkhth	آموخته	134
azhm	ازهم	134
ashtal	اشتعال	134
atmadm	اعتمادم	134
avnan	اونان	134
bkhndym	بخندیم	134
bdzdyn	بدزدین	134
bzrgdasht	بزرگداشت	134
bshash	بشاش	134
tashv	تاشو	134
tachr	تاچر	134
trdydy	تردیدی	134
trkybat	ترکیبات	134
tmasm	تماسم	134
khtayy	خطایی	134
ryssh	رئیسش	134
rahpymayy	راهپیمایی	134
rdshv	ردشو	134
rykhtym	ریختیم	134
skhavtmnd	سخاوتمند	134
syngr	سینگر	134
shraby	شرابی	134
amh	عامه	134
laghmh	علاقمه	134
gharha	غارها	134
ghzamvn	غذامون	134
framvshm	فراموشم	134
frankfvrt	فرانکفورت	134
lht	لهت	134
lyrh	لیره	134
mtadh	معتاده	134
mrfyt	معرفیت	134
mvss	موسس	134
mvsyghyh	موسیقیه	134
mvshha	موشها	134
myrvnh	میرونه	134
ndazh	ندازه	134
nvarhay	نوارهای	134
npvshydm	نپوشیدم	134
ngzashth	نگذاشته	134
nyamdh	نیامده	134
hardmn	هاردمن	134
hmrahh	همراهه	134
hmvnm	همونم	134
vyzyt	ویزیت	134
pymankar	پیمانکار	134
pynky	پینکی	134
zhyang	ژیانگ	134
kargrha	کارگرها	134
gvgrd	گوگرد	134
yas	یاس	134
apachy	آپاچی	133
askvtr	اسکوتر	133
aghtshash	اغتشاش	133
algha	القا	133
batm	باتم	133
bazprvry	بازپروری	133
balaha	بالاها	133
baltazar	بالتازار	133
blahayy	بلاهایی	133
bnyady	بنیادی	133
bgzrvnn	بگذرونن	133
tasyrat	تاثیرات	133
tryvr	تریور	133
tmpltvn	تمپلتون	133
jyvh	جیوه	133
khfth	خفته	133
khvahshy	خواهشی	133
khvshtyph	خوشتیپه	133
dablyn	دابلین	133
dshmnmvn	دشمنمون	133
dmbh	دمبه	133
dvstdar	دوستدار	133
dvmm	دومم	133
dvnfrh	دونفره	133
dyabt	دیابت	133
dydt	دیدت	133
zhntv	ذهنتو	133
rnjsh	رنجش	133
zndanyh	زندانیه	133
skhngvy	سخنگوی	133
srskhth	سرسخته	133
srvysh	سرویسه	133
slvlt	سلولت	133
shlng	شلنگ	133
shyrfhm	شیرفهم	133
trfmvn	طرفمون	133
trfv	طرفو	133
lagvrta	لاگوئرتا	133
lghzsh	لغزش	133
mtzlzl	متزلزل	133
mvtvrsyklt	موتورسیکلت	133
mvzf	موظف	133
mksvl	مکسول	133
myavrdy	میاوردی	133
mykhrym	میخریم	133
mypry	میپری	133
mygrdyd	میگردید	133
nmytvanm	نمیتوانم	133
nyayd	نیاید	133
nynv	نینو	133
hambvrg	هامبورگ	133
hanka	هانکا	133
havk	هاوک	133
hshdary	هشداری	133
vjdanm	وجدانم	133
vykvs	ویکوس	133
parsh	پارش	133
pasv	پاسو	133
pavr	پاور	133
pshttvn	پشتتون	133
pyshahng	پیشاهنگ	133
gshtapv	گشتاپو	133
gnahkaran	گناهکاران	133
yardy	یاردی	133
azrdh	آزرده	132
ahnghay	آهنگهای	132
ahmghym	احمقیم	132
arbaby	اربابی	132
azavn	ازاون	132
aspanyvly	اسپانیولی	132
astlahat	اصطلاحات	132
alkhlghh	الخلقه	132
angshtam	انگشتام	132
avrdvz	اوردوز	132
ayt	ایت	132
aymant	ایمانت	132
bbrd	ببرد	132
bradrmvn	برادرمون	132
brnjy	برنجی	132
byabrym	بیابریم	132
tndh	تنده	132
jdasazy	جداسازی	132
hkaky	حکاکی	132
hya	حیا	132
hyth	حیطه	132
khanmh	خانمه	132
khanvadshvn	خانوادشون	132
drmyan	درمیان	132
rzvs	رزوس	132
rvndh	رونده	132
ryyst	رییست	132
sansvr	سانسور	132
sfvrza	سفورزا	132
snaryv	سناریو	132
svdan	سودان	132
syn	سین	132
shdnmvn	شدنمون	132
shrktt	شرکتت	132
shkvndy	شکوندی	132
sadrat	صادرات	132
zyzkm	عزیزکم	132
fashyst	فاشیست	132
lavt	لاوت	132
matylda	ماتیلدا	132
malybv	مالیبو	132
mavray	ماورای	132
mtrvk	متروک	132
mtfn	متعفن	132
mjazatt	مجازاتت	132
mnkr	منکر	132
mvlkvl	مولکول	132
mybkhshh	میبخشه	132
mykhrn	میخرن	132
namgzary	نامگذاری	132
nmvdh	نموده	132
nmydvnstn	نمیدونستن	132
nmyshnasym	نمیشناسیم	132
nvdl	نودل	132
nzhadprst	نژادپرست	132
nyrng	نیرنگ	132
hktar	هکتار	132
paskhgv	پاسخگو	132
pvzkhnd	پوزخند	132
pvzh	پوزه	132
chchn	چچن	132
karharv	کارهارو	132
kvth	کوته	132
kyfh	کیفه	132
advlf	آدولف	131
ashghalv	آشغالو	131
aghvsht	آغوشت	131
altrvn	آلترون	131
atl	اتل	131
azkja	ازکجا	131
astkhvny	استخونی	131
amrvzt	امروزت	131
amydsh	امیدش	131
ahly	اهلی	131
bkhvayy	بخوایی	131
bdbv	بدبو	131
bdshans	بدشانس	131
bzarynsh	بذارینش	131
brkhyz	برخیز	131
bmyrnd	بمیرند	131
tayydyh	تاییدیه	131
thrk	تحرک	131
tyrhay	تیرهای	131
jvabtv	جوابتو	131
hzfsh	حذفش	131
khbavn	خب،اون	131
khvahrmv	خواهرمو	131
khvdsr	خودسر	131
khvshkly	خوشکلی	131
khvntv	خونتو	131
khvnkhvar	خونخوار	131
dalan	دالان	131
davs	داوس	131
drkhvastsh	درخواستش	131
dryanvrd	دریانورد	131
dftrtvn	دفترتون	131
dvpa	دوپا	131
rdmvn	ردمون	131
rfty	رفتی؟	131
rvstaha	روستاها	131
srdabh	سردابه	131
stvh	سطوح	131
snjy	سنجی	131
sdamvnv	صدامونو	131
sbym	عصبیم	131
flzat	فلزات	131
ghabltv	قابلتو	131
ghtlsh	قتلش	131
ghdblnd	قدبلند	131
ghvz	قوز	131
lghat	لغات	131
mrkb	مرکب	131
mnjy	منجی	131
mvjh	موجه	131
mvkvl	موکول	131
mgatrvn	مگاترون	131
myarmt	میارمت	131
myznmsh	میزنمش	131
namryy	نامریی	131
nsybsh	نصیبش	131
nfhmydym	نفهمیدیم	131
nmrd	نمرد	131
nmyndazh	نمیندازه	131
ngranyt	نگرانیت	131
nytrvzhn	نیتروژن	131
nylvfr	نیلوفر	131
hndvnh	هندونه	131
vsf	وصف	131
panama	پاناما	131
chrkhydn	چرخیدن	131
chlyvs	چلیوس	131
kanat	کائنات	131
kast	کاست	131
kanyl	کانیل	131
krystvf	کریستوف	131
garsya	گارسیا	131
gayydn	گاییدن	131
gras	گراس	131
gysha	گیشا	131
ahtragh	احتراق	130
avrzhansyh	اورژانسیه	130
bargah	بارگاه	130
bbnyd	ببنید	130
brmygrdvnym	برمیگردونیم	130
brgrdvnsh	برگردونش	130
blvndh	بلونده	130
blzhyky	بلژیکی	130
bprdazym	بپردازیم	130
bchsby	بچسبی	130
byhvshh	بیهوشه	130
tajgzary	تاجگذاری	130
tvafghnamh	توافقنامه	130
tksyr	تکثیر	130
jryany	جریانی	130
jnkynz	جنکینز	130
jvanmrd	جوانمرد	130
hsabtvn	حسابتون	130
khtrnaktryn	خطرناکترین	130
khfgy	خفگی	130
drkhvastt	درخواستت	130
drknar	درکنار	130
dstv	دستو	130
dmar	دمار	130
dndvnt	دندونت	130
dyktatvr	دیکتاتور	130
ramvs	راموس	130
rsmh	رسمه	130
rfyghay	رفیقای	130
sary	ساری	130
salvatvr	سالواتور	130
srdth	سردته	130
shtrmrgh	شترمرغ	130
shmayy	شمایی	130
shvrshyan	شورشیان	130
shyrha	شیرها	130
alyn	عالین	130
falkvn	فالکون	130
frdh	فرده	130
ghatlm	قاتلم	130
mharty	مهارتی	130
naghla	ناقلا	130
ndv	ندو	130
nmyzdm	نمیزدم	130
vghtshvn	وقتشون	130
vyvyan	ویویان	130
prdakhth	پرداخته	130
chtvnh	چتونه	130
kavly	کاولی	130
ktlyn	کتلین	130
klarys	کلاریس	130
knartvn	کنارتون	130
khkshany	کهکشانی	130
grsnth	گرسنته	130
gvym	گویم	130
abl	آبل	129
aghvshm	آغوشم	129
afrynsh	آفرینش	129
athamy	اتهامی	129
asrangsht	اثرانگشت	129
adamhbdh	ادامهبده	129
astralyayy	استرالیایی	129
astdadt	استعدادت	129
anzbat	انضباط	129
avnchyzy	اونچیزی	129
avhmn	اوه،من	129
ayntrprayz	اینترپرایز	129
bazprdakht	بازپرداخت	129
bkhvaysh	بخوایش	129
bshnasn	بشناسن	129
bvlyvy	بولیوی	129
bch	بچ	129
bknysh	بکنیش	129
thsynsh	تحسینش	129
tthyr	تطهیر	129
tmyyz	تمییز	129
tnshvn	تنشون	129
jalbsh	جالبش	129
janshyny	جانشینی	129
jrahat	جراحات	129
jzyaty	جزئیاتی	129
jlvysh	جلویش	129
jngnd	جنگند	129
jvyan	جویان	129
hsabh	حسابه	129
drdtvn	دردتون	129
dldary	دلداری	129
dktrhay	دکترهای	129
rastgv	راستگو	129
raydn	رایدن	129
rfyghat	رفیقات	129
rgbar	رگبار	129
zbanh	زبانه	129
zndanban	زندانبان	129
zyrpa	زیرپا	129
sakhtsh	ساختش	129
srkhvd	سرخود	129
slahhay	سلاحهای	129
sprd	سپرد	129
shamlsh	شاملش	129
shraytsh	شرایطش	129
shrtbndy	شرطبندی	129
tyf	طیف	129
frakhvandh	فراخوانده	129
frstadyn	فرستادین	129
lrdhay	لردهای	129
mdb	مؤدب	129
maty	ماتی	129
margaryta	مارگاریتا	129
mrsr	مرسر	129
mrsvm	مرسوم	129
mtghdy	معتقدی	129
mvzvh	موضوعه	129
mvld	مولد	129
myrsla	میرسلا	129
myzy	میزی	129
nayst	نایست	129
hrdvtashvn	هردوتاشون	129
hvpr	هوپر	129
vltazh	ولتاژ	129
vylys	ویلیس	129
pasban	پاسبان	129
pvng	پونگ	129
chshmmvn	چشممون	129
kartvny	کارتونی	129
karrv	کاررو	129
kargra	کارگرا	129
kaks	کاکس	129
ksr	کسر	129
kshfsh	کشفش	129
gnahanm	گناهانم	129
gyryh	گیریه	129
yadgar	یادگار	129
amary	آماری	128
anvbys	آنوبیس	128
ahmght	احمقت	128
azdvajshvn	ازدواجشون	128
babatvn	باباتون	128
bazygran	بازیگران	128
bradrhay	برادرهای	128
bzrgshvn	بزرگشون	128
bnvshh	بنوشه	128
bnkz	بنکز	128
bharh	بهاره	128
bvdysh	بودیش	128
bpzh	بپزه	128
bchsbvn	بچسبون	128
tkhmat	تخمات	128
tndr	تندر	128
hghvghsh	حقوقش	128
khla	خلاء	128
khvanndgy	خوانندگی	128
khvahrha	خواهرها	128
khvdmvnym	خودمونیم	128
darvhash	داروهاش	128
dstvratt	دستوراتت	128
dshmnm	دشمنم	128
dndvnam	دندونام	128
rahmv	راهمو	128
rsan	رسان	128
rvshnt	روشنت	128
rvghny	روغنی	128
flndrz	فلندرز	128
flvr	فلور	128
ghshr	قشر	128
mamantvn	مامانتون	128
mansvn	مانسون	128
mhtvay	محتوای	128
mhdvdy	محدودی	128
mdyvnh	مدیونه	128
mslm	مسلم	128
mlmy	معلمی	128
mnzvy	منزوی	128
mvjy	موجی	128
mvsyv	موسیو	128
myrghsn	میرقصن	128
myzdnd	میزدند	128
namrdyh	نامردیه	128
nrsvn	نرسون	128
nmyayn	نمیاین	128
vjyta	وجیتا	128
pylgrym	پیلگریم	128
pyvng	پیونگ	128
pykvlv	پیکولو	128
chharrah	چهارراه	128
chvbdsty	چوبدستی	128
zhav	ژائو	128
krasty	کراستی	128
krvnvs	کرونوس	128
gabryla	گابریلا	128
gazy	گازی	128
yaddashty	یادداشتی	128
adryn	آدرین	127
arhdrsth	آره،درسته	127
akhtlas	اختلاس	127
artbatm	ارتباطم	127
asmashvn	اسماشون	127
asmrf	اسمرف	127
alynvr	الینور	127
avnas	اوناس	127
bdynvsylh	بدینوسیله	127
brvsard	بروسارد	127
bsam	بسام	127
bvltn	بولتن	127
bpyvndy	بپیوندی	127
bchgym	بچگیم	127
byshmary	بیشماری	127
byvftyn	بیوفتین	127
tfngh	تفنگه	127
khanvadmv	خانوادمو	127
khvabym	خوابیم	127
dbz	دبز	127
dvkht	دوخت	127
razhayy	رازهایی	127
rvyy	رویی	127
zvjy	زوجی	127
sazd	سازد	127
slhshvr	سلحشور	127
slma	سلما	127
svya	سویا	127
syra	سیرا	127
syfvn	سیفون	127
shmartv	شمارتو	127
zmymh	ضمیمه	127
mrmv	عمرمو	127
ghshngt	قشنگت	127
lna	لنا	127
lvgn	لوگن	127
mashynay	ماشینای	127
mhtrmy	محترمی	127
mkhalfty	مخالفتی	127
mkhdrh	مخدره	127
mdvna	مدونا	127
mshamm	مشامم	127
mghablt	مقابلت	127
myprsyd	میپرسید	127
nday	ندای	127
nshnvm	نشنوم	127
nmyrsyd	نمیرسید	127
nvrha	نورها	127
nyrvhayy	نیروهایی	127
hmkf	همکف	127
hytr	هیتر	127
hyjdh	هیجده	127
vhshygry	وحشیگری	127
vrnr	ورنر	127
vgr	وگر	127
par	پار	127
prvfayl	پروفایل	127
karmnda	کارمندا	127
kfsha	کفشا	127
klad	کلاد	127
klvny	کلونی	127
klyf	کلیف	127
kmkvn	کمکون	127
kvshsh	کوشش	127
glvb	گلوب	127
gvan	گوان	127
gvldn	گولدن	127
gvnagvn	گوناگون	127
ahrymny	اهریمنی	126
avtv	اوتو	126
aydn	ایدن	126
bramdgy	برآمدگی	126
brtryn	برترین	126
brghsn	برقصن	126
blastr	بلاستر	126
bvdnshvn	بودنشون	126
bpzyrym	بپذیریم	126
byrhmy	بیرحمی	126
tav	تائو	126
trashydh	تراشیده	126
tky	تکی	126
hsabtv	حسابتو	126
hvz	حوض	126
khrafat	خرافات	126
khshnh	خشنه	126
khvabshvn	خوابشون	126
khvdprdaz	خودپرداز	126
dashtnt	داشتنت	126
dstashvn	دستاشون	126
dnyam	دنیام	126
dvghlvy	دوقلوی	126
rahnmayyt	راهنماییت	126
ryt	رعیت	126
rvbrvt	روبروت	126
rvtv	روتو	126
zdgy	زدگی	126
sraghtvn	سراغتون	126
shashydn	شاشیدن	126
shbyhh	شبیهه	126
shmarshv	شمارشو	126
shnay	شنای	126
shvrh	شوره	126
shytanyh	شیطانیه	126
shynm	شینم	126
sbhy	صبحی	126
zm	عزم	126
ghartgr	غارتگر	126
ghzashvn	غذاشون	126
ghzb	غضب	126
famylsh	فامیلش	126
frdryka	فردریکا	126
fghrh	فقره	126
lashkhvr	لاشخور	126
mad	ماد	126
mandla	ماندلا	126
mkhazn	مخازن	126
mrtf	مرتفع	126
mslmanan	مسلمانان	126
mnasbsh	مناسبش	126
mnzvrth	منظورته	126
mytvanym	میتوانیم	126
mydadnd	میدادند	126
myrsvny	میرسونی	126
myshnakhtn	میشناختن	126
nashr	ناشر	126
namt	نامت	126
namnzm	نامنظم	126
nbashnd	نباشند	126
nkhalh	نخاله	126
nmyrsvnh	نمیرسونه	126
nmyshnasysh	نمیشناسیش	126
nhsd	نهصد	126
nvbth	نوبته	126
nvrbyt	نوربیت	126
nghdarh	نگهداره	126
nyvmn	نیومن	126
hjy	هجی	126
prstara	پرستارا	126
psrmvm	پسرعموم	126
chd	چد	126
chs	چس	126
kandy	کاندی	126
kbaby	کبابی	126
kvhhay	کوههای	126
gnt	گنت	126
alvarz	آلوارز	125
asatyd	اساتید	125
ashagh	اسحاق	125
atlath	اطلاعاته	125
barandaz	بارانداز	125
banmky	بانمکی	125
btrsvnm	بترسونم	125
bsvzvnym	بسوزونیم	125
bvny	بونی	125
bgyrmt	بگیرمت	125
byaftyd	بیافتید	125
byvftm	بیوفتم	125
jsdt	جسدت	125
khndydm	خندیدم	125
dadly	دادلی	125
dastana	داستانا	125
dvlyn	دولین	125
rysy	رئیسی	125
rvmany	رومانی	125
rvmyha	رومیها	125
rynv	رینو	125
zfyr	زفیر	125
zmynm	زمینم	125
saramvn	سارامون	125
shnha	شنها	125
ghyrtbyy	غیرطبیعی	125
fns	فنس	125
ghbln	قبلن	125
lnvr	لنور	125
mrhm	مرهم	125
mghd	مقعد	125
mhyb	مهیب	125
myryam	میریام	125
nrsydn	نرسیدن	125
nmytrsh	نمیترسه	125
hamvnd	هاموند	125
hnrmndh	هنرمنده	125
vznm	وزنم	125
vlgrdy	ولگردی	125
pvldark	پولدارک	125
chghdrm	چقدرم	125
chvsan	چوسان	125
karyn	کارین	125
ksalt	کسالت	125
kmpr	کمپر	125
gldy	گلدی	125
atvbat	آتوبات	124
alkhandrv	آلخاندرو	124
atfaghh	اتفاقه	124
artshbd	ارتشبد	124
asmvk	اسموک	124
amthanshvn	امتحانشون	124
anbashth	انباشته	124
avbray	اوبرای	124
ayshyta	ایشیتا	124
badbadk	بادبادک	124
balraj	بالراج	124
brghsyd	برقصید	124
brmygsht	برمیگشت	124
bchha	بچها	124
tbhkaran	تبهکاران	124
tdryj	تدریج	124
trkvndy	ترکوندی	124
tvng	تونگ	124
tyrha	تیرها	124
srvtmndtryn	ثروتمندترین	124
jvnh	جونه	124
hrfashvn	حرفاشون	124
hkvmty	حکومتی	124
khdamh	خدامه	124
khyrt	خیرت	124
drmyarn	درمیارن	124
dzdn	دزدن	124
dvstantvn	دوستانتون	124
rstvrany	رستورانی	124
rfghat	رفقات	124
znjyrha	زنجیرها	124
svrvs	سوروس	124
svyys	سوییس	124
shkhsytt	شخصیتت	124
sbranh	صبرانه	124
sbvry	صبوری	124
tnz	طنز	124
ghatlsh	قاتلش	124
ghvry	قوری	124
lbashat	لباسهات	124
madlyn	مادلین	124
mamvry	ماموری	124
mjrmh	مجرمه	124
mkhabrat	مخابرات	124
mkhtr	مخترع	124
myvb	معیوب	124
mntzrmvnh	منتظرمونه	124
mhlkh	مهلکه	124
mvafghyd	موافقید	124
mvfghy	موفقی	124
mvklt	موکلت	124
mykhaym	میخایم	124
mydand	میداند	124
mygshtn	میگشتن	124
naf	ناف	124
nkhvn	نخون	124
nfstv	نفستو	124
nvadgan	نوادگان	124
ngranym	نگرانیم	124
hshtmyn	هشتمین	124
hmrahan	همراهان	124
hnryh	هنریه	124
vanyly	وانیلی	124
vvgl	ووگل	124
vytv	ویتو	124
panm	پانم	124
paydary	پایداری	124
prstarm	پرستارم	124
psrham	پسرهام	124
chry	چری	124
karaktr	کاراکتر	124
karshnasan	کارشناسان	124
kshydnd	کشیدند	124
gnahkary	گناهکاری	124
gvrtvn	گورتون	124
ant	آنت	123
anyta	آنیتا	123
arbabsh	اربابش	123
alvy	الوی	123
avnay	اونای	123
avnym	اونیم	123
bazrgan	بازرگان	123
bbkhshmt	ببخشمت	123
bjngyn	بجنگین	123
bkhsvsy	بخصوصی	123
bdstm	بدستم	123
bryjyt	بریجیت	123
bmaly	بمالی	123
bpzyrh	بپذیره	123
taytan	تایتان	123
trya	تریا	123
tnfssh	تنفسش	123
thy	تهی	123
tvjht	توجهت	123
tvsan	توسان	123
jratshv	جراتشو	123
hmasy	حماسی	123
dkhtrshh	دخترشه	123
drkhvastm	درخواستم	123
dnj	دنج	123
dnyat	دنیات	123
sbky	سبکی	123
styz	ستیز	123
srgrmyh	سرگرمیه	123
syna	سینا	123
falythay	فعالیتهای	123
fnvn	فنون	123
ghbvly	قبولی	123
ghmarbaz	قمارباز	123
lhzh	لحضه	123
lvtar	لوتار	123
lyr	لیر	123
mtkbr	متکبر	123
mkhabraty	مخابراتی	123
mmvlh	معموله	123
mhajran	مهاجران	123
mvrya	موریا	123
mvlr	مولر	123
myfhmyn	میفهمین	123
hmbstr	همبستر	123
hmsaygy	همسایگی	123
hmgany	همگانی	123
vals	والس	123
valsh	والش	123
vytakr	ویتاکر	123
pvstshvn	پوستشون	123
pyshrv	پیشرو	123
pymany	پیمانی	123
chndnfr	چندنفر	123
chyzbrgr	چیزبرگر	123
karashvn	کاراشون	123
krstr	کرستر	123
kshavrzan	کشاورزان	123
kyfv	کیفو	123
gvshth	گوشته	123
ykytvn	یکیتون	123
azvnja	ازونجا	122
avpa	اوپا	122
bazn	بازن	122
bashkvhy	باشکوهی	122
bahmym	باهمیم	122
bdntv	بدنتو	122
bmalm	بمالم	122
bnfvrd	بنفورد	122
bvsydym	بوسیدیم	122
tanr	تانر	122
trva	تروا	122
tzyf	تضعیف	122
tfrghh	تفرقه	122
tmrkzm	تمرکزم	122
jyz	جیز	122
khany	خائنی	122
khshkhash	خشخاش	122
khvabshv	خوابشو	122
khvndnsh	خوندنش	122
darvsazy	داروسازی	122
danshjvhay	دانشجوهای	122
drasl	دراصل	122
dshmnay	دشمنای	122
dghyghsh	دقیقش	122
zhnmh	ذهنمه	122
rdt	ردت	122
rmantykh	رمانتیکه	122
zmanmvn	زمانمون	122
zyan	زیان	122
srkarm	سرکارم	122
svrakhh	سوراخه	122
shklsh	شکلش	122
tahrkhany	طاهرخانی	122
ghrsha	قرصها	122
lavrns	لاورنس	122
lbkhndt	لبخندت	122
mayan	مایان	122
mayklsvn	مایکلسون	122
mrgtvn	مرگتون	122
mslhh	مسلحه	122
mslmvn	مسلمون	122
mngnh	منگنه	122
myand	میاند	122
myzsh	میزش	122
mygyrmt	میگیرمت	122
namzdhay	نامزدهای	122
njvmy	نجومی	122
ndvn	ندون	122
nsar	نصار	122
nmyprsm	نمیپرسم	122
nysta	نیستا	122
hashm	هاشم	122
hrjay	هرجای	122
hmantvry	همانطوری	122
hmkhvny	همخونی	122
hmrv	همرو	122
vkslr	وکسلر	122
pyrsvn	پیرسون	122
chshma	چشما	122
chlfty	چلفتی	122
chynky	چینکی	122
klasy	کلاسی	122
kmkhay	کمکهای	122
kvky	کوکی	122
kpk	کپک	122
kylgryv	کیلگریو	122
gatv	گاتو	122
gldan	گلدان	122
azarsh	آزارش	121
alvnk	آلونک	121
alkatraz	آلکاتراز	121
aspryngfyld	اسپرینگفیلد	121
asalt	اصالت	121
altmasm	التماسم	121
aysn	ایثن	121
aynchy	اینچی	121
bahaln	باحالن	121
barth	بارته	121
baf	باف	121
bbrymshvn	ببریمشون	121
bradrtv	برادرتو	121
bransvn	برانسون	121
brty	برتی	121
bshnasmt	بشناسمت	121
blayt	بلایت	121
bldyd	بلدید	121
bngr	بنگر	121
bpvshvnh	بپوشونه	121
tavryl	تائوریل	121
tahv	تاهو	121
tvanstm	توانستم	121
jvdyt	جودیت	121
khasyh	خاصیه	121
khzh	خزه	121
khvbavn	خوب،اون	121
khvshayndy	خوشایندی	121
khyar	خیار	121
daryl	داریل	121
danshjvyan	دانشجویان	121
drnhayt	درنهایت	121
drkm	درکم	121
dshmnansh	دشمنانش	121
zhnmv	ذهنمو	121
ragnr	راگنر	121
rkhdad	رخداد	121
rsvndym	رسوندیم	121
rmal	رمال	121
rvdrrv	رودررو	121
rvstahay	روستاهای	121
zmrd	زمرد	121
saksyfvn	ساکسیفون	121
srkshy	سرکشی	121
shbyhsh	شبیهش	121
shjatsh	شجاعتش	121
shjah	شجاعه	121
sdyghy	صدیقی	121
zdhal	ضدحال	121
zabm	عذابم	121
zadar	عزادار	121
laghsh	علاقش	121
lamth	علامته	121
frabnfsh	فرابنفش	121
ghlbmvn	قلبمون	121
ghmarbazy	قماربازی	121
lvrans	لورانس	121
lvrna	لورنا	121
mtshkl	متشکل	121
mjrdm	مجردم	121
mrdykh	مردیکه	121
mzr	مضر	121
mghzmvn	مغزمون	121
mmfys	ممفیس	121
mvazbm	مواظبم	121
mvafghym	موافقیم	121
mytvnm	میتونم؟	121
myldrd	میلدرد	121
myndazmt	میندازمت	121
myvng	میونگ	121
natmam	ناتمام	121
nmrat	نمرات	121
nmyrsym	نمیرسیم	121
nmyrft	نمیرفت	121
nghdarndh	نگهدارنده	121
nymrv	نیمرو	121
vfadaryt	وفاداریت	121
vyda	ویدا	121
kfarh	کفاره	121
gzashtnsh	گذاشتنش	121
grtl	گرتل	121
yarvy	یاروی	121
asvnyh	آسونیه	120
ayra	آیرا	120
aztv	ازتو	120
asrayly	اسرائیلی	120
amthant	امتحانت	120
antzart	انتظارت	120
bazdashtm	بازداشتم	120
bjr	بجر	120
brvbch	بروبچ	120
bznd	بزند	120
bsazyn	بسازین	120
bvlyn	بولین	120
bgzrvnyd	بگذرونید	120
byanka	بیانکا	120
byshh	بیشه	120
taml	تامل	120
trsvndmt	ترسوندمت	120
trsvny	ترسونی	120
trvp	تروپ	120
tlghyn	تلقین	120
jmhvrh	جمهوره	120
jnayty	جنایتی	120
jyr	جیر	120
hmzh	حمزه	120
khvbysh	خوبیش	120
dadysh	دادیش	120
daghy	داغی	120
dbyr	دبیر	120
dstvratsh	دستوراتش	120
dvzkh	دوزخ	120
raksy	راکسی	120
rnv	رنو	120
zandr	زاندر	120
zdmt	زدمت	120
savytar	ساویتار	120
slamtysh	سلامتیش	120
svzandn	سوزاندن	120
shvrty	شورتی	120
tlbh	طلبه	120
ksm	عکسم	120
fasdh	فاسده	120
frdv	فردو	120
fkrhay	فکرهای	120
fyt	فیت	120
fylh	فیله	120
mankn	مانکن	120
mtnasb	متناسب	120
mtvaly	متوالی	120
mjlat	مجلات	120
mhtatanh	محتاطانه	120
mshtaghh	مشتاقه	120
mlmt	معلمت	120
mvghykh	موقعیکه	120
myarnd	میارند	120
mytph	میتپه	120
myshnvym	میشنویم	120
myvftad	میوفتاد	120
nfrst	نفرست	120
nndakhtm	ننداختم	120
ngftyd	نگفتید	120
hajs	هاجس	120
hfdhm	هفدهم	120
vjvdshvn	وجودشون	120
vhm	وهم	120
panday	پاندای	120
pahashvn	پاهاشون	120
pakm	پاکم	120
pdyd	پدید	120
prhyz	پرهیز	120
pvstan	پوستان	120
kabynt	کابینت	120
karhashvn	کارهاشون	120
kandyda	کاندیدا	120
klvpatra	کلئوپاترا	120
klyday	کلیدای	120
kmast	کماست	120
kyln	کیلن	120
gvshtvn	گوشتون	120
yadshh	یادشه	120
ykbarh	یکباره	120
admast	آدماست	119
admt	آدمت	119
alma	آلما	119
alp	آلپ	119
amvzy	آموزی	119
ataghshvn	اتاقشون	119
atly	اتلی	119
arghvany	ارغوانی	119
astkhvvn	استخوون	119
astrahth	استراحته	119
askr	اسکر	119
aslyt	اصلیت	119
alkhmr	الخمر	119
alkyh	الکیه	119
ansanyh	انسانیه	119
avnghd	اونقد	119
ayndy	ایندی	119
barzshy	باارزشی	119
bshvrh	بشوره	119
targryan	تارگریان	119
tbsh	تبش	119
thdy	تعهدی	119
tmyzy	تمیزی	119
jdykaya	جدیکایا	119
khdmtsh	خدمتش	119
drdha	دردها	119
dzdydyn	دزدیدین	119
dvnstnsh	دونستنش	119
dvganh	دوگانه	119
razdary	رازداری	119
sanchz	سانچز	119
shmyh	سهمیه	119
svzvndm	سوزوندم	119
shakhs	شاخص	119
sharzhsh	شارژش	119
shnakhtmt	شناختمت	119
zarb	ضارب	119
fryda	فریدا	119
fhmyn	فهمین	119
lbasashv	لباساشو	119
mtrsk	مترسک	119
mkhalfh	مخالفه	119
myar	معیار	119
mnsvkh	منسوخ	119
naharh	ناهاره	119
nrn	نرن	119
nshnash	نشناسه	119
nvrys	نوریس	119
ngftym	نگفتیم	119
hardy	هاردی	119
hmta	همتا	119
hp	هپ	119
valtrz	والترز	119
vvng	وونگ	119
padashy	پاداشی	119
paly	پالی	119
panchv	پانچو	119
pvnam	پونام	119
kampyvtrt	کامپیوترت	119
klyp	کلیپ	119
kmpbl	کمپبل	119
kvla	کولا	119
kvchkm	کوچکم	119
grvhtvn	گروهتون	119
grvhshvn	گروهشون	119
gvrmvn	گورمون	119
abt	آبت	118
arvmt	آرومت	118
ashnay	آشنای	118
ahngry	آهنگری	118
apartmany	آپارتمانی	118
ardngy	اردنگی	118
azra	ازرا	118
ansvlyn	انسولین	118
ayam	ایام	118
bkhvahnd	بخواهند	118
brkhvrdh	برخورده	118
brksh	برعکسه	118
brnmydarh	برنمیداره	118
brvstr	بروستر	118
bsy	بسی	118
bydal	بیدال	118
taly	تالی	118
tlmbh	تلمبه	118
halym	حالیم	118
khrkhvn	خرخون	118
drak	دراک	118
dstavrd	دستاورد	118
dvshm	دوشم	118
dydyshvn	دیدیشون	118
rdyabysh	ردیابیش	118
rsvn	رسون	118
rghsydm	رقصیدم	118
ryg	ریگ	118
znmv	زنمو	118
svtay	سوتای	118
svrprayzy	سورپرایزی	118
sylvy	سیلوی	118
synv	سینو	118
shay	شایع	118
shlvark	شلوارک	118
shngvl	شنگول	118
ghrvrm	غرورم	118
fan	فان	118
lynkn	لینکن	118
majrahay	ماجراهای	118
marysvl	ماریسول	118
mashynshvn	ماشینشون	118
mtahlm	متاهلم	118
mtghadshvn	متقاعدشون	118
mzd	مزد	118
mzmn	مزمن	118
msafrkhanh	مسافرخانه	118
mshklatsh	مشکلاتش	118
mghrvrh	مغروره	118
mlazm	ملازم	118
mlaghatshvn	ملاقاتشون	118
mnsb	منصب	118
mknm	مکنم	118
mybkhshy	میبخشی	118
mylady	میلادی	118
mymrdy	میمردی	118
mykayl	میکائیل	118
nmybynn	نمیبینن	118
nmyvmdm	نمیومدم	118
nvah	نوآه	118
nvjvanan	نوجوانان	118
hjdhm	هجدهم	118
hdaytsh	هدایتش	118
hrdvtatvn	هردوتاتون	118
hlak	هلاک	118
vma	وما	118
vyrat	ویرات	118
pabrhnh	پابرهنه	118
pdrha	پدرها	118
pvr	پور	118
pyghamm	پیغامم	118
chr	چر	118
chshmtvn	چشمتون	118
zhvl	ژول	118
karth	کارته	118
kargry	کارگری	118
klash	کلاسه	118
kvdvm	کودوم	118
gmshyn	گمشین	118
gnahansh	گناهانش	118
gndv	گندو	118
yksany	یکسانی	118
akhryh	آخریه	117
alyshya	آلیشیا	117
avar	آوار	117
aysha	آیشا	117
ashtbahsh	اشتباهش	117
ashr	اشر	117
amnytsh	امنیتش	117
amydmvn	امیدمون	117
avast	اواسط	117
avkanl	اوکانل	117
barnabas	بارناباس	117
bazyaft	بازیافت	117
bdrdt	بدردت	117
bdhkarym	بدهکاریم	117
bzrgtrsh	بزرگترش	117
bzg	بزگ	117
bhtrynm	بهترینم	117
bkshvnm	بکشونم	117
bgyrnt	بگیرنت	117
byarnd	بیارند	117
byaynd	بیایند	117
tkhmk	تخمک	117
trafyky	ترافیکی	117
tvrnadv	تورنادو	117
jabz	جابز	117
jrmsh	جرمش	117
jlyh	جعلیه	117
jnsyh	جنسیه	117
jvayz	جوایز	117
hamyan	حامیان	117
hvasmv	حواسمو	117
dardn	داردن	117
danayy	دانایی	117
dra	درا	117
drkhvr	درخور	117
dktrsh	دکترش	117
dkvrasyvn	دکوراسیون	117
dyh	دیه	117
zhmat	زحمات	117
srdtr	سردتر	117
shbnm	شبنم	117
shryky	شریکی	117
zrmykhvam	عذرمیخوام	117
farl	فارل	117
flky	فلکی	117
ghayghm	قایقم	117
ghrsa	قرصا	117
mkhalfan	مخالفان	117
mdyran	مدیران	117
msyj	مسیج	117
msahbt	مصاحبت	117
mtlby	مطلبی	117
mlmh	معلمه	117
mghamy	مقامی	117
mntzrshvn	منتظرشون	117
mvtvrm	موتورم	117
mkrr	مکرر	117
mgraynkh	مگراینکه	117
mydzdn	میدزدن	117
napaydar	ناپایدار	117
ntvnstnd	نتونستند	117
nmykhvahy	نمیخواهی	117
nmymyrm	نمیمیرم	117
nprsyd	نپرسید	117
harbr	هاربر	117
hang	هانگ	117
hzarh	هزاره	117
hftgy	هفتگی	117
hmrng	همرنگ	117
hmstr	همستر	117
hvlt	هولت	117
hpatyt	هپاتیت	117
vyrjyl	ویرجیل	117
padshahshvn	پادشاهشون	117
parsvnz	پارسونز	117
parvha	پاروها	117
panjy	پانجی	117
pstan	پستان	117
chsbnak	چسبناک	117
kalvr	کالور	117
kantvr	کانتور	117
ktybh	کتیبه	117
kshd	کشد	117
klvn	کلون	117
klyv	کلیو	117
kvy	کوی	117
graysh	گرایش	117
yksd	یکصد	117
arzhantyn	آرژانتین	116
alzaymr	آلزایمر	116
ayk	آیک	116
atfaghha	اتفاقها	116
argasm	ارگاسم	116
astkhvany	استخوانی	116
anjyr	انجیر	116
avgh	اوق	116
avnsh	اونش	116
bastdad	بااستعداد	116
balt	بالت	116
bbndmsh	ببندمش	116
bbynydsh	ببینیدش	116
bkhshndgy	بخشندگی	116
brgrfth	برگرفته	116
bzrgsalan	بزرگسالان	116
tryfsh	تعریفش	116
tnshh	تنشه	116
tnzymsh	تنظیمش	116
tvansh	توانش	116
khrashh	خراشه	116
khrvpf	خروپف	116
khrydsh	خریدش	116
khfsh	خفش	116
khvastgar	خواستگار	116
danym	دانیم	116
drmanh	درمانه	116
dvtshvn	دعوتشون	116
dlsvz	دلسوز	116
dvstatv	دوستاتو	116
ramyrz	رامیرز	116
rvyarvyy	رویارویی	116
rvym	رویم	116
zanvy	زانوی	116
zvdrs	زودرس	116
sazha	سازها	116
sazgary	سازگاری	116
sndrm	سندرم	116
shldrk	شلدرک	116
taghchh	طاقچه	116
badtgah	عبادتگاه	116
zyztryn	عزیزترین	116
ghyradyh	غیرعادیه	116
fvbar	فوبار	116
ghrmzha	قرمزها	116
ghvytrh	قویتره	116
mashynmvn	ماشینمون	116
maylh	مایله	116
msalmt	مسالمت	116
msmvmsh	مسمومش	116
mshtryan	مشتریان	116
msdvm	مصدوم	116
mfty	مفتی	116
mhdy	مهدی	116
mykhanh	میخانه	116
mynvysn	مینویسن	116
myvfty	میوفتی	116
nkhy	نخی	116
nghshmvn	نقشمون	116
hdfvn	هدفون	116
hvstvn	هوستون	116
vnh	ونه	116
pvlarv	پولارو	116
chrakh	چراکه	116
kadr	کادر	116
karatv	کاراتو	116
ksyfsh	کثیفش	116
kshtnshvn	کشتنشون	116
kshyk	کشیک	116
grygvry	گریگوری	116
yknvakht	یکنواخت	116
amads	آمادس	115
angd	آنگد	115
ahsasv	احساسو	115
azdvajh	ازدواجه	115
astarkvvd	استارکوود	115
astdadm	استعدادم	115
adamt	اعدامت	115
andakhtyd	انداختید	115
ahara	اهارا	115
akran	اکران	115
aymanm	ایمانم	115
batjrbh	باتجربه	115
barn	بارن	115
bashhmn	باشه،من	115
balas	بالاس	115
baht	باهت	115
bahvshn	باهوشن	115
baptysta	باپتیستا	115
btrkvnh	بترکونه	115
bdnmv	بدنمو	115
bradrham	برادرهام	115
brkhyzyd	برخیزید	115
brndashtm	برنداشتم	115
bshma	بشما	115
bvst	بوست	115
bchrkhym	بچرخیم	115
tark	تارک	115
taysvn	تایسون	115
tmashagran	تماشاگران	115
tvrbv	توربو	115
hmaytt	حمایتت	115
khanvmm	خانومم	115
khlvtgah	خلوتگاه	115
khndydym	خندیدیم	115
dadnshvn	دادنشون	115
drkhshany	درخشانی	115
dshmnanm	دشمنانم	115
dvdksh	دودکش	115
rahha	راهها	115
rachl	راچل	115
rayn	راین	115
rnjrha	رنجرها	115
zyrk	زیرک	115
salgym	سالگیم	115
santymtr	سانتیمتر	115
sandrz	ساندرز	115
snjsh	سنجش	115
shmsh	سهمش	115
svghaty	سوغاتی	115
shytnt	شیطنت	115
sdhzar	صدهزار	115
sraht	صراحت	115
tlahay	طلاهای	115
sbanytt	عصبانیتت	115
ghlshv	عقلشو	115
laghmndm	علاقمندم	115
frdashb	فرداشب	115
ghtalh	قتاله	115
ghsdt	قصدت	115
lghvsh	لغوش	115
lvlv	لولو	115
lyma	لیما	115
mblghy	مبلغی	115
mtghadt	متقاعدت	115
mrvan	مروان	115
mghzshv	مغزشو	115
mvndnd	موندند	115
mvnnd	مونند	115
mykhvayyd	میخوایید	115
myrvym	میرویم	115
mymvnyd	میمونید	115
mymvnyn	میمونین	115
myknmsh	میکنمش	115
ntvnstyn	نتونستین	115
nkha	نخاع	115
nkhvab	نخواب	115
nmykhvrym	نمیخوریم	115
vatrlv	واترلو	115
vtyvs	وتیوس	115
praktvr	پراکتور	115
pzshkyh	پزشکیه	115
plt	پلت	115
chshmany	چشمانی	115
klrmn	کلرمن	115
kvpn	کوپن	115
gftar	گفتار	115
atna	آتنا	114
amyzsh	آمیزش	114
avykhth	آویخته	114
agvstvs	آگوستوس	114
ablagh	ابلاغ	114
azvna	ازونا	114
aslym	اصلیم	114
andakhtysh	انداختیش	114
anghbaz	انقباض	114
aynvla	اینولا	114
batysta	باتیستا	114
bkhvdt	بخودت	114
bdanm	بدانم	114
bradrant	برادرانت	114
brngshty	برنگشتی	114
trkvnd	ترکوند	114
tslyhaty	تسلیحاتی	114
thdydat	تهدیدات	114
sbtsh	ثبتش	114
jftk	جفتک	114
hsabmvn	حسابمون	114
khvanvadh	خوانواده	114
dnyahay	دنیاهای	114
dvmah	دوماه	114
ryahay	رؤیاهای	114
radha	رادها	114
rsva	رسوا	114
rghmy	رقمی	114
rngv	رنگو	114
znhayy	زنهایی	114
zvdgzr	زودگذر	114
zvdya	زودیا	114
zyryn	زیرین	114
sdym	سدیم	114
srtshvn	سرعتشون	114
shkhm	شخم	114
shrkay	شرکای	114
shman	شمان	114
shkvndm	شکوندم	114
sdvr	صدور	114
svrtykh	صورتیکه	114
ghlmv	عقلمو	114
fraryh	فراریه	114
gharchy	قارچی	114
ghtlha	قتلها	114
lndy	لندی	114
matys	ماتیس	114
mast	ماست	114
malsh	مالش	114
mtahly	متاهلی	114
mmast	معماست	114
mvtvrkhvnh	موتورخونه	114
mvrdsh	موردش	114
mvstang	موستانگ	114
mvndyn	موندین	114
mchsh	مچش	114
mygrdvnym	میگردونیم	114
nayjl	نایجل	114
nbry	نبری	114
ndarmsh	ندارمش	114
ndydmshvn	ندیدمشون	114
nmayshgr	نمایشگر	114
nmydary	نمیداری	114
npvshydh	نپوشیده	114
hahaha	هاهاها	114
hndsh	هندسه	114
hychkdvmsh	هیچکدومش	114
pzshkan	پزشکان	114
pyrhnt	پیرهنت	114
karamv	کارامو	114
klahsh	کلاهش	114
ahnrba	آهنربا	113
adard	ادارد	113
arzany	ارزانی	113
astvanh	استوانه	113
avz	اوز	113
avnjay	اونجای	113
badh	باده	113
barbvsa	باربوسا	113
bazgshth	بازگشته	113
basnsh	باسنش	113
btvannd	بتوانند	113
bhsv	بحثو	113
bkhshshy	بخششی	113
brasty	براستی	113
brynm	برینم	113
bstnd	بستند	113
bldym	بلدیم	113
bvdayy	بودایی	113
bprdazy	بپردازی	113
tbh	تبه	113
thghyghy	تحقیقی	113
tvjhat	توجهات	113
jvam	جوامع	113
jvkh	جوکه	113
khjalth	خجالته	113
khvshgltr	خوشگلتر	113
rsandn	رساندن	113
rvb	روب	113
zkhmha	زخمها	113
salyan	سالیان	113
srashyby	سراشیبی	113
srmakhvrdgy	سرماخوردگی	113
smtshvn	سمتشون	113
smj	سمج	113
sntr	سنتر	113
svalyh	سوالیه	113
svkhtm	سوختم	113
sprdn	سپردن	113
sydart	سیدارت	113
shampanzh	شامپانزه	113
shahkarh	شاهکاره	113
shghltvn	شغلتون	113
rvskh	عروسکه	113
shghshvn	عشقشون	113
vzshvn	عوضشون	113
ghatlan	قاتلان	113
ghvs	قوس	113
ljbazy	لجبازی	113
lvvl	لوول	113
matyas	ماتیاس	113
mtdd	متعدد	113
mrgtvnh	مرگتونه	113
mryd	مرید	113
mshhvrtryn	مشهورترین	113
mytvanyd	میتوانید	113
myrvm	میروم	113
mysh	میش	113
myshnakhth	میشناخته	113
mymyryd	میمیرید	113
nkhbh	نخبه	113
ngahmvn	نگاهمون	113
nghdashtn	نگهداشتن	113
nyavrdym	نیاوردیم	113
nyrvhash	نیروهاش	113
hav	هاو	113
hshyar	هشیار	113
hmangvnh	همانگونه	113
vrh	وره	113
paltv	پالتو	113
pd	پد	113
chkary	چکاری	113
kartvnv	کارتونو	113
kafran	کافران	113
ksafta	کثافتا	113
krdntvn	کردنتون	113
kshtmt	کشتمت	113
kshydyn	کشیدین	113
klky	کلکی	113
knmsh	کنمش	113
kvnmv	کونمو	113
garsyv	گارسیو	113
gvk	گوک	113
aramys	آرامیس	112
arhama	آره،اما	112
almanha	آلمانها	112
asbhay	اسبهای	112
aspark	اسپارک	112
afsvngr	افسونگر	112
aghlyt	اقلیت	112
almvtyan	الموتیان	112
aynkarm	اینکارم	112
barzyny	بارزینی	112
baldar	بالدار	112
brmvn	برمون	112
blhblh	بله،بله	112
thsynt	تحسینت	112
trtybshvn	ترتیبشون	112
jvabtvn	جوابتون	112
khshksh	خشکش	112
khndn	خندن	112
khvndysh	خوندیش	112
khyaltvn	خیالتون	112
dartanyan	دارتانیان	112
drdhay	دردهای	112
zyadsh	زیادش	112
sakty	ساکتی	112
shshmyn	ششمین	112
sndlyt	صندلیت	112
svrtmv	صورتمو	112
zrvrt	ضرورت	112
zahrm	ظاهرم	112
famylysh	فامیلیش	112
frsa	فرسا	112
frstv	فرصتو	112
frma	فرما	112
flstyn	فلسطین	112
fvghsh	فوقش	112
ghbrstvny	قبرستونی	112
lanyng	لانینگ	112
lvtvs	لوتوس	112
mabyn	مابین	112
mtnavb	متناوب	112
mjbvrtvn	مجبورتون	112
mhsn	محسن	112
mykharh	میخاره	112
mymyryn	میمیرین	112
mykshty	میکشتی	112
nakhvshayndy	ناخوشایندی	112
nbynmt	نبینمت	112
nsyt	نسیت	112
nshnas	نشناس	112
nfhmy	نفهمی	112
nghdaryd	نگهدارید	112
nyarm	نیارم	112
nysht	نیشت	112
vazhy	واضحی	112
prtabsh	پرتابش	112
prkhashgr	پرخاشگر	112
pstt	پستت	112
psrshv	پسرشو	112
ptrs	پطرس	112
pmpazh	پمپاژ	112
pyrz	پیرز	112
chndvghth	چندوقته	112
chyzmv	چیزمو	112
karashv	کاراشو	112
kastr	کاستر	112
kyngz	کینگز	112
gzashtsh	گذاشتش	112
gyjm	گیجم	112
amvkht	آموخت	111
anhast	آنهاست	111
ayvar	آیوار	111
arsy	ارثی	111
astrakr	استراکر	111
astyt	استیت	111
asmha	اسمها	111
asabh	اعصابه	111
afghy	افقی	111
anhdam	انهدام	111
avrt	اورت	111
aynsh	اینش	111
aykran	ایکران	111
babvnh	بابونه	111
bazyknan	بازیکنان	111
bdnmvn	بدنمون	111
bshashh	بشاشه	111
tany	تانی	111
tbar	تبار	111
tnzymat	تنظیمات	111
tpl	تپل	111
jansh	جانش	111
jaysh	جایش	111
jvahry	جواهری	111
jvrjy	جورجی	111
hbvbat	حبوبات	111
hsnyn	حسنین	111
khdat	خدات	111
khdmtkara	خدمتکارا	111
khdmtgzar	خدمتگزار	111
khvrdnt	خوردنت	111
dkhtrham	دخترهام	111
dnbaltn	دنبالتن	111
dvsht	دوشت	111
dvhzar	دوهزار	111
rabtm	رابطم	111
rahtyh	راحتیه	111
ramlyla	راملیلا	111
rvztvn	روزتون	111
zanvsh	زانوش	111
zta	زتا	111
srdr	سردر	111
ghaflgyrsh	غافلگیرش	111
ghaflgyrm	غافلگیرم	111
ghvas	غواص	111
ft	فت	111
fst	فست	111
fltchr	فلتچر	111
fydl	فیدل	111
ghdghn	قدغن	111
ghrzh	قرضه	111
lnkstr	لنکستر	111
mtghadm	متقاعدم	111
mydhym	میدهیم	111
nadrsty	نادرستی	111
naznyn	نازنین	111
ntrsydh	نترسیده	111
nryz	نریز	111
nfrtvn	نفرتون	111
nmyshvd	نمیشود	111
nvysndgy	نویسندگی	111
nyha	نیها	111
hampty	هامپتی	111
hayman	هایمان	111
hyh	هیه	111
vankv	وانکو	111
vrvdtvn	ورودتون	111
vsvasy	وسواسی	111
vhlh	وهله	111
vytmvr	ویتمور	111
pasazh	پاساژ	111
prvtstan	پروتستان	111
pzy	پزی	111
pvf	پوف	111
chndany	چندانی	111
kshvndm	کشوندم	111
kshydnt	کشیدنت	111
grdyn	گردین	111
glm	گلم	111
gvshat	گوشات	111
gvgvryv	گوگوریو	111
ashghalay	آشغالای	110
aflayn	آفلاین	110
ablys	ابلیس	110
astshmam	استشمام	110
afkarsh	افکارش	110
alvar	الوار	110
algvyy	الگویی	110
anbarh	انباره	110
aybtsn	ایبتسن	110
ayry	ایری	110
bdanyd	بدانید	110
bdtrm	بدترم	110
bzarydsh	بذاریدش	110
bradrh	برادره	110
brnkhvrh	برنخوره	110
brvshvr	بروشور	110
bshmarm	بشمارم	110
blad	بلاد	110
bndym	بندیم	110
bvrbn	بوربن	110
trdsty	تردستی	110
trkvndh	ترکونده	110
tghyyrh	تغییره	110
tvpha	توپها	110
tymh	تیمه	110
jzbh	جذبه	110
hsam	حسام	110
hsm	حسم	110
khlafsh	خلافش	110
khvnh	خونه؟	110
khvkha	خوکها	110
drhrsvrt	درهرصورت	110
dnbalmvnh	دنبالمونه	110
dvblh	دوبله	110
dvnstyn	دونستین	110
rabrtsvn	رابرتسون	110
rbvdn	ربودن	110
rkhtkhvabt	رختخوابت	110
rhaysh	رهایش	110
ryvy	ریوی	110
zry	زری	110
znshv	زنشو	110
salat	سؤالات	110
srapa	سراپا	110
snghay	سنگهای	110
svmaly	سومالی	110
shdydh	شدیده	110
shrma	شرما	110
shylyng	شیلینگ	110
zayat	ضایعات	110
trahysh	طراحیش	110
tnyn	طنین	110
zyzh	عزیزه	110
ghasb	غاصب	110
frym	فریم	110
ghbalsh	قبالش	110
ghlghlk	قلقلک	110
lakshmy	لاکشمی	110
lbnan	لبنان	110
malkvlm	مالکولم	110
mstrz	مسترز	110
mshght	مشقت	110
mrfysh	معرفیش	110
mntghd	منتقد	110
mydydym	میدیدیم	110
myzashtym	میذاشتیم	110
myrsvnym	میرسونیم	110
nkhvndh	نخونده	110
nshvd	نشود	110
nfrstadm	نفرستادم	110
nmvndm	نموندم	110
nmytvand	نمیتواند	110
nmydvnnd	نمیدونند	110
hdayay	هدایای	110
hmrahshh	همراهشه	110
hmsfr	همسفر	110
hmkarat	همکارات	110
hyvlahayy	هیولاهایی	110
vjvdy	وجودی	110
vsaylmv	وسایلمو	110
padshahsh	پادشاهش	110
psrat	پسرات	110
pnahgahy	پناهگاهی	110
pvlshvnv	پولشونو	110
pyrt	پیرت	110
pyghamtvn	پیغامتون	110
pychyd	پیچید	110
pygyr	پیگیر	110
zhambvn	ژامبون	110
ktry	کتری	110
kdy	کدی	110
ksry	کسری	110
kfshsh	کفشش	110
kvndh	کونده	110
ganr	گانر	110
gmt	گمت	110
gvdvyn	گودوین	110
gvynda	گویندا	110
atlaf	ائتلاف	109
akhtrash	اختراعش	109
astayn	استاین	109
asthkam	استحکام	109
astraykr	استرایکر	109
antzarh	انتظاره	109
antghamt	انتقامت	109
avmar	اومار	109
babajvn	باباجون	109
bakhvdm	باخودم	109
bafth	بافته	109
baldvyn	بالدوین	109
bbyndt	ببیندت	109
bdvh	بدوه	109
bshmr	بشمر	109
bndt	بندت	109
byzar	بیزار	109
trsydym	ترسیدیم	109
tlvyzyvnh	تلویزیونه	109
tp	تپ	109
jabjash	جابجاش	109
jadvt	جادوت	109
khvrdgy	خوردگی	109
dhndgan	دهندگان	109
dygl	دیگل	109
rabynz	رابینز	109
rvanpzshky	روانپزشکی	109
rvnan	رونان	109
zvrdan	زوردان	109
sakhtyn	ساختین	109
sbght	سبقت	109
slaht	سلاحت	109
slb	سلب	109
svabghsh	سوابقش	109
svzvnh	سوزونه	109
shdydtr	شدیدتر	109
tlbt	طلبت	109
ashghvnh	عاشقونه	109
fsly	فصلی	109
fkrtv	فکرتو	109
ghrbvnt	قربونت	109
ghfly	قفلی	109
lyrd	لیرد	109
malarya	مالاریا	109
mahyshmaty	ماهیشماتی	109
mbhmh	مبهمه	109
mjazh	مجازه	109
mrdmany	مردمانی	109
mskhrt	مسخرت	109
msybty	مصیبتی	109
mznvny	مظنونی	109
madlat	معادلات	109
mrvftryn	معروفترین	109
mghalat	مقالات	109
mghdvnyh	مقدونیه	109
mntbgh	منطبق	109
mygvym	میگویم	109
nrsydy	نرسیدی	109
nvyd	نوید	109
nknd	نکند	109
nyazsh	نیازش	109
nykl	نیکل	109
hyz	هیز	109
prtm	پرتم	109
pyshvny	پیشونی	109
pyshyn	پیشین	109
chkhh	چخه	109
chrvkyn	چروکین	109
karvlynay	کارولینای	109
kazynvy	کازینوی	109
ktns	کتنس	109
krydy	کریدی	109
kmrbndtv	کمربندتو	109
kmyl	کمیل	109
kndal	کندال	109
knvny	کنونی	109
grntam	گرنتام	109
grvganha	گروگانها	109
gvrkhr	گورخر	109
gynh	گینه	109
yvnv	یونو	109
yygr	ییگر	109
amadgyshv	آمادگیشو	108
anjayy	آنجایی	108
astntvn	استنتون	108
astnshagh	استنشاق	108
ashyay	اشیای	108
ayg	ایگ	108
bazygrh	بازیگره	108
bbrmshvn	ببرمشون	108
bbrha	ببرها	108
bbynnt	ببیننت	108
blykvf	بلیکوف	108
bnsvn	بنسون	108
byaftm	بیافتم	108
tmast	تماست	108
tnth	تنته	108
tngv	تنگو	108
jzbsh	جذبش	108
khdmaty	خدماتی	108
khndydy	خندیدی	108
khvt	خوت	108
darnly	دارنلی	108
dstshvy	دستشوئی	108
dvjanbh	دوجانبه	108
dykh	دیکه	108
sanyr	سانیر	108
sagara	ساگارا	108
sra	سرا	108
svskh	سوسکه	108
shhvany	شهوانی	108
trfyn	طرفین	108
ghlany	عقلانی	108
vd	عود	108
fathh	فاتحه	108
fdralh	فدراله	108
fraght	فراغت	108
frjam	فرجام	108
frday	فردای	108
frstyh	فرصتیه	108
flstyny	فلسطینی	108
fndgh	فندق	108
marvny	مارونی	108
machth	ماچته	108
mghsdmvn	مقصدمون	108
mhartt	مهارتت	108
mvafghyn	موافقین	108
mykhan	میخان	108
mykhvabn	میخوابن	108
mykhvrdn	میخوردن	108
mykhvndy	میخوندی	108
njyby	نجیبی	108
nmkh	نمکه	108
nmybynmsh	نمیبینمش	108
nmyrsm	نمیرسم	108
nvaz	نواز	108
npal	نپال	108
nkshyn	نکشین	108
nyvmdyn	نیومدین	108
vajbh	واجبه	108
varvs	واروس	108
vaghyty	واقعیتی	108
vndal	وندال	108
vndl	وندل	108
pshmy	پشمی	108
pvrtvs	پورتوس	108
pvshvndn	پوشوندن	108
pyshnhadtvn	پیشنهادتون	108
pychh	پیچه	108
karltvn	کارلتون	108
kampyvtrm	کامپیوترم	108
klasykh	کلاسیکه	108
kmyabh	کمیابه	108
kvrtz	کورتز	108
kvhh	کوهه	108
kyz	کیز	108
grvbr	گروبر	108
glbrg	گلبرگ	108
gnahsh	گناهش	108
yvta	یوتا	108
azary	آزاری	107
altt	آلتت	107
amrykayyha	آمریکاییها	107
ajzay	اجزای	107
akhbary	اخباری	107
atrafy	اعترافی	107
aylya	ایلیا	107
bayn	بااین	107
badght	بادقت	107
bazgshtm	بازگشتم	107
balan	بالان	107
bspary	بسپاری	107
bshnas	بشناس	107
bshvm	بشوم	107
bchganh	بچگانه	107
byafty	بیافتی	107
byzarm	بیزارم	107
bymarm	بیمارم	107
tatl	تاتل	107
trssh	ترسش	107
tfngdaran	تفنگداران	107
tlfntvn	تلفنتون	107
tkbr	تکبر	107
janh	جانه	107
jdydth	جدیدته	107
jlvyh	جلویه	107
jvabh	جوابه	107
jykb	جیکب	107
hrktmvn	حرکتمون	107
khrchngy	خرچنگی	107
dray	درای	107
drgyrh	درگیره	107
dzdym	دزدیم	107
rghygh	رقیق	107
rhat	رهات	107
rvrk	رورک	107
rvhyt	روهیت	107
rvyam	رویام	107
sabryna	سابرینا	107
satv	ساعتو	107
srhay	سرهای	107
szavarsh	سزاوارش	107
sndrz	سندرز	107
syastmdaran	سیاستمداران	107
synklr	سینکلر	107
shjatt	شجاعتت	107
shrvy	شروعی	107
shhrtvn	شهرتون	107
ajz	عاجز	107
mrh	عمره	107
ynkt	عینکت	107
frvm	فروم	107
ghdrthay	قدرتهای	107
ghrardadmvn	قراردادمون	107
lsht	لشت	107
mdbanh	مؤدبانه	107
marlvn	مارلون	107
mtnfrym	متنفریم	107
mshh	مشه	107
msrfy	مصرفی	107
mghsrh	مقصره	107
mndh	منده	107
mydvnstnd	میدونستند	107
myshvrm	میشورم	107
mypashh	میپاشه	107
mygrdnd	میگردند	107
ndadyd	ندادید	107
nmydarm	نمیدارم	107
nmyftad	نمیفتاد	107
nvbtt	نوبتت	107
nvshtmsh	نوشتمش	107
haytan	هایتان	107
hzyan	هذیان	107
hvaksh	هواکش	107
valatr	والاتر	107
vjhh	وجهه	107
vrvdsh	ورودش	107
vylnd	ویلند	107
pavly	پائولی	107
pstsh	پستش	107
planktvn	پلانکتون	107
pynk	پینک	107
chnanchh	چنانچه	107
kdvm	کدوم؟	107
kvdkanh	کودکانه	107
kvntvn	کونتون	107
kylvgrm	کیلوگرم	107
gzran	گذران	107
grdvnd	گردوند	107
gylys	گیلیس	107
yhvdya	یهودیا	107
anjlyna	آنجلینا	106
ahtramat	احترامات	106
ahsn	احسن	106
azdham	ازدحام	106
azdvajy	ازدواجی	106
astaks	استاکس	106
astratzhyk	استراتژیک	106
astg	استگ	106
anhsar	انحصار	106
angshtan	انگشتان	106
avtr	اوتر	106
avld	اولد	106
aynn	اینن	106
bakhvdt	باخودت	106
barbr	باربر	106
barvry	باروری	106
balghy	بالغی	106
brah	براه	106
braytan	برایتان	106
brdarsh	بردارش	106
brmygrdyn	برمیگردین	106
brmygshtm	برمیگشتم	106
bsmh	بسمه	106
blfvrt	بلفورت	106
bhych	بهیچ	106
bkshtt	بکشتت	106
bgzr	بگذر	106
bygnahm	بیگناهم	106
tarykhh	تاریخه	106
tshbyh	تشبیه	106
tvtm	توتم	106
jramy	جرائمی	106
hdsy	حدسی	106
hsabrsy	حسابرسی	106
khvnmh	خونمه	106
khvnmv	خونمو	106
danmark	دانمارک	106
dshmnamvn	دشمنامون	106
dshmnsh	دشمنش	106
dshvary	دشواری	106
dvrtrh	دورتره	106
dvrshv	دورشو	106
dgrgvny	دگرگونی	106
rstvranh	رستورانه	106
zalv	زالو	106
zyart	زیارت	106
zyrpvsh	زیرپوش	106
srzmynhay	سرزمینهای	106
syt	سعیت	106
shnakhtym	شناختیم	106
shnagr	شناگر	106
shagh	عشاق	106
mrtv	عمرتو	106
frza	فرضا	106
frvkhtym	فروختیم	106
fvghaladh	فوقالعاده	106
fylmm	فیلمم	106
lashkhvrha	لاشخورها	106
lakhart	لاکهارت	106
manyka	مانیکا	106
mtahlh	متاهله	106
mtrvmn	مترومن	106
mhk	محک	106
msvly	مسئولی	106
msy	مسی	106
myaftym	میافتیم	106
mydydn	میدیدن	106
myzashtn	میذاشتن	106
mychrkhn	میچرخن	106
mygzarh	میگذاره	106
mygfth	میگفته	106
nakhvdagahsh	ناخودآگاهش	106
nsa	نسا	106
nmykhvastn	نمیخواستن	106
nmyshnasn	نمیشناسن	106
nndazy	نندازی	106
nvbh	نوبه	106
nghbanay	نگهبانای	106
nghbanh	نگهبانه	106
hayd	هاید	106
hzmsh	هضمش	106
varnr	وارنر	106
vastadh	واستاده	106
vrjh	ورجه	106
vytnamy	ویتنامی	106
ptvy	پتوی	106
prshyn	پرشین	106
pryan	پریان	106
plyshay	پلیسهای	106
kahv	کاهو	106
krby	کربی	106
klan	کلان	106
klradv	کلرادو	106
klydv	کلیدو	106
klysast	کلیساست	106
glkhvnh	گلخونه	106
gvstavv	گوستاوو	106
ajry	آجری	105
ajy	آجی	105
arhkhb	آره،خب	105
ahngsaz	آهنگساز	105
avyzan	آویزان	105
agst	آگست	105
artsht	ارتشت	105
astrahtgah	استراحتگاه	105
astghrar	استقرار	105
astnad	استناد	105
astyshn	استیشن	105
atraftvn	اطرافتون	105
amv	امو	105
antghaly	انتقالی	105
ayntrfa	اینطرفا	105
balam	بالام	105
brmygrdvny	برمیگردونی	105
bsvzvnm	بسوزونم	105
bshashy	بشاشی	105
bshvn	بشون	105
bnvysyn	بنویسین	105
bkshymshvn	بکشیمشون	105
bgzrn	بگذرن	105
bym	بیم	105
tartarvs	تارتاروس	105
thvylt	تحویلت	105
tkhmyt	تخمیت	105
tvayn	تواین	105
jbr	جبر	105
hsasm	حساسم	105
hvalh	حواله	105
kha	خا	105
khdmtkary	خدمتکاری	105
khshksaly	خشکسالی	105
daryh	داریه	105
drbyaryd	دربیارید	105
drsm	درسم	105
drkshvn	درکشون	105
dzdydysh	دزدیدیش	105
dhmyn	دهمین	105
dvdvl	دودول	105
dvgl	دوگل	105
rbany	ربانی	105
rvsa	روسا	105
zadgah	زادگاه	105
zshtm	زشتم	105
zyrt	زیرت	105
skhttr	سختتر	105
sytadl	سیتادل	105
shadtryn	شادترین	105
slhy	صلحی	105
trfdarhay	طرفدارهای	105
hdnamh	عهدنامه	105
ghmgyny	غمگینی	105
favst	فاوست	105
frstt	فرصتت	105
fylypa	فیلیپا	105
ltftvn	لطفتون	105
lvzalmdh	لوزالمعده	105
lyaghtt	لیاقتت	105
mashynshv	ماشینشو	105
mamvrytsh	ماموریتش	105
mthdan	متحدان	105
mjazaty	مجازاتی	105
mjrmanh	مجرمانه	105
mdara	مدارا	105
mavnt	معاونت	105
mlyh	ملیه	105
mntzrtvnh	منتظرتونه	105
mndm	مندم	105
mharthay	مهارتهای	105
mvadmkhdr	موادمخدر	105
mvrysvn	موریسون	105
mvtlayy	موطلایی	105
mybazy	میبازی	105
mykhndm	میخندم	105
mydzdy	میدزدی	105
mysparm	میسپارم	105
narsayy	نارسایی	105
naghsh	ناقصه	105
nkhvan	نخوان	105
hrnandz	هرناندز	105
vkhymh	وخیمه	105
vrt	ورت	105
vydvy	ویدئوی	105
pakan	پاکان	105
ptra	پترا	105
prvaztvn	پروازتون	105
plysym	پلیسیم	105
pyrashky	پیراشکی	105
chnkvf	چنکوف	105
chyzymvn	چیزیمون	105
karamvn	کارامون	105
kanvy	کانوی	105
klnjar	کلنجار	105
garnr	گارنر	105
yvgy	یوگی	105
arzvhat	آرزوهات	104
aldv	آلدو	104
adbanh	ادبانه	104
asmshh	اسمشه	104
angyztryn	انگیزترین	104
aysr	ایثر	104
bazymvn	بازیمون	104
balm	بالم	104
bampy	بامپی	104
bavry	باوری	104
branks	برانکس	104
bghyshv	بقیشو	104
bmanm	بمانم	104
byarydshvn	بیاریدشون	104
ttrv	تترو	104
trkvndm	ترکوندم	104
trkydh	ترکیده	104
tmastvn	تماستون	104
tvbayd	توباید	104
jdydshvn	جدیدشون	104
jraty	جراتی	104
jrvbhs	جروبحث	104
jmahyr	جماهیر	104
hla	حلا	104
khbrtvn	خبرتون	104
khbrchyny	خبرچینی	104
khjaltyh	خجالتیه	104
khlasy	خلاصی	104
darndh	دارنده	104
dastanhayy	داستانهایی	104
dftrh	دفتره	104
dfnshvn	دفنشون	104
dlavry	دلاوری	104
dvkz	دوکز	104
rastyn	راستین	104
rzyta	رزیتا	104
rvshv	روشو	104
zakya	زاکیا	104
zmynhay	زمینهای	104
sandvychy	ساندویچی	104
savana	ساوانا	104
srshnas	سرشناس	104
slahha	سلاحها	104
shagrdy	شاگردی	104
shnasnamh	شناسنامه	104
shklk	شکلک	104
shyad	شیاد	104
shbtm	صحبتم	104
tnabha	طنابها	104
favlr	فاولر	104
fjyy	فجیعی	104
frakhvan	فراخوان	104
fkrayy	فکرایی	104
ghrnha	قرنها	104
lvl	لول	104
mtmayz	متمایز	104
mtnfrnd	متنفرند	104
mjadlh	مجادله	104
mjarstan	مجارستان	104
mhafzty	محافظتی	104
mhzr	محضر	104
mrtbth	مرتبطه	104
mrvfm	معروفم	104
mhmvnmvn	مهمونمون	104
mvtvrt	موتورت	104
mvrals	مورالس	104
mvghrmz	موقرمز	104
mybvdy	میبودی	104
mykhndyd	میخندید	104
myshynn	میشینن	104
mykshvnh	میکشونه	104
mykl	میکل	104
namfhvm	نامفهوم	104
nnayy	نعنایی	104
nfhmym	نفهمیم	104
nmygft	نمیگفت	104
ngzsht	نگذشت	104
nykvlz	نیکولز	104
hab	هاب	104
htlm	هتلم	104
hrdvta	هردوتا	104
hlm	هلم	104
vyvlt	ویولت	104
pshttv	پشتتو	104
pyshvnyt	پیشونیت	104
chaghvyy	چاقویی	104
krvl	کرول	104
krysta	کریستا	104
klayn	کلاین	104
gftnt	گفتنت	104
ashghaln	آشغالن	103
altsh	آلتش	103
amvza	آموزا	103
astarlbz	استارلبز	103
atmadshvn	اعتمادشون	103
alya	الیا	103
andazsh	اندازش	103
anzva	انزوا	103
avlshm	اولشم	103
aystr	ایستر	103
aynghdrha	اینقدرها	103
bakhvdsh	باخودش	103
bbndymsh	ببندیمش	103
bsaznd	بسازند	103
bshmrm	بشمرم	103
blgharstan	بلغارستان	103
blndm	بلندم	103
bkvb	بکوب	103
byrykht	بیریخت	103
tjhyz	تجهیز	103
trkshvn	ترکشون	103
tyl	تیل	103
tymtvn	تیمتون	103
jangv	جانگو	103
jvlyvs	جولیوس	103
halat	حالات	103
hyvanaty	حیواناتی	103
khanmhay	خانمهای	103
khtrn	خطرن	103
drhr	درهر	103
dndvnsh	دندونش	103
dyplmat	دیپلمات	103
dyktatvry	دیکتاتوری	103
randa	راندا	103
ranndgyt	رانندگیت	103
rayhh	رایحه	103
rvlnd	رولند	103
rvprt	روپرت	103
zvba	زوبا	103
zyrky	زیرکی	103
srvrha	سرورها	103
shahdha	شاهدها	103
shavn	شاون	103
shraftmnd	شرافتمند	103
shklh	شکله	103
shys	شیث	103
sdashvnv	صداشونو	103
svrtyh	صورتیه	103
lfzar	علفزار	103
fa	فا	103
fjy	فجیع	103
frvshyh	فروشیه	103
lbasham	لباسهام	103
lrzyd	لرزید	103
lzvm	لزوم	103
mamanth	مامانته	103
mraghbth	مراقبته	103
msthghsh	مستحقش	103
msyrt	مسیرت	103
mshrv	مشروع	103
mtvf	معطوف	103
mghtdr	مقتدر	103
mvndnh	موندنه	103
mvhatvn	موهاتون	103
mymvna	میمونا	103
myg	میگ	103
namshkhsh	نامشخصه	103
njng	نجنگ	103
nndakhth	ننداخته	103
nytrat	نیترات	103
harlan	هارلان	103
halvvy	هالووی	103
hvabnd	هوابند	103
hyahv	هیاهو	103
vlntyna	ولنتینا	103
psh	پش	103
pvshsht	پوششت	103
pyamd	پیامد	103
chrkhyd	چرخید	103
chsbvndh	چسبونده	103
chft	چفت	103
kynm	کینم	103
gavy	گاوی	103
gavyn	گاوین	103
gayydy	گاییدی	103
yvsvng	یوسئونگ	103
asmvnh	آسمونه	102
astadsh	استادش	102
asthkamat	استحکامات	102
asma	اسما	102
avda	اودا	102
avlmv	اولمو	102
ayz	ایز	102
bbkhshym	ببخشیم	102
bzrgtrha	بزرگترها	102
bshtr	بشتر	102
bshkl	بشکل	102
bvmbvr	بومبور	102
byr	بیر	102
tz	تز	102
tryfy	تعریفی	102
ttylsh	تعطیلش	102
tvafghmvn	توافقمون	102
tg	تگ	102
tyla	تیلا	102
sanvy	ثانوی	102
jasmyn	جاسمین	102
jalbtr	جالبتر	102
jzabyh	جذابیه	102
jnaytkaran	جنایتکاران	102
jngha	جنگها	102
khrjy	خرجی	102
khyrkhvah	خیرخواه	102
dadkhvahy	دادخواهی	102
danstm	دانستم	102
drstt	درستت	102
dvstashvn	دوستاشون	102
dvstamh	دوستامه	102
dvmnyk	دومنیک	102
dygs	دیگس	102
rvf	رئوف	102
rvhtm	روحتم	102
rynvldz	رینولدز	102
sakhtgyh	ساختگیه	102
sghfh	سقفه	102
smvm	سموم	102
sndastvrm	سنداستورم	102
svzvndy	سوزوندی	102
svlara	سولارا	102
sprt	سپرت	102
shashydm	شاشیدم	102
shahan	شاهان	102
shavshnk	شاوشنک	102
shmart	شمارت	102
shmahm	شماهم	102
shnvyd	شنوید	102
shynygamy	شینیگامی	102
tbyth	طبیعته	102
tvrysh	طوریش	102
frgvsn	فرگوسن	102
fryd	فرید	102
fnapzyr	فناپذیر	102
fvryt	فوریت	102
fkrkrdy	فکرکردی	102
ghablmh	قابلمه	102
ghatla	قاتلا	102
ghtyh	قطعیه	102
ghmr	قمر	102
marsha	مارشا	102
mandva	ماندوا	102
mahsh	ماهش	102
mayklz	مایکلز	102
mtfghyn	متفقین	102
mjavr	مجاور	102
mkhalfy	مخالفی	102
mdlsh	مدلش	102
mlfysnt	ملفیسنت	102
mng	منگ	102
mydvnymn	میدونی،من	102
myrghsym	میرقصیم	102
myryzym	میریزیم	102
myshnasnd	میشناسند	102
myndazmsh	میندازمش	102
myvys	میویس	102
nakhvshy	ناخوشی	102
namadry	نامادری	102
nammkn	ناممکن	102
nbrm	نبرم	102
ntrsydy	نترسیدی	102
havkyng	هاوکینگ	102
hnrmndy	هنرمندی	102
hngamykh	هنگامیکه	102
hvlvgram	هولوگرام	102
vva	ووا	102
patryshya	پاتریشیا	102
paradvks	پارادوکس	102
chaghm	چاقم	102
chshmamvn	چشمامون	102
kabal	کابال	102
kargrhay	کارگرهای	102
ktby	کتبی	102
krg	کرگ	102
ksshr	کسشعر	102
klaytvn	کلایتون	102
grdnh	گردنه	102
gryan	گریان	102
gvshzd	گوشزد	102
afryd	آفرید	101
amyas	آمیاس	101
adlr	ادلر	101
askrapy	اسکراپی	101
askynr	اسکینر	101
afradtv	افرادتو	101
alslam	السلام	101
anymyshn	انیمیشن	101
barzshh	باارزشه	101
bbnym	ببنیم	101
bdvr	بدور	101
brayny	براینی	101
brtbgh	برطبق	101
bskhty	بسختی	101
bvnv	بونو	101
bynyh	بینیه	101
tkhmash	تخماش	101
tsry	تسریع	101
tghsyry	تقصیری	101
tlashshvn	تلاششون	101
tlvzyvny	تلوزیونی	101
tch	تچ	101
srvtsh	ثروتش	101
jamd	جامد	101
jra	جرا	101
jnaytkarha	جنایتکارها	101
jyzy	جیزی	101
hsvdysh	حسودیش	101
hmayty	حمایتی	101
khbma	خب،ما	101
khbrmvn	خبرمون	101
khdayany	خدایانی	101
khvabay	خوابای	101
darvsaz	داروساز	101
dvrbyny	دوربینی	101
dvstdarm	دوستدارم	101
rnghay	رنگهای	101
rvbrta	روبرتا	101
rvzayy	روزایی	101
rydl	ریدل	101
zapata	زاپاتا	101
zkhmm	زخمم	101
zryn	زرین	101
srtvnv	سرتونو	101
srdrgmy	سردرگمی	101
smyh	سمیه	101
shdgan	شدگان	101
shnvym	شنویم	101
shbtmvn	صحبتمون	101
shbthay	صحبتهای	101
sfra	صفرا	101
bdallh	عبدالله	101
rvgh	عروق	101
ynkm	عینکم	101
frvkhtmsh	فروختمش	101
fzayyh	فضاییه	101
ghzaghstan	قزاقستان	101
lavda	لاودا	101
ltyfh	لطیفه	101
madra	مادرا	101
mahyanh	ماهیانه	101
mkhshv	مخشو	101
myarysh	میاریش	101
myshnakhtysh	میشناختیش	101
mylrzy	میلرزی	101
mylyvnh	میلیونه	101
nmygftm	نمیگفتم	101
nnvshty	ننوشتی	101
nkshtn	نکشتن	101
ngyrn	نگیرن	101
hrvtgar	هروتگار	101
hychkak	هیچکاک	101
valar	والار	101
vaystm	وایستم	101
vayvlt	وایولت	101
vsyy	وسیعی	101
vladymyr	ولادیمیر	101
vltry	ولتری	101
parazyt	پارازیت	101
ptasym	پتاسیم	101
pdrshm	پدرشم	101
prsn	پرسن	101
psth	پسته	101
psrv	پسرو	101
pnjmy	پنجمی	101
pvntvn	پونتون	101
pvgv	پوگو	101
chmdvnt	چمدونت	101
karbr	کاربر	101
ktsh	کتش	101
gatry	گاتری	101
grdvnyd	گردونید	101
gvtrd	گوترد	101
gvld	گولد	101
aramshh	آرامشه	100
aghahh	آقاهه	100
ataghmvn	اتاقمون	100
ajdadmvn	اجدادمون	100
asmayl	اسماعیل	100
aspayk	اسپایک	100
alghvl	الغول	100
bakv	باکو	100
btvanm	بتوانم	100
bkhndn	بخندن	100
bshnasysh	بشناسیش	100
blkvy	بلکوی	100
tapr	تاپر	100
tsmymaty	تصمیماتی	100
tdyl	تعدیل	100
tylr	تیلر	100
jaygr	جایگر	100
jrn	جرن	100
jryansh	جریانش	100
jsdh	جسده	100
hkmy	حکمی	100
khvabmvn	خوابمون	100
khvbps	خوب،پس	100
khvrkhh	خورخه	100
dayh	دایه	100
drstkary	درستکاری	100
dryast	دریاست	100
dzdydnd	دزدیدند	100
dghaygh	دقایق	100
dyan	دیان	100
dysptykan	دیسپتیکان	100
rdrak	ردراک	100
ryzm	ریزم	100
zmanm	زمانم	100
zyrdst	زیردست	100
slamtyt	سلامتیت	100
smynar	سمینار	100
snjaghk	سنجاقک	100
svart	سوارت	100
shamy	شامی	100
shbvnh	شبونه	100
shmahast	شماهاست	100
shkak	شکاک	100
frarsh	فرارش	100
franchska	فرانچسکا	100
frzndanm	فرزندانم	100
fhmnd	فهمند	100
ghasd	قاصد	100
laghrh	لاغره	100
lgvlas	لگولاس	100
mhbvbyt	محبوبیت	100
mkhatb	مخاطب	100
msrfh	مصرفه	100
mtlshvn	معطلشون	100
mnaghsh	مناقصه	100
mnby	منبعی	100
mvzly	موزلی	100
mvghytm	موقعیتم	100
mvnth	مونته	100
myprsydm	میپرسیدم	100
ndzdydh	ندزدیده	100
nzdykt	نزدیکت	100
nmyshyny	نمیشینی	100
nmyfhmyd	نمیفهمید	100
nghdarm	نگهدارم	100
nyavrdn	نیاوردن	100
hakv	هاکو	100
vray	ورای	100
vyntrz	وینترز	100
pdranh	پدرانه	100
prtap	پرتاپ	100
prvazsh	پروازش	100
chharh	چهاره	100
zhvlyt	ژولیت	100
kalahan	کالاهان	100
ktabchh	کتابچه	100
kryl	کریل	100
kz	کز	100
klvsv	کلوسو	100
kvtahsh	کوتاهش	100
kvdkstan	کودکستان	100
kvka	کوکا	100
kyrmv	کیرمو	100
arhtv	آره،تو	99
altm	آلتم	99
aldvs	آلدوس	99
ajdadm	اجدادم	99
astkhdamy	استخدامی	99
astlahy	اصطلاحی	99
aftnd	افتند	99
afrat	افراط	99
alaky	الاکی	99
algvhay	الگوهای	99
avnsvrt	اونصورت	99
avnn	اونن	99
badygard	بادیگارد	99
baznvysy	بازنویسی	99
brslyn	برسلین	99
brghh	برقه	99
brmyvmd	برمیومد	99
brnmydary	برنمیداری	99
bshnasyd	بشناسید	99
bvrk	بورک	99
bchst	بچست	99
byntvn	بینتون	99
tabstvnh	تابستونه	99
tajy	تاجی	99
trashy	تراشی	99
trkyd	ترکید	99
tsavy	تساوی	99
tshkhyssh	تشخیصش	99
tlashtvn	تلاشتون	99
tlfntv	تلفنتو	99
tmashash	تماشاش	99
haltsh	حالتش	99
hlght	حلقت	99
hmaytsh	حمایتش	99
khbrshvn	خبرشون	99
khbrgzary	خبرگزاری	99
khshmsh	خشمش	99
khvahrat	خواهرات	99
dastanyh	داستانیه	99
danshmnda	دانشمندا	99
danshmndy	دانشمندی	99
dagy	داگی	99
dkhlmvn	دخلمون	99
dghdghh	دغدغه	99
dlnshyn	دلنشین	99
dnbalmh	دنبالمه	99
dygrv	دیگرو	99
rasttvn	راستتون	99
znayy	زنایی	99
zndn	زندن	99
shrkthay	شرکتهای	99
sfat	صفات	99
zdfvny	ضدعفونی	99
mvym	عمویم	99
fransva	فرانسوا	99
fsharh	فشاره	99
fvng	فونگ	99
ghrardadh	قرارداده	99
ghsmth	قسمته	99
lazmshvn	لازمشون	99
lvgv	لوگو	99
lyan	لیان	99
mansh	مانعش	99
msvlan	مسئولان	99
mskvny	مسکونی	99
mghztvn	مغزتون	99
mghdarsh	مقدارش	99
mmnvyt	ممنوعیت	99
mntvrm	منطورم	99
mnhay	منهای	99
mhmvnay	مهمونای	99
mvrdak	مورداک	99
mvndnt	موندنت	99
mkanh	مکانه	99
myshmrm	میشمرم	99
myknm	میکنم؟	99
nagfth	ناگفته	99
nshnakhtmt	نشناختمت	99
nmygyn	نمیگین	99
nvrdy	نوردی	99
nyaftad	نیافتاد	99
hrasan	هراسان	99
hmkarash	همکاراش	99
hvvd	هوود	99
vazhgvn	واژگون	99
vagyrdar	واگیردار	99
vaysn	وایسن	99
vghtmvnv	وقتمونو	99
vytkr	ویتکر	99
prdakhty	پرداختی	99
psrtm	پسرتم	99
chraghv	چراغو	99
zhrf	ژرف	99
katlyn	کاتلین	99
karamd	کارآمد	99
kaghzha	کاغذها	99
kanvr	کانور	99
ktabdar	کتابدار	99
klry	کلری	99
kvayd	کواید	99
gzshtgy	گذشتگی	99
yandv	یاندو	99
yvnaytd	یونایتد	99
arndl	آرندل	98
aryadny	آریادنی	98
abvnzyr	ابونظیر	98
ajabt	اجابت	98
akhtapvs	اختاپوس	98
akhtyarsh	اختیارش	98
adbyh	ادبیه	98
arzvnh	ارزونه	98
astkhavs	استکهاوس	98
atrafv	اطرافو	98
atbarsh	اعتبارش	98
andr	اندر	98
anvr	انور	98
avnjayykh	اونجاییکه	98
bazdashth	بازداشته	98
bazgshty	بازگشتی	98
btrkh	بترکه	98
bdrdnkhvr	بدردنخور	98
bradrtm	برادرتم	98
bsparm	بسپارم	98
bfrstymsh	بفرستیمش	98
bnabryn	بنابرین	98
bpychvny	بپیچونی	98
byshmar	بیشمار	98
tvdn	تئودن	98
trky	ترکی	98
jananh	جانانه	98
jak	جاک	98
jrmt	جرمت	98
hrkatsh	حرکاتش	98
hmaghth	حماقته	98
khbagh	خب،اگه	98
khbrshv	خبرشو	98
khrgvshy	خرگوشی	98
khvbayn	خوب،این	98
khvshgla	خوشگلا	98
dastanay	داستانای	98
dayr	دایر	98
dz	دز	98
dvrtryn	دورترین	98
dvla	دولا	98
rajsh	راجش	98
rdpay	ردپای	98
rftartvn	رفتارتون	98
rftnmvn	رفتنمون	98
rvdyn	رودین	98
sayrvs	سایروس	98
svrn	سورن	98
sharzhr	شارژر	98
shanzdhm	شانزدهم	98
shvhrth	شوهرته	98
shyavgvang	شیائوگوانگ	98
zrfshvyy	ظرفشویی	98
ghbsh	عقبش	98
lyhsh	علیهش	98
ghlam	غلام	98
fdakar	فداکار	98
frakhvndh	فراخونده	98
frstadysh	فرستادیش	98
frmandary	فرمانداری	98
fkrkn	فکرکن	98
ghsmtshh	قسمتشه	98
lazlv	لازلو	98
lnvks	لنوکس	98
malya	مالیا	98
mamvrytm	ماموریتم	98
mjyd	مجید	98
mhasbatm	محاسباتم	98
mram	مرام	98
mtrhh	مطرحه	98
mtmyn	مطمین	98
mntshrsh	منتشرش	98
mvafghn	موافقن	98
mvrdv	موردو	98
mvntgvmry	مونتگومری	98
mkml	مکمل	98
mgnytv	مگنیتو	98
mytrkvnm	میترکونم	98
myztvn	میزتون	98
nabvdyh	نابودیه	98
nadany	نادانی	98
nmyndazm	نمیندازم	98
nvaby	نوابی	98
nyvmkzykv	نیومکزیکو	98
hrvyyn	هرویین	98
vstshvn	وسطشون	98
pshtshvn	پشتشون	98
pvlyh	پولیه	98
pyrznh	پیرزنه	98
chandra	چاندرا	98
kartsh	کارتش	98
kargzar	کارگزار	98
kamptvn	کامپتون	98
krystf	کریستف	98
kfshatv	کفشاتو	98
klfty	کلفتی	98
grl	گرل	98
ashamm	آشامم	97
alysh	آلیسه	97
ashba	اشباع	97
aghamttvn	اقامتتون	97
anjmad	انجماد	97
anhrafy	انحرافی	97
avmatykaya	اوماتیکایا	97
bradranh	برادرانه	97
branda	براندا	97
brhgh	برحق	97
brsvnmtvn	برسونمتون	97
bshknn	بشکنن	97
bchshm	بچشم	97
bkshdsh	بکشدش	97
bkshmshvn	بکشمشون	97
bgzrvnyn	بگذرونین	97
tasyrgzar	تاثیرگذار	97
task	تاسک	97
tjarty	تجارتی	97
tsadfh	تصادفه	97
tghybh	تعقیبه	97
tvjhm	توجهم	97
tvrysty	توریستی	97
tvhmh	توهمه	97
tvkh	توکه	97
jdal	جدال	97
hr	حر	97
hram	حرام	97
hyvvnh	حیوونه	97
khlast	خلاصت	97
khvbtv	خوب،تو	97
khvryd	خورید	97
drdsrsaz	دردسرساز	97
ds	دس	97
dnbalmvnn	دنبالمونن	97
dkh	دکه	97
dydartvn	دیدارتون	97
dyva	دیوا	97
dyplmasy	دیپلماسی	97
rfyghsh	رفیقش	97
rny	رنی	97
rvyahash	رویاهاش	97
saltzmn	سالتزمن	97
salshvnh	سالشونه	97
santvs	سانتوس	97
skhnran	سخنران	97
svsvkh	سوسوکه	97
shadtr	شادتر	97
shdgy	شدگی	97
zrbansh	ضربانش	97
zyzanm	عزیزانم	97
lamy	علائمی	97
laldyn	علاالدین	97
frzndt	فرزندت	97
frnandz	فرناندز	97
fvnyks	فونیکس	97
ghrartvn	قرارتون	97
lkhtm	لختم	97
lylyan	لیلیان	97
mjarstany	مجارستانی	97
msyrm	مسیرم	97
mvrv	مورو	97
mytvnstyn	میتونستین	97
myjngyd	میجنگید	97
myzbany	میزبانی	97
nshvyd	نشوید	97
nmysazh	نمیسازه	97
nyvt	نیوت	97
hadsn	هادسن	97
hamh	هامه	97
hrb	هرب	97
hrsvrt	هرصورت	97
hndh	هنده	97
hvrs	هورس	97
hkrha	هکرها	97
vrzydn	ورزیدن	97
vshma	وشما	97
vychyta	ویچیتا	97
vykham	ویکهام	97
prdakhtm	پرداختم	97
pshyzy	پشیزی	97
plaksh	پلاکش	97
pvshn	پوشن	97
katn	کاتن	97
kalf	کالف	97
kanly	کانلی	97
kapvn	کاپون	97
kranch	کرانچ	97
kspr	کسپر	97
kshtyrany	کشتیرانی	97
kladyvs	کلادیوس	97
gaydm	گائیدم	97
gart	گارت	97
grjstan	گرجستان	97
gvt	گوت	97
yvashtr	یواشتر	97
arhvly	آره،ولی	96
amvzsht	آموزشت	96
anzym	آنزیم	96
anya	آنیا	96
ath	اته	96
astafnbrg	استافنبرگ	96
asfnj	اسفنج	96
atbarysh	اعتباریش	96
alktrv	الکترو	96
alyaf	الیاف	96
andrz	اندرز	96
aymyly	ایمیلی	96
bakh	باخ	96
badhay	بادهای	96
barykh	باریکه	96
bdrdmvn	بدردمون	96
bdgman	بدگمان	96
brankard	برانکارد	96
bryj	بریج	96
blt	بعلت	96
bvrnz	بورنز	96
bvsydh	بوسیده	96
bgmvnm	بگمونم	96
thryksh	تحریکش	96
tkhmyh	تخمیه	96
trkh	ترکه	96
tfngha	تفنگها	96
tvrvs	توروس	96
tytan	تیتان	96
jzghalh	جزغاله	96
jlvdarsh	جلودارش	96
jvynr	جوینر	96
halashm	حالاشم	96
hbssh	حبسش	96
hrygh	حریق	96
hsabha	حسابها	96
danshmndm	دانشمندم	96
daysvn	دایسون	96
dvashvn	دعواشون	96
dhnh	دهنه	96
rfyghym	رفیقیم	96
rvsay	روسای	96
zadgan	زادگان	96
zntvn	زنتون	96
sazn	سازن	96
salgysh	سالگیش	96
sdryk	سدریک	96
srmvnh	سرمونه	96
sndrvm	سندروم	96
shryfy	شریفی	96
slhh	صلحه	96
tvrykh	طوریکه	96
ghrghsh	غرقش	96
fghratsh	فقراتش	96
fhmydnd	فهمیدند	96
fvd	فود	96
fkryh	فکریه	96
fylys	فیلیس	96
ghbrt	قبرت	96
ghldry	قلدری	96
ghndagh	قنداق	96
lakvvd	لاکوود	96
lbkhndsh	لبخندش	96
lbsh	لبش	96
lvdndvrf	لودندورف	96
lvg	لوگ	96
lybrty	لیبرتی	96
lyl	لیل	96
mkhtar	مختار	96
mrf	معرف	96
mntzrshm	منتظرشم	96
mntzrnd	منتظرند	96
mvnykh	مونیخ	96
myrsyn	میرسین	96
myfrstad	میفرستاد	96
mymvndy	میموندی	96
mynvshtm	مینوشتم	96
napak	ناپاک	96
nbaysty	نبایستی	96
nfryny	نفرینی	96
nyarym	نیاریم	96
hays	هایس	96
hdaya	هدایا	96
hrald	هرالد	96
hrbrt	هربرت	96
hlr	هلر	96
hmsrmv	همسرمو	96
hmysh	همیش	96
hvapymash	هواپیماش	96
hch	هچ	96
hychysh	هیچیش	96
vagnr	واگنر	96
vdrz	ودرز	96
vvdz	وودز	96
parysh	پاریسه	96
pryshvn	پریشون	96
pvlam	پولام	96
chngm	چنگم	96
chyng	چینگ	96
chykv	چیکو	96
karastark	کاراستارک	96
karthay	کارتهای	96
kalyban	کالیبان	96
kampyvtrsh	کامپیوترش	96
kanty	کانتی	96
kshavrzha	کشاورزها	96
klmn	کلمن	96
klpna	کلپنا	96
knsh	کنش	96
gaydh	گائیده	96
garvna	گارونا	96
gram	گرام	96
gshadt	گشادت	96
adrst	آدرست	95
akatvr	آکاتور	95
agahanh	آگاهانه	95
ahsasatyh	احساساتیه	95
akhtrat	اختراعات	95
azyttvn	اذیتتون	95
asvly	اصولی	95
atnayy	اعتنایی	95
ajvbh	اعجوبه	95
aftadsh	افتادش	95
anbh	انبه	95
avnja	اونجا؟	95
bkham	بخام	95
bdynsh	بدینش	95
bratva	براتوا	95
brmydarn	برمیدارن	95
brgrdandn	برگرداندن	95
bpyvndm	بپیوندم	95
byglz	بیگلز	95
trvvr	تروور	95
trvys	ترویس	95
jamv	جامو	95
jsdshv	جسدشو	95
jngydnd	جنگیدند	95
khbrngarh	خبرنگاره	95
khmar	خمار	95
khngvl	خنگول	95
khvahshn	خواهشن	95
khvbv	خوبو	95
khvndyd	خوندید	95
khvnym	خونیم	95
darvham	داروهام	95
drkhshndh	درخشنده	95
dstshvnh	دستشونه	95
dvttvn	دعوتتون	95
raza	رازا	95
rvznbrg	روزنبرگ	95
ryaryv	ریاریو	95
zdayy	زدایی	95
srytrh	سریعتره	95
svnna	سوننا	95
svnvgrafy	سونوگرافی	95
shahda	شاهدا	95
shrabsh	شرابش	95
shraftm	شرافتم	95
zayh	ضایعه	95
zra	عزرا	95
ksshv	عکسشو	95
ghryzy	غریزی	95
frymn	فریمن	95
fyzykdan	فیزیکدان	95
ghrardadhay	قراردادهای	95
lbasatvn	لباساتون	95
lbkhndy	لبخندی	95
lvyza	لوئیزا	95
lvat	لواط	95
lvbyay	لوبیای	95
lystm	لیستم	95
maratn	ماراتن	95
masazhvr	ماساژور	95
mtky	متکی	95
mshvghsh	معشوقش	95
mvssat	موسسات	95
mchalh	مچاله	95
mgamaynd	مگامایند	95
mykhv	میخو	95
mydvm	میدوم	95
myshvy	میشوی	95
nda	ندا	95
nsfshv	نصفشو	95
nna	نعنا	95
ngahsh	نگاهش	95
nyakan	نیاکان	95
htr	هتر	95
hrjvry	هرجوری	95
hmrahytvn	همراهیتون	95
hmynjas	همینجاس	95
hnvzh	هنوزه	95
hytv	هی،تو	95
vrmvnt	ورمونت	95
vzvz	وزوز	95
pakv	پاکو	95
pdafnd	پدافند	95
psrkhalh	پسرخاله	95
pla	پلا	95
pyrmrdy	پیرمردی	95
charan	چاران	95
chmdvnm	چمدونم	95
kapshn	کاپشن	95
krsy	کرسی	95
krkmn	کرکمن	95
kvbydh	کوبیده	95
galy	گالی	95
atyshh	آتیشه	94
azvg	آزوگ	94
almanyha	آلمانیها	94
aysmn	آیسمن	94
astfay	استعفای	94
asmvrf	اسمورف	94
atlatmvn	اطلاعاتمون	94
altmassh	التماسش	94
amrvzmvn	امروزمون	94
anshab	انشعاب	94
avdn	اودن	94
barmh	بارمه	94
barvr	بارور	94
baghbvn	باغبون	94
balyvvdyha	بالیوودیها	94
bkhrmsh	بخرمش	94
brnzy	برنزی	94
brgshtnt	برگشتنت	94
bsprm	بسپرم	94
bshh	بشه؟	94
bndn	بندن	94
bchshy	بچشی	94
bgvyd	بگوید	94
tarykhyh	تاریخیه	94
tsadfyh	تصادفیه	94
tlashmvnv	تلاشمونو	94
tma	تما	94
tvjhshvn	توجهشون	94
srvtmndan	ثروتمندان	94
jvantr	جوانتر	94
jygrm	جیگرم	94
hsh	حسه	94
khdam	خدام	94
khngh	خنگه	94
khvndyn	خوندین	94
khyalyh	خیالیه	94
ddpvl	ددپول	94
drmyarym	درمیاریم	94
drvghgvha	دروغگوها	94
dshvarh	دشواره	94
dvash	دعواش	94
dvdsh	دودش	94
dydbany	دیدبانی	94
rabtsh	رابطش	94
ratlj	راتلج	94
ranjar	رانجار	94
ransh	رانش	94
rghybt	رقیبت	94
rkvd	رکود	94
rysman	ریسمان	94
zavsh	زاوش	94
zayan	زایان	94
sayrvn	سایرون	94
srznshm	سرزنشم	94
smttvn	سمتتون	94
smtmvn	سمتمون	94
smh	سمه	94
snbl	سنبل	94
sharlatan	شارلاتان	94
shnkr	شنکر	94
shvnm	شونم	94
zkhamt	ضخامت	94
tbyb	طبیب	94
mvyt	عمویت	94
ghrbyh	غربیه	94
ghmgynh	غمگینه	94
fahshgy	فاحشگی	94
frstth	فرصتته	94
frhad	فرهاد	94
fvmv	فومو	94
fkrshvn	فکرشون	94
fylmt	فیلمت	94
ghadrh	قادره	94
ghmghmh	قمقمه	94
lvlyta	لولیتا	94
lvp	لوپ	94
lksa	لکسا	94
mbalghh	مبالغه	94
mtan	متان	94
mtrakm	متراکم	94
mtrvy	متروی	94
mtmayl	متمایل	94
mhlyh	محلیه	94
mdarksh	مدارکش	94
mlvyn	ملوین	94
mvfghyty	موفقیتی	94
myfrstmsh	میفرستمش	94
nsybmvn	نصیبمون	94
ntgh	نطق	94
nmydanm	نمیدانم	94
nmyshynm	نمیشینم	94
nhma	نه،ما	94
nvab	نواب	94
nvt	نوت	94
nvkry	نوکری	94
ngahkn	نگاهکن	94
ngzaryd	نگذارید	94
nyma	نیما	94
hmsrth	همسرته	94
hmsrshvn	همسرشون	94
hndyh	هندیه	94
hnvr	هنور	94
varm	وارم	94
vzny	وزنی	94
pandyt	پاندیت	94
pshtmvn	پشتمون	94
pvsaydvn	پوسایدون	94
pyshany	پیشانی	94
chaghvt	چاقوت	94
kartha	کارتها	94
kalry	کالری	94
krdmv	کردمو	94
ksksh	کسکش	94
klgan	کلگان	94
klysayy	کلیسایی	94
kvantykv	کوانتیکو	94
kvftyt	کوفتیت	94
kchap	کچاپ	94
gazh	گازه	94
gzaran	گذاران	94
gzrvnm	گذرونم	94
gramafvn	گرامافون	94
grsnm	گرسنم	94
ykparchh	یکپارچه	94
atlantys	آتلانتیس	93
adlynd	آدلیند	93
arzvmh	آرزومه	93
azkaban	آزکابان	93
asmytrz	اسمیترز	93
ashnaydr	اشنایدر	93
afzayshh	افزایشه	93
aghyanvsy	اقیانوسی	93
alktrvn	الکترون	93
andazha	اندازها	93
avdv	اودو	93
avnvrh	اونوره	93
barz	بارز	93
baza	بازا	93
bazdh	بازده	93
bdrkhshh	بدرخشه	93
bsvzvny	بسوزونی	93
bvldag	بولداگ	93
byavrd	بیاورد	93
tag	تاگ	93
tryly	تریلی	93
tfngdarha	تفنگدارها	93
tfkrat	تفکرات	93
tyrt	تیرت	93
sanvyh	ثانویه	93
jsp	جسپ	93
jldsh	جلدش	93
jvzfyn	جوزفین	93
jypsy	جیپسی	93
htmn	حتمن	93
hrkatt	حرکاتت	93
khvabhay	خوابهای	93
khvahrmvn	خواهرمون	93
dashtmsh	داشتمش	93
dydnshvn	دیدنشون	93
dynar	دینار	93
dygsh	دیگش	93
zashtm	ذاشتم	93
rvmantykh	رومانتیکه	93
rvndm	روندم	93
rvnmayy	رونمایی	93
ryj	ریج	93
sknh	سکنه	93
synsh	سینش	93
shasy	شاسی	93
shamt	شامت	93
shkarshvn	شکارشون	93
sdaghtt	صداقتت	93
sdv	صدو	93
svrth	صورته	93
aghbtt	عاقبتت	93
aghbtsh	عاقبتش	93
fvtsh	فوتش	93
fylmbrdar	فیلمبردار	93
ghstntnyh	قسطنطنیه	93
lmbrt	لمبرت	93
lmsm	لمسم	93
lvrnt	لورنت	93
malaky	مالاکی	93
mant	مانت	93
mandnd	ماندند	93
mdytranh	مدیترانه	93
mlysh	ملیش	93
mvshy	موشی	93
mykhastm	میخاستم	93
myndazyn	میندازین	93
myprn	میپرن	93
mykshnsh	میکشنش	93
mykshyn	میکشین	93
narahtym	ناراحتیم	93
nakam	ناکام	93
nmyzashtm	نمیذاشتم	93
nvyn	نوین	93
ngr	نگر	93
nyrjara	نیرجارا	93
harmvn	هارمون	93
hanly	هانلی	93
hdfgyry	هدفگیری	93
hmkhvnh	همخونه	93
hmlt	هملت	93
hmkaray	همکارای	93
hykly	هیکلی	93
varda	واردا	93
vaystym	وایستیم	93
vgnr	وگنر	93
parksh	پارکش	93
pashyn	پاشین	93
pank	پانک	93
prvazmvn	پروازمون	93
pvldarm	پولدارم	93
chshmhatv	چشمهاتو	93
chngsh	چنگش	93
kazb	کاذب	93
kasta	کاستا	93
kantry	کانتری	93
klmatsh	کلماتش	93
kvrtksyfan	کورتکسیفان	93
kylyan	کیلیان	93
ydfh	یدفعه	93
yvl	یول	93
atshfshany	آتشفشانی	92
arzvshv	آرزوشو	92
andrs	آندرس	92
aksly	آکسلی	92
ataghha	اتاقها	92
ahkam	احکام	92
astadh	استاده	92
alrvnd	الروند	92
alryh	الریه	92
anakyn	اناکین	92
antsharat	انتشارات	92
anys	انیس	92
avrlan	اورلئان	92
avhavn	اوه،اون	92
ayvvn	ایوون	92
badha	بادها	92
badknky	بادکنکی	92
bartz	بارتز	92
bazgshayy	بازگشایی	92
bbrydshvn	ببریدشون	92
bkhvdsh	بخودش	92
bryny	برینی	92
bshmary	بشماری	92
blyn	بلین	92
bmbgzary	بمبگذاری	92
bndry	بندری	92
bnshynm	بنشینم	92
bchsbyn	بچسبین	92
tabd	تاابد	92
tsadfat	تصادفات	92
tsvrt	تصورت	92
tndv	تندو	92
tvrnmnt	تورنمنت	92
tvshv	توشو	92
tytv	تیتو	92
srvtmndh	ثروتمنده	92
jdl	جدل	92
jzvh	جزوه	92
jmyty	جمعیتی	92
jvrm	جورم	92
hryft	حریفت	92
khbrngaran	خبرنگاران	92
khdayanh	خدایانه	92
khtrm	خطرم	92
khtrnaktr	خطرناکتر	92
khvshamdgvyy	خوشامدگویی	92
dakhlshvn	داخلشون	92
dadmvn	دادمون	92
drsdsh	درصدش	92
dlrbayy	دلربایی	92
dvrbynh	دوربینه	92
dvghlvhay	دوقلوهای	92
dk	دک	92
dyplm	دیپلم	92
dyknz	دیکنز	92
rsvnmt	رسونمت	92
rhan	رهان	92
rvzmvn	روزمون	92
rvksan	روکسان	92
znany	زنانی	92
zndgymvnv	زندگیمونو	92
zybat	زیبات	92
saghy	ساقی	92
sflys	سفلیس	92
snth	سنته	92
svmsh	سومش	92
svnamy	سونامی	92
svprastar	سوپراستار	92
symkv	سیمکو	92
shrykt	شریکت	92
shmshyrhay	شمشیرهای	92
fasdy	فاسدی	92
flsfy	فلسفی	92
ghayghsh	قایقش	92
ghshngtryn	قشنگترین	92
lazanya	لازانیا	92
lany	لانی	92
laknv	لاکنو	92
ljbaz	لجباز	92
lvshs	لوشس	92
lvyyz	لوییز	92
mhal	محال	92
mhrmanst	محرمانست	92
mryk	مریک	92
mzkhrfn	مزخرفن	92
mabd	معابد	92
mndz	مندز	92
mhmm	مهمم	92
mksh	مکش	92
mydzdm	میدزدم	92
myrvny	میرونی	92
myzdyn	میزدین	92
myshmarm	میشمارم	92
mygvl	میگوئل	92
nmykhvnm	نمیخونم	92
ngranshvn	نگرانشون	92
ngrann	نگرانن	92
hadly	هادلی	92
hrkdam	هرکدام	92
hmrahysh	همراهیش	92
vayat	وایات	92
vfadarn	وفادارن	92
vylm	ویلم	92
paysl	پایسل	92
payynsh	پایینش	92
psrayy	پسرایی	92
phnavr	پهناور	92
chkarh	چکاره	92
karfrmay	کارفرمای	92
kfar	کفار	92
gftgvyy	گفتگویی	92
yyl	ییل	92
ashklyf	آشکلیف	91
ambryj	آمبریج	91
atrtvn	اترتون	91
adayy	ادعایی	91
afadh	افاده	91
afradh	افراده	91
anzar	انظار	91
avpra	اوپرا	91
barlv	بارلو	91
brdashtyn	برداشتین	91
brvksl	بروکسل	91
brgshtt	برگشتت	91
bryl	بریل	91
bsvzn	بسوزن	91
bsry	بصری	91
bfrstynsh	بفرستینش	91
bndysh	بندیش	91
bchmv	بچمو	91
bgmsh	بگمش	91
bgvyy	بگویی	91
bylvr	بیلور	91
tjbh	تعجبه	91
tmjyd	تمجید	91
tyan	تیان	91
jahashvn	جاهاشون	91
jnvbh	جنوبه	91
khzblat	خزعبلات	91
khvany	خوانی	91
khvshhaltr	خوشحالتر	91
dansth	دانسته	91
drbyarn	دربیارن	91
dshmnant	دشمنانت	91
dghayghy	دقایقی	91
dmlza	دملزا	91
dhny	دهنی	91
dvmt	دومت	91
dvvy	دووی	91
raskh	راسخ	91
rkhtshvyy	رختشویی	91
rfygham	رفیقام	91
rns	رنس	91
rvnvk	رونوک	91
zvbryst	زوبریست	91
sarvman	سارومان	91
sayan	سایان	91
slammn	سلام،من	91
spasgzarym	سپاسگذاریم	91
sgv	سگو	91
shansmv	شانسمو	91
shansmvnh	شانسمونه	91
shanvn	شانون	91
trfshvn	طرفشون	91
zlmt	ظلمت	91
aygh	عایق	91
slmvn	عسلمون	91
ghltvn	عقلتون	91
mvzadh	عموزاده	91
ynky	عینکی	91
fshn	فشن	91
fzlh	فضله	91
fylypyn	فیلیپین	91
lashyfrh	لاشیفره	91
laghry	لاغری	91
lvdvs	لودوس	91
maratvn	ماراتون	91
mandgar	ماندگار	91
makav	ماکائو	91
mbarzy	مبارزی	91
mta	متا	91
mjrman	مجرمان	91
mshrvbm	مشروبم	91
mtrhsh	مطرحش	91
mghvly	معقولی	91
mghvy	مقوی	91
mlky	ملکی	91
mvzvv	موضوعو	91
myarmshvn	میارمشون	91
myaftn	میافتن	91
mybrysh	میبریش	91
mykhvabyd	میخوابید	91
mychrkhy	میچرخی	91
mykshnt	میکشنت	91
mykshydy	میکشیدی	91
mygzary	میگذاری	91
mygftyn	میگفتین	91
nsly	نسلی	91
nmydydm	نمیدیدم	91
nmyrsn	نمیرسن	91
nmymvnym	نمیمونیم	91
nvbty	نوبتی	91
nvrd	نورد	91
nvna	نونا	91
nyaysh	نیایش	91
hambrt	هامبرت	91
hmh	همهء	91
varlak	وارلاک	91
prdaz	پرداز	91
pytzbvrg	پیتزبورگ	91
chaky	چاکی	91
chndmah	چندماه	91
chndganh	چندگانه	91
zhapnyh	ژاپنیه	91
kafrha	کافرها	91
kampyvtrha	کامپیوترها	91
kshydnsh	کشیدنش	91
kshydyd	کشیدید	91
klayr	کلایر	91
klvzv	کلوزو	91
kvbryk	کوبریک	91
kch	کچ	91
galvn	گالون	91
grvvr	گروور	91
gshnm	گشنم	91
gvshtsh	گوشتش	91
admn	آدمن	90
arasth	آراسته	90
arlyn	آرلین	90
arvgh	آروغ	90
azmayshh	آزمایشه	90
aghvshsh	آغوشش	90
amvzshsh	آموزشش	90
ataghhay	اتاقهای	90
atkhaz	اتخاذ	90
ahvalt	احوالت	90
akhlaghsh	اخلاقش	90
artshm	ارتشم	90
astkhdamm	استخدامم	90
asmhay	اسمهای	90
aspyr	اسپیر	90
askvrp	اسکورپ	90
ashtbaha	اشتباها	90
atrafat	اعترافات	90
alsah	الساعه	90
alksa	الکسا	90
bbvssh	ببوسش	90
bkhtm	بختم	90
brch	برچ	90
bfrstnd	بفرستند	90
bnvyssh	بنویسش	90
bvyayy	بویایی	90
bchrkhvny	بچرخونی	90
byrvnt	بیرونت	90
trvn	ترون	90
tfkyk	تفکیک	90
tmyzt	تمیزت	90
jvdys	جودیث	90
hyatysh	حیاتیش	90
khalsanh	خالصانه	90
khmyny	خمینی	90
khvdagah	خودآگاه	90
khvdrvy	خودروی	90
darchyn	دارچین	90
drdnaky	دردناکی	90
dlmv	دلمو	90
dvdza	دودزا	90
dyzl	دیزل	90
ryayy	رؤیایی	90
rabtt	رابطت	90
razyh	راضیه	90
rghabty	رقابتی	90
rhspar	رهسپار	90
rvshsh	روشش	90
rvshnm	روشنم	90
rvmrv	رومرو	90
sarvn	سائرون	90
salvadvr	سالوادور	90
srkart	سرکارت	90
svkhty	سوختی	90
sylya	سیلیا	90
sadghh	صادقه	90
zyfm	ضعیفم	90
tflky	طفلکی	90
smany	عثمانی	90
frstadsh	فرستادش	90
ghaly	قالی	90
ghanvnm	قانونم	90
lafayt	لافایت	90
lvkryshya	لوکریشیا	90
mbashr	مباشر	90
mtyvz	متیوز	90
mrshd	مرشد	90
mrylyn	مریلین	90
mzlvm	مظلوم	90
mkyntash	مکینتاش	90
mykhvad	میخواد؟	90
mydadyn	میدادین	90
myfhmydy	میفهمیدی	90
myprsyn	میپرسین	90
mygzarym	میگذاریم	90
namydanh	ناامیدانه	90
nany	نانی	90
naharm	ناهارم	90
nayab	نایاب	90
nkhvrym	نخوریم	90
nsbyt	نسبیت	90
nshstyn	نشستین	90
nmykhvabm	نمیخوابم	90
nmyknd	نمیکند	90
nyaryd	نیارید	90
halyvvdy	هالیوودی	90
hagn	هاگن	90
hra	هرا	90
hmshh	همشه	90
hvrayzn	هورایزن	90
hydrvlyk	هیدرولیک	90
vardn	واردن	90
vhy	وحی	90
vyshnv	ویشنو	90
vyltvn	ویلتون	90
parasvrs	پاراسورس	90
ptrvf	پتروف	90
prkhashgry	پرخاشگری	90
pvnyv	پونیو	90
pyshnhadat	پیشنهادات	90
chsbvndn	چسبوندن	90
chydn	چیدن	90
karatvn	کاراتون	90
kayrv	کایرو	90
ktyns	کتینس	90
klach	کلاچ	90
kmandaran	کمانداران	90
knyl	کنیل	90
gal	گال	90
galv	گالو	90
yhvda	یهودا	90
yvnyvn	یونیون	90
azadn	آزادن	89
atvbvsh	اتوبوسه	89
ajtmat	اجتماعات	89
ahmghyh	احمقیه	89
astandardhay	استانداردهای	89
astdyv	استدیو	89
asks	اسکس	89
afzarha	افزارها	89
angshttv	انگشتتو	89
avrlf	اورلف	89
avntv	اونتو	89
ayshvnm	ایشونم	89
ayshvnh	ایشونه	89
aymany	ایمانی	89
babatm	باباتم	89
balhay	بالهای	89
btvanym	بتوانیم	89
talab	تالاب	89
tamara	تامارا	89
tjlyl	تجلیل	89
thryf	تحریف	89
tghyr	تغیر	89
tmrynh	تمرینه	89
jkvzy	جکوزی	89
halyh	حالیه	89
hyfh	حیفه	89
dkhtrat	دخترات	89
drbarm	دربارم	89
dshmna	دشمنا	89
dghty	دقتی	89
dlyr	دلیر	89
dmh	دمه	89
dnvrs	دنورس	89
dvst	دوست؟	89
dvstmv	دوستمو	89
radagast	راداگاست	89
rjynald	رجینالد	89
rvstamvn	روستامون	89
ryf	ریف	89
ryvndl	ریوندل	89
zayydh	زاییده	89
znth	زنته	89
satan	ساتان	89
svth	سوته	89
svzny	سوزنی	89
shlyky	شلیکی	89
shkafth	شکافته	89
shkmy	شکمی	89
shyndlr	شیندلر	89
zfh	ضعفه	89
zhyr	ظهیر	89
ghrarshvn	قرارشون	89
ghmh	قمه	89
ghysr	قیصر	89
lshgrkshy	لشگرکشی	89
lgatvs	لگاتوس	89
mamvrytmvn	ماموریتمون	89
mtyl	متیل	89
mjavrt	مجاورت	89
mshahdat	مشاهدات	89
mnsrfsh	منصرفش	89
mnghar	منقار	89
mvrmant	مورمانت	89
mvghyh	موقعیه	89
myarzh	میارزه	89
nabvdm	نابودم	89
nahart	ناهارت	89
nbrym	نبریم	89
nsakhth	نساخته	89
nshangan	نشانگان	89
nsbsh	نصبش	89
nly	نلی	89
nmady	نمادی	89
nmyzdy	نمیزدی	89
nyvfth	نیوفته	89
hrzgy	هرزگی	89
hlykvptrha	هلیکوپترها	89
hmkhvany	همخوانی	89
hmkarym	همکاریم	89
hvar	هوار	89
hyklt	هیکلت	89
vjv	وجو	89
vvk	ووک	89
vyzay	ویزای	89
ptyarh	پتیاره	89
pryshany	پریشانی	89
pyshgvy	پیشگوی	89
kastl	کاستل	89
kraft	کرافت	89
krdysh	کردیش	89
kshyshh	کشیشه	89
klassh	کلاسش	89
klvdya	کلودیا	89
gzarym	گذاریم	89
gzra	گذرا	89
grdnshvn	گردنشون	89
grftmshvn	گرفتمشون	89
azadyd	آزادید	88
ashnam	آشنام	88
almyta	آلمیتا	88
ayym	آییم	88
abama	اباما	88
ataghshh	اتاقشه	88
artshshvn	ارتششون	88
arzvntr	ارزونتر	88
asthghaghsh	استحقاقش	88
asrayyl	اسراییل	88
alysa	الیسا	88
amydshvn	امیدشون	88
aksprs	اکسپرس	88
ayryna	ایرینا	88
aylysya	ایلیثیا	88
babashh	باباشه	88
badmjvn	بادمجون	88
bama	باما	88
bdstt	بدستت	88
brnmygrdym	برنمیگردیم	88
brysh	بریش	88
bfrvshysh	بفروشیش	88
bndha	بندها	88
bnz	بنز	88
tbt	تبت	88
thsynh	تحسینه	88
trayn	تراین	88
trystyn	تریستین	88
tsvrshm	تصورشم	88
jfr	جعفر	88
jlvdar	جلودار	88
jnsh	جنسه	88
hsyh	حسیه	88
khanmm	خانمم	88
khakstrsh	خاکسترش	88
dasty	داستی	88
danshgahm	دانشگاهم	88
dayn	داین	88
drj	درج	88
drmvrdm	درموردم	88
drpvsh	درپوش	88
dlarv	دلارو	88
dvrym	دوریم	88
zhnh	ذهنه	88
rvmyan	رومیان	88
salsa	سالسا	88
starzadh	ستارزاده	88
sdvm	سدوم	88
srsbz	سرسبز	88
sghfsh	سقفش	88
sylva	سیلوا	88
synyvr	سینیور	88
shayn	شاین	88
zkhym	ضخیم	88
ashghmy	عاشقمی	88
fayrflay	فایرفلای	88
frydnya	فریدنیا	88
ghrshay	قرصهای	88
ghtrat	قطرات	88
ghlabyh	قلابیه	88
ghvanynh	قوانینه	88
lbasshv	لباسشو	88
lntyv	لعنتیو	88
mssan	مؤسسان	88
mav	مائو	88
marky	مارکی	88
mafvght	مافوقت	88
manvs	مانوس	88
mayka	مایکا	88
mtghyr	متغیر	88
mshghvly	مشغولی	88
msrfsh	مصرفش	88
mdnchy	معدنچی	88
mfasl	مفاصل	88
mvazbshvn	مواظبشون	88
mvghytmvn	موقعیتمون	88
mydvh	میدوه	88
myshnakhtym	میشناختیم	88
myvftn	میوفتن	88
ntayjsh	نتایجش	88
ndymh	ندیمه	88
nrsym	نرسیم	88
nmydvnsth	نمیدونسته	88
nmyzasht	نمیذاشت	88
ngranth	نگرانته	88
havkynz	هاوکینز	88
hmjnsgraha	همجنسگراها	88
hmyngvy	همینگوی	88
hnsn	هنسن	88
hyrvt	هیروت	88
hykap	هیکاپ	88
vahdy	واحدی	88
vns	ونس	88
vyvln	ویولن	88
pzshkm	پزشکم	88
pvldarha	پولدارها	88
pvlk	پولک	88
chakhan	چاخان	88
chaplvs	چاپلوس	88
chydvry	چیدوری	88
karagahy	کارآگاهی	88
karayb	کارائیب	88
kasyvs	کاسیوس	88
ktkm	کتکم	88
kmakan	کماکان	88
knvt	کنوت	88
kvbyd	کوبید	88
gvrg	گئورگ	88
ghgahy	گهگاهی	88
gvsham	گوشام	88
atshh	آتشه	87
arhyh	آره،یه	87
akvaryvm	آکواریوم	87
aydy	آیدی	87
abrghdrt	ابرقدرت	87
ahsasatmvn	احساساتمون	87
artshmvn	ارتشمون	87
astadan	استادان	87
astryks	استریکس	87
atlatm	اطلاعاتم	87
alby	البی	87
antghamy	انتقامی	87
avmdnh	اومدنه	87
badbanha	بادبانها	87
bayrvn	بایرون	87
bbnbrg	ببنبرگ	87
bbyndsh	ببیندش	87
bkhrj	بخرج	87
bkhshshh	بخششه	87
bdyhy	بدیهی	87
brzyly	برزیلی	87
bntly	بنتلی	87
bchsbyd	بچسبید	87
byavr	بیاور	87
byrd	بیرد	87
byhvshsh	بیهوشش	87
thlylgr	تحلیلگر	87
tzyyn	تزیین	87
tvjhtvn	توجهتون	87
tymmvn	تیممون	87
jvrjyna	جورجینا	87
hjab	حجاب	87
hkmran	حکمران	87
khdmtkarm	خدمتکارم	87
khvarh	خواره	87
khvahrhay	خواهرهای	87
khvahyn	خواهین	87
khvshbyn	خوشبین	87
dadnm	دادنم	87
dramr	درامر	87
dshmnat	دشمنات	87
dvrbynt	دوربینت	87
dvrmvn	دورمون	87
zasht	ذاشت	87
rvhtvn	روحتون	87
znjyry	زنجیری	87
sakhtyd	ساختید	87
sazyh	سازیه	87
samrst	سامرست	87
sbkh	سبکه	87
szaryn	سزارین	87
svsa	سوسا	87
svly	سولی	87
svpranv	سوپرانو	87
shahpsnd	شاهپسند	87
shnvn	شنون	87
shhrtsh	شهرتش	87
shkart	شکارت	87
shytana	شیتانا	87
zryb	ضریب	87
tlbm	طلبم	87
aj	عاج	87
fvtbalh	فوتباله	87
ghabyl	قابیل	87
ghbltr	قبلتر	87
ghbvlm	قبولم	87
ghtlhay	قتلهای	87
ghrnh	قرنه	87
ghvay	قوای	87
lmb	لمب	87
lyt	لیت	87
mtvrm	متورم	87
mhsvly	محصولی	87
mhmvd	محمود	87
mhkvmsh	محکومش	87
mraghbtm	مراقبتم	87
mghrvry	مغروری	87
mghavmh	مقاومه	87
mnmn	من،من	87
mnsh	منش	87
mvntazh	مونتاژ	87
mykhvam	میخوام؟	87
mykhvamt	میخوامت	87
myrsvnn	میرسونن	87
mysr	میسر	87
mylk	میلک	87
nachyzy	ناچیزی	87
ntrsy	نترسی	87
ntv	نتو	87
nrmsh	نرمش	87
nshstnd	نشستند	87
nshstyd	نشستید	87
nmvndn	نموندن	87
nmvny	نمونی	87
nmykhvrd	نمیخورد	87
nvrh	نوره	87
ngzasht	نگذاشت	87
hapr	هاپر	87
hlyvm	هلیوم	87
vydyvy	ویدیوی	87
vylbr	ویلبر	87
vylv	ویلو	87
padtn	پادتن	87
paskhgvyy	پاسخگویی	87
pyshkhdmty	پیشخدمتی	87
pykasv	پیکاسو	87
chanh	چانه	87
chavz	چاوز	87
chsbh	چسبه	87
kayra	کایرا	87
kfshha	کفشها	87
kvyyny	کویینی	87
kytay	کیتای	87
kyvblyk	کیوبلیک	87
gang	گانگ	87
gdazh	گدازه	87
gzynsh	گزینش	87
gvshyv	گوشیو	87
gpy	گپی	87
ykrast	یکراست	87
abrvryzy	آبروریزی	86
arhayn	آره،این	86
ayrs	آیرس	86
ahtramyh	احترامیه	86
argan	ارگان	86
azma	ازما	86
azyna	ازینا	86
astanys	استانیس	86
astshhad	استشهاد	86
ashkhasy	اشخاصی	86
amnytyh	امنیتیه	86
amyal	امیال	86
avans	اوانس	86
aytalyayyh	ایتالیاییه	86
ayranyan	ایرانیان	86
ayla	ایلا	86
aynaha	ایناها	86
barbra	باربرا	86
baghysh	باقیش	86
bjv	بجو	86
bdvyy	بدویی	86
brahh	براهه	86
bshmry	بشمری	86
bhtrm	بهترم	86
bknd	بکند	86
bgyrymshvn	بگیریمشون	86
bytv	بیتو	86
bychargy	بیچارگی	86
tbyh	تعبیه	86
tl	تل	86
tvanstnd	توانستند	86
tvjhh	توجهه	86
jadvh	جادوئه	86
jasvsm	جاسوسم	86
janys	جانیس	86
hrvmsh	حرومش	86
hsgrhay	حسگرهای	86
hghyghyh	حقیقیه	86
khad	خاد	86
khshmm	خشمم	86
daryv	داریو	86
danz	دانز	86
dbyrstanm	دبیرستانم	86
dkhlm	دخلم	86
dstshvyyh	دستشوییه	86
dga	دگا	86
dyvara	دیوارا	86
randal	راندال	86
rachstr	راچستر	86
ragby	راگبی	86
rzmary	رزماری	86
rvaz	رواز	86
rvstr	روستر	86
zmynsh	زمینش	86
sahlh	ساحله	86
saght	ساقط	86
saltvnh	سالتونه	86
salmm	سالمم	86
sandy	ساندی	86
sakvra	ساکورا	86
srkhrg	سرخرگ	86
smyra	سمیرا	86
syaha	سیاها	86
syta	سیتا	86
shadv	شادو	86
shmayyn	شمایین	86
sbhha	صبحها	86
sdm	صدم	86
tvrym	طوریم	86
mrshv	عمرشو	86
mvmh	عمومه	86
ghbth	غبطه	86
fars	فارس	86
ghayghha	قایقها	86
ghshngsh	قشنگش	86
ghtatsh	قطعاتش	86
lsly	لسلی	86
lghah	لقاح	86
mtyn	متین	86
mjab	مجاب	86
mdrkh	مدرکه	86
mrghaby	مرغابی	86
mtbv	مطبوع	86
mmayy	معمایی	86
mnt	منت	86
mvtvrh	موتوره	86
mvrlnd	مورلند	86
mvmbay	مومبای	86
mybynymt	میبینیمت	86
mytrkh	میترکه	86
mynvshm	مینوشم	86
ndazy	ندازی	86
nmyshdy	نمیشدی	86
nvshtnsh	نوشتنش	86
hmy	همی	86
valdyny	والدینی	86
vrna	ورنا	86
vydmvr	ویدمور	86
pang	پانگ	86
prsth	پرسته	86
prskat	پرسکات	86
psrshh	پسرشه	86
pnya	پنیا	86
pvshandh	پوشانده	86
pvlatv	پولاتو	86
chsbydy	چسبیدی	86
chndsd	چندصد	86
chyzhast	چیزهاست	86
karhatvn	کارهاتون	86
garanty	گارانتی	86
gray	گرای	86
gvgvly	گوگولی	86
yvkytrv	یوکیترو	86
admkhvar	آدمخوار	85
ahngsh	آهنگش	85
avazy	آوازی	85
ajnh	اجنه	85
ahtmaln	احتمالن	85
ahsham	احشام	85
astlahh	اصطلاحه	85
alyza	الیزا	85
amanvl	امانوئل	85
anzbaty	انضباطی	85
avmaha	اوماها	85
aymvn	ایمون	85
babv	بابو	85
bahaltryn	باحالترین	85
barbry	باربری	85
bashma	باشما	85
bbynnsh	ببیننش	85
btrsvnn	بترسونن	85
bkhshydy	بخشیدی	85
bdstmvn	بدستمون	85
brndashty	برنداشتی	85
brgshtnm	برگشتنم	85
brytny	بریتنی	85
bssh	بسش	85
bghyshvn	بقیشون	85
bnfshh	بنفشه	85
bnyng	بنینگ	85
bprdazn	بپردازن	85
bymart	بیمارت	85
trshydh	ترشیده	85
tfngmv	تفنگمو	85
tvghfgah	توقفگاه	85
tknsyn	تکنسین	85
tgrg	تگرگ	85
jdydmh	جدیدمه	85
hsabshvnv	حسابشونو	85
hsabhay	حسابهای	85
hvry	حوری	85
hkayt	حکایت	85
khrgvshha	خرگوشها	85
khnjry	خنجری	85
khngy	خنگی	85
khvanndgan	خوانندگان	85
khvrdt	خوردت	85
khvshglsh	خوشگلش	85
darkn	دارکن	85
dragv	دراگو	85
drssh	درسش	85
dstamvn	دستامون	85
dlaryh	دلاریه	85
dmm	دمم	85
dmvkratyk	دموکراتیک	85
rashmn	راشمن	85
zaghh	زاغه	85
zanvhash	زانوهاش	85
saktsh	ساکتش	85
skhnranyt	سخنرانیت	85
srzmynmvn	سرزمینمون	85
spahy	سپاهی	85
shamv	شامو	85
shrktha	شرکتها	85
shnasan	شناسان	85
shnavrh	شناوره	85
shhrn	شهرن	85
sbah	صباح	85
lamsh	علائمش	85
ghrvrsh	غرورش	85
ghvlha	غولها	85
faln	فالن	85
frmayyd	فرمایید	85
fvrs	فورس	85
fkrtvn	فکرتون	85
ghant	قانعت	85
ghblm	قبلم	85
layza	لایزا	85
layf	لایف	85
lvsyvs	لوسیوس	85
mthmsh	متهمش	85
mjrmy	مجرمی	85
mrdmtvn	مردمتون	85
mshtm	مشتم	85
mtalbh	مطالبه	85
mghablm	مقابلم	85
mghsrm	مقصرم	85
mvfghh	موفقه	85
myfrstmt	میفرستمت	85
mymvnnd	میمونند	85
mymy	میمی	85
mykshtt	میکشتت	85
narsys	نارسیس	85
nmaysht	نمایشت	85
nmygfty	نمیگفتی	85
nvadh	نواده	85
nvbv	نوبو	85
nyfty	نیفتی	85
hatsvmvmv	هاتسومومو	85
hara	هارا	85
haf	هاف	85
hshdarh	هشداره	85
hmrash	همراش	85
hmvnjayyh	همونجاییه	85
hchl	هچل	85
varsy	وارسی	85
vjb	وجب	85
partyzan	پارتیزان	85
prshya	پرشیا	85
prvndt	پروندت	85
pryz	پریز	85
pshtkar	پشتکار	85
chndrvz	چندروز	85
chharmh	چهارمه	85
kamln	کاملن	85
krdnshh	کردنشه	85
kshtyd	کشتید	85
kshvndn	کشوندن	85
kfsham	کفشام	85
klastrtvrm	کلاسترتورم	85
klksh	کلکش	85
kvynz	کوئینز	85
kvralayn	کورالاین	85
kvyynz	کویینز	85
glymt	گلیمت	85
akhrsr	آخرسر	84
ashnat	آشنات	84
alarm	آلارم	84
ahngay	آهنگای	84
agra	آگرا	84
abrat	ابرات	84
athady	اتحادی	84
arzshshvn	ارزششون	84
astda	استدعا	84
atlatv	اطلاعاتو	84
alfy	الفی	84
amylyv	امیلیو	84
angly	انگلی	84
avrgan	اورگان	84
avnvry	اونوری	84
bazykny	بازیکنی	84
baghban	باغبان	84
brhvt	برهوت	84
bmbhay	بمبهای	84
bndsh	بندش	84
bhman	بهمان	84
bchsbm	بچسبم	84
byp	بیپ	84
tapalh	تاپاله	84
tjmly	تجملی	84
tvghy	توقعی	84
tyrbar	تیربار	84
tyvryng	تیورینگ	84
srvtmndy	ثروتمندی	84
jabrvvky	جابرووکی	84
jaygzynsh	جایگزینش	84
jkh	جکه	84
hshashyvn	حشاشیون	84
khbrv	خبرو	84
khrkhr	خرخر	84
khsarty	خسارتی	84
khvandm	خواندم	84
khvnyh	خونیه	84
darla	دارلا	84
dashtnh	داشتنه	84
dkhtrash	دختراش	84
dndanpzshk	دندانپزشک	84
dvryan	دوریان	84
dydgy	دیدگی	84
rajady	راجادی	84
rsvny	رسونی	84
rpr	رپر	84
rylan	ریلان	84
salar	سالار	84
sbastyan	سباستیان	84
sfartkhanh	سفارتخانه	84
slmvny	سلمونی	84
svysy	سوئیسی	84
svaltvn	سوالتون	84
syahpvsh	سیاهپوش	84
syahchalh	سیاهچاله	84
shahh	شاهه	84
shagrdan	شاگردان	84
shdntvn	شدنتون	84
shrykym	شریکیم	84
shfrd	شفرد	84
shmaham	شماهام	84
shyrdl	شیردل	84
sbhtvn	صبحتون	84
shbtt	صحبتت	84
rvskm	عروسکم	84
frarysh	فراریش	84
ghasm	قاسم	84
ghap	قاپ	84
ghrbanyh	قربانیه	84
ghlmdad	قلمداد	84
lath	لاته	84
lahvr	لاهور	84
lapvshvny	لاپوشونی	84
lbm	لبم	84
lzhyvn	لژیون	84
lysth	لیسته	84
marhay	مارهای	84
mavraltbyh	ماوراءالطبیعه	84
mtrjman	مترجمان	84
mtnv	متنوع	84
mrdnt	مردنت	84
mrghha	مرغها	84
mrgmvn	مرگمون	84
mshy	مشی	84
masr	معاصر	84
mzb	معذب	84
mnash	معناش	84
mlaghath	ملاقاته	84
mlzm	ملزم	84
mhrbananh	مهربانانه	84
mvmbasa	مومباسا	84
mvhbth	موهبته	84
mydv	میدو	84
myndakhty	مینداختی	84
myhv	میهو	84
navy	ناوی	84
ntvanst	نتوانست	84
njvm	نجوم	84
nghashyh	نقاشیه	84
nmykhvahym	نمیخواهیم	84
nmygyd	نمیگید	84
nyazt	نیازت	84
harkyn	هارکین	84
hakly	هاکلی	84
haya	هایا	84
hdaytgr	هدایتگر	84
hmrahmh	همراهمه	84
hmvntvryh	همونطوریه	84
vsaylshvn	وسایلشون	84
prvtvn	پروتون	84
prvndsh	پروندش	84
pnkh	پنکه	84
pys	پیس	84
zhymnastyk	ژیمناستیک	84
katalvg	کاتالوگ	84
karbry	کاربری	84
karshnasy	کارشناسی	84
kamy	کامی	84
klafh	کلافه	84
kvlsn	کولسن	84
kvnshv	کونشو	84
kvyt	کویت	84
kyartan	کیارتان	84
gazdar	گازدار	84
grmsyry	گرمسیری	84
gldmn	گلدمن	84
gnahany	گناهانی	84
gvantanamv	گوانتانامو	84
gvldan	گولدان	84
gvldvr	گولدور	84
ykhbndan	یخبندان	84
ykhchalh	یخچاله	84
yzrh	یذره	84
yvnkay	یونکای	84
asansvrha	آسانسورها	83
asayy	آسایی	83
antrf	آنطرف	83
arvyn	اروین	83
ashan	اشان	83
atmynany	اطمینانی	83
azharyh	اظهاریه	83
altmastvn	التماستون	83
almpya	المپیا	83
anghad	انعقاد	83
anvsh	انوش	83
ahlh	اهله	83
avhtv	اوه،تو	83
apray	اپرای	83
aynkararv	اینکارارو	83
bthvvn	بتهوون	83
bkhshydmt	بخشیدمت	83
bdannd	بدانند	83
bdtvn	بدتون	83
bradrshh	برادرشه	83
brayman	برایمان	83
brta	برتا	83
brnmydarm	برنمیدارم	83
bryzyn	بریزین	83
bnks	بنکس	83
bchsbym	بچسبیم	83
bkshvny	بکشونی	83
byavrm	بیاورم	83
tatv	تاتو	83
tsmymv	تصمیمو	83
tmashat	تماشات	83
tmrkzmvn	تمرکزمون	83
tvjyhy	توجیهی	83
tvchy	توچی	83
tvyym	توییم	83
tks	تکس	83
tyrvyd	تیروئید	83
jrbzh	جربزه	83
jvndh	جونده	83
jvnvry	جونوری	83
khrdsh	خردش	83
khlafy	خلافی	83
khvbma	خوب،ما	83
khvrshydh	خورشیده	83
dadashsh	داداشش	83
dryahay	دریاهای	83
dndvnpzshk	دندونپزشک	83
dyrynh	دیرینه	83
ransvn	رانسون	83
rahban	راهبان	83
rfgham	رفقام	83
rfyghy	رفیقی	83
rngha	رنگها	83
rvtyn	روتین	83
rvnvsht	رونوشت	83
rvyahamvn	رویاهامون	83
ryvrz	ریورز	83
zndanya	زندانیا	83
srab	سراب	83
srbazkhvnh	سربازخونه	83
srvran	سروران	83
slvlm	سلولم	83
spt	سپت	83
syry	سیری	83
syklt	سیکلت	83
shrktmvn	شرکتمون	83
shmaharv	شماهارو	83
shkvndh	شکونده	83
shyrvany	شیروانی	83
srbstan	صربستان	83
shghmv	عشقمو	83
farnsvvrs	فارنسوورث	83
frstadyd	فرستادید	83
fslsh	فصلش	83
fvshan	فوشان	83
fynly	فینلی	83
ghatanh	قاطعانه	83
lvy	لوئی	83
lvrds	لوردس	83
matm	ماتم	83
mtslh	متصله	83
mhafzm	محافظم	83
mkhtlt	مختلط	83
mrgan	مرگان	83
msad	مساعد	83
msyrha	مسیرها	83
mjzst	معجزست	83
mlyt	ملیت	83
mnbt	منبعت	83
mvla	مولا	83
mybkhshm	میبخشم	83
namydsh	ناامیدش	83
nkhrydm	نخریدم	83
ndazm	ندازم	83
nmykhvahd	نمیخواهد	83
nmyfhmym	نمیفهمیم	83
nmymvnn	نمیمونن	83
ngranm	نگرانم	83
hayznbrg	هایزنبرگ	83
hvadar	هوادار	83
hvlys	هولیس	83
hystyngz	هیستینگز	83
vaghytv	واقعیتو	83
valrya	والریا	83
pashydn	پاشیدن	83
paladyvm	پالادیوم	83
ptrzbvrg	پترزبورگ	83
pzyrftm	پذیرفتم	83
prvzhktvr	پروژکتور	83
pyshshh	پیششه	83
pylyt	پیلیت	83
pypyn	پیپین	83
chsbydn	چسبیدن	83
karykh	کاریکه	83
krdar	کردار	83
krvly	کرولی	83
kshtyha	کشتیها	83
kvark	کوارک	83
kvs	کوس	83
kvnshvn	کونشون	83
kvhl	کوهل	83
kvchykmvn	کوچیکمون	83
gazhay	گازهای	83
gangstry	گانگستری	83
gzrandn	گذراندن	83
gvdl	گودل	83
gvdy	گودی	83
gvshatv	گوشاتو	83
arzvham	آرزوهام	82
arhv	آره،و	82
azadyn	آزادین	82
albvs	آلبوس	82
akhtary	اخطاری	82
arajyf	اراجیف	82
astkhvanhay	استخوانهای	82
askandynavy	اسکاندیناوی	82
ashfny	اشفنی	82
ashkha	اشکها	82
alghab	القاب	82
alksy	الکسی	82
amrys	امریس	82
ahdaknndh	اهداکننده	82
avlshvn	اولشون	82
avhara	اوهارا	82
azhdhayy	اژدهایی	82
bashnsh	باشنش	82
bkhvabvnsh	بخوابونش	82
bkhvabvnm	بخوابونم	82
bdrdbkhvr	بدردبخور	82
brkly	برکلی	82
brymsh	بریمش	82
bsparyd	بسپارید	82
bhtrynha	بهترینها	82
bvshvn	بوشون	82
bvka	بوکا	82
bgv	بگو؟	82
byarmshvn	بیارمشون	82
taylan	تایلان	82
trask	تراسک	82
tsla	تسلا	82
tsmymtvn	تصمیمتون	82
tmamshvn	تمامشون	82
tvant	توانت	82
tvldtvn	تولدتون	82
tvldy	تولدی	82
tkalyft	تکالیفت	82
tktvn	تکتون	82
jvdya	جودیا	82
jvnah	جوناه	82
hmd	حمد	82
hvrvs	حوروس	82
khanyn	خائنین	82
khay	خای	82
khrnas	خرناس	82
khlyfh	خلیفه	82
khlyl	خلیل	82
khvastt	خواستت	82
khvnshh	خونشه	82
dzdgyr	دزدگیر	82
dstbndha	دستبندها	82
dlhrh	دلهره	82
dvdh	دوده	82
zkhayr	ذخایر	82
rngshvn	رنگشون	82
rvth	روته	82
rvdrygz	رودریگز	82
rvnda	روندا	82
rydr	ریدر	82
zndanym	زندانیم	82
srbrvs	سربروس	82
srblndy	سربلندی	82
srnvshtshvn	سرنوشتشون	82
sytv	سعیتو	82
smfvny	سمفونی	82
synganya	سینگانیا	82
shadyh	شادیه	82
shbsh	شبش	82
shjrh	شجره	82
shrvranh	شرورانه	82
shmshyrzn	شمشیرزن	82
shmshyrh	شمشیره	82
shvhrmv	شوهرمو	82
trfay	طرفای	82
tlayyh	طلاییه	82
zrfha	ظرفها	82
laghmndy	علاقمندی	82
lmyh	علمیه	82
ghnam	غنائم	82
frstmvn	فرصتمون	82
frnky	فرنکی	82
frytz	فریتز	82
fshfshh	فشفشه	82
flv	فلو	82
flyk	فلیک	82
fntvn	فنتون	82
ghrardadsh	قراردادش	82
ghlbhay	قلبهای	82
ghlbv	قلبو	82
lada	لادا	82
layns	لاینس	82
lztsh	لذتش	82
lrdha	لردها	82
lymvyy	لیمویی	82
mtvsth	متوسطه	82
mdynh	مدینه	82
mtbrh	معتبره	82
mght	مقطع	82
mhrdad	مهرداد	82
mvndgar	موندگار	82
mchmv	مچمو	82
myansal	میانسال	82
mybrymt	میبریمت	82
mydzdym	میدزدیم	82
mynvshym	مینوشیم	82
nbrdn	نبردن	82
nrykhth	نریخته	82
nzdykay	نزدیکای	82
nmayshm	نمایشم	82
nmykhvayy	نمیخوایی	82
nmyvmdy	نمیومدی	82
nkbty	نکبتی	82
ngranyh	نگرانیه	82
nyaryn	نیارین	82
nyshgvn	نیشگون	82
haps	هاپس	82
hmbazy	همبازی	82
hmgam	همگام	82
hndvha	هندوها	82
vaghyn	واقعین	82
vtr	وتر	82
vjvdmvn	وجودمون	82
pstandaran	پستانداران	82
pmad	پماد	82
pvstha	پوستها	82
chava	چاوا	82
karny	کارنی	82
kastrv	کاسترو	82
kaghzbazy	کاغذبازی	82
kmry	کمری	82
knsbr	کن،صبر	82
kyny	کینی	82
gavhay	گاوهای	82
gryk	گریک	82
admam	آدمام	81
apshn	آپشن	81
agahm	آگاهم	81
astvayy	استوایی	81
astynr	استینر	81
asmay	اسمای	81
afra	افرا	81
aghtdar	اقتدار	81
almasy	الماسی	81
anrzhyh	انرژیه	81
anghdry	انقدری	81
avlna	اولنا	81
aktshafat	اکتشافات	81
agzvz	اگزوز	81
aynharv	اینهارو	81
batvn	باتون	81
bazarhay	بازارهای	81
balghh	بالغه	81
bkhndyn	بخندین	81
bdymsh	بدیمش	81
brmh	برمه	81
brmygshty	برمیگشتی	81
bhtrynsh	بهترینش	81
bvdntvn	بودنتون	81
byty	بیتی	81
byshtraz	بیشتراز	81
bylv	بیلو	81
tblt	تبلت	81
thghyghatsh	تحقیقاتش	81
tndys	تندیس	81
tnhashvn	تنهاشون	81
tvrat	تورات	81
tvrvald	توروالد	81
jakvb	جاکوب	81
jrykv	جریکو	81
jnglban	جنگلبان	81
hsasyty	حساسیتی	81
khalm	خالم	81
khbryh	خبریه	81
damnt	دامنت	81
dkhtrhat	دخترهات	81
dramdy	درآمدی	81
drmangr	درمانگر	81
drym	دریم	81
dstmzdt	دستمزدت	81
dstyarsh	دستیارش	81
dsyma	دسیما	81
dndvnatv	دندوناتو	81
dvrant	دورانت	81
dvstshm	دوستشم	81
dvstham	دوستهام	81
ravnd	راوند	81
rbaha	رباها	81
rvbaty	روباتی	81
rvnaldv	رونالدو	81
zanvham	زانوهام	81
zbr	زبر	81
sakhtmvnv	ساختمونو	81
snatvrha	سناتورها	81
svalha	سوالها	81
sk	سک	81
syj	سیج	81
sylyn	سیلین	81
sygarha	سیگارها	81
shbhh	شبهه	81
shlvarmv	شلوارمو	81
shyrvvny	شیروونی	81
tvrh	طوره	81
vatf	عواطف	81
ghmnak	غمناک	81
frfry	فرفری	81
frvshn	فروشن	81
fsharm	فشارم	81
fvmvfv	فوموفو	81
fylysyty	فیلیسیتی	81
ghblymvn	قبلیمون	81
ghlghly	قلقلی	81
lavra	لاورا	81
lkhtsh	لختش	81
lnfavy	لنفاوی	81
lyah	لیاح	81
marykv	ماریکو	81
mtfavtn	متفاوتن	81
mjhvl	مجهول	81
mdhy	مدهی	81
mzab	مذاب	81
mzahmty	مزاحمتی	81
mslvb	مصلوب	81
mbdh	معبده	81
mtrz	معترض	81
mghavt	مقاوت	81
mnaby	منابعی	81
mnhny	منحنی	81
myaftm	میافتم	81
myzv	میزو	81
mynh	مینه	81
mychrkhvnh	میچرخونه	81
mygrfth	میگرفته	81
natanyl	ناتانیل	81
naharkhvry	ناهارخوری	81
nrsm	نرسم	81
nfhmydn	نفهمیدن	81
nmvnm	نمونم	81
nmytvny	نمیتونی؟	81
nmyshnasmt	نمیشناسمت	81
nvshtym	نوشتیم	81
nvshtyn	نوشتین	81
haynrysh	هاینریش	81
hmgrayy	همگرایی	81
varv	وارو	81
vaystadn	وایستادن	81
vhshty	وحشتی	81
vraj	وراج	81
vk	وک	81
prsydym	پرسیدیم	81
pshtvanh	پشتوانه	81
plysv	پلیسو	81
pnd	پند	81
pyapy	پیاپی	81
chraghhay	چراغهای	81
chyzhayyh	چیزهاییه	81
zhnvm	ژنوم	81
kravn	کراون	81
kshmyr	کشمیر	81
klayts	کلایتس	81
kmar	کمار	81
knyak	کنیاک	81
kvz	کوز	81
kykv	کیکو	81
gzrvnh	گذرونه	81
grdnshv	گردنشو	81
grftnshvn	گرفتنشون	81
gvshmvn	گوشمون	81
yasmyn	یاسمین	81
ykhh	یخه	81
ashghalt	آشغالت	80
ahnh	آهنه	80
atvbvsy	اتوبوسی	80
astratvn	استراتون	80
asrary	اسراری	80
aspvn	اسپون	80
askndryh	اسکندریه	80
ashtbast	اشتباست	80
aftadnsh	افتادنش	80
aghbaly	اقبالی	80
alympvs	الیمپوس	80
amry	امری	80
antkhabshvn	انتخابشون	80
andakhtnt	انداختنت	80
anglysyha	انگلیسیها	80
avanz	اوانز	80
avrja	اورجا	80
avsaf	اوصاف	80
bakhbrm	باخبرم	80
bazvka	بازوکا	80
bazyknay	بازیکنای	80
bazygrm	بازیگرم	80
bbrtsh	ببرتش	80
bbynymt	ببینیمت	80
bkhvanm	بخوانم	80
bdkhlgh	بدخلق	80
bdrsty	بدرستی	80
brdashtnd	برداشتند	80
brndashth	برنداشته	80
bsyj	بسیج	80
bshknyd	بشکنید	80
bchsbh	بچسبه	80
tarat	تارات	80
tavanshv	تاوانشو	80
thmlm	تحملم	80
tkhsh	تخصصش	80
tmassh	تماسش	80
tvyytr	توییتر	80
jzabm	جذابم	80
jnd	جند	80
jvray	جورائی	80
jymsvn	جیمسون	80
khakh	خاکه	80
khtrym	خطریم	80
khnjrt	خنجرت	80
khvshtypy	خوشتیپی	80
dastanmvn	داستانمون	80
dghyghn	دقیقن	80
dvvr	دوور	80
rahtya	راحتیا	80
rahrvha	راهروها	80
rvspy	روسپی	80
rvmanv	رومانو	80
samanh	سامانه	80
sanra	سانرا	80
sayzsh	سایزش	80
svarha	سوارها	80
svsyalyst	سوسیالیست	80
spyd	سپید	80
symvr	سیمور	80
shankar	شانکار	80
shbkyh	شبکیه	80
shkhsythay	شخصیتهای	80
shrdr	شردر	80
shvrshv	شورشو	80
sadghy	صادقی	80
talb	طالب	80
tvfanh	طوفانه	80
ghzh	غزه	80
flfly	فلفلی	80
fynyk	فینیک	80
ghrsy	قرصی	80
ghsmy	قسمی	80
ghshngm	قشنگم	80
ghlp	قلپ	80
latbrvk	لاتبروک	80
lama	لاما	80
lmvn	لمون	80
lvtz	لوتز	80
madrzad	مادرزاد	80
mavrayy	ماورایی	80
maylym	مایلیم	80
mthdyn	متحدین	80
mtarf	متعارف	80
mhbvbh	محبوبه	80
mzkhrfatv	مزخرفاتو	80
mntzrtn	منتظرتن	80
mhajryn	مهاجرین	80
mhbl	مهبل	80
mvsha	موشا	80
myaftad	میافتاد	80
myamd	میامد	80
mykrvskvp	میکروسکوپ	80
nadry	نادری	80
nkhvastym	نخواستیم	80
ndydymsh	ندیدیمش	80
nzaftchy	نظافتچی	80
nvrsh	نورش	80
nvsazy	نوسازی	80
haypryvn	هایپریون	80
valkry	والکری	80
vznshh	وزنشه	80
vlkan	ولکان	80
vylvn	ویلون	80
padshahtvn	پادشاهتون	80
prstanh	پرستانه	80
psrhat	پسرهات	80
phlvvn	پهلوون	80
pychsh	پیچش	80
chaghvha	چاقوها	80
chngmvn	چنگمون	80
chptvn	چپتون	80
chkshvn	چکشون	80
kaghzh	کاغذه	80
kamvdvs	کامودوس	80
ksyfyh	کثیفیه	80
kjashv	کجاشو	80
klaghh	کلاغه	80
klsym	کلسیم	80
knj	کنج	80
kvang	کوانگ	80
kyftvn	کیفتون	80
gdaha	گداها	80
grdand	گرداند	80
grn	گرن	80
gshtyn	گشتین	80
gndst	گندست	80
gvatmala	گواتمالا	80
gvsfndha	گوسفندها	80
yvan	یوان	80
yvda	یودا	80
atvs	آتوس	79
akhray	آخرای	79
amvzgar	آموزگار	79
andal	آندال	79
agy	آگی	79
abht	ابهت	79
ataghym	اتاقیم	79
ajrahay	اجراهای	79
akhlaght	اخلاقت	79
artash	ارتعاش	79
aslaghvrn	اسلاگهورن	79
askvfyld	اسکوفیلد	79
ashtbahatm	اشتباهاتم	79
atbarm	اعتبارم	79
aftadyd	افتادید	79
aftkharyh	افتخاریه	79
anbr	انبر	79
avmaly	اومالی	79
ayb	ایب	79
aynjat	اینجات	79
bababzrgm	بابابزرگم	79
bazps	بازپس	79
bavfa	باوفا	79
bbrtt	ببرتت	79
btrkvny	بترکونی	79
bkhndyd	بخندید	79
bdshansyh	بدشانسیه	79
bdght	بدقت	79
brnn	برنن	79
bfrstysh	بفرستیش	79
bndaznd	بندازند	79
bndgy	بندگی	79
bynymt	بینیمت	79
tataglya	تاتاگلیا	79
tarykyh	تاریکیه	79
talarhay	تالارهای	79
trsandn	ترساندن	79
trsnd	ترسند	79
trvrysth	تروریسته	79
trybyany	تریبیانی	79
jzay	جزای	79
jvanb	جوانب	79
hmvmh	حمومه	79
khrym	خریم	79
khshmy	خشمی	79
khvahrh	خواهره	79
khvbhala	خوب،حالا	79
khyanth	خیانته	79
drvyd	دروید	79
dlbndm	دلبندم	79
dvstmy	دوستمی	79
dvydy	دویدی	79
randn	راندن	79
rmzh	رمزه	79
rvsry	روسری	79
rvmh	رومه	79
rysht	ریشت	79
zakrbrg	زاکربرگ	79
zbant	زبانت	79
saky	ساکی	79
sbvs	سبوس	79
slamm	سلامم	79
svtv	سوتو	79
svlyvan	سولیوان	79
syarat	سیارات	79
shds	شدس	79
shrabh	شرابه	79
shghlmv	شغلمو	79
sdbar	صدبار	79
sndlysh	صندلیش	79
ajzanh	عاجزانه	79
ghayb	غایب	79
ghyrmmvl	غیرمعمول	79
fabyv	فابیو	79
fakhth	فاخته	79
fnland	فنلاند	79
fylmsazy	فیلمسازی	79
ghayght	قایقت	79
ghlvh	قلوه	79
lbat	لبات	79
ltyfy	لطیفی	79
lvrta	لورتا	79
lystt	لیستت	79
mabghy	مابقی	79
marlv	مارلو	79
mahytabh	ماهیتابه	79
mhrm	محرم	79
mhghr	محقر	79
mdrnh	مدرنه	79
mrtba	مرتبا	79
mrzh	مرزه	79
mzkhrft	مزخرفت	79
msafry	مسافری	79
mshtt	مشتت	79
mshrvbsh	مشروبش	79
mgharbty	مقاربتی	79
mmnvnt	ممنونت	79
mndl	مندل	79
mnsfanst	منصفانست	79
mvldr	مولدر	79
mvch	موچ	79
mkndh	مکنده	79
mgda	مگدا	79
myayyd	میایید	79
mytrsnd	میترسند	79
mytrsydy	میترسیدی	79
mysvkht	میسوخت	79
myla	میلا	79
nagvary	ناگواری	79
nkhl	نخل	79
nmyndazy	نمیندازی	79
nvrt	نورت	79
ngftnd	نگفتند	79
hath	هاته	79
harpy	هارپی	79
htlsh	هتلش	79
hmr	همر	79
hmkarhay	همکارهای	79
varvv	واروو	79
vallh	والله	79
vagyr	واگیر	79
vaynsa	واینسا	79
vrvdyh	ورودیه	79
vvdhas	وودهاس	79
vylyamsvn	ویلیامسون	79
pkhmh	پخمه	79
pvzydvn	پوزیدون	79
pytrv	پیترو	79
pychvndn	پیچوندن	79
chyk	چیک	79
zhant	ژانت	79
zhvrasyk	ژوراسیک	79
kvb	کوب	79
kvshy	کوشی	79
gabv	گابو	79
graf	گراف	79
grmm	گرمم	79
grchn	گرچن	79
gvdzyla	گودزیلا	79
gvrtvnv	گورتونو	79
gvrsh	گورش	79
gyty	گیتی	79
gyra	گیرا	79
yvhna	یوحنا	79
akhrv	آخرو	78
admsh	آدمش	78
arayshy	آرایشی	78
alfvnsv	آلفونسو	78
alvnzv	آلونزو	78
amykhth	آمیخته	78
anjlyka	آنجلیکا	78
anfvlanzay	آنفولانزای	78
adkln	ادکلن	78
asmmvn	اسممون	78
asparky	اسپارکی	78
askvl	اسکول	78
alsyr	السیر	78
almr	المر	78
avrn	اورن	78
barksh	بارکش	78
bashk	باشک	78
bbkhshsh	ببخشش	78
btrsyd	بترسید	78
bdtrn	بدترن	78
bzarmt	بذارمت	78
brytanyay	بریتانیای	78
bsvzvnn	بسوزونن	78
blndtrh	بلندتره	78
blndshvn	بلندشون	78
bnh	بنه	78
bchrkhvnh	بچرخونه	78
bkvbm	بکوبم	78
bgnd	بگند	78
byvka	بیوکا	78
thghyghatmvn	تحقیقاتمون	78
tdbyr	تدبیر	78
trsby	ترسبی	78
trml	ترمل	78
tlngr	تلنگر	78
tvhh	توهه	78
jhyzyh	جهیزیه	78
jvanmrdanh	جوانمردانه	78
jyrjyrk	جیرجیرک	78
jyh	جیه	78
khrydysh	خریدیش	78
khvahrshh	خواهرشه	78
khvrdnm	خوردنم	78
khvshmzs	خوشمزس	78
khvyshavndy	خویشاوندی	78
dajrz	داجرز	78
darvh	داروئه	78
dakvtay	داکوتای	78
drshv	درشو	78
dstgahh	دستگاهه	78
dstgyrysh	دستگیریش	78
dvatvn	دعواتون	78
dltngy	دلتنگی	78
dvrtan	دورتان	78
dvnstnd	دونستند	78
dvvn	دوون	78
dcharsh	دچارش	78
dktrt	دکترت	78
ratr	راتر	78
radyatvr	رادیاتور	78
rastay	راستای	78
rbth	ربطه	78
zdny	زدنی	78
sakhtary	ساختاری	78
salkhvrdh	سالخورده	78
sakshn	ساکشن	78
sla	سلا	78
svg	سوگ	78
syraby	سیرابی	78
symba	سیمبا	78
shadmany	شادمانی	78
shaghl	شاغل	78
shmarmv	شمارمو	78
shyrynyh	شیرینیه	78
shyksha	شیکشا	78
sdd	صدد	78
sndlym	صندلیم	78
sndvghdar	صندوقدار	78
tnabv	طنابو	78
ashghshvnm	عاشقشونم	78
mvtvn	عموتون	78
fargv	فارگو	78
ghdrtv	قدرتو	78
ghrardadha	قراردادها	78
ghlbshh	قلبشه	78
lnvn	لنون	78
lvt	لوت	78
machv	ماچو	78
makyja	ماکیجا	78
mhzy	محضی	78
mdlh	مدله	78
mdyrm	مدیرم	78
mraghbshm	مراقبشم	78
mshtl	مشتعل	78
mhndsyn	مهندسین	78
myrykht	میریخت	78
mylt	میلت	78
mylth	میلته	78
mykrv	میکرو	78
mykshd	میکشد	78
namydtvn	ناامیدتون	78
narahttvn	ناراحتتون	78
nanvayy	نانوایی	78
nkhvastn	نخواستن	78
nmykshym	نمیکشیم	78
nhama	نه،اما	78
nhan	نهان	78
ngamvn	نگامون	78
nymah	نیماه	78
hrasy	هراسی	78
hmshhry	همشهری	78
hvryk	هوریک	78
vrast	وراثت	78
vytvyky	ویتویکی	78
vystlr	ویستلر	78
pakshvn	پاکشون	78
payynm	پایینم	78
pstm	پستم	78
pnahndgy	پناهندگی	78
pgvnv	پگوئنو	78
pyshnhadh	پیشنهاده	78
chky	چکی	78
chyzyst	چیزیست	78
kartn	کارتن	78
kafmn	کافمن	78
kbk	کبک	78
kdks	کدکس	78
kral	کرال	78
krynkss	کرینکسس	78
kshtnh	کشتنه	78
klng	کلنگ	78
kmdm	کمدم	78
kmvnysty	کمونیستی	78
kntrlshv	کنترلشو	78
kvynan	کوئینان	78
kvak	کواک	78
kvnta	کونتا	78
kydv	کیدو	78
kyrtv	کیرتو	78
grfttsh	گرفتتش	78
gshvdh	گشوده	78
gftmsh	گفتمش	78
abyary	آبیاری	77
arhfkr	آره،فکر	77
arch	آرچ	77
argv	آرگو	77
azmayshgahm	آزمایشگاهم	77
atryshy	اتریشی	77
akhtlat	اختلاط	77
akhtarh	اخطاره	77
artfash	ارتفاعش	77
astyj	استیج	77
asnp	اسنپ	77
aspartanha	اسپارتانها	77
askvrch	اسکورچ	77
aljzayr	الجزایر	77
avnjayyn	اونجایین	77
avyn	اوین	77
aktshafy	اکتشافی	77
ayzvlh	ایزوله	77
aylynvyz	ایلینویز	77
aynghdra	اینقدرا	77
bazvha	بازوها	77
bazvhat	بازوهات	77
bazvhay	بازوهای	77
balgrd	بالگرد	77
bacha	باچا	77
baystn	بایستن	77
bbrhay	ببرهای	77
bbyntsh	ببینتش	77
bdnshh	بدنشه	77
bradrhat	برادرهات	77
braytvn	برایتون	77
brayd	براید	77
brayshan	برایشان	77
brnmygrdn	برنمیگردن	77
bsndh	بسنده	77
blag	بلاگ	77
bnshyny	بنشینی	77
bpvshvny	بپوشونی	77
bchrkhyd	بچرخید	77
byb	بیب	77
bymara	بیمارا	77
bynanh	بینانه	77
tvkylvs	تئوکیلوس	77
taraj	تاراج	77
tkhmsh	تخمش	77
jnsa	جنسا	77
jnglhay	جنگلهای	77
jygry	جیگری	77
hasha	حاشا	77
khjaltm	خجالتم	77
khdmtkaran	خدمتکاران	77
khrvjh	خروجه	77
khtaha	خطاها	77
khvahra	خواهرا	77
khvyshavnd	خویشاوند	77
khyry	خیری	77
khylkhb	خیلخب	77
damyn	دامین	77
dayym	داییم	77
drazyh	درازیه	77
dsh	دش	77
dvtast	دوتاست	77
zkavt	ذکاوت	77
rystvn	رئیستون	77
rahtt	راحتت	77
radyvlvzhy	رادیولوژی	77
ramsh	رامش	77
rftny	رفتنی	77
rgha	رگها	77
zndanyha	زندانیها	77
sakhtvn	ساختون	77
stsvna	ستسونا	77
srsh	سرش	77
srshvnv	سرشونو	77
srtanh	سرطانه	77
slahsh	سلاحش	77
syastmdarha	سیاستمدارها	77
syms	سیمس	77
shadab	شاداب	77
shrafty	شرافتی	77
shvrlt	شورلت	77
shvry	شوری	77
shkarchyh	شکارچیه	77
shkstym	شکستیم	77
shknm	شکنم	77
amyanh	عامیانه	77
ghlshvn	عقلشون	77
laghmndh	علاقمنده	77
gharnshyn	غارنشین	77
falyty	فعالیتی	77
fvrbs	فوربس	77
ghanm	قانعم	77
lngly	لنگلی	77
lvrdh	لورده	77
maldr	مالدر	77
malksh	مالکش	77
mazhvl	ماژول	77
mayvnz	مایونز	77
mtylamyn	متیلامین	77
mrghvb	مرغوب	77
mshkvkm	مشکوکم	77
mjzat	معجزات	77
mtly	معطلی	77
mnyks	منیکس	77
mhmvnamvn	مهمونامون	77
mhmvnm	مهمونم	77
mvadsh	موادش	77
mytrkvnh	میترکونه	77
myrtl	میرتل	77
mynvsht	مینوشت	77
myprsym	میپرسیم	77
mygrdd	میگردد	77
nakhvshayndh	ناخوشاینده	77
nachyzh	ناچیزه	77
nmayd	نماید	77
nmh	نمه	77
nmyshnasyd	نمیشناسید	77
nn	نن	77
nvmryvs	نومریوس	77
ngrantvn	نگرانتون	77
nykvs	نیکوس	77
hansn	هانسن	77
hrkja	هرکجا	77
hrkdvmmvn	هرکدوممون	77
hmnv	همنوع	77
hmvnghdry	همونقدری	77
hvbrt	هوبرت	77
hymn	هی،من	77
hydr	هیدر	77
varlgan	وارلگان	77
vald	والد	77
vygv	ویگو	77
parch	پارچ	77
ptk	پتک	77
psrhayy	پسرهایی	77
plysyh	پلیسیه	77
pnjab	پنجاب	77
pvlamv	پولامو	77
pyjr	پیجر	77
pyshkhvn	پیشخون	77
pyshmh	پیشمه	77
katv	کاتو	77
karanh	کارانه	77
karmvnh	کارمونه	77
ktabtvn	کتابتون	77
krysh	کریش	77
klfth	کلفته	77
kvnmvn	کونمون	77
kvchyktrh	کوچیکتره	77
grdntv	گردنتو	77
grvgangyry	گروگانگیری	77
gvv	گوو	77
gymly	گیملی	77
yaftym	یافتیم	77
yavh	یاوه	77
yng	ینگ	77
ykrvz	یکروز	77
asvnsh	آسونش	76
apdyt	آپدیت	76
atagha	اتاقا	76
athamaty	اتهاماتی	76
atvvd	اتوود	76
adna	ادنا	76
arzn	ارزن	76
arvpast	اروپاست	76
astns	استنس	76
askaylark	اسکایلارک	76
ashtrasr	اشتراسر	76
azharnamh	اظهارنامه	76
aftadgy	افتادگی	76
aftzahm	افتضاحم	76
almasha	الماسها	76
avzay	اوضاعی	76
aky	اکی	76
badsh	بادش	76
barshvn	بارشون	76
barhamz	بارهامز	76
balabr	بالابر	76
bahama	باهاما	76
bbyn	ببین،	76
brrvy	برروی	76
brsvnmsh	برسونمش	76
brmn	برمن	76
brndgan	برندگان	76
brkstvn	برکستون	76
bzha	بزها	76
bstyn	بستین	76
blyny	بلینی	76
bndrt	بندرت	76
bnfs	بنفس	76
bvrzm	بورزم	76
bpzy	بپزی	76
traysy	ترایسی	76
tstsh	تستش	76
jdydn	جدیدن	76
jvvnk	جوونک	76
hzvry	حضوری	76
khdmatt	خدماتت	76
khrdmndanh	خردمندانه	76
khtraty	خطراتی	76
khtsh	خطش	76
dakhlm	داخلم	76
drtv	درتو	76
drkhshh	درخشه	76
drdavr	دردآور	76
dstmaly	دستمالی	76
dvtmvn	دعوتمون	76
dfnt	دفنت	76
dlynjr	دلینجر	76
dvrbynm	دوربینم	76
dvstdaran	دوستداران	76
zlyl	ذلیل	76
rajh	راجه	76
rastgvyy	راستگویی	76
rbayndh	رباینده	76
rstgar	رستگار	76
rsvnym	رسونیم	76
rl	رل	76
rvdryk	رودریک	76
ryply	ریپلی	76
zshtyh	زشتیه	76
zh	زه	76
zvyla	زویلا	76
sarman	سارمان	76
saznd	سازند	76
salhayy	سالهایی	76
srmshgh	سرمشق	76
sfydsh	سفیدش	76
svs	سوس	76
svnyna	سونینا	76
sys	سیث	76
shahrkh	شاهرخ	76
shhrty	شهرتی	76
shkvhy	شکوهی	76
srahta	صراحتا	76
sndlyh	صندلیه	76
zyfn	ضعیفن	76
thal	طحال	76
tlbanh	طلبانه	76
zahrshvn	ظاهرشون	76
rvghy	عروقی	76
ghym	عقیم	76
frdryksn	فردریکسن	76
flvry	فلوری	76
fnjvny	فنجونی	76
fnstr	فنستر	76
fvn	فون	76
fylyph	فیلیپه	76
ghatysh	قاطیش	76
ghbrha	قبرها	76
ghyas	قیاس	76
lrzan	لرزان	76
lvdv	لودو	76
masv	ماسئو	76
mahan	ماهان	76
mbda	مبدا	76
mrkvry	مرکوری	76
mztrbm	مضطربم	76
mzhr	مظهر	76
mtrf	معترف	76
mghvlanh	معقولانه	76
mghadyr	مقادیر	76
mlty	ملتی	76
mlhfh	ملحفه	76
mhartsh	مهارتش	76
mvzvsh	موضوعش	76
mvghyth	موقعیته	76
mvgly	موگلی	76
mkanhay	مکانهای	76
mgnvm	مگنوم	76
myt	میت	76
mydashty	میداشتی	76
myzarmt	میذارمت	76
myknmt	میکنمت	76
nasza	ناسزا	76
nanva	نانوا	76
ntayjy	نتایجی	76
ntvnyd	نتونید	76
nznsh	نزنش	76
nmyjngm	نمیجنگم	76
nyjr	نیجر	76
hnly	هنلی	76
hvadaran	هواداران	76
vatrgyt	واترگیت	76
vamy	وامی	76
vaysth	وایسته	76
vlntaynh	ولنتاینه	76
vylmr	ویلمر	76
pahamvn	پاهامون	76
prghdrt	پرقدرت	76
prvazhay	پروازهای	76
pshttm	پشتتم	76
pvshkyn	پوشکین	76
pvldara	پولدارا	76
pyrvansh	پیروانش	76
pychvnd	پیچوند	76
cham	چام	76
chrkhshy	چرخشی	76
chrkhvndn	چرخوندن	76
chghndr	چغندر	76
chynh	چینه	76
kaghza	کاغذا	76
kamlt	کاملت	76
knarsh	کنارش	76
kvbydn	کوبیدن	76
kpytal	کپیتال	76
kyngzly	کینگزلی	76
kyngzmn	کینگزمن	76
garlnd	گارلند	76
grftarm	گرفتارم	76
gftnh	گفتنه	76
gvvn	گوون	76
yvhansn	یوهانسن	76
aramsht	آرامشت	75
aryal	آریال	75
asany	آسانی	75
artbatshvn	ارتباطشون	75
aslv	اسلو	75
afradmv	افرادمو	75
afsray	افسرای	75
amanyd	امانید	75
andvnzy	اندونزی	75
avnz	اونز	75
apy	اپی	75
aksyr	اکسیر	75
aystadyn	ایستادین	75
aylysh	ایلیش	75
aynkarsh	اینکارش	75
aynym	اینیم	75
bazkrdn	بازکردن	75
balyny	بالینی	75
bagzy	باگزی	75
bbvsym	ببوسیم	75
brdmt	بردمت	75
brsand	برساند	75
brgrdd	برگردد	75
brgrdvndnsh	برگردوندنش	75
bzrgtvn	بزرگتون	75
bzrgmh	بزرگمه	75
bsm	بسم	75
bfhmvnh	بفهمونه	75
bvksr	بوکسر	75
bcha	بچهها	75
byansh	بیانش	75
tata	تاتا	75
tarh	تاره	75
tavghty	تاوقتی	75
tdryjy	تدریجی	75
travsh	تراوش	75
tghybym	تعقیبیم	75
tvansth	توانسته	75
tvlydat	تولیدات	75
tvlydy	تولیدی	75
tvmash	توماسه	75
tvmn	تومن	75
tvhyny	توهینی	75
tvphay	توپهای	75
jdydyh	جدیدیه	75
jrv	جرو	75
htmyh	حتمیه	75
kharjyh	خارجیه	75
khvas	خواص	75
khvayyd	خوایید	75
khvdkhvahm	خودخواهم	75
khvshgltryn	خوشگلترین	75
khvkchh	خوکچه	75
darmshvn	دارمشون	75
dkhly	دخلی	75
ddshat	ددشات	75
drks	درکس	75
dstvrm	دستورم	75
dvsalh	دوساله	75
dytrsvn	دیترسون	75
dyvn	دیون	75
rdm	ردم	75
rvbv	روبو	75
rvshnfkr	روشنفکر	75
znshh	زنشه	75
sakramntv	ساکرامنتو	75
srshmary	سرشماری	75
sfydha	سفیدها	75
svarshvn	سوارشون	75
shamm	شامم	75
shrl	شرل	75
shmsy	شمسی	75
shnydmsh	شنیدمش	75
shhrsh	شهرش	75
shylr	شیلر	75
sbhsh	صبحش	75
ryan	عریان	75
ghzamv	غذامو	75
fazy	فازی	75
frvshym	فروشیم	75
falsazy	فعالسازی	75
flsyty	فلسیتی	75
ghlghlkm	قلقلکم	75
lastyky	لاستیکی	75
laymn	لایمن	75
lshtv	لشتو	75
madranh	مادرانه	75
madmazl	مادمازل	75
mbtdy	مبتدی	75
mjazatm	مجازاتم	75
mdnzr	مدنظر	75
msrt	مسرت	75
msvvlyt	مسوولیت	75
msyrh	مسیره	75
mhajmyn	مهاجمین	75
mvndnm	موندنم	75
mybrdn	میبردن	75
mybny	میبنی	75
mytrsym	میترسیم	75
myfrstadm	میفرستادم	75
mynvysym	مینویسیم	75
namghvl	نامعقول	75
napa	ناپا	75
nay	نای	75
nfrstady	نفرستادی	75
nmykshn	نمیکشن	75
nvshm	نوشم	75
hmsan	همسان	75
hmhy	همهی	75
hmkartvn	همکارتون	75
vaj	واج	75
vanhda	وانهدا	75
pasvr	پاسور	75
paspvrtm	پاسپورتم	75
pavrh	پاوره	75
paym	پایم	75
pdrty	پدرتی	75
prtshvn	پرتشون	75
prstarsh	پرستارش	75
pyvndh	پیونده	75
pyky	پیکی	75
chsbydm	چسبیدم	75
chhrt	چهرت	75
chyzharv	چیزهارو	75
katapa	کاتاپا	75
kramr	کرامر	75
kfshash	کفشاش	75
granshy	گرانشی	75
gsl	گسل	75
gldar	گلدار	75
gvlmvn	گولمون	75
gybvnz	گیبونز	75
agrvn	آگرون	74
ayndt	آیندت	74
azhan	اذهان	74
aryksvn	اریکسون	74
astvrat	استورات	74
astynaf	استیناف	74
asprt	اسپرت	74
askayp	اسکایپ	74
askmndr	اسکمندر	74
aljsh	الجثه	74
amnyth	امنیته	74
andazym	اندازیم	74
avydyvs	اویدیوس	74
aysan	ایثان	74
aynghdry	اینقدری	74
aygy	ایگی	74
bazgshtt	بازگشتت	74
btyatvs	بتیاتوس	74
bradrash	برادراش	74
brav	براو	74
bznymsh	بزنیمش	74
bnjn	بنجن	74
bnyangzar	بنیانگذار	74
bprn	بپرن	74
bykran	بیکران	74
tbhkary	تبهکاری	74
trsvndm	ترسوندم	74
trkha	ترکها	74
tghyby	تعقیبی	74
tghyyrpzyrha	تغییرپذیرها	74
tvhmy	توهمی	74
tylh	تیله	74
tyg	تیگ	74
javyd	جاوید	74
jdagvnh	جداگونه	74
jnjaly	جنجالی	74
jvshh	جوشه	74
jvgr	جوگر	74
hsasyh	حساسیه	74
hvasshv	حواسشو	74
khanvadtv	خانوادتو	74
khrvar	خروار	74
khlbanan	خلبانان	74
khvdtvnm	خودتونم	74
khvyh	خویه	74
khy	خی	74
khyabanha	خیابانها	74
danstnd	دانستند	74
dkhtrshm	دخترشم	74
drmvngah	درمونگاه	74
dryafty	دریافتی	74
dzdydsh	دزدیدش	74
dlkhvry	دلخوری	74
dvstyh	دوستیه	74
rhmh	رحمه	74
rvndy	روندی	74
rvv	روو	74
rvkh	روکه	74
zndgyth	زندگیته	74
zvlv	زولو	74
sathay	ساعتهای	74
salrvz	سالروز	74
sayls	سایلس	74
skhtgyr	سختگیر	74
snaryvy	سناریوی	74
syaht	سیاحت	74
syby	سیبی	74
systmhay	سیستمهای	74
shanstvn	شانستون	74
shayrvn	شایرون	74
shghlmh	شغلمه	74
shfahy	شفاهی	74
shhrtt	شهرتت	74
zaby	عذابی	74
srvnh	عصرونه	74
ghda	غدا	74
ghrayz	غرایز	74
ghybshvn	غیبشون	74
fayr	فایر	74
franchskv	فرانچسکو	74
frdayy	فردایی	74
frstadnt	فرستادنت	74
frvshsh	فروشش	74
fvlks	فولکس	74
ghayghh	قایقه	74
ghmry	قمری	74
ghvsy	قوسی	74
ghymth	قیمته	74
lazarvs	لازاروس	74
lbasyh	لباسیه	74
lfrvy	لفروی	74
marmahy	مارماهی	74
mashynyh	ماشینیه	74
mala	مالا	74
mkhml	مخمل	74
mdarkt	مدارکت	74
mdrkt	مدرکت	74
mdyvnym	مدیونیم	74
mraj	مراجع	74
mstlzm	مستلزم	74
mstmry	مستمری	74
mshrvbh	مشروبه	74
mznvnh	مظنونه	74
mshvght	معشوقت	74
mghamt	مقامت	74
mghsdsh	مقصدش	74
mnzvrmvn	منظورمون	74
mvhbty	موهبتی	74
mkashfh	مکاشفه	74
mykhvayyn	میخوایین	74
mysaznd	میسازند	74
mykshydn	میکشیدن	74
nzdykya	نزدیکیا	74
nfrstadn	نفرستادن	74
nmykhad	نمیخاد	74
nhfght	نه،فقط	74
nvary	نواری	74
nvshyd	نوشید	74
nyamd	نیامد	74
nysn	نیسن	74
hmnd	همند	74
hvh	هوه	74
hydn	هیدن	74
hyrvshyma	هیروشیما	74
vary	واری	74
vaghyat	واقعیات	74
valdynmvn	والدینمون	74
vays	وایس	74
vsvl	وصول	74
vzytmvn	وضعیتمون	74
vydt	ویدت	74
vykd	ویکد	74
padryk	پادریک	74
parkynsvn	پارکینسون	74
parysy	پاریسی	74
prfrvsh	پرفروش	74
pstandar	پستاندار	74
pshmk	پشمک	74
pytrz	پیترز	74
chykart	چیکارت	74
kably	کابلی	74
kamyla	کامیلا	74
kapytany	کاپیتانی	74
ktabfrvshy	کتابفروشی	74
krst	کرست	74
krydns	کریدنس	74
klahtv	کلاهتو	74
kytana	کیتانا	74
kyhan	کیهان	74
kykh	کیکه	74
gshayy	گشایی	74
gshtnd	گشتند	74
gmanh	گمانه	74
yaftgan	یافتگان	74
yamla	یاملا	74
yvkv	یوکو	74
arvarh	آرواره	73
asyay	آسیای	73
algra	آلگرا	73
akhtyarm	اختیارم	73
arz	ارز	73
ashtayn	اشتاین	73
ashtraky	اشتراکی	73
atbart	اعتبارت	73
albdahh	البداهه	73
altaf	الطاف	73
amydh	امیده	73
amylyan	امیلیان	73
aysty	ایستی	73
balftrh	بالفطره	73
bbazym	ببازیم	73
bbryshvn	ببریشون	73
bkhvabnd	بخوابند	73
bzarmshvn	بذارمشون	73
bradly	برادلی	73
brhan	برهان	73
brgshtnsh	برگشتنش	73
bshnvmsh	بشنومش	73
blrzvnmsh	بلرزونمش	73
bksvn	بکسون	73
bynyt	بینیت	73
bykarm	بیکارم	73
talys	تالیس	73
tjaryh	تجاریه	73
tjdydnzr	تجدیدنظر	73
trashydn	تراشیدن	73
trakm	تراکم	73
trvmpt	ترومپت	73
tghassh	تقاصش	73
tlfnshv	تلفنشو	73
tmashachyan	تماشاچیان	73
tnmh	تنمه	73
jab	جاب	73
janvry	جانوری	73
jghdha	جغدها	73
jlvth	جلوته	73
jygrh	جیگره	73
hrktv	حرکتو	73
hfzm	حفظم	73
khanvmt	خانومت	73
khdaygan	خدایگان	73
khrsha	خرسها	73
khmydh	خمیده	73
khvarbar	خواربار	73
khvdbkhvd	خودبخود	73
khvngyh	خونگیه	73
dadgahh	دادگاهه	73
dkhtranh	دخترانه	73
drkhtay	درختای	73
drkhshanh	درخشانه	73
drkhvasttvn	درخواستتون	73
dlart	دلارت	73
dvnstyd	دونستید	73
dykth	دیکته	73
rbatha	رباتها	73
rsandh	رسانده	73
rghst	رقصت	73
rvhha	روحها	73
rvzbh	روزبه	73
ryva	ریوا	73
zvk	زوک	73
zygfryd	زیگفرید	73
sabghtvn	سابقتون	73
samn	سامن	73
skhavtmndy	سخاوتمندی	73
srkhpvsty	سرخپوستی	73
srdbyr	سردبیر	73
srmghalh	سرمقاله	73
smajt	سماجت	73
syahsh	سیاهش	73
sysyly	سیسیلی	73
shashyd	شاشید	73
shrtt	شرتت	73
shvkr	شوکر	73
shytvnh	شیطونه	73
sndl	صندل	73
ghzashv	غذاشو	73
frhan	فرهان	73
fzanvrdy	فضانوردی	73
fnr	فنر	73
fybr	فیبر	73
fyngrlyng	فینگرلینگ	73
ghbvlshvn	قبولشون	73
ghshngtr	قشنگتر	73
ghlbha	قلبها	73
ghhrmant	قهرمانت	73
lrzydn	لرزیدن	73
lvbvs	لوبوس	73
lyana	لیانا	73
lysans	لیسانس	73
madrhay	مادرهای	73
malzy	مالزی	73
mtkhssan	متخصصان	73
mtzad	متضاد	73
mdyryty	مدیریتی	73
mrbay	مربای	73
mstarh	مستعاره	73
mndar	مندار	73
mhmvnha	مهمونها	73
mvrdlaghh	موردعلاقه	73
mvryarty	موریارتی	73
mvchvlv	موچولو	73
mytrsydn	میترسیدن	73
mytvn	میتون	73
mypychh	میپیچه	73
myka	میکا	73
mygftyd	میگفتید	73
nadrsth	نادرسته	73
namlvmh	نامعلومه	73
napaydarh	ناپایداره	73
nzashtym	نذاشتیم	73
nmadyn	نمادین	73
nmydadn	نمیدادن	73
nhy	نهی	73
nvstrdamvs	نوسترداموس	73
nymn	نیمن	73
nyvya	نیویا	73
hankvk	هانکوک	73
hdvyg	هدویگ	73
hrchghdrm	هرچقدرم	73
hmsrh	همسره	73
hmychyn	همیچین	73
hvrd	هورد	73
hyltvn	هیلتون	73
hynz	هینز	73
vrvdt	ورودت	73
vvlkan	وولکان	73
padry	پادری	73
padshahmvn	پادشاهمون	73
pastyl	پاستیل	73
papyvn	پاپیون	73
pdyngtvn	پدینگتون	73
praz	پراز	73
prdakhtn	پرداختن	73
psrmvt	پسرعموت	73
pshmalvy	پشمالوی	73
chyzmvn	چیزمون	73
kargray	کارگرای	73
kalvm	کالوم	73
kayly	کایلی	73
kmvnystha	کمونیستها	73
knstans	کنستانس	73
knslh	کنسله	73
kvyl	کوئیل	73
kchlh	کچله	73
kymbrly	کیمبرلی	73
gaga	گاگا	73
grsnshh	گرسنشه	73
gryf	گریف	73
gshnshh	گشنشه	73
glvshv	گلوشو	73
gmbl	گمبل	73
gyahkhvar	گیاهخوار	73
absvlm	آبسولم	72
asmanha	آسمانها	72
ashghalm	آشغالم	72
ananya	آنانیا	72
avryd	آورید	72
agv	آگو	72
ayryn	آیرین	72
ayndmvn	آیندمون	72
abzarhay	ابزارهای	72
ahtramt	احترامت	72
arzshn	ارزشن	72
astbdad	استبداد	72
astra	استرا	72
astnbat	استنباط	72
asnaydr	اسنایدر	72
aslahsh	اصلاحش	72
aslymvn	اصلیمون	72
atrazat	اعتراضات	72
anbsat	انبساط	72
anvy	انوی	72
avrsla	اورسلا	72
avlmh	اولمه	72
ayshala	ایشالا	72
aynst	اینست	72
barvnh	بارونه	72
baybl	بایبل	72
bayh	بایه	72
bdly	بدلی	72
bdnth	بدنته	72
brfh	برفه	72
brvkz	بروکز	72
brgshtsh	برگشتش	72
bzrgtra	بزرگترا	72
blvry	بلوری	72
bmany	بمانی	72
bpychyd	بپیچید	72
bkshvnym	بکشونیم	72
bydartvn	بیدارتون	72
bymaryhay	بیماریهای	72
bynmshvn	بینمشون	72
tjrbsh	تجربش	72
thmlt	تحملت	72
tkhsys	تخصیص	72
tfahmy	تفاهمی	72
tfngatvn	تفنگاتون	72
tghlbh	تقلبه	72
tvfv	توفو	72
tyrsh	تیرش	72
jadvgrm	جادوگرم	72
jarvy	جاروی	72
jdyt	جدیت	72
jzamy	جذامی	72
jspr	جسپر	72
jhady	جهادی	72
jvad	جواد	72
hb	حب	72
hrktm	حرکتم	72
hsvdh	حسوده	72
khanmt	خانمت	72
khvahranm	خواهرانم	72
khvdarzayy	خودارضایی	72
khvns	خونس	72
danshmndha	دانشمندها	72
davran	داوران	72
draymn	درایمن	72
drmanm	درمانم	72
dlchsb	دلچسب	72
dvsthat	دوستهات	72
dvmynv	دومینو	72
dydnh	دیدنه	72
rastytsh	راستیتش	72
rayganh	رایگانه	72
rftarha	رفتارها	72
rhbrmvn	رهبرمون	72
zan	زان	72
zvrm	زورم	72
salgrdmvn	سالگردمون	72
saymn	سایمن	72
sdy	سدی	72
srasry	سراسری	72
srhaly	سرحالی	72
sthyh	سطحیه	72
snsvrhay	سنسورهای	72
svarm	سوارم	72
svj	سوج	72
sgay	سگای	72
sykhvnk	سیخونک	72
sydv	سیدو	72
shghal	شغال	72
shghltv	شغلتو	72
shhrbazy	شهربازی	72
shynh	شینه	72
shyhan	شیهان	72
zft	ضعفت	72
ghbm	عقبم	72
ghrghrv	غرغرو	72
fragyr	فراگیر	72
frvt	فروت	72
flvrns	فلورنس	72
fkrmv	فکرمو	72
fkrmvn	فکرمون	72
ghtn	قطعن	72
ghyf	قیف	72
ghymtt	قیمتت	72
lakh	لاخ	72
lamprt	لامپرت	72
lbhat	لبهات	72
lghty	لغتی	72
lvkrzya	لوکرزیا	72
marvl	مارول	72
mamantm	مامانتم	72
mkhlvty	مخلوطی	72
msvd	مسعود	72
mnghbz	منقبض	72
mvshhay	موشهای	72
myafty	میافتی	72
mybrdy	میبردی	72
mykhk	میخک	72
myshvyd	میشوید	72
myfrstnd	میفرستند	72
myndakhtm	مینداختم	72
mynv	مینو	72
namzdha	نامزدها	72
njath	نجاته	72
nhaytsh	نهایتش	72
nhmyn	نهمین	72
nvshtyd	نوشتید	72
npkhth	نپخته	72
nkshydy	نکشیدی	72
ngrftyd	نگرفتید	72
nghtvn	نگهتون	72
nyshsh	نیشش	72
nyft	نیفت	72
hrkdvmtvn	هرکدومتون	72
hymalya	هیمالیا	72
valntayn	والنتاین	72
vaygnd	وایگند	72
vyz	ویز	72
path	پاته	72
part	پارت	72
parkmn	پارکمن	72
pansyvn	پانسیون	72
papryka	پاپریکا	72
papv	پاپو	72
prtrh	پرتره	72
prvdvm	پرودوم	72
psrash	پسراش	72
psrshm	پسرشم	72
pvns	پونس	72
pyrha	پیرها	72
chrvn	چرون	72
chshmtv	چشمتو	72
zhvhansbvrg	ژوهانسبورگ	72
kalv	کالو	72
kama	کاما	72
kapvchynv	کاپوچینو	72
kravs	کراوس	72
krsh	کرش	72
krvkvdyl	کروکودیل	72
kshvrv	کشورو	72
klb	کلب	72
kmdt	کمدت	72
kmvnysm	کمونیسم	72
kvrsv	کورسو	72
kvrlvnh	کورلئونه	72
kyhany	کیهانی	72
gaytvnd	گایتوند	72
gzshtt	گذشتت	72
glvshvn	گلوشون	72
gvshytv	گوشیتو	72
yakvza	یاکوزا	72
ykhv	یکهو	72
yyts	ییتس	72
avrdymsh	آوردیمش	71
brdtsh	بردتش	71
khvndgy	خوندگی	71
khyarshvr	خیارشور	71
draza	درازا	71
rvdr	رودر	71
hdly	هدلی	71
bdvyyd	بدویید	69
knh	کنه؟	68
vght	وقت؟	67
amrvz	امروز؟	65
darm	دارم؟	64
bradrt	برادرت	62
chnd	چند؟	60
balast	بالاست	56
drst	درست؟	56
brvbyrvn	بروبیرون	54
dvsttdarm	دوستتدارم	54
sbhbkhyr	صبحبخیر	50
jast	جاست	49
madrsh	مادرش	49
ahvm	اهوم	48
tkvnnkhvr	تکوننخور	48
drhaljstjv	درحالجستجو	48
avhkhdaymn	اوهخدایمن	46
bkshynshvn	بکشینشون	46
hrktkn	حرکتکن	46
mzrtmykhvam	معذرتمیخوام	46
mnmhmyntvr	منمهمینطور	46
gvshm	گوشم	46
anchhgzsht	آنچهگذشت	44
bnzrm	بنظرم	44
shayd	شاید؟	44
kka	ککا	44
kyvv	کیوو	44
azayntrf	ازاینطرف	43
avhpsr	اوه،پسر	43
bznbrym	بزنبریم	43
avhm	اوهم	40
khylykhvbh	خیلیخوبه	40
akhysh	آخیش	39
avhkhdaya	اوه،خدایا	39
bzrg	بزرگ؟	39
byatv	بیاتو	39
tatanka	تاتانکا	39
shbbkhyr	شببخیر	39
arrh	آرره	38
amkanndarh	امکاننداره	38
trjmhaznylvfrmhr	ترجمهازنیلوفرمهر	38
sska	سسکا	38
jlhkn	عجلهکن	38
astraydr	استرایدر	37
brvknar	بروکنار	37
pdrsh	پدرش	37
gayydmsh	گاییدمش	37
darmchvn	دارم،چون	36
mnkhvbm	منخوبم	36
mydvnychyh	میدونیچیه؟	36
hyhyhy	هی،هی،هی	36
dstsh	دستش	35
faytyng	فایتینگ	35
hyvjyn	هیوجین	35
avhvy	اوهوی	34
tmvmshd	تمومشد	34
mraghbbash	مراقبباش	34
avvf	اووف	33
aygryt	ایگریت	33
bzarbbynm	بذارببینم	33
bgrdsh	بگردش	33
janmy	جانمی	33
drnyad	درنیاد	33
dhlha	دهلها،	33
sdatm	صداتم	33
ghsmtsh	قسمتش؟	33
gftn	گفتن؟	33
glgvnh	گلگونه	33
arhhmyntvrh	آره،همینطوره	32
bznynsh	بزنینش	32
jyghsh	جیغش	32
radhay	رادهای	32
nhmmnvn	نه،ممنون	32
vslam	وسلام	32
patylm	پاتیلم	32
pakn	پاکن	32
barvmyr	بارومیر	31
bshknsh	بشکنش	31
svarshv	سوارشو	31
shytvnm	شیطونم	31
nmydvnm	نمیدونم؟	31
aydan	آیدان	30
blhalbth	بله،البته	30
bybak	بیباک	30
hrfm	حرفم	30
dakyvla	داکیولا	30
drkhshy	درخشی	30
rahbhayndh	راهبهآینده	30
zvatanv	زواتانئو	30
satsv	ساتسو	30
shdm	شدم؟	30
faramyr	فارامیر	30
mvazbbash	مواظبباش	30
mynsk	مینسک	30
hfth	هفته؟	30
grdnsh	گردنش	30
